filename,label,is_anomaly,role,global_score,local_score,z_global,z_local,score,p_value,alpha,pred,decision
0017618f77bc4dcfb36823422bd3d04c,3,1,TEST,0.0002894245,0.022220308,234.55069804216276,142.29614168519973,376.8468397273625,0.021739130434782608,0.03,1,ANOMALY
001e80f214374b349cecef0c8e55d815,3,1,TEST,0.00021677442,0.014001749,168.51951409922833,75.78790153468383,244.30741563391217,0.021739130434782608,0.03,1,ANOMALY
00334015d6c44dfd99410c2de4983cec,3,1,TEST,0.00057782285,0.0792394,496.6740776404893,603.7200316761777,1100.394109316667,0.021739130434782608,0.03,1,ANOMALY
0050872905864bcda3f2d54b558b7fe2,3,1,TEST,0.00023417009,0.017396465,184.3303251207797,103.2594554860272,287.5897806068069,0.021739130434782608,0.03,1,ANOMALY
005a94546c4e49b2be003722642f9430,3,1,TEST,0.00035671022,0.025692923,295.70625016341,170.39808904242912,466.1043392058391,0.021739130434782608,0.03,1,ANOMALY
005f21b91b53404097f1c111e144889d,3,1,TEST,0.00028073823,0.014790282,226.65580388446887,82.16906180020078,308.82486568466965,0.021739130434782608,0.03,1,ANOMALY
007184cb72454f63b3fccd5024bd9b0f,4,1,TEST,0.00026083324,0.025544522,208.56428827881132,169.19716204943964,377.76145032825093,0.021739130434782608,0.03,1,ANOMALY
0078be63a1244399b4013c89a9ab54c0,3,1,TEST,0.00029407826,0.017725525,238.7804701578476,105.9223555764115,344.7028257342591,0.021739130434782608,0.03,1,ANOMALY
008887b21db0436eb5e2d4ef974198f1,3,1,TEST,0.00023720016,0.017614642,187.0843359839469,105.0250409507442,292.1093769346911,0.021739130434782608,0.03,1,ANOMALY
0092cdbb2c29411ca564fe1fc1002dff,3,1,TEST,0.00021148528,0.013310181,163.712249245013,70.19142523945834,233.90367448447134,0.021739130434782608,0.03,1,ANOMALY
00990a9676434e83800749dd727d14ef,3,1,TEST,0.00028700606,0.04025045,232.35259369740567,288.20408176130104,520.5566754587066,0.021739130434782608,0.03,1,ANOMALY
00a7233a4d564357844d59b7b38aa85a,3,1,TEST,0.0002260897,0.021757072,176.9861113439931,138.54742963794612,315.5335409819392,0.021739130434782608,0.03,1,ANOMALY
00d9ab943ec6421ebcc94138e67aa404,4,1,TEST,0.00077411364,0.10471639,675.0814966109009,809.8911827541576,1484.9726793650584,0.021739130434782608,0.03,1,ANOMALY
00efadfd4aaf489ab4a9dda876e5ae5e,3,1,TEST,0.00019797724,0.014240786,151.4348797782689,77.7222954108924,229.1571751891613,0.021739130434782608,0.03,1,ANOMALY
00fd7753e29f48539b35dd5741305597,3,1,TEST,0.00039068417,0.015901756,326.58495176591424,91.16360448256813,417.7485562484824,0.021739130434782608,0.03,1,ANOMALY
010cc0a8e2da4ec08991d00a69fb2b9e,4,1,TEST,0.0014374694,0.12823297,1278.001220968604,1000.1978229034611,2278.199043872065,0.021739130434782608,0.03,1,ANOMALY
010d0fafffc84c43b8f3be5ee9c723a2,3,1,TEST,0.00020125107,0.01526788,154.41044251581712,86.03399754859731,240.44444006441444,0.021739130434782608,0.03,1,ANOMALY
01160b7293e54a2aa4afb7684758023f,3,1,TEST,0.0002632329,0.019022519,210.74532360403742,116.41820873336741,327.16353233740483,0.021739130434782608,0.03,1,ANOMALY
0127216fd90547e6a9abe484b4fe9531,3,1,TEST,0.00019931377,0.017071094,152.64964317942758,100.62640842680264,253.27605160623023,0.021739130434782608,0.03,1,ANOMALY
0135cd16ac2f41b1a9a932d5d1255313,4,1,TEST,0.0018104771,0.06716258,1617.0254870235199,505.9890249614295,2123.0145119849494,0.021739130434782608,0.03,1,ANOMALY
014709f9f9324bb98d1b6665ee5cbc69,3,1,TEST,0.00040256872,0.06495347,337.3867417588365,488.11192285643676,825.4986646152732,0.021739130434782608,0.03,1,ANOMALY
016215bb34a34dd4a87b61e59a70a00a,3,1,TEST,0.00025378904,0.016010536,202.16186083577452,92.04390069551411,294.20576153128866,0.021739130434782608,0.03,1,ANOMALY
016da4dd6d574eb3bb636e97a708b85f,3,1,TEST,0.00020353394,0.017553737,156.48532817165957,104.53217056235043,261.01749873401,0.021739130434782608,0.03,1,ANOMALY
0179dfa17f4943abbea2184d18a0a277,3,1,TEST,0.00025937898,0.015891565,207.24252084839895,91.08113437127808,298.32365521967705,0.021739130434782608,0.03,1,ANOMALY
018adb945ea34603bf28da457150815a,4,1,TEST,0.0032607086,0.14444548,2935.131440056713,1131.3966752232704,4066.5281152799835,0.021739130434782608,0.03,1,ANOMALY
01c4ab6c450f4dc1a4b282ddf2d7cc77,3,1,TEST,0.00017061637,0.019450694,126.5667634622412,119.88319155169933,246.44995501394052,0.021739130434782608,0.03,1,ANOMALY
01c5ea6e5fce4c0cbbeaf4ee2d731af8,3,1,TEST,0.00025504455,0.015599847,203.30298568728458,88.72042237782179,292.02340806510637,0.021739130434782608,0.03,1,ANOMALY
01cec6c75ccf48378d01b038d5e34a5b,3,1,TEST,0.00014698092,0.019292364,105.0846570898321,118.60191466812019,223.6865717579523,0.021739130434782608,0.03,1,ANOMALY
01f8dcf2ba104e56ae47df6ba50f6cd9,3,1,TEST,0.00021201567,0.016536428,164.19431725720918,96.29965300309445,260.4939702603036,0.021739130434782608,0.03,1,ANOMALY
02068945c63c480383a96a2fe217566c,3,1,TEST,0.00023999359,0.016658999,189.62326629430183,97.29155213084775,286.9148184251496,0.021739130434782608,0.03,1,ANOMALY
0230fe7f891f4862b492299719cd408e,3,1,TEST,0.00028989173,0.018444601,234.97536034224083,111.74143886029042,346.71679920253126,0.021739130434782608,0.03,1,ANOMALY
024941bf3b384906af07865223caf327,4,1,TEST,0.0005548046,0.074744396,475.75294032316697,567.3444571369513,1043.0973974601184,0.021739130434782608,0.03,1,ANOMALY
024f3583ec7d4a9b8dd7dcc59fd04b41,3,1,TEST,0.0003070875,0.024605453,250.60448355738933,161.59779741995837,412.2022809773477,0.021739130434782608,0.03,1,ANOMALY
024fc42dbf2c4a3ab3c1a41bca780acb,3,1,TEST,0.00017996956,0.029564766,135.0678168587855,201.73076720037554,336.79858405916104,0.021739130434782608,0.03,1,ANOMALY
02611b4294234d37ac2e369cfb807449,3,1,TEST,0.00027612085,0.021269916,222.45909731354112,134.60514629621133,357.06424360975245,0.021739130434782608,0.03,1,ANOMALY
0284868bdb954147ae3d5e464aa12d2f,4,1,TEST,0.00037942897,0.06051721,316.35517388384557,452.21173093104846,768.5669048148941,0.021739130434782608,0.03,1,ANOMALY
02a5158209594159bd91115b93432e54,3,1,TEST,0.00021251624,0.02136871,164.64928206586893,135.40463134917863,300.05391341504753,0.021739130434782608,0.03,1,ANOMALY
02aa3a52ace543fea5611a6eff6b397e,3,1,TEST,0.0003463677,0.03346782,286.30600118153035,233.31601867237103,519.6220198539014,0.021739130434782608,0.03,1,ANOMALY
02c088b6d2ff484e822a22d4a0e9e220,3,1,TEST,0.00030767324,0.03247216,251.13685882363455,225.25869446404414,476.3955532876787,0.021739130434782608,0.03,1,ANOMALY
02caa4e7e23841378d76292a6ebdc0d2,4,1,TEST,0.0006821622,0.09811633,591.5074324328889,756.4805574258228,1347.9879898587117,0.021739130434782608,0.03,1,ANOMALY
02d63786ccf14b7283c9059aa0f00afc,3,1,TEST,0.00031111774,0.013951039,254.26754241120162,75.3775336273618,329.6450760385634,0.021739130434782608,0.03,1,ANOMALY
02efa163c5cd4ad681ce317ad38beccb,3,1,TEST,0.0001911665,0.014723825,145.24464260678195,81.63126215482707,226.87590476160904,0.021739130434782608,0.03,1,ANOMALY
02fe4602bc474f3d8be9cd401f67069d,3,1,TEST,0.0002693411,0.01703377,216.29702675096078,100.32436599389223,316.621392744853,0.021739130434782608,0.03,1,ANOMALY
030f86dca2eb4fc08219ab0ec8514404,3,1,TEST,0.00025728464,0.018349968,205.33898888010594,110.97562647272176,316.3146153528277,0.021739130434782608,0.03,1,ANOMALY
03198207516b45e9868dd8f9fd85470c,3,1,TEST,0.00026191527,0.014930529,209.5477382896272,83.30400299322372,292.8517412828509,0.021739130434782608,0.03,1,ANOMALY
03252083999f47ee9fbdaf5f8ec9fe1e,3,1,TEST,0.00027363273,0.04886669,220.1976612711845,357.930533699467,578.1281949706515,0.021739130434782608,0.03,1,ANOMALY
0327e8dae6c84a4698aedfe0d16ec14e,3,1,TEST,0.00023048055,0.014185379,180.97692627517876,77.27391728742579,258.25084356260453,0.021739130434782608,0.03,1,ANOMALY
033efc15f6e044408a766a62a45f1202,3,1,TEST,0.00014144063,0.018704534,100.0491236384278,113.8449324760257,213.89405611445352,0.021739130434782608,0.03,1,ANOMALY
03494e039521418889c9eb2f3c010e28,3,1,TEST,0.00016549786,0.016843688,121.91458310230561,98.78613778329103,220.70072088559664,0.021739130434782608,0.03,1,ANOMALY
0349e1e221634578ad1fe0e1765c4ee2,3,1,TEST,0.0003068021,0.019357791,250.345085358553,119.13137909470979,369.4764644532628,0.021739130434782608,0.03,1,ANOMALY
034c8ff787644969a8f3076335681123,3,1,TEST,0.0002841113,0.017248658,229.72156521084864,102.06333540561806,331.7849006164667,0.021739130434782608,0.03,1,ANOMALY
035200200a724dd591f029ceb803d7f6,3,1,TEST,0.00024299418,0.018953983,192.3504829777154,115.8635848939625,308.2140678716779,0.021739130434782608,0.03,1,ANOMALY
036e2b0329c64350b9ddc6af5816ebb0,3,1,TEST,0.00013805258,0.014876526,96.96974708773634,82.86698666312883,179.83673375086516,0.021739130434782608,0.03,1,ANOMALY
038ece40c1c242ac8d7519a8f5b40984,3,1,TEST,0.00027377845,0.045124456,220.3301052289085,327.64670930015006,547.9768145290586,0.021739130434782608,0.03,1,ANOMALY
03c6cc4001fe4d1e8e5cf08970a21e07,3,1,TEST,0.000254035,0.017702123,202.3854122758088,105.7329761686586,308.11838844446737,0.021739130434782608,0.03,1,ANOMALY
03de663cecd442b5b5cc9e29c386622c,3,1,TEST,0.00014593141,0.018255623,104.13076429494534,110.21214470943448,214.3429090043798,0.021739130434782608,0.03,1,ANOMALY
0400305a6b014c3a9ddd60db68dfb948,3,1,TEST,0.00018964833,0.015040515,143.86478779414244,84.19405869534798,228.0588464894904,0.021739130434782608,0.03,1,ANOMALY
0402ae265f994265b80badd27f634e36,3,1,TEST,0.00015343743,0.021517267,110.95293692434015,136.60682076365387,247.55975768799402,0.021739130434782608,0.03,1,ANOMALY
0433ed536ca14499aa7ba2fa3c63425f,3,1,TEST,0.00020313544,0.013240944,156.12313412037622,69.631128595813,225.7542627161892,0.021739130434782608,0.03,1,ANOMALY
044e34c2b23e42919679a6011421ad1b,4,1,TEST,0.0007928486,0.08635583,692.1095795796122,661.3093530467896,1353.4189326264018,0.021739130434782608,0.03,1,ANOMALY
046054e7c2f840c593e4a7985a373fa7,3,1,TEST,0.0003002723,0.028753998,244.41019272098714,195.1696714109125,439.5798641318996,0.021739130434782608,0.03,1,ANOMALY
0461a2b370c94036adb46d455a445e10,3,1,TEST,0.00035519613,0.019439232,294.3301036361638,119.79043594227859,414.1205395784424,0.021739130434782608,0.03,1,ANOMALY
04740734eb6d43b5b56070c8b5513152,3,1,TEST,0.00014655817,0.01719351,104.700422371689,101.61705322551559,206.31747559720458,0.021739130434782608,0.03,1,ANOMALY
0489ae223d6e42f6afb3ea6947eac537,3,1,TEST,0.00034387672,0.015772047,284.0419657038245,90.11394147939652,374.15590718322096,0.021739130434782608,0.03,1,ANOMALY
049dfa9045584e5f93528c331e1fbac6,3,1,TEST,0.00021030358,0.01446384,162.63820982116977,79.52734773192985,242.16555755309963,0.021739130434782608,0.03,1,ANOMALY
04cf59066c2b43aabb3632a7332b3b1d,3,1,TEST,0.00024801475,0.022016918,196.91364631034185,140.6502192109298,337.5638655212716,0.021739130434782608,0.03,1,ANOMALY
04d6a4759e46422b94e59a42e7100be2,3,1,TEST,0.00016540274,0.020174261,121.82812915460657,125.73861800796595,247.56674716257254,0.021739130434782608,0.03,1,ANOMALY
04de82bc978e4beb84155707267248e6,3,1,TEST,0.00020451908,0.020734498,157.38071549331897,130.27230535354622,287.65302084686516,0.021739130434782608,0.03,1,ANOMALY
05117d65415b41d693959900de5cf93f,3,1,TEST,0.0003192286,0.017367588,261.6394501722859,103.02576993959181,364.6652201118777,0.021739130434782608,0.03,1,ANOMALY
0516838c873848bf8535d8008ac2f79a,3,1,TEST,0.0002484973,0.03864953,197.35223285851447,275.24872403718376,472.60095689569823,0.021739130434782608,0.03,1,ANOMALY
054a0649c9c841c18e48720c142ec562,3,1,TEST,0.0003484265,0.017115833,288.17723107558845,100.98845634251317,389.16568741810164,0.021739130434782608,0.03,1,ANOMALY
055527320a094347b4cb2818b82c463b,3,1,TEST,0.00021387251,0.01734046,165.8819870242982,102.80623808019855,268.6882251044968,0.021739130434782608,0.03,1,ANOMALY
056d364a9efc44ea961323197dd02c04,3,1,TEST,0.00025292463,0.016558338,201.37620422380505,96.47695848227855,297.8531627060836,0.021739130434782608,0.03,1,ANOMALY
056fb85d53a040d99ab6b66ebacde194,3,1,TEST,0.00022243621,0.0152319325,173.66547810830124,85.74309436680952,259.40857247511076,0.021739130434782608,0.03,1,ANOMALY
058f51721f8d4830888c8ad8bd3d24bc,3,1,TEST,0.00039302255,0.018519545,328.7102900987623,112.34791908995598,441.05820918871825,0.021739130434782608,0.03,1,ANOMALY
05940865eda84a3f8d77a7b7780145ae,3,1,TEST,0.0001323213,0.014731213,91.76062407082483,81.69104914160079,173.45167321242562,0.021739130434782608,0.03,1,ANOMALY
05b3ae8884a941cdaf413f9fa9e78362,3,1,TEST,0.00041521038,0.026705733,348.876664093458,178.59419868973396,527.4708627831919,0.021739130434782608,0.03,1,ANOMALY
05bbde707aa347799b48e7f91bbef1c0,3,1,TEST,0.00024889514,0.021633146,197.71382704010182,137.54456524664678,335.25839228674863,0.021739130434782608,0.03,1,ANOMALY
05bd10a5ee0a4b92abeaeddbfcd1f6ff,3,1,TEST,0.00038772364,0.015007911,323.8941453552596,83.93021260482683,407.82435796008645,0.021739130434782608,0.03,1,ANOMALY
05d028ebc2984ccdbe7ff253611bde58,3,1,TEST,0.00020051215,0.01592616,153.73884294649642,91.36109252063336,245.0999354671298,0.021739130434782608,0.03,1,ANOMALY
05ddc66c5379472a8950244c0b36579f,3,1,TEST,0.00038184563,0.03432123,318.5516603982105,240.2221925194958,558.7738529177063,0.021739130434782608,0.03,1,ANOMALY
05ed6f9136b84406b9dda2458d08a679,3,1,TEST,0.00031759823,0.021967575,260.15761751133016,140.2509136764989,400.40853118782906,0.021739130434782608,0.03,1,ANOMALY
0603ebc402fc4b1d8f62260733e7422a,3,1,TEST,0.0005014116,0.07676611,427.2243908120708,583.7050673397447,1010.9294581518154,0.021739130434782608,0.03,1,ANOMALY
0605e337b73846b29e06331619c84e64,3,1,TEST,0.00034564687,0.019555643,285.65084349524034,120.73248560623571,406.3833291014761,0.021739130434782608,0.03,1,ANOMALY
061c2ddbc5fb460d805ab59c27d98fe2,3,1,TEST,0.0002244791,0.013744045,175.52224750711238,73.70244597979291,249.2246934869053,0.021739130434782608,0.03,1,ANOMALY
063e2226efd94fda9aae34e62c410db7,3,1,TEST,0.00019703031,0.015553959,150.57422127643267,88.34907624232201,238.92329751875468,0.021739130434782608,0.03,1,ANOMALY
066175ba993a43bf84007494066c3565,1,1,TEST,0.00022457355,0.014693749,175.60809249618066,81.38787376633138,256.99596626251207,0.021739130434782608,0.03,1,ANOMALY
067616dba473488c91e91aac4c33e7aa,3,1,TEST,0.00018133648,0.018266227,136.3102015327635,110.29795700068361,246.60815853344712,0.021739130434782608,0.03,1,ANOMALY
06a3125e34e2439bbd2f29a556ed83d5,3,1,TEST,0.00036719724,0.022601549,305.23783425296966,145.38131367012102,450.6191479230907,0.021739130434782608,0.03,1,ANOMALY
06c0ca868a9a4fce93afdbaa3dadce50,1,1,TEST,0.00040602498,0.025139106,340.5281139337137,165.91635519645465,506.4444691301684,0.021739130434782608,0.03,1,ANOMALY
06d3754750804bd888f3ba5d16bb35d9,3,1,TEST,0.00030009367,0.018291999,244.24783707887735,110.50651550408537,354.7543525829627,0.021739130434782608,0.03,1,ANOMALY
06dadc07d14c47119617507e3955017a,3,1,TEST,0.0004094182,0.03296893,343.61218946369036,229.27877857606086,572.8909680397512,0.021739130434782608,0.03,1,ANOMALY
06e85c68289241cb98b554c12dfc69b9,3,1,TEST,0.00017186694,0.021735054,127.70339837996622,138.36925017465651,266.07264855462273,0.021739130434782608,0.03,1,ANOMALY
06eeb779fc0840feb098ebf6e55af2bd,3,1,TEST,0.00038053945,0.026899835,317.364481914132,180.16495853092943,497.5294404450614,0.021739130434782608,0.03,1,ANOMALY
06f097ea68dc4a7cb20f5dab49e98cc3,3,1,TEST,0.00023122222,0.015107708,181.651025301566,84.73781438055187,266.38883968211786,0.021739130434782608,0.03,1,ANOMALY
0709e11172b8446cb121de2bafadd893,3,1,TEST,0.0003859147,0.027813522,322.2500115858028,187.55892071072327,509.80893229652605,0.021739130434782608,0.03,1,ANOMALY
07141c802cf04755b2383904f26bfe29,3,1,TEST,0.00039204868,0.06557225,327.8251460066084,493.1193662343253,820.9445122409337,0.021739130434782608,0.03,1,ANOMALY
073b4f30fe004331a16eefc5636245d3,3,1,TEST,0.00023125854,0.024759436,181.68403631271437,162.84389644329042,344.5279327560048,0.021739130434782608,0.03,1,ANOMALY
0748306400b64488a3c33530e17c81dd,3,1,TEST,0.0002695399,0.02395787,216.477714774537,156.35726733659564,372.8349821111326,0.021739130434782608,0.03,1,ANOMALY
07547749fb43437e9557eae222ac2ce8,3,1,TEST,0.00027410375,0.018567575,220.62576827754708,112.73659924354853,333.3623675210956,0.021739130434782608,0.03,1,ANOMALY
075f6d3c830346dca328d2fa57b13aac,3,1,TEST,0.00039304665,0.064110436,328.73219443160025,481.28971622300514,810.0219106546053,0.021739130434782608,0.03,1,ANOMALY
0781da226c12415ea2302b3eae02c430,3,1,TEST,0.00030324323,0.02439346,247.11045162382086,159.88225563772764,406.9927072615485,0.021739130434782608,0.03,1,ANOMALY
079507b4b51b428180afba3051cf6f6e,3,1,TEST,0.00028283463,0.020974565,228.56120817332814,132.2150344485389,360.776242621867,0.021739130434782608,0.03,1,ANOMALY
07a7a3d049694efdb69d6b37f8600d46,4,1,TEST,0.0006366073,0.08298443,550.1028808976121,634.026482552893,1184.129363450505,0.021739130434782608,0.03,1,ANOMALY
07afbdc458484337a8bec1b2471d6fff,3,1,TEST,0.00046010144,0.061216656,389.67785578179894,457.87195951130417,847.5498152931032,0.021739130434782608,0.03,1,ANOMALY
07e09dfb76b8443e83b60d504fd4d9c0,3,1,TEST,0.0003485919,0.018092826,288.32756205697433,108.89471887215771,397.222280929132,0.021739130434782608,0.03,1,ANOMALY
07e9727f53d34a91ad0147b1056e82f4,3,1,TEST,0.00024683733,0.017034508,195.84349695058768,100.33033821861326,296.17383516920097,0.021739130434782608,0.03,1,ANOMALY
084bd7653e12416aa2ec83add79e98b1,3,1,TEST,0.0001429032,0.018787546,101.3784439736486,114.51670255535161,215.89514652900021,0.021739130434782608,0.03,1,ANOMALY
085dad8e2acd48dd86d43afcfbe51174,3,1,TEST,0.0044361823,0.032553427,4003.511820433194,225.91634322610963,4229.428163659303,0.021739130434782608,0.03,1,ANOMALY
085ef3019b904cb0bc7e08a35f1d176c,3,1,TEST,0.00021634693,0.016944759,168.1309712259959,99.60404933448301,267.7350205604789,0.021739130434782608,0.03,1,ANOMALY
08641450315a43b996ea3e8d02f4b8f5,3,1,TEST,0.0001256287,0.0142272245,85.67776357491783,77.61254971230932,163.29031328722715,0.021739130434782608,0.03,1,ANOMALY
0865b12a41a6491083c69fe5c8c755f3,3,1,TEST,0.00038243478,0.029088588,319.08713499121825,197.87732272447747,516.9644577156957,0.021739130434782608,0.03,1,ANOMALY
0869d6657d134ecf89bb7b41cd6d75f6,3,1,TEST,0.00020779468,0.013166004,160.3578869723246,69.0246807359291,229.3825677082537,0.021739130434782608,0.03,1,ANOMALY
087d076579fe448aa63134c17668d194,3,1,TEST,0.00025933917,0.016695505,207.2063377990098,97.5869749434034,304.7933127424132,0.021739130434782608,0.03,1,ANOMALY
088a3122ea68490a95b32037325b3cfd,3,1,TEST,0.00031376356,0.016458007,256.67231095515774,95.66503534069847,352.3373462958562,0.021739130434782608,0.03,1,ANOMALY
088c67c954914ac4899ef4fbb2371bcb,3,1,TEST,0.00023165916,0.013565423,182.04815721817266,72.2569571937216,254.30511441189427,0.021739130434782608,0.03,1,ANOMALY
08978e0a0ecd469c8f84dfa69fa3dad3,3,1,TEST,0.00028359992,0.029637577,229.25677526368355,202.31998624395715,431.5767615076407,0.021739130434782608,0.03,1,ANOMALY
08a68b550acc4a17bc65e2cf7c7ffa79,3,1,TEST,0.00029836077,0.026971746,242.6728155695451,180.74689437363173,423.4197099431768,0.021739130434782608,0.03,1,ANOMALY
08afd2766abb4bdabc7ccc82ee87bfe5,3,1,TEST,0.00022322733,0.020961234,174.38452191721285,132.10715405862544,306.4916759758383,0.021739130434782608,0.03,1,ANOMALY
08bf19e64a2d4194b05512ff6b22f42d,4,1,TEST,0.0006865081,0.08428949,595.4573926022047,644.5876093746183,1240.045001976823,0.021739130434782608,0.03,1,ANOMALY
08c553efd9ca424aba0bbe35e79bbe52,3,1,TEST,0.00027006067,0.015369742,216.95103923146758,86.85831022411767,303.8093494555852,0.021739130434782608,0.03,1,ANOMALY
08d6aad123fc4acbac8a44ee35781194,4,1,TEST,0.00064130215,0.07223204,554.3699994463389,547.0133533276837,1101.3833527740226,0.021739130434782608,0.03,1,ANOMALY
08dc00e7515c40bfa66615a7d3bf1be1,3,1,TEST,0.00015108929,0.017888317,108.81872779113947,107.23974095146119,216.05846874260067,0.021739130434782608,0.03,1,ANOMALY
08e9f7c930cc413487e64bfbde3339a4,3,1,TEST,0.00036764902,0.031435054,305.64845414880097,216.8659707627796,522.5144249115806,0.021739130434782608,0.03,1,ANOMALY
091ba66735114361a9b8dd2fa546d90a,3,1,TEST,0.00021033811,0.014677065,162.66959391299113,81.25285940691978,243.92245331991091,0.021739130434782608,0.03,1,ANOMALY
092cc0e90a044fdeb27a57f612016297,3,1,TEST,0.0003107265,0.06613054,253.91194692657405,497.63729758867,751.549244515244,0.021739130434782608,0.03,1,ANOMALY
0937869153dd4c5d92de18f88bf08f88,3,1,TEST,0.0002694168,0.015831651,216.36582998730245,90.59628359629696,306.9621135835994,0.021739130434782608,0.03,1,ANOMALY
0937b40ec3154e57960edb8a0ee69593,3,1,TEST,0.00022244925,0.014175502,173.67733007926418,77.19398820399805,250.8713182832622,0.021739130434782608,0.03,1,ANOMALY
093a6884654e453d92d57234fc6762e0,6,0,TEST,3.0221461e-05,0.004555799,-1.0372537780776454,-0.6529332941183799,-1.6901870721960253,1.0,0.03,0,REFERENCE
09425b72c50f4a17b707c5169225509d,3,1,TEST,0.00024269948,0.016153391,192.08263206952668,93.19994698619622,285.2825790557229,0.021739130434782608,0.03,1,ANOMALY
0958b39ac0ea4869833d76d1e21708d1,3,1,TEST,0.00015639956,0.019659871,113.64519756456086,121.5759450076232,235.22114257218408,0.021739130434782608,0.03,1,ANOMALY
0966b9b7ecb64e7da7d2ca6d5d804be6,3,1,TEST,0.00022976208,0.024157576,180.3239135774986,157.97337724193292,338.2972908194315,0.021739130434782608,0.03,1,ANOMALY
097c7d9128fe451485a1a70421440f53,3,1,TEST,0.00039953366,0.022576673,334.6281955172103,145.1800059978169,479.80820151502724,0.021739130434782608,0.03,1,ANOMALY
09a2630d36144610ac1e16e0a8c56a04,3,1,TEST,0.00018538084,0.012996002,139.98609396249583,67.64894882939072,207.63504279188655,0.021739130434782608,0.03,1,ANOMALY
09c500a1cf114abea3bdb2198c7ca4b7,3,1,TEST,0.00035186933,0.030015634,291.30639681104606,205.37939188265656,496.68578869370265,0.021739130434782608,0.03,1,ANOMALY
09d0cca6b30a4def8bbf7df30692bb54,3,1,TEST,0.00029089308,0.023209577,235.88548082719083,150.30174707483806,386.1872279020289,0.021739130434782608,0.03,1,ANOMALY
09de02ecde64405c926be189365b158f,3,1,TEST,0.00022219346,0.015164958,173.4448442163338,85.20110688093021,258.645951097264,0.021739130434782608,0.03,1,ANOMALY
09e37a6c371c49d7a5c6c7e11832422a,3,1,TEST,0.00024543446,0.02222554,194.56843755604848,142.33848135964476,336.90691891569327,0.021739130434782608,0.03,1,ANOMALY
09f6e32bcb364aa7b05667ad72a55449,3,1,TEST,0.0008848961,0.08098029,775.7709520651932,617.8080889859361,1393.5790410511295,0.021739130434782608,0.03,1,ANOMALY
0a021a4d22ed4103b1c87374f989516f,3,1,TEST,0.00030729183,0.035059836,250.79019776190307,246.19932126245567,496.98951902435874,0.021739130434782608,0.03,1,ANOMALY
0a17b93c1af242e2aae1c99514d06568,3,1,TEST,0.00020786595,0.015163368,160.42266381055538,85.1882398927101,245.61090370326548,0.021739130434782608,0.03,1,ANOMALY
0a3a985ba39b47599d9056430a42ffba,3,1,TEST,0.00021906316,0.014553834,170.59973495979108,80.25561926518836,250.85535422497944,0.021739130434782608,0.03,1,ANOMALY
0a5217a9983043f19128581103bbd373,3,1,TEST,0.0003574792,0.063600525,296.40517107070207,477.16328928570505,773.5684603564071,0.021739130434782608,0.03,1,ANOMALY
0a54da74e6ad4cbdb96c9666313bdf44,3,1,TEST,0.00027180585,0.016450038,218.53722195271894,95.60054664313488,314.1377685958538,0.021739130434782608,0.03,1,ANOMALY
0ac4be62144243a58bcadac91f1967d4,3,1,TEST,0.0003565469,0.019102419,295.55780968045997,117.06479512254172,412.6226048030017,0.021739130434782608,0.03,1,ANOMALY
0ae9c630ae984932aad40b00cd2745e4,3,1,TEST,0.00022913067,0.020959746,179.75002914607873,132.09511249983834,311.84514164591707,0.021739130434782608,0.03,1,ANOMALY
0af2b3c49f7d458fa6cb549c2bc8f100,3,1,TEST,0.0004304377,0.047537632,362.7166759403537,347.1752043725176,709.8918803128713,0.021739130434782608,0.03,1,ANOMALY
0aff092f935b46538e047804b888c334,3,1,TEST,0.0002855078,0.01787345,230.99083495392816,107.11943056538038,338.11026551930854,0.021739130434782608,0.03,1,ANOMALY
0b01cd947cc248cbb96fca43862de78d,3,1,TEST,0.000244961,0.033705447,194.13811284959772,235.23900220053534,429.37711505013306,0.021739130434782608,0.03,1,ANOMALY
0b792dca92ce428195960fa639d59c38,3,1,TEST,0.00020455447,0.017232127,157.4128812335321,101.92955919035597,259.3424404238881,0.021739130434782608,0.03,1,ANOMALY
0b891f68fa4f4dbd9c79dc352a1a855e,3,1,TEST,0.00013821383,0.01703351,97.11630616118536,100.32226195808266,197.43856811926804,0.021739130434782608,0.03,1,ANOMALY
0b95b109a902492c83ba1a7b470fa5b5,3,1,TEST,0.00020045474,0.02245867,153.6866633718812,144.22507316074882,297.91173653263,0.021739130434782608,0.03,1,ANOMALY
0bad0ad7639042d789a0ce582125d634,3,1,TEST,0.00024220004,0.01729129,191.62869431049793,102.40833253882558,294.0370268493235,0.021739130434782608,0.03,1,ANOMALY
0bc9ec41bdf24069b204ef2ce4211198,3,1,TEST,0.00046914196,0.023326825,397.8947254543413,151.25057011561293,549.1452955699542,0.021739130434782608,0.03,1,ANOMALY
0bd3a38027524533abff698f08395712,3,1,TEST,0.0002843358,0.019680146,229.9256117968288,121.74001933854323,351.66563113537205,0.021739130434782608,0.03,1,ANOMALY
0be66c6958fa4d7499d4235dc84a719e,3,1,TEST,0.0003445547,0.035288725,284.65817730454984,248.05159300252734,532.7097703070772,0.021739130434782608,0.03,1,ANOMALY
0be84ecb837a460f83a23ee69f9affda,3,1,TEST,0.00025015016,0.034785885,198.85450653380727,243.98238774680243,442.8368942806097,0.021739130434782608,0.03,1,ANOMALY
0bfd6ece10cd4f8cbc91d94e1686203f,3,1,TEST,0.00034002645,0.018345732,280.5424804093834,110.94134687391647,391.4838272832999,0.021739130434782608,0.03,1,ANOMALY
0c0d65a9284e4ecdb97a069d1ac19a7a,3,1,TEST,0.0003309572,0.024350833,272.29949822719647,159.53729896674724,431.8367971939437,0.021739130434782608,0.03,1,ANOMALY
0c14d67fac4142f089b248d3b7440bb1,3,1,TEST,0.00038565765,0.048399474,322.01638051708915,354.149613719436,676.1659942365252,0.021739130434782608,0.03,1,ANOMALY
0c1e58b33b0a41de9addb19c23c5dc59,3,1,TEST,0.00023886884,0.062289484,188.60098835407362,466.55376154791395,655.1547499019875,0.021739130434782608,0.03,1,ANOMALY
0c2a9a0aacbc42dcbaaf71b151f782da,3,1,TEST,0.00035413395,0.015736992,293.36469516090125,89.83026080514739,383.1949559660486,0.021739130434782608,0.03,1,ANOMALY
0c71ae257cda44a69ba24f81e94b8274,3,1,TEST,0.00020447047,0.016729446,157.33653418131678,97.86164063345304,255.1981748147698,0.021739130434782608,0.03,1,ANOMALY
0c832a7a171a466f9029794a1a7fb586,3,1,TEST,0.00027858315,0.023416746,224.69706572627635,151.97825090035568,376.675316626632,0.021739130434782608,0.03,1,ANOMALY
0c8aeb1ddcae4fe68f9ae3d4ca621cc8,3,1,TEST,0.0002090987,0.015875187,161.543102246489,90.94859630016548,252.4916985466545,0.021739130434782608,0.03,1,ANOMALY
0c96c0fa1ab14cf6a0d091467457e2a1,3,1,TEST,0.00025381084,0.024424741,202.18167471361136,160.1353954229562,362.31707013656757,0.021739130434782608,0.03,1,ANOMALY
0ca1ed6003364dedbe8f069f03403b5f,3,1,TEST,0.0002560929,0.018829174,204.25582416573604,114.853574873356,319.10939903909207,0.021739130434782608,0.03,1,ANOMALY
0cb2e2d3b2144d02a1d5d845612d21a9,3,1,TEST,0.00025343208,0.017195344,201.8374222195986,101.63189477041857,303.4693169900172,0.021739130434782608,0.03,1,ANOMALY
0ced0c24888c4bf18fcda6f403a97256,3,1,TEST,0.00020905395,0.016855896,161.50242926331478,98.88493035699615,260.3873596203109,0.021739130434782608,0.03,1,ANOMALY
0ced545c26d74244818914502372e71e,4,1,TEST,0.00014692565,0.017752575,105.03442254726141,106.1412562250619,211.1756787723233,0.021739130434782608,0.03,1,ANOMALY
0cf4559fa5924a28a3449d1f6f151973,3,1,TEST,0.00024430093,0.01721403,193.5381795310768,101.7831102055639,295.32128973664067,0.021739130434782608,0.03,1,ANOMALY
0cf7e0f310c242d4b07d8f22bb7e9baa,3,1,TEST,0.000287198,0.026370713,232.52704671171767,175.8830676246378,408.4101143363555,0.021739130434782608,0.03,1,ANOMALY
0d269ef7fee24d43b7be20982e926a81,3,1,TEST,0.0003330175,0.033051234,274.17209146147275,229.94481920402833,504.1169106655011,0.021739130434782608,0.03,1,ANOMALY
0d902f4f71c74016a2a2e69358983a3d,3,1,TEST,0.00022766137,0.015888376,178.4145919577459,91.05532756282905,269.46991952057493,0.021739130434782608,0.03,1,ANOMALY
0d9579315d1647f6b907bf165d0e90f4,3,1,TEST,0.00016060882,0.023800164,117.47096652893964,155.08104013895948,272.55200666789915,0.021739130434782608,0.03,1,ANOMALY
0de9c1b01a5048ea82d382e13941d0a5,3,1,TEST,0.00014598231,0.016410202,104.17702697301388,95.27817598732574,199.45520296033962,0.021739130434782608,0.03,1,ANOMALY
0e17938dd1fc4093bfd47b148c5bbf85,3,1,TEST,0.000413267,0.040517338,347.1103386847176,290.3638583349426,637.4741970196602,0.021739130434782608,0.03,1,ANOMALY
0e30d25835ef463c93823e0e14f59cdb,3,1,TEST,0.00022757321,0.01889146,178.334463908659,115.35762092887678,293.6920848375358,0.021739130434782608,0.03,1,ANOMALY
0e383d9aa8fd432a9fb1d3fe155088eb,3,1,TEST,0.00032543662,0.014616986,267.28187906625834,80.76667337844415,348.0485524447025,0.021739130434782608,0.03,1,ANOMALY
0e6791c4fb5641c7b14ca74b49c3c8ef,3,1,TEST,0.00016355832,0.013780357,120.15174784452368,73.99629885793684,194.14804670246053,0.021739130434782608,0.03,1,ANOMALY
0e6bd5f950514feab738e376d8d67c70,3,1,TEST,0.00024483676,0.015398681,194.0251919237974,87.09249750216918,281.11768942596655,0.021739130434782608,0.03,1,ANOMALY
0e7707bf640b40659c0009749ac789fa,3,1,TEST,0.0003769017,0.034548715,314.05815466179575,242.0631024661957,556.1212571279914,0.021739130434782608,0.03,1,ANOMALY
0e80319a6dab4354bdb1a7432f51e1eb,3,1,TEST,0.0002838357,0.024580173,229.47107416810408,161.39322039970398,390.8642945678081,0.021739130434782608,0.03,1,ANOMALY
0ec27efd197b4dadb1bf49dd635405f5,3,1,TEST,0.00035516373,0.021964032,294.3006554874522,140.22224214237067,434.52289762982286,0.021739130434782608,0.03,1,ANOMALY
0ee45d1ed6eb4d1eb7640b7b369dab3a,3,1,TEST,0.00015093238,0.015731523,108.6761133153882,89.78600322113743,198.46211653652563,0.021739130434782608,0.03,1,ANOMALY
0eead3cd0a33463598fbedcee1a1f860,3,1,TEST,0.0002235386,0.015483128,174.66743319034452,87.77588024067488,262.4433134310194,0.021739130434782608,0.03,1,ANOMALY
0ef66cd9512e4feaa62e4ec3cb75cdc1,5,1,TEST,0.00022330225,0.015886357,174.45261621664108,91.03898891552315,265.49160513216424,0.021739130434782608,0.03,1,ANOMALY
0f1d78af86ad49fba2944aab56bc9798,4,1,TEST,0.0017271279,0.06930576,1541.269942684182,523.3325921397854,2064.6025348239673,0.021739130434782608,0.03,1,ANOMALY
0f321a8301d4490ca6d9a5f0893cd0f9,3,1,TEST,0.0003655085,0.020007748,303.70294947965914,124.39112064350306,428.09407012316217,0.021739130434782608,0.03,1,ANOMALY
0f355b4c525f49488bc73416c0760c91,3,1,TEST,0.00020968638,0.01619539,162.07724076608298,93.53982160145196,255.61706236753494,0.021739130434782608,0.03,1,ANOMALY
0f3d7544137b4cddb2d46276c3fe8c97,3,1,TEST,0.0002594565,0.015095804,207.31297827087195,84.64148191025485,291.9544601811268,0.021739130434782608,0.03,1,ANOMALY
0f595b6e36e746739ced7b12223dbdc0,3,1,TEST,0.00022744652,0.015878405,178.21931619383568,90.97463778953174,269.1939539833674,0.021739130434782608,0.03,1,ANOMALY
0f67808a9d3c44a9966cab739275a532,3,1,TEST,0.00023379996,0.018005753,183.99391637748855,108.19008537197527,292.18400174946385,0.021739130434782608,0.03,1,ANOMALY
0f8c4b7edfae4ca4aab087a4be33d853,3,1,TEST,0.0003333501,0.03525041,274.4743894325062,247.7415309562043,522.2159203887105,0.021739130434782608,0.03,1,ANOMALY
0f8dc2f8302e4eaa9dc4a5cb85fe41df,3,1,TEST,0.00022506967,0.01506978,176.05901272885995,84.43088411060688,260.48989683946684,0.021739130434782608,0.03,1,ANOMALY
0f8ecca34e9643639d94bd765c6a06c0,3,1,TEST,0.00048876123,0.041028813,415.7265520152494,294.50294185688176,710.2294938721311,0.021739130434782608,0.03,1,ANOMALY
0f9074245dd4411586f42869fba5a912,3,1,TEST,0.00023761988,0.021162927,187.4658167548494,133.7393436530152,321.2051604078646,0.021739130434782608,0.03,1,ANOMALY
0fb1b3d608d34595bdf39749f45e6b64,3,1,TEST,0.00033575902,0.022545708,276.66384111134556,144.92942342534153,421.5932645366871,0.021739130434782608,0.03,1,ANOMALY
0fc2541b965149b689b4c421e5892d0f,3,1,TEST,0.0004037873,0.05195596,338.49430117417614,382.93028256660835,721.4245837407846,0.021739130434782608,0.03,1,ANOMALY
0fcc6da755be47939ceb8cd9d58464da,3,1,TEST,0.0004135074,0.024723664,347.32883667701,162.5544134856741,509.8832501626841,0.021739130434782608,0.03,1,ANOMALY
0fd1954b8917425fa0561386c3d5f6b1,3,1,TEST,0.00026405553,0.015217983,211.4930066464646,85.63020879940292,297.1232154458675,0.021739130434782608,0.03,1,ANOMALY
0ff621d21cb142459a3cff9c7563bedc,3,1,TEST,0.00031466398,0.017752195,257.49069682129715,106.13818109580173,363.62887791709886,0.021739130434782608,0.03,1,ANOMALY
10064c4e0dda4dfa98a06a3fdd0eb7c7,3,1,TEST,0.00023398676,0.017969608,184.16369767931974,107.89758393221676,292.0612816115365,0.021739130434782608,0.03,1,ANOMALY
10139affb7164d01b17b3509a63a176a,3,1,TEST,0.00029126057,0.020960238,236.21949009169808,132.09909398298566,368.3185840746837,0.021739130434782608,0.03,1,ANOMALY
1037783dd4bf476fa4b97d754e608e02,3,1,TEST,0.000298346,0.045260835,242.65939121286388,328.7503489142828,571.4097401271467,0.021739130434782608,0.03,1,ANOMALY
1055b6a207644230aaa883f3df8495d9,3,1,TEST,0.0001623593,0.013880879,119.06196638562841,74.80976765659244,193.87173404222085,0.021739130434782608,0.03,1,ANOMALY
1079519b735f41aabc8e7c642cb5e487,1,1,TEST,0.00015839547,0.01634376,115.45926714774014,94.74049772863337,210.1997648763735,0.021739130434782608,0.03,1,ANOMALY
1080fd39bc9f4975b422905e7ad5ea28,3,1,TEST,0.00020910049,0.017728638,161.54472916581597,105.94754735900851,267.4922765248245,0.021739130434782608,0.03,1,ANOMALY
1083c47d71a94d28a73f9d42eb3fca41,3,1,TEST,0.00050416635,0.077223614,429.7281651226676,587.4073934898425,1017.1355586125101,0.021739130434782608,0.03,1,ANOMALY
108d3b53bdae48c4a735470060c01d99,3,1,TEST,0.00021024924,0.01388572,162.58882054953426,74.8489431848777,237.43776373441196,0.021739130434782608,0.03,1,ANOMALY
10a562c6243747328776372fe56836ef,3,1,TEST,0.00049430586,0.01727879,420.7660300643515,102.30717697105736,523.0732070354089,0.021739130434782608,0.03,1,ANOMALY
10bd381b921e425299837b91c9805538,3,1,TEST,0.00016247039,0.0142228175,119.16293536218316,77.57688630533697,196.73982166752012,0.021739130434782608,0.03,1,ANOMALY
10c87a4549ac4ccbb636d1c264c2a043,3,1,TEST,0.0003240201,0.017706824,265.9944132757342,105.77101875458486,371.76543203031906,0.021739130434782608,0.03,1,ANOMALY
10e6b1469a5d4a2d8bb18578a88c9864,3,1,TEST,0.0002293704,0.013999362,179.96791817974034,75.7685848674628,255.73650304720314,0.021739130434782608,0.03,1,ANOMALY
10f990e60e1c493bb4037ee509be0fd0,3,1,TEST,0.00020434668,0.017884865,157.22402225758185,107.21180582986631,264.43582808744816,0.021739130434782608,0.03,1,ANOMALY
10fd8d1c80394a5c9a019cc36e18369c,3,1,TEST,0.0001669676,0.022816679,123.25042020376908,147.12224145363885,270.37266165740795,0.021739130434782608,0.03,1,ANOMALY
1118744b1b8f4081b4aad302d77d02ca,3,1,TEST,0.00020678688,0.03763063,159.4419041244366,267.00333139726223,426.4452355216988,0.021739130434782608,0.03,1,ANOMALY
111db89c7e9e457f8eb388697b329c72,3,1,TEST,0.00041435775,0.087877855,348.10171424666817,673.6262572893812,1021.7279715360494,0.021739130434782608,0.03,1,ANOMALY
111e31310cba45adbdb10232aab93b8f,3,1,TEST,0.0002932265,0.027025444,238.00631104838433,181.18144250787307,419.1877535562574,0.021739130434782608,0.03,1,ANOMALY
11507ad17dfa4859b52191a725914e3c,3,1,TEST,0.00019655231,0.019991,150.1397701935884,124.25558836758451,274.3953585611729,0.021739130434782608,0.03,1,ANOMALY
11632253d3484fe3b4615650816e1a87,3,1,TEST,0.00023311347,0.014852505,183.36997009325896,82.67259803166004,266.042568124919,0.021739130434782608,0.03,1,ANOMALY
1184112b4bcb415b91ed4e1a56dd8bcf,3,1,TEST,0.00020266537,0.015275867,155.69589056281848,86.0986319101785,241.79452247299696,0.021739130434782608,0.03,1,ANOMALY
118c4716d6504580a8b3df56b9c38e43,3,1,TEST,0.00030379172,0.031266235,247.60897060798246,215.49981221917486,463.1087828271573,0.021739130434782608,0.03,1,ANOMALY
11922ef7e7a14e5c836287ce7be156e1,3,1,TEST,0.00029138822,0.020985296,236.33551034426097,132.30187448035653,368.63738482461747,0.021739130434782608,0.03,1,ANOMALY
11a0a133f9be4271808df2c098c6fbef,3,1,TEST,0.00015195529,0.018082166,109.60582954374017,108.808453403965,218.41428294770517,0.021739130434782608,0.03,1,ANOMALY
11a848d0175a4e8fb2544ed48ea16cd7,3,1,TEST,0.00024082945,0.017814452,190.38297399745292,106.64199247040534,297.02496646785823,0.021739130434782608,0.03,1,ANOMALY
11d46bd783fa4155aa64ff97fdcd2312,3,1,TEST,0.00037676026,0.024963532,313.9296007681608,164.49553218402792,478.42513295218873,0.021739130434782608,0.03,1,ANOMALY
11da55705d7b46758bebd91492ce1272,3,1,TEST,0.0001476027,0.02066855,105.6497888770516,129.73862476289204,235.38841363994365,0.021739130434782608,0.03,1,ANOMALY
121295f178be4d9bb3cd1395dd4424bc,4,1,TEST,0.00071073504,0.107384495,617.4771003783618,831.4826768453714,1448.9597772237332,0.021739130434782608,0.03,1,ANOMALY
1229b9d02487403bbd07fd780d668f14,3,1,TEST,0.00020033187,0.027390493,153.57498763014672,184.13558161653015,337.71056924667687,0.021739130434782608,0.03,1,ANOMALY
12418ca1404e4bfe9badfda65735974e,3,1,TEST,0.0002153782,0.016667634,167.25049884632284,97.36143039706202,264.61192924338485,0.021739130434782608,0.03,1,ANOMALY
12605c7f6e1e4c5e875c9cb6b3293586,3,1,TEST,0.00032768428,0.05774278,269.3247625827139,429.75980758039833,699.0845701631122,0.021739130434782608,0.03,1,ANOMALY
12915122215841bf828d27749f5ffd3e,3,1,TEST,0.00026358155,0.022345228,211.0622093154049,143.30704996724802,354.36925928265293,0.021739130434782608,0.03,1,ANOMALY
129d15788be24536a48f38684bb7f718,3,1,TEST,0.0003236875,0.021468312,265.6921153047007,136.21065509804652,401.9027704027472,0.021739130434782608,0.03,1,ANOMALY
12dcd2a223e244379b4b742625cb4493,3,1,TEST,0.0004337467,0.01669405,365.72420446154973,97.57520043531518,463.2994048968649,0.021739130434782608,0.03,1,ANOMALY
12e97106a8614823a5ef5e5a23df266c,3,1,TEST,0.00014745162,0.019612009,105.5124732502815,121.18862438486148,226.701097635143,0.021739130434782608,0.03,1,ANOMALY
12eb1732751b42379ca526abc870e6f3,3,1,TEST,0.00027240248,0.014374037,219.07949506894778,78.80062185574681,297.88011692469456,0.021739130434782608,0.03,1,ANOMALY
12ee2d940dd14e7da59fe18573e8ddfd,3,1,TEST,0.0002119998,0.018144602,164.17989311770134,109.31371332629902,273.49360644400036,0.021739130434782608,0.03,1,ANOMALY
13180aba2ff2436ca764400d55c3d983,3,1,TEST,0.0001777451,0.0136293,133.04601967103704,72.77387832990796,205.819898000945,0.021739130434782608,0.03,1,ANOMALY
1343a6294b7d42c79f319f7abbac94f3,1,1,TEST,0.00038316575,0.014540866,319.7515088573829,80.1506764329629,399.90218529034576,0.021739130434782608,0.03,1,ANOMALY
136bc00819754fc88a7e6a1e66a12d87,3,1,TEST,0.00023236283,0.020506183,182.68771829236726,128.4246786771465,311.1123969695137,0.021739130434782608,0.03,1,ANOMALY
137690eb98424156bbfd00c42ab03887,3,1,TEST,0.00023476359,0.026595548,184.86975340042,177.70253259097083,362.5722859913908,0.021739130434782608,0.03,1,ANOMALY
139527bac95c4f7dae8c38841511d957,3,1,TEST,0.00017409894,0.01313136,129.7320486245445,68.74432605674816,198.47637468129267,0.021739130434782608,0.03,1,ANOMALY
139a34a94ccf4e7bad4ebdd72cc045dc,3,1,TEST,0.0002540364,0.06333143,202.38668472667905,474.9856526850183,677.3723374116973,0.021739130434782608,0.03,1,ANOMALY
13aed86081bd448a9a95b9bf90464303,3,1,TEST,0.00022257263,0.015397937,173.78946935667284,87.08647672277561,260.87594607944845,0.021739130434782608,0.03,1,ANOMALY
13c579574da6498cb945ced703bd7f00,3,1,TEST,0.00026125592,0.028224964,208.94845937441096,190.88849263981797,399.8369520142289,0.021739130434782608,0.03,1,ANOMALY
13d0622f9391421fb732a225f28e7fc4,3,1,TEST,0.00024830748,0.015969573,197.1797066983774,91.71240985371503,288.89211655209243,0.021739130434782608,0.03,1,ANOMALY
141883efcbfb445aab054e6e2f36d47f,3,1,TEST,0.000337763,0.016957598,278.48524546489836,99.70794824124908,378.19319370614744,0.021739130434782608,0.03,1,ANOMALY
142daf52ed684996922a07441e7f8d8e,3,1,TEST,0.00015909223,0.017406205,116.09254776799658,103.3382759044322,219.43082367242877,0.021739130434782608,0.03,1,ANOMALY
143bc8b4bde4485e8c9dba2aa1e10465,3,1,TEST,0.00015200321,0.017618503,109.64938371924204,105.05628588251645,214.70566960175847,0.021739130434782608,0.03,1,ANOMALY
1453a5bfb22d4ffbb37b46a3fb7fb8e6,3,1,TEST,0.00018232393,0.012997532,137.20768839835884,67.66133027088554,204.86901866924438,0.021739130434782608,0.03,1,ANOMALY
145a9202e9e542f5901ad0530ec97c10,3,1,TEST,0.00030507334,0.018786028,248.77382666822277,114.50441822320185,363.2782448914246,0.021739130434782608,0.03,1,ANOMALY
145b8be275854e78bf510bd689ca89c3,3,1,TEST,0.00018362711,0.025002997,138.3921402020011,164.81490054258566,303.2070407445867,0.021739130434782608,0.03,1,ANOMALY
1470d4fd459c4bc5be9ee664405d4e8b,3,1,TEST,0.00021440916,0.017051103,166.36974470967135,100.46463235038233,266.83437706005367,0.021739130434782608,0.03,1,ANOMALY
14725a2167bc4928b21369a256f60143,3,1,TEST,0.0002919964,0.036552303,236.8882811801694,258.2770290032799,495.16531018344926,0.021739130434782608,0.03,1,ANOMALY
147f6078689b4d5ba50864fe10ceb54b,3,1,TEST,0.00014660206,0.013534957,104.7403137064715,72.01041275151154,176.75072645798303,0.021739130434782608,0.03,1,ANOMALY
14ae6c06e5cc4dc68ef31c27abc620d0,1,1,TEST,0.00034021895,0.015019216,280.71744240404354,84.0216977003164,364.73914010435993,0.021739130434782608,0.03,1,ANOMALY
14faf83f48cd46a0b27c117db0579d32,3,1,TEST,0.0008490819,0.15813302,743.2196592384125,1242.1623456272664,1985.382004865679,0.021739130434782608,0.03,1,ANOMALY
14fdc39a1cbf4fc4ab46b9502262fe00,3,1,TEST,0.00017299625,0.022699066,128.72982087445757,146.17046467028516,274.9002855447427,0.021739130434782608,0.03,1,ANOMALY
1504d43965ef49fda8c34a1a2970f3a3,3,1,TEST,0.00014589806,0.015652768,104.10045269742889,89.14868268197067,193.24913537939955,0.021739130434782608,0.03,1,ANOMALY
150fb934ee7e4f829ea5b883cac03d05,3,1,TEST,0.00028288763,0.022357034,228.60937952770206,143.40258937789372,372.0119689055958,0.021739130434782608,0.03,1,ANOMALY
150fda527e5f4611898b640cb7ae721f,3,1,TEST,0.00025453742,0.020904042,202.84205853740423,131.64433092008156,334.48638945748576,0.021739130434782608,0.03,1,ANOMALY
152166bb68e2404fb2d9f6af725b9db5,3,1,TEST,0.0004334101,0.059892267,365.4182709166012,447.1544138120275,812.5726847286287,0.021739130434782608,0.03,1,ANOMALY
152328dfaf9147d3abf138e18ff9d699,3,1,TEST,0.0003499621,0.025957024,289.5729279015626,172.53531197068105,462.10823987224364,0.021739130434782608,0.03,1,ANOMALY
152cd973357e4edd97b0be4c059e38ae,3,1,TEST,0.00022617207,0.015947143,177.06097689983804,91.53089630291177,268.5918732027498,0.021739130434782608,0.03,1,ANOMALY
153ff670a57e44d480d53461804c57ea,4,1,TEST,0.0008997049,0.11495336,789.2305738133609,892.73330376024,1681.963877573601,0.021739130434782608,0.03,1,ANOMALY
1558545a03394af89e21198af4d66209,3,1,TEST,0.0002705272,0.018563328,217.37506530611054,112.7022306278436,330.07729593395413,0.021739130434782608,0.03,1,ANOMALY
1562a5e7562d43088bf2ead668120cfc,3,1,TEST,0.00031536908,0.021041315,258.13155761316636,132.7552051804211,390.8867627935874,0.021739130434782608,0.03,1,ANOMALY
157e4034a9804d349b2bb360076e61e7,3,1,TEST,0.00018073883,0.013496558,135.76700134518637,71.69967093977306,207.46667228495943,0.021739130434782608,0.03,1,ANOMALY
15afa28faffc47dd870c58a70d2cc4db,3,1,TEST,0.0003657663,0.032464575,303.9372622184818,225.19731326552244,529.1345754840042,0.021739130434782608,0.03,1,ANOMALY
15b40a0884ba4c7fa23e008ded436a24,3,1,TEST,0.00016679398,0.02271773,123.09261811798787,146.3215020716312,269.41412018961904,0.021739130434782608,0.03,1,ANOMALY
15cf04d7ec3d4928a018e1f859fc5aab,4,1,TEST,0.0027860529,0.17734319,2503.719969673442,1397.6195978891576,3901.3395675625998,0.021739130434782608,0.03,1,ANOMALY
15f5be74f0e0466a96a459906b05a7f2,3,1,TEST,0.00014210375,0.01834437,100.65182908205894,110.93032496325243,211.58215404531137,0.021739130434782608,0.03,1,ANOMALY
160c9413e71e4542951a4f18cbe6a074,3,1,TEST,0.0003722698,0.020574776,309.8482509575565,128.9797637859404,438.8280147434969,0.021739130434782608,0.03,1,ANOMALY
161763d420af479c85c22174a985f272,3,1,TEST,0.00025151676,0.016829662,200.0966003618721,98.67263314380968,298.76923350568177,0.021739130434782608,0.03,1,ANOMALY
1635499b793145a2a6e494824ce0055a,6,0,TEST,3.2330467e-05,0.0049825986,0.8796080219747784,2.8009191747808644,3.6805271967556425,0.2608695652173913,0.03,0,REFERENCE
164a13c438a14ca4926fcf2da984ec6a,6,0,TEST,3.1706804e-05,0.0046281577,0.312764788334807,-0.06737446360087564,0.24539032473393135,0.6521739130434783,0.03,0,REFERENCE
165ed53dbb6840298573e57b58456cb7,3,1,TEST,0.00020856215,0.016097298,161.0554354504637,92.74601744517048,253.80145289563418,0.021739130434782608,0.03,1,ANOMALY
165f78507f0d42f0a10d4890e6d556ea,3,1,TEST,0.00019391245,0.023203224,147.74041865476565,150.25033576907558,297.9907544238412,0.021739130434782608,0.03,1,ANOMALY
1662a85ba4734f479b3a5f9e064ddc57,3,1,TEST,0.00026511526,0.017141253,212.45618833270424,101.19416630512657,313.6503546378308,0.021739130434782608,0.03,1,ANOMALY
1665ffafb35145528f741041face5f07,3,1,TEST,0.00035202404,0.015556393,291.447011721144,88.36877325447786,379.81578497562185,0.021739130434782608,0.03,1,ANOMALY
16702eda48814fdb852395f6bb5f82b4,3,1,TEST,0.00026364572,0.01899901,211.12053300993654,116.2279634339544,327.34849644389095,0.021739130434782608,0.03,1,ANOMALY
167b0eaa061e4309a3926aca1a4c463f,3,1,TEST,0.00021393975,0.014517982,165.94310102180958,79.96548891193832,245.90858993374792,0.021739130434782608,0.03,1,ANOMALY
1685d478d53549239d9d49da60626e86,3,1,TEST,0.0002179525,0.01414006,169.5902633286785,76.90717575337081,246.4974390820493,0.021739130434782608,0.03,1,ANOMALY
16d4a8d2efa648ce9dfcab8c38540668,3,1,TEST,0.00022527363,0.015225539,176.24439064278656,85.69135531700744,261.93574595979396,0.021739130434782608,0.03,1,ANOMALY
16d585490cbd4b2895cec117c9715a48,3,1,TEST,0.00042181957,0.04236188,354.8837137843021,305.2907137975259,660.174427581828,0.021739130434782608,0.03,1,ANOMALY
16e3b35528f94e4c81fa84871f873057,6,0,TEST,3.141586e-05,0.004614072,0.048327684052296094,-0.1813622220738736,-0.1330345380215775,0.8043478260869565,0.03,0,REFERENCE
16eec73b7d384b769db19fc36acd9a12,3,1,TEST,0.00031329715,0.021247,256.2483939477322,134.41969981693322,390.6680937646654,0.021739130434782608,0.03,1,ANOMALY
170378e4664f4ed2b51efbba8545e65e,4,1,TEST,0.0019860286,0.04096433,1776.5831005589498,293.98111669877005,2070.56421725772,0.021739130434782608,0.03,1,ANOMALY
170b2bb90f4a4f99919bb9642ac11d65,3,1,TEST,0.0002774028,0.019032385,223.62425330862942,116.49804879989547,340.1223021085249,0.021739130434782608,0.03,1,ANOMALY
171eff67647543c7a4fa40ea325c8325,4,1,TEST,0.00062211463,0.048007783,536.9305876448827,350.9798756798605,887.9104633247432,0.021739130434782608,0.03,1,ANOMALY
17228a380576497398288f6c145789da,3,1,TEST,0.00024520623,0.01636304,194.3610007973925,94.89652007635904,289.25752087375156,0.021739130434782608,0.03,1,ANOMALY
1739b441f07a41f8a921c125fce0af3f,3,1,TEST,0.00030278962,0.016193632,246.69816845292337,93.52559508240103,340.2237635353244,0.021739130434782608,0.03,1,ANOMALY
17906c8e56cb44a28301d8246a0dc849,3,1,TEST,0.000310187,0.014882916,253.42159889478643,82.91869738937191,336.34029628415834,0.021739130434782608,0.03,1,ANOMALY
17bd766532bf4622a6cecc970949fe6e,3,1,TEST,0.00027194322,0.017016452,218.66207664989534,100.18422102408346,318.8462976739788,0.021739130434782608,0.03,1,ANOMALY
17beb695652c4c99b2e2ec98bb081386,3,1,TEST,0.00033966056,0.016758252,280.20992537444226,98.09475161626352,378.3046769907058,0.021739130434782608,0.03,1,ANOMALY
17beb777897b4d318c69d32fa44b457f,3,1,TEST,0.00012817618,0.014538792,87.99315153417332,80.13389270115881,168.12704423533214,0.021739130434782608,0.03,1,ANOMALY
17e779e1dbe3404aaf190f5bd4107dcf,3,1,TEST,0.00024010224,0.02956553,189.72201757076843,201.73694982867752,391.45896739944595,0.021739130434782608,0.03,1,ANOMALY
18008d38529549748f0a5ac5587327e2,3,1,TEST,0.00027984602,0.022727339,225.84488003379005,146.39926237968598,372.244142413476,0.021739130434782608,0.03,1,ANOMALY
180f81728c844902a6dd3897430ad85a,3,1,TEST,0.0002365775,0.023466652,186.51840437046613,152.3821124815589,338.900516852025,0.021739130434782608,0.03,1,ANOMALY
180fdec9d20240d48061a8ec9e545fa7,3,1,TEST,0.00016029512,0.023518212,117.1858466446546,152.79935896748916,269.9852056121438,0.021739130434782608,0.03,1,ANOMALY
1819f2387b2d4eaa929f851bc6fed3eb,3,1,TEST,0.00040166726,0.06149572,336.5674106434792,460.1302697003973,796.6976803438765,0.021739130434782608,0.03,1,ANOMALY
181b0d48b2f64fbca583372094462b6c,3,1,TEST,0.00021828359,0.020174973,169.89118887055906,125.74437982910604,295.6355686996651,0.021739130434782608,0.03,1,ANOMALY
18534ff61b4d470787e35d7ee370aeee,3,1,TEST,0.00025885116,0.016299883,206.7627886924432,94.38542550087617,301.14821419331935,0.021739130434782608,0.03,1,ANOMALY
1863f105b78a44ad8fdbf7237660c664,3,1,TEST,0.00025889027,0.033141702,206.7983355163973,230.67692655641665,437.47526207281396,0.021739130434782608,0.03,1,ANOMALY
18978986c3b04e7481008c80db8520bc,3,1,TEST,0.00018826536,0.016653435,142.60781537983044,97.24652576452277,239.8543411443532,0.021739130434782608,0.03,1,ANOMALY
18b2390397964d81859f120dc23c33cd,3,1,TEST,0.00020182654,0.013745876,154.93348344603552,73.71726324735961,228.65074669339515,0.021739130434782608,0.03,1,ANOMALY
18d2adb4a846431b81bd679ada561f25,3,1,TEST,0.0002928948,0.020857427,237.7048310814817,131.26710157676038,368.97193265824205,0.021739130434782608,0.03,1,ANOMALY
18d5f4c76449482384289a289e68b969,3,1,TEST,0.00042857585,0.047326572,361.0244526169362,345.46721284186503,706.4916654588012,0.021739130434782608,0.03,1,ANOMALY
18e1b6e3eef24b998d703550017b4935,4,1,TEST,0.002283974,0.11134139,2047.3837316436113,863.5036336713035,2910.887365314915,0.021739130434782608,0.03,1,ANOMALY
18f1deb1155640f2b7aaa064610feeae,4,1,TEST,0.00087209925,0.09768376,764.1399785516039,752.9800083098636,1517.1199868614676,0.021739130434782608,0.03,1,ANOMALY
18ffd9ee768b4e29ab856c32f5da199c,3,1,TEST,0.0003216772,0.02649758,263.86496674436216,176.90973189792163,440.7746986422838,0.021739130434782608,0.03,1,ANOMALY
19172bed28f54e79a83f3a8b7f703b03,3,1,TEST,0.0004540711,0.033316143,384.19691908113134,232.08858082818085,616.2854999093122,0.021739130434782608,0.03,1,ANOMALY
1928fe9b4423421c95ccede9644e0d8a,3,1,TEST,0.0003309353,0.02137618,272.27959346001177,135.46508191647695,407.7446753764887,0.021739130434782608,0.03,1,ANOMALY
192eef2439e64e0a8d8ea3af68401101,3,1,TEST,0.0003054052,0.037136648,249.07545205808196,263.0058090230806,512.0812610811626,0.021739130434782608,0.03,1,ANOMALY
195772f16af44f0bb689b17c76325597,3,1,TEST,0.00034708498,0.031059066,286.95793229597075,213.82330839365721,500.78124068962796,0.021739130434782608,0.03,1,ANOMALY
19582bd8f93745dfa27cdf61229aa61d,3,1,TEST,0.00034470897,0.023703508,284.79839230151725,154.29885673430326,439.0972490358205,0.021739130434782608,0.03,1,ANOMALY
195ce0cf29fe40bbb12ae084ea32eced,3,1,TEST,0.00019610276,0.014704532,149.73117713021466,81.47513460531091,231.20631173552556,0.021739130434782608,0.03,1,ANOMALY
198d18540f19418ba05e38aafc545db8,3,1,TEST,0.00035565047,0.08292425,294.7430502993008,633.5394791874297,928.2825294867305,0.021739130434782608,0.03,1,ANOMALY
19981db4439f47d7a5bb896fe1a3f1dd,3,1,TEST,0.00019934261,0.021889953,152.67585566735485,139.62276187799463,292.2986175453495,0.021739130434782608,0.03,1,ANOMALY
199b374677ca46dbbe2fcb99f42e9a1e,3,1,TEST,0.00030145652,0.016497584,245.48652255639684,95.98531005314342,341.47183260954023,0.021739130434782608,0.03,1,ANOMALY
19a3056fc02b4196be4f534c91f5138c,3,1,TEST,0.00027357743,0.017927963,220.14739946180944,107.56057404264023,327.7079735044497,0.021739130434782608,0.03,1,ANOMALY
19a874da8985497f87b17fc8e43c9f4f,3,1,TEST,0.0003030413,0.03678183,246.9269187636561,260.1344637235304,507.0613824871865,0.021739130434782608,0.03,1,ANOMALY
19b80e9a20534516a1ba6152bd26ca8d,3,1,TEST,0.00021645638,0.014078721,168.2304496172455,76.41079324366414,244.64124286090964,0.021739130434782608,0.03,1,ANOMALY
19bdf4ef53634627981afe65d8c6e9e8,3,1,TEST,0.00015553502,0.018391086,112.85942279643912,111.30837164356119,224.1677944400003,0.021739130434782608,0.03,1,ANOMALY
19cdf32e6b4d4ec183c261e637a318b3,6,0,TEST,3.2026895e-05,0.0046235793,0.6036934108425623,-0.10442491571846982,0.49926849512409255,0.5434782608695652,0.03,0,REFERENCE
19d9beb4383f499cb949d36c1ced9eeb,3,1,TEST,0.00030867275,0.017732976,252.04530694458361,105.98265238724679,358.0279593318304,0.021739130434782608,0.03,1,ANOMALY
19f2c50263c44c14b3489711119a14b1,3,1,TEST,0.00028854824,0.030811222,233.75427104247004,211.8176443506219,445.5719153930919,0.021739130434782608,0.03,1,ANOMALY
19f3a39da88640e28c5f4c5da366563f,3,1,TEST,0.00014853262,0.019364897,106.49498710081424,119.18888401187465,225.6838711126889,0.021739130434782608,0.03,1,ANOMALY
1a1a6f2869d844b1842ca20c0e55e4ce,3,1,TEST,0.00029296015,0.021310762,237.76422727031826,134.93569032189612,372.6999175922144,0.021739130434782608,0.03,1,ANOMALY
1a5ed25f71d343c6a8f93d3b01b074f7,3,1,TEST,0.00015467845,0.01655526,112.08089190934307,96.4520499352713,208.53294184461436,0.021739130434782608,0.03,1,ANOMALY
1a8467f160e04af2a1ec1da134117d9c,3,1,TEST,0.000353021,0.02754141,292.35314216372234,185.35686920220002,477.71001136592236,0.021739130434782608,0.03,1,ANOMALY
1a977fea69f0451f8424308081eb46e7,3,1,TEST,0.0010614449,0.06672076,936.2350050669842,502.4136207253218,1438.648625792306,0.021739130434782608,0.03,1,ANOMALY
1a9b7e540b3944509c91efedaa1c007d,3,1,TEST,0.00028693557,0.045799006,232.28852579608832,333.10546835919325,565.3939941552816,0.021739130434782608,0.03,1,ANOMALY
1a9c1c1c1ca14292943a3edd0d9d9da1,3,1,TEST,0.00038627296,0.015319803,322.5756317635011,86.45418159221556,409.02981335571667,0.021739130434782608,0.03,1,ANOMALY
1ab51ef778524e9882b25a6f4a80d1cd,3,1,TEST,0.00053752254,0.12596959,460.04538868973685,981.881543785446,1441.9269324751829,0.021739130434782608,0.03,1,ANOMALY
1ad919dd786840a09c406de2d2d23fce,3,1,TEST,0.0003980481,0.028465368,333.2779797209129,192.8339488889177,526.1119286098306,0.021739130434782608,0.03,1,ANOMALY
1addea53c8684514b0546c7fe3636aeb,3,1,TEST,0.00019809767,0.013520024,151.5443378199152,71.88956826403295,223.43390608394816,0.021739130434782608,0.03,1,ANOMALY
1ae0d8e1cc074808b5a4de1eebc45734,3,1,TEST,0.0003446045,0.05485154,284.7034401997918,406.3626056800679,691.0660458798598,0.021739130434782608,0.03,1,ANOMALY
1b0d9a574c3f4ab78db302076f6e85ed,3,1,TEST,0.0002685513,0.027924495,215.5791826814411,188.4569636564785,404.0361463379196,0.021739130434782608,0.03,1,ANOMALY
1b3b5317ac93450c945fdeaeb292660d,4,1,TEST,0.0023064148,0.093465865,2067.780028421628,718.8469232289315,2786.626951650559,0.021739130434782608,0.03,1,ANOMALY
1b3cdac257c44c849c1c64c5d60f5dde,3,1,TEST,0.0002505493,0.015971728,199.21728227691705,91.72984907359827,290.9471313505153,0.021739130434782608,0.03,1,ANOMALY
1b7cf3947f004f038494c20a9aaddac8,3,1,TEST,0.00021035832,0.013794982,162.68796265019674,74.11465087222562,236.80261352242235,0.021739130434782608,0.03,1,ANOMALY
1b81e240b19b4dc491ae5b89243d62d1,3,1,TEST,0.00015367122,0.018180732,111.16542713073798,109.60609337937623,220.77152051011421,0.021739130434782608,0.03,1,ANOMALY
1b8652f8d95e4a44b742b2a855730016,6,0,TEST,3.1354295e-05,0.004688908,-0.007628342967178837,0.4242440234862068,0.416615680519028,0.5652173913043478,0.03,0,REFERENCE
1b88f607a7ee4f8492830030e3de6ee8,4,1,TEST,0.0035070984,0.13413744,3159.0735225081407,1047.9794241210852,4207.052946629226,0.021739130434782608,0.03,1,ANOMALY
1bb052a795534bb7ac6cdfd46e7cf5dc,3,1,TEST,0.00019886634,0.01430618,152.24297697022882,78.25149278678309,230.49446975701193,0.021739130434782608,0.03,1,ANOMALY
1bd2867ccbbc419aa261e457e3c14c05,3,1,TEST,0.00035419592,0.014520064,293.42101928977957,79.98233738330576,373.40335667308534,0.021739130434782608,0.03,1,ANOMALY
1bd6fa24aa8e483caf60bbfd266695f8,3,1,TEST,0.00034665308,0.036805898,286.56538120249706,260.329232699934,546.894613902431,0.021739130434782608,0.03,1,ANOMALY
1bebb7df839947e7b026040b0143c8ff,3,1,TEST,0.00029247458,0.015728997,237.32289586383985,89.76556170400283,327.0884575678427,0.021739130434782608,0.03,1,ANOMALY
1c11824c9cb446f8bb9d225a155fa29f,3,1,TEST,0.00022498381,0.024250334,175.98097513477416,158.72401629433634,334.70499142911046,0.021739130434782608,0.03,1,ANOMALY
1c11bf6481c04df7925a3d5e463b4047,3,1,TEST,0.00039588488,0.01933071,331.31184316980335,118.91222758025135,450.2240707500547,0.021739130434782608,0.03,1,ANOMALY
1c36ca7af5fb44339bcddb2f3e70b7ea,3,1,TEST,0.00023982323,0.017424133,189.46842720126136,103.48335726594806,292.95178446720945,0.021739130434782608,0.03,1,ANOMALY
1c5c439a1a80481f888b9c63d7f9ab6f,3,1,TEST,0.00029483397,0.016722381,239.46733004867653,97.80446750655048,337.271797555227,0.021739130434782608,0.03,1,ANOMALY
1c61ac94685e4e19b5ee3debd473f443,3,1,TEST,0.00020888544,0.015054018,161.34927162320997,84.3033309858739,245.65260260908389,0.021739130434782608,0.03,1,ANOMALY
1c74b810f468402a98c0577d7e9bc7c4,3,1,TEST,0.00024499837,0.016096756,194.17207819889876,92.74163133975206,286.91370953865083,0.021739130434782608,0.03,1,ANOMALY
1c75ebd33d304af19de4d29e09d19ee2,3,1,TEST,0.00034018175,0.019531298,280.6836315666339,120.53547502245036,401.2191065890843,0.021739130434782608,0.03,1,ANOMALY
1ca0b8ddbc5a4cc8ab04b78c9aabaf83,3,1,TEST,0.00020284312,0.021765705,155.85744637866694,138.61729171926956,294.4747380979365,0.021739130434782608,0.03,1,ANOMALY
1cd4dadf9dcd4a8081103f348b3103dc,3,1,TEST,0.0003317803,0.015115167,273.04760844955865,84.79817593095052,357.84578438050914,0.021739130434782608,0.03,1,ANOMALY
1ce88783f79943a48f8354522c31adc6,3,1,TEST,0.00023046457,0.017173093,180.96240215738825,101.45182976734574,282.414231924734,0.021739130434782608,0.03,1,ANOMALY
1d17bac75ec9433ea626f1ec1bd41316,3,1,TEST,0.0003568664,0.036205355,295.8482011469218,255.46937124919657,551.3175723961183,0.021739130434782608,0.03,1,ANOMALY
1d31aaf7792f4194973638040c9ac321,3,1,TEST,0.00030179456,0.024113886,245.79376490795474,157.61981830146954,403.41358320942425,0.021739130434782608,0.03,1,ANOMALY
1d3b02244f5f421692cff2a4ae51261d,3,1,TEST,0.00038336267,0.017414244,319.93048816121905,103.40333107317527,423.3338192343943,0.021739130434782608,0.03,1,ANOMALY
1d69947365a54cc59a26b647775056ca,3,1,TEST,0.0003543739,0.046967056,293.5827841511282,342.5578492337249,636.1406333848531,0.021739130434782608,0.03,1,ANOMALY
1d6ee929586b4ce9a0e39670dbc87969,3,1,TEST,0.0001753,0.019235924,130.8236842261364,118.14517704853323,248.96886127466962,0.021739130434782608,0.03,1,ANOMALY
1d90a29336f9434c8c897d4856f3fe56,3,1,TEST,0.00019231632,0.015492822,146.2897065065225,87.85432840659045,234.14403491311293,0.021739130434782608,0.03,1,ANOMALY
1d93d18bfbc3479295c7924e384951d1,3,1,TEST,0.00022134086,0.026091823,172.66992163634836,173.6261655210479,346.2960871573963,0.021739130434782608,0.03,1,ANOMALY
1db54024088a4b22a4cf28daa4d7fa63,3,1,TEST,0.0002302193,0.021726085,180.73947785385437,138.29666903167148,319.03614688552585,0.021739130434782608,0.03,1,ANOMALY
1db95315659048118a94b35fc838daa8,6,0,TEST,4.0441388e-05,0.0056174714,8.251571225561202,7.93859265834781,16.190163883909012,0.13043478260869565,0.03,0,REFERENCE
1dc6b5e724784ed28b8adc60d94b5887,3,1,TEST,0.00019296692,0.01717509,146.88103260379967,101.46799038085238,248.34902298465204,0.021739130434782608,0.03,1,ANOMALY
1dee541f04ee43db81984a28850bdbc1,3,1,TEST,0.00030185116,0.019189749,245.8452082788522,117.77150838119748,363.6167166600497,0.021739130434782608,0.03,1,ANOMALY
1df65f5a44e2417796ba580a5d550989,3,1,TEST,0.001094257,0.057443745,966.0577087811984,427.3398831637932,1393.3975919449915,0.021739130434782608,0.03,1,ANOMALY
1e190f111e804455a052b3f646fcbd4e,3,1,TEST,0.00020616033,0.023199493,158.8724369153235,150.2201428552081,309.09257977053164,0.021739130434782608,0.03,1,ANOMALY
1e2809ab09c84a6eae6e168b331c0dc7,3,1,TEST,0.00034158397,0.017019354,281.9581001804119,100.20770530069652,382.16580548110846,0.021739130434782608,0.03,1,ANOMALY
1e2fe01bd8164087a8a595f429beaad7,4,1,TEST,0.000647738,0.0732243,560.2195015415759,555.0431632215777,1115.2626647631537,0.021739130434782608,0.03,1,ANOMALY
1e32f7b0e52d40b690d722b271c9f3eb,3,1,TEST,0.00024303526,0.01852521,192.3878203218226,112.39376279326855,304.78158311509117,0.021739130434782608,0.03,1,ANOMALY
1e41babe77bf47cb8a478a1d982177e0,3,1,TEST,0.00024998304,0.014802626,198.70261225563797,82.26895494648322,280.9715672021212,0.021739130434782608,0.03,1,ANOMALY
1e47249cd214481e96d001d96e8a3b22,3,1,TEST,0.00025237666,0.015821895,200.87815786425236,90.51733369876524,291.3954915630176,0.021739130434782608,0.03,1,ANOMALY
1e595669e1c4483b9cad25f1a5aee121,4,1,TEST,0.000907051,0.069948554,795.9073961976335,528.5343675020249,1324.4417636996584,0.021739130434782608,0.03,1,ANOMALY
1e60088c8ca94f449703d42e067e63f4,3,1,TEST,0.00033375522,0.024079012,274.84260035861894,157.33760235984167,432.1802027184606,0.021739130434782608,0.03,1,ANOMALY
1e7146e744b54f8583ba61de6df1ad10,3,1,TEST,0.0001638713,0.021477131,120.436213325504,136.28202237421834,256.71823569972236,0.021739130434782608,0.03,1,ANOMALY
1e924ec09a9c402b928188fec957568d,3,1,TEST,0.00039115304,0.023456061,327.01110465129744,152.29640539210024,479.30751004339766,0.021739130434782608,0.03,1,ANOMALY
1eaaa785a3924296877a7e379ab2bc37,3,1,TEST,0.00028896288,0.03686587,234.13113463450046,260.81455283674956,494.94568747125004,0.021739130434782608,0.03,1,ANOMALY
1f00972d456e477e8d1d8f8685045460,3,1,TEST,0.0003256335,0.064894974,267.4608220143554,487.63854716906326,755.0993691834187,0.021739130434782608,0.03,1,ANOMALY
1f1ca115f1614b3e8dba2033965ec2eb,3,1,TEST,0.00027644227,0.014972405,222.75123385548216,83.6428822376926,306.3941160931748,0.021739130434782608,0.03,1,ANOMALY
1f43eb9951af43498b1a8050c6e1c5ad,3,1,TEST,0.00051470334,0.034949645,439.3051666193604,245.30760660902007,684.6127732283805,0.021739130434782608,0.03,1,ANOMALY
1f482fcd9a02477db01dcb536f7b79fb,4,1,TEST,0.0010592504,0.108889654,934.2404383278592,843.6630939034848,1777.903532231344,0.021739130434782608,0.03,1,ANOMALY
1f671716837e4439b095ab2a47020e43,3,1,TEST,0.00035387094,0.02273944,293.12564708705423,146.497189061731,439.62283614878527,0.021739130434782608,0.03,1,ANOMALY
1f6dd80c8d674c5fa778fca06b1d9695,3,1,TEST,0.0001505916,0.016380586,108.36638059569853,95.03851012372391,203.40489071942244,0.021739130434782608,0.03,1,ANOMALY
1f73871adb7f40cdb8f1ad33861c1a05,3,1,TEST,0.0001644094,0.01895509,120.92528890642136,115.87254323104405,236.7978321374654,0.021739130434782608,0.03,1,ANOMALY
1fb513ccc14745d885ac4f71844ba293,3,1,TEST,0.00044823752,0.034896467,378.89481626134335,244.87726654639786,623.7720828077412,0.021739130434782608,0.03,1,ANOMALY
1fba4b945a8e4cdbaf9511fb7008839d,3,1,TEST,0.0002473034,0.014220909,196.26710493423042,77.5614418732501,273.8285468074805,0.021739130434782608,0.03,1,ANOMALY
1fc06ef6c6ad4370a04b0dbfdc0904a2,3,1,TEST,0.00036594368,0.023634087,304.09848174374315,153.73707108070036,457.83555282444354,0.021739130434782608,0.03,1,ANOMALY
1fe18df8f7ed4ac188fd19ed36b4443b,3,1,TEST,0.00027236063,0.027131442,219.04145787686193,182.03922553765656,401.0806834145185,0.021739130434782608,0.03,1,ANOMALY
2032c5be38cb4997b527592c8905eef4,3,1,TEST,0.00023593576,0.015840242,185.93513106941072,90.6658057949127,276.60093686432344,0.021739130434782608,0.03,1,ANOMALY
20ca551d2adc4069b76795d7eaeae29a,3,1,TEST,0.00040124633,0.037612386,336.18483011146736,266.85569282299315,603.0405229344606,0.021739130434782608,0.03,1,ANOMALY
20cc9526c58743019f12544ca3f6ffee,2,1,TEST,0.00015828294,0.014839945,115.356989364576,82.57095691716654,197.92794628174255,0.021739130434782608,0.03,1,ANOMALY
20e45825d1cc4e059ce5a78714a7daa0,3,1,TEST,0.00015271734,0.017293114,110.2984518192244,102.42309315927429,212.72154497849868,0.021739130434782608,0.03,1,ANOMALY
20f568cfcf554528a1cedb7590baf8e8,3,1,TEST,0.00013258208,0.01536794,91.99764531221422,86.84372763746819,178.8413729496824,0.021739130434782608,0.03,1,ANOMALY
20f8693054ed440aa910809fb2ed1b03,3,1,TEST,0.00029368285,0.023921486,238.42108458741356,156.06283180238137,394.4839163897949,0.021739130434782608,0.03,1,ANOMALY
20fb49a498e84db9abce28408acc8e7b,3,1,TEST,0.00022780201,0.016045446,178.54241873659782,92.32640796517717,270.868826701775,0.021739130434782608,0.03,1,ANOMALY
20fb76000337459588aaecdc3a5a6c92,3,1,TEST,0.00035831425,0.022950683,297.1641425701353,148.20666150989564,445.37080408003095,0.021739130434782608,0.03,1,ANOMALY
2117a05183264da29ab4bb118d8141b4,3,1,TEST,0.00031214516,0.040429864,255.20135774914277,289.6559797641462,544.8573375132889,0.021739130434782608,0.03,1,ANOMALY
2127742cd4ee48ada8534f359b84d87a,3,1,TEST,0.00029850035,0.026027335,242.79967892130952,173.10429990070904,415.90397882201853,0.021739130434782608,0.03,1,ANOMALY
2157df93ecfd4f458e8e974f575b1548,3,1,TEST,0.00015197619,0.018645976,109.62482541744612,113.37105505703612,222.99588047448225,0.021739130434782608,0.03,1,ANOMALY
2189244e48fb4ef791e6a5b1557d9ccc,3,1,TEST,0.0003101094,0.019468602,253.35106876083515,120.02811106430677,373.37917982514193,0.021739130434782608,0.03,1,ANOMALY
21d976a76c2d4f2cb5164a7e747881f3,3,1,TEST,0.0002846995,0.022319525,230.2561763550515,143.0990498425803,373.35522619763185,0.021739130434782608,0.03,1,ANOMALY
21e9f3e1d0844677ab70edd5219681ca,3,1,TEST,0.00019474787,0.013854744,148.49972644478606,74.5982715955027,223.09799804028876,0.021739130434782608,0.03,1,ANOMALY
22152562819f45af9f20dad21d2faf07,3,1,TEST,0.00033336037,0.017108236,274.48372376853297,100.92697803464635,375.41070180317934,0.021739130434782608,0.03,1,ANOMALY
221778c5db6d443581cf9b75c684f2df,4,1,TEST,0.0001601084,0.02222162,117.01613805430172,142.30675897359268,259.3228970278944,0.021739130434782608,0.03,1,ANOMALY
2220737b1a504d1088da2693304908f8,3,1,TEST,0.00021426167,0.013342749,166.23569201048997,70.45498000194432,236.69067201243428,0.021739130434782608,0.03,1,ANOMALY
22436eea26f94f7aae15bbcc2ab7a66c,3,1,TEST,0.00053298136,0.050055843,455.91793980189016,367.5536894497277,823.4716292516179,0.021739130434782608,0.03,1,ANOMALY
22479a9c4f2342379af3643699644122,3,1,TEST,0.00015800737,0.02011056,115.10652558863583,125.2231211421738,240.32964673080963,0.021739130434782608,0.03,1,ANOMALY
226a013df62c4cd7ad82d0ad002649f9,3,1,TEST,0.0006506806,0.034186788,562.8940114921566,239.1342279721444,802.0282394643009,0.021739130434782608,0.03,1,ANOMALY
2283ba3215c24ce3b314cdcb13cffd69,3,1,TEST,0.0002233834,0.015422481,174.52637292244196,87.28509770319984,261.8114706256418,0.021739130434782608,0.03,1,ANOMALY
228d5b3ffb7e408eb0279d6bbe3f2276,3,1,TEST,0.00028070185,0.01892486,226.62273833971184,115.62790860595345,342.25064694566527,0.021739130434782608,0.03,1,ANOMALY
22b577c1fbad437388fdf6e5285be477,3,1,TEST,0.00030034775,0.036321636,244.4787687339591,256.41036889524884,500.88913762920794,0.021739130434782608,0.03,1,ANOMALY
22bebbdf24da4e8f908f67a147105592,3,1,TEST,0.00021692546,0.016566569,168.6567933702593,96.54356740054256,265.20036077080186,0.021739130434782608,0.03,1,ANOMALY
22becaad1f084b81937c41c821edad3b,3,1,TEST,0.0003698688,0.07697153,307.66599771506884,585.3674174782202,893.0334151932891,0.021739130434782608,0.03,1,ANOMALY
22e4c1a4e8aa4599ab8d5b52a42b68b2,4,1,TEST,0.0028690237,0.17742777,2579.1315887204187,1398.3040569229042,3977.435645643323,0.021739130434782608,0.03,1,ANOMALY
22e867adbe744f12b7a241a6b5e95860,3,1,TEST,0.00039625162,0.03458195,331.6451707642015,242.3320548897778,573.9772256539793,0.021739130434782608,0.03,1,ANOMALY
2326831e8b034a9096d41d0553fa5b63,3,1,TEST,0.00036876887,0.028270168,306.6662785109833,191.25430354264944,497.92058205363276,0.021739130434782608,0.03,1,ANOMALY
2328a26fb16a49b5b2964a1735454eb0,2,1,TEST,0.00015892037,0.01460589,115.93634533473795,80.67687960404766,196.6132249387856,0.021739130434782608,0.03,1,ANOMALY
232dd926a90e4df58d27ca83cbab3adb,3,1,TEST,0.00029338844,0.016664688,238.1534972583337,97.3375900528504,335.49108731118406,0.021739130434782608,0.03,1,ANOMALY
2334d53d9b9d4fce8b5244e80b4547b1,3,1,TEST,0.00020821227,0.016525637,160.73743180011735,96.21232742455152,256.94975922466887,0.021739130434782608,0.03,1,ANOMALY
2346255ea6804025bd0dfc15e0663b07,3,1,TEST,0.00026047404,0.02237909,208.23781374124303,143.58107635410937,351.8188900953524,0.021739130434782608,0.03,1,ANOMALY
234b171344ab4577b6f7d792f1621fee,3,1,TEST,0.00041877857,0.06583565,352.11976871541214,495.2509163583368,847.370685073749,0.021739130434782608,0.03,1,ANOMALY
235eeb7b3e364795b0797e2caae194ea,3,1,TEST,0.00023615581,0.015644904,186.13513307941048,89.08504369117634,275.2201767705868,0.021739130434782608,0.03,1,ANOMALY
23642dc38d7b4afaa627f48a05c93450,3,1,TEST,0.0002432318,0.01605105,192.56645424613686,92.371758029319,284.93821227545584,0.021739130434782608,0.03,1,ANOMALY
2375f5b3591b4d41a71717014d77f7af,3,1,TEST,0.00018646556,0.015120511,140.97198889676955,84.84142195928275,225.81341085605231,0.021739130434782608,0.03,1,ANOMALY
237d429612fb4e2ea38f0002334ddaea,3,1,TEST,0.00033756177,0.0187063,278.3023488301688,113.85922373464,392.1615725648088,0.021739130434782608,0.03,1,ANOMALY
238e82dbe0e14e218c0d8aebe6d960a1,3,1,TEST,0.00027121184,0.017554495,217.99733013740445,104.5383046359799,322.53563477338434,0.021739130434782608,0.03,1,ANOMALY
239f44fe58af4286866337da0b2faa86,3,1,TEST,0.0002975035,0.042964246,241.8936484570139,310.1653277762666,552.0589762332805,0.021739130434782608,0.03,1,ANOMALY
23dcf43339474856ad3ad2676bcfc76b,3,1,TEST,0.00033966414,0.025074935,280.21317921309617,165.39705488131438,445.61023409441054,0.021739130434782608,0.03,1,ANOMALY
23f251124b2a4da3b07b11eb79680e0b,3,1,TEST,0.00025620067,0.022865137,204.35377561594134,147.51438517387177,351.86816078981315,0.021739130434782608,0.03,1,ANOMALY
23f2d211943043ed8d524f5695a0734f,3,1,TEST,0.00053117174,0.042636868,454.27318798486783,307.51603917908125,761.7892271639491,0.021739130434782608,0.03,1,ANOMALY
23fe35684d09482abe733a50e40045b8,4,1,TEST,0.0008707207,0.12065314,762.8870234464681,938.8584623245464,1701.7454857710145,0.021739130434782608,0.03,1,ANOMALY
2433cc8b2fef4b7d9aab4186c54bed00,3,1,TEST,0.00037685942,0.03939504,314.019726645514,281.28172302333337,595.3014496688475,0.021739130434782608,0.03,1,ANOMALY
2438380d7ff245b6b0c9a59b06736364,4,1,TEST,0.0026830311,0.08054644,2410.0841274839736,614.2971815398374,3024.381309023811,0.021739130434782608,0.03,1,ANOMALY
243ba164d9d54b689224b41d12f08849,3,1,TEST,0.00041373383,0.034074157,347.53463742740416,238.22276775188038,585.7574051792845,0.021739130434782608,0.03,1,ANOMALY
247430ce587645728ca858e68549012b,3,1,TEST,0.00014004711,0.014913406,98.78256239791493,83.16543605027212,181.94799844818704,0.021739130434782608,0.03,1,ANOMALY
247f39bb97894bdaaca591ccee6db329,3,1,TEST,0.00027657108,0.02217705,222.8683084244804,141.94607868115838,364.8143871056388,0.021739130434782608,0.03,1,ANOMALY
2489f324aa4541cbbe6ebdfa91187b02,3,1,TEST,0.00012912575,0.014470249,88.85620951479345,79.57921221463596,168.4354217294294,0.021739130434782608,0.03,1,ANOMALY
248a539995f84294b14894349f12106c,3,1,TEST,0.0002750311,0.018111471,221.4686306450693,109.04560251704076,330.5142331621101,0.021739130434782608,0.03,1,ANOMALY
2494793b9a45444f9e6175bcf7cff0b6,3,1,TEST,0.00016966555,0.01900743,125.70256936477261,116.29610182440304,241.99867118917564,0.021739130434782608,0.03,1,ANOMALY
249d801ff929408ea12bdfcca4f1f859,3,1,TEST,0.00022469566,0.015259945,175.7190774788713,85.96978399417806,261.68886147304937,0.021739130434782608,0.03,1,ANOMALY
24a0f97f674b40d9b5a36e61b6576c1e,3,1,TEST,0.00022024827,0.015084359,171.67687371039685,84.5488638724063,256.22573758280316,0.021739130434782608,0.03,1,ANOMALY
24ad8026ff184c3f899954bc8fc50924,3,1,TEST,0.00017882741,0.013762808,134.02972417202696,73.85428453323571,207.88400870526266,0.021739130434782608,0.03,1,ANOMALY
24ada3c057fb46dcbe4ae3b41f08b71c,3,1,TEST,0.0003507852,0.037350994,290.3210381239248,264.74039232938793,555.0614304533127,0.021739130434782608,0.03,1,ANOMALY
24b8487e937148bca3e33fbb2f0e76d9,3,1,TEST,0.0003057458,0.021466114,249.38502117694551,136.19286790301015,385.57788907995564,0.021739130434782608,0.03,1,ANOMALY
24e923b09d774a8d9f44da099b98239d,3,1,TEST,0.00039111753,0.027392782,326.97882984386695,184.15410522409988,511.13293506796686,0.021739130434782608,0.03,1,ANOMALY
24ef9b2cfd854b168ea26cf3948e908b,4,1,TEST,0.001120538,0.10535667,989.9443382963243,815.0726137086075,1805.0169520049317,0.021739130434782608,0.03,1,ANOMALY
24ff4a93eb0d48e190a8abb9c6df37d4,3,1,TEST,0.00016160717,0.021912811,118.37836033345339,139.80773899543829,258.18609932889166,0.021739130434782608,0.03,1,ANOMALY
2500167204fa4fd0ae11a6025834ea8d,3,1,TEST,0.00021140045,0.017244989,163.63514781121035,102.03364422336672,265.66879203457705,0.021739130434782608,0.03,1,ANOMALY
2500bff41ea94fbaaab8dd046459be6e,3,1,TEST,0.00049509574,0.05329685,421.4839468453495,393.78136170778447,815.265308553134,0.021739130434782608,0.03,1,ANOMALY
2508b5b99d6a4564a7560985f6d67020,3,1,TEST,0.00023261426,0.013363597,182.9162413797303,70.62369130409084,253.53993268382115,0.021739130434782608,0.03,1,ANOMALY
250f1949dc3f4413b56f9adb6d7e6744,3,1,TEST,0.00020114407,0.015358069,154.31319091359046,86.76384710871302,241.0770380223035,0.021739130434782608,0.03,1,ANOMALY
251f36277697404c864d55dc636bf1f5,3,1,TEST,0.00019499254,0.017199967,148.72210541223274,101.66930614560195,250.3914115578347,0.021739130434782608,0.03,1,ANOMALY
2566da853f6341a1b0199a4d910ee195,3,1,TEST,0.0002390542,0.015747009,188.7694608492954,89.91132283093408,278.68078368022947,0.021739130434782608,0.03,1,ANOMALY
256bc5fab58f4019893143fa702e6118,3,1,TEST,0.00024363461,0.022036511,192.93256562831363,140.8087744940724,333.741340122386,0.021739130434782608,0.03,1,ANOMALY
259e1eb9b6ef46428b90a4bba9c8bb23,3,1,TEST,0.0003142146,0.017968073,257.0822582698148,107.88516202849483,364.96742029830966,0.021739130434782608,0.03,1,ANOMALY
25a9f26927704355a4905e94eba6745b,3,1,TEST,0.00029179556,0.017419878,236.7057390138965,103.44892391067975,340.15466292457626,0.021739130434782608,0.03,1,ANOMALY
25b72864ecc1452ca32536df6e13a177,4,1,TEST,0.00039059788,0.04834945,326.5065233476326,353.7447972296731,680.2513205773057,0.021739130434782608,0.03,1,ANOMALY
25ce0c89e3c643faa73412ecac394be9,3,1,TEST,0.00023136847,0.014996991,181.78395097283374,83.84184310082452,265.62579407365826,0.021739130434782608,0.03,1,ANOMALY
25d51def27b54decadc310448e38e306,3,1,TEST,0.00027087994,0.014771674,217.69566839180612,82.01847757579833,299.71414596760445,0.021739130434782608,0.03,1,ANOMALY
25e9e63d32084365985f5f1eb53496c0,3,1,TEST,0.0002523989,0.023171544,200.89837165521988,149.99396709812382,350.89233875334367,0.021739130434782608,0.03,1,ANOMALY
25f0b27c0006447c9db5c0f1388a8edc,3,1,TEST,0.00014389807,0.016303139,102.28267482885627,94.41177450316842,196.6944493320247,0.021739130434782608,0.03,1,ANOMALY
25f3f2695ce84b989fbb32e2f7db2d76,3,1,TEST,0.0003325685,0.02305333,273.7639982895123,149.03732675507183,422.80132504458413,0.021739130434782608,0.03,1,ANOMALY
2604ff5184784fc997b2c36f41a88796,3,1,TEST,0.0004625324,0.024771778,391.88733947291,162.94377340468205,554.8311128775921,0.021739130434782608,0.03,1,ANOMALY
26190accda944b5f9aed2185b95390d9,3,1,TEST,0.00032265598,0.023165122,264.7545735034967,149.94199741362723,414.69657091712395,0.021739130434782608,0.03,1,ANOMALY
262120a01be0469583e8928bf46d106f,3,1,TEST,0.00018394731,0.012876307,138.68316789389803,66.68032357466954,205.3634914685676,0.021739130434782608,0.03,1,ANOMALY
26241e27b3c846fabc39e4d277902357,3,1,TEST,0.00022757446,0.014952018,178.33560002550743,83.47790155288538,261.8135015783928,0.021739130434782608,0.03,1,ANOMALY
263fde80f8d64ffe80a1e2a290008d5d,3,1,TEST,0.00050966936,0.06598992,434.72981502518394,496.4993379135048,931.2291529386887,0.021739130434782608,0.03,1,ANOMALY
264d32861ab14deb9b08f8378fb3bacc,3,1,TEST,0.00030163478,0.021027204,245.64854190791945,132.6410126830789,378.28955459099836,0.021739130434782608,0.03,1,ANOMALY
2661734b21874fdf9e35a4319a9e7462,6,0,TEST,3.0693274e-05,0.0045165266,-0.6084260191864239,-0.9707430476879685,-1.5791690668743925,0.9782608695652174,0.03,0,REFERENCE
266a8e0227a943d3beb7b68d5153a452,6,0,TEST,3.1223914e-05,0.004640467,-0.12613078362056102,0.032237874825452144,-0.09389290879510886,0.8043478260869565,0.03,0,REFERENCE
26777e75551f41baae93b295e5e9981e,3,1,TEST,0.00036417786,0.023536148,302.4935394610903,152.94450506856836,455.43804452965867,0.021739130434782608,0.03,1,ANOMALY
268518b1fadd470da7ace6369194efee,3,1,TEST,0.00027118187,0.026904937,217.9700905998462,180.20624618746967,398.1763367873159,0.021739130434782608,0.03,1,ANOMALY
26d04f9a37a54fdabbe92a862262b6ea,3,1,TEST,0.00035048087,0.02471609,290.0444345715357,162.49312130405198,452.5375558755877,0.021739130434782608,0.03,1,ANOMALY
26e7d0bed0e443f2b7ac5520a9968a24,3,1,TEST,0.00026266288,0.02501443,210.22723614327825,164.90742147108918,375.1346576143674,0.021739130434782608,0.03,1,ANOMALY
26ed3e9bedf4428e94f6818fe7dc4624,3,1,TEST,0.00021328524,0.021261357,165.34822115103051,134.5358830558491,299.8841042068796,0.021739130434782608,0.03,1,ANOMALY
26f80afd5a6d49da9ec9f68e8953cc13,3,1,TEST,0.00046209618,0.02698754,391.4908619596081,180.8747064566182,572.3655684162263,0.021739130434782608,0.03,1,ANOMALY
2702f9f92a39431faa4ef414e20a23dc,3,1,TEST,0.00016804914,0.020009918,124.23342485678036,124.40868125006763,248.642106106848,0.021739130434782608,0.03,1,ANOMALY
27178f1195704f789f5a6679413297f9,6,0,TEST,3.166397e-05,0.0046350914,0.2738332450658723,-0.011263874782122695,0.2625693702837496,0.6521739130434783,0.03,0,REFERENCE
271f2c0cfb2348da963150ffe0cd66c7,3,1,TEST,0.00041875002,0.02829488,352.0938198065937,191.4542840539045,543.5481038604981,0.021739130434782608,0.03,1,ANOMALY
2723a57717c349fb8e3c39b02866e41e,3,1,TEST,0.00025511946,0.024475308,203.37107089777803,160.544606110583,363.91567700836106,0.021739130434782608,0.03,1,ANOMALY
275337aa8d0145fa90d8534b6100d64d,3,1,TEST,0.00018132964,0.013931596,136.30398470136885,75.22019221103243,211.5241769124013,0.021739130434782608,0.03,1,ANOMALY
276e3cf6f43d4d2797a59d11a04fd6cf,3,1,TEST,0.00024383751,0.016341805,193.11698011515276,94.72467699783444,287.8416571129872,0.021739130434782608,0.03,1,ANOMALY
279696fcf1ba46a5a8cd8e1c026343b5,4,1,TEST,0.0012446734,0.14746165,1102.7701938388063,1155.8048663301036,2258.5750601689097,0.021739130434782608,0.03,1,ANOMALY
279a4a8056e44a489f8df19d3a346c52,3,1,TEST,0.00019280873,0.019721603,146.7372547443956,122.07550784838054,268.81276259277615,0.021739130434782608,0.03,1,ANOMALY
27acf89a7e5f4cefbef726f49bcb4d94,3,1,TEST,0.0018254583,0.060489833,1630.6418020074248,451.99018405274524,2082.6319860601698,0.021739130434782608,0.03,1,ANOMALY
27c32dada06d4ed0a18ae4d0d662b73b,3,1,TEST,0.00045116653,0.028806375,381.5569743495478,195.5935294247521,577.1505037742999,0.021739130434782608,0.03,1,ANOMALY
27c3e6c9659948ef8b13505aaff8dac2,6,0,TEST,3.1584743e-05,0.0045845388,0.20182434142465489,-0.42035803119481807,-0.2185336897701632,0.8043478260869565,0.03,0,REFERENCE
27d3d391a50b485496ca383ea579cb43,3,1,TEST,0.0002326874,0.013270991,182.98271784876636,69.87428230339147,252.8570001521578,0.021739130434782608,0.03,1,ANOMALY
27e4226aa73f43368f123c1459b8c245,4,1,TEST,0.0010599553,0.10444104,934.8811173410326,807.6629279073597,1742.5440452483922,0.021739130434782608,0.03,1,ANOMALY
27faf8d0cddc469d919d0ed955b12af6,3,1,TEST,0.0003041491,0.030098194,247.93379095941947,206.04750417665198,453.9812951360715,0.021739130434782608,0.03,1,ANOMALY
2826fce7ca2d422caaae36269d7fe2e0,3,1,TEST,0.00021334321,0.016635548,165.40090970599385,97.10177619326917,262.50268589926304,0.021739130434782608,0.03,1,ANOMALY
28a990059a26489fa8d8a140683614a6,3,1,TEST,0.00025022286,0.02312878,198.9205830897127,149.6479017621207,348.56848485183343,0.021739130434782608,0.03,1,ANOMALY
28c17b6d765f4517ac455d774b258d8c,4,1,TEST,0.00088389084,0.05568924,774.8572778067413,413.14164720962157,1187.9989250163628,0.021739130434782608,0.03,1,ANOMALY
28d4fde507ab45e889daf16077eefa4f,3,1,TEST,0.0004244775,0.035178285,357.2994890282859,247.15786333018173,604.4573523584677,0.021739130434782608,0.03,1,ANOMALY
28fbeb8ddf6448b8875383f4c7cc6dc4,3,1,TEST,0.00030642448,0.015653836,250.00186900310604,89.15732541368078,339.1591944167868,0.021739130434782608,0.03,1,ANOMALY
290e6e49a3e64f639cddc44a74a2b656,3,1,TEST,0.00014814922,0.016613493,106.14651734106006,96.92329730949896,203.069814650559,0.021739130434782608,0.03,1,ANOMALY
293356d4c3184371aa3962de251acf64,3,1,TEST,0.00031629263,0.028933289,258.97096618546936,196.6205740429708,455.5915402284402,0.021739130434782608,0.03,1,ANOMALY
2958cc4340e44225a5ff8d56791b04e3,3,1,TEST,0.0002519156,0.017027257,200.45910343693822,100.27165989686229,300.7307633338005,0.021739130434782608,0.03,1,ANOMALY
29613e685ecb4545ac166b53ec1b0ea5,3,1,TEST,0.00020324331,0.017662559,156.22117645992938,105.41280665800413,261.6339831179335,0.021739130434782608,0.03,1,ANOMALY
2961d71173c7423786474f5c40b51534,3,1,TEST,0.00028448942,0.015129601,230.065236013035,84.91498228816378,314.98021830119876,0.021739130434782608,0.03,1,ANOMALY
297ee48a83f241cdb0b00bb801a80481,3,1,TEST,0.00036190142,0.043497305,300.4244979903162,314.47907864018254,614.9035766304987,0.021739130434782608,0.03,1,ANOMALY
2990d28a6a4642b1a61eebff36a4bc16,3,1,TEST,0.00022657422,0.019457199,177.4264884123188,119.9358329091659,297.3623213214847,0.021739130434782608,0.03,1,ANOMALY
299d7af945be441d929e4ce021f923b6,3,1,TEST,0.00019882324,0.01463168,152.20380366129453,80.88558377146701,233.08938743276155,0.021739130434782608,0.03,1,ANOMALY
29a8f2138f4a4a638efef6558b508328,3,1,TEST,0.00021189364,0.020201754,164.08340498599685,125.96110360993805,290.0445085959349,0.021739130434782608,0.03,1,ANOMALY
29b104a6742b43f1b7f6aae909d92b11,3,1,TEST,0.000258261,0.020651499,206.22639611702195,129.60064047601077,335.82703659303274,0.021739130434782608,0.03,1,ANOMALY
29f2159393f342338c6551bcab2f5ab0,3,1,TEST,0.00017810523,0.01568896,133.37333947954062,89.44156446666398,222.8149039462046,0.021739130434782608,0.03,1,ANOMALY
2a04b2982fad4580be5468e5876f27ec,4,1,TEST,0.00030679945,0.05266584,250.34267679083433,388.6749477223915,639.0176245132259,0.021739130434782608,0.03,1,ANOMALY
2a576662e7dd4595983ef562679197e1,3,1,TEST,0.0002870729,0.016816141,232.41334413752557,98.56321518926617,330.97655932679174,0.021739130434782608,0.03,1,ANOMALY
2a589bddcfc44805989756cf5a853e59,3,1,TEST,0.00023565629,0.0153389415,185.68112260890342,86.60905885891411,272.29018146781755,0.021739130434782608,0.03,1,ANOMALY
2a5efa6c2cc940af9c725783c326720b,3,1,TEST,0.00019187201,0.01659946,145.88587604497746,96.80973602289967,242.69561206787714,0.021739130434782608,0.03,1,ANOMALY
2a5f9f18a1db4a0b85898cc4ce93221a,3,1,TEST,0.00048980553,0.015281901,416.6757094751119,86.14746172585154,502.82317120096343,0.021739130434782608,0.03,1,ANOMALY
2a6ee526b179441ba6752135b1d4a524,3,1,TEST,0.0002341274,0.014731438,184.29152445817166,81.6928699418206,265.98439439999225,0.021739130434782608,0.03,1,ANOMALY
2a846d800a6945d59cda4ecd0925757b,3,1,TEST,0.0001431759,0.015469101,101.62629922530473,87.66236750874812,189.28866673405287,0.021739130434782608,0.03,1,ANOMALY
2ab96952ebb243f791b7fadbb29bf28d,6,0,TEST,3.142729e-05,0.004900737,0.05871633651445085,2.138458644667802,2.197174981182253,0.2608695652173913,0.03,0,REFERENCE
2aba3f344c9044929db6037a4cb51399,3,1,TEST,0.00025664247,0.020045409,204.75532475485468,124.69589023052052,329.4512149853752,0.021739130434782608,0.03,1,ANOMALY
2abc111464b3492eab5b6c6aded41507,3,1,TEST,0.00028854498,0.031681154,233.75130804972932,218.85752158099996,452.60882963072925,0.021739130434782608,0.03,1,ANOMALY
2ad80cc427164612bf48236f6aa1a089,3,1,TEST,0.00043299445,0.037741035,365.04048934215723,267.89677783401805,632.9372671761753,0.021739130434782608,0.03,1,ANOMALY
2ad94c8b322542f6acf29a9993194def,3,1,TEST,0.00020291272,0.016244486,155.9207053647882,93.93712830186375,249.85783366665197,0.021739130434782608,0.03,1,ANOMALY
2af5bf4b70ba4f2582f498a208862702,3,1,TEST,0.00032964995,0.018152488,271.1113472270957,109.37753035089264,380.4888775779883,0.021739130434782608,0.03,1,ANOMALY
2afd5c7889ac457e8c6cbc6b3d18f6fa,3,1,TEST,0.00035376774,0.03231228,293.0318492800468,223.96487429006177,516.9967235701085,0.021739130434782608,0.03,1,ANOMALY
2b14b1ec824c46c9b48b3b0abb3da037,3,1,TEST,0.0003891288,0.050895818,325.1712861158651,374.3511412926152,699.5224274084803,0.021739130434782608,0.03,1,ANOMALY
2b3672f8bfd44120a143bcaba01630f7,3,1,TEST,0.00028187622,0.04403862,227.69011557435581,318.859640733498,546.5497563078538,0.021739130434782608,0.03,1,ANOMALY
2b422e2879a44bc8aa4ad551c40abc49,3,1,TEST,0.00035073125,0.04301201,290.272003320746,310.5518553393771,600.823858660123,0.021739130434782608,0.03,1,ANOMALY
2b4773bc93b04416905d44495167b0c2,3,1,TEST,0.000248546,0.01972666,197.39649597092975,122.11643134487684,319.51292731580656,0.021739130434782608,0.03,1,ANOMALY
2b8dedc5e83e4019ba17e99ed8a0ca60,4,1,TEST,0.0013945979,0.089951314,1239.0355941942148,690.4056110805079,1929.4412052747227,0.021739130434782608,0.03,1,ANOMALY
2b9a2b298d70419abfa00d092f671926,3,1,TEST,0.00040850436,0.02293203,342.78160624706607,148.05571312544922,490.83731937251525,0.021739130434782608,0.03,1,ANOMALY
2bb07e7a459d426bb48b72f14cfa2858,3,1,TEST,0.00045369973,0.04345743,383.8593833099266,314.156392379002,698.0157756889287,0.021739130434782608,0.03,1,ANOMALY
2bb926e9835a4238b859bef94cca3cfd,3,1,TEST,0.00019024537,0.02891612,144.40743355669755,196.4816348475298,340.8890684042274,0.021739130434782608,0.03,1,ANOMALY
2bbc0d1f267f45a1afecd442f53ff0d4,3,1,TEST,0.00022163338,0.019563047,172.9357911567534,120.79240207213617,293.72819322888955,0.021739130434782608,0.03,1,ANOMALY
2bfea735766744898d4b6fa3f2132b08,3,1,TEST,0.00027123804,0.026441652,218.0211431465478,176.45713761039045,394.47828075693826,0.021739130434782608,0.03,1,ANOMALY
2c0b2cc93eaf49cdbbe976ac369a7b4a,3,1,TEST,0.000292579,0.016783353,237.4178025208913,98.29788008878748,335.71568260967877,0.021739130434782608,0.03,1,ANOMALY
2c2610f829b24d31a5ee85d2feac21e2,3,1,TEST,0.00026713044,0.015225342,214.28777229321912,85.68976110525941,299.9775333984785,0.021739130434782608,0.03,1,ANOMALY
2c2fc1cdae7945518a0194a0a633b181,3,1,TEST,0.00051648356,0.0689271,440.9231969681074,520.268306756497,961.1915037246044,0.021739130434782608,0.03,1,ANOMALY
2c3e395440074ee2bf5d98ba160ca676,3,1,TEST,0.0010230909,0.07681954,901.3753045828649,584.1374466986132,1485.5127512814781,0.021739130434782608,0.03,1,ANOMALY
2c63511bc0504185848b5d9d72e974f3,3,1,TEST,0.0002434294,0.016762631,192.74605159753858,98.13018843476407,290.87624003230263,0.021739130434782608,0.03,1,ANOMALY
2c78976971304ac69f1cf19d836220ad,3,1,TEST,0.00031973646,0.026025357,262.1010408144057,173.0882930436654,435.1893338580711,0.021739130434782608,0.03,1,ANOMALY
2c8a17cd3bc8489797872a86a2fd4f45,4,1,TEST,0.00034238197,0.044007566,282.68339717645733,318.6083379333801,601.2917351098374,0.021739130434782608,0.03,1,ANOMALY
2c944ea2e1d54c7283ff87c36a9793aa,3,1,TEST,0.00017589025,0.015486304,131.36015860197077,87.80158184733341,219.16174044930418,0.021739130434782608,0.03,1,ANOMALY
2c95fc7cbbe44873a45fd7e5715a9d64,3,1,TEST,0.00022231744,0.013155058,173.55752882982966,68.93610082834583,242.4936296581755,0.021739130434782608,0.03,1,ANOMALY
2cb3776b7fcc46bcac4c2b13cb00abcc,3,1,TEST,0.0006595341,0.025493927,570.9408999063023,168.78772477334107,739.7286246796434,0.021739130434782608,0.03,1,ANOMALY
2cbcb61267814dbc8691040d0c7d79c6,3,1,TEST,0.00037430433,0.051962744,311.69742200688523,382.9851817163475,694.6826037232327,0.021739130434782608,0.03,1,ANOMALY
2cd85ba4f7b943ec8b59801613349b2d,3,1,TEST,0.00021175657,0.024565995,163.9588229568641,161.27848570851856,325.23730866538267,0.021739130434782608,0.03,1,ANOMALY
2cf9d3042bfa4b80a6c1b4deebd697cc,3,1,TEST,0.00023738234,0.0137594985,187.24991819790625,73.82750258511341,261.07742078301965,0.021739130434782608,0.03,1,ANOMALY
2d3ecb54ecdc453e9aa5522f421c1d5c,3,1,TEST,0.0003425884,0.032452,282.87102005727644,225.09555076434762,507.96657082162403,0.021739130434782608,0.03,1,ANOMALY
2d46817d33dd4b389ff167604ef1e548,3,1,TEST,0.00021535659,0.01672145,167.23085765824698,97.79693343986308,265.0277910981101,0.021739130434782608,0.03,1,ANOMALY
2d5c0282f04a4982b28d4fcae291b6b7,3,1,TEST,0.00040951872,0.041106902,343.7035514361747,295.1348728273979,638.8384242635725,0.021739130434782608,0.03,1,ANOMALY
2d7dc3ebc40847d6942767ad22df98ee,3,1,TEST,0.00022737634,0.020978343,178.15553004949675,132.24560770734115,310.4011377568379,0.021739130434782608,0.03,1,ANOMALY
2d844431bcdd4d8ca94fcbe3ea3fd0c3,3,1,TEST,0.00023709811,0.018974483,186.9915834044401,116.02948002510234,303.02106342954244,0.021739130434782608,0.03,1,ANOMALY
2da928ed7a76493e8282a1ad63b5e305,3,1,TEST,0.00020198004,0.013988373,155.0729985950242,75.67965698472644,230.75265557975064,0.021739130434782608,0.03,1,ANOMALY
2da9fe84a0b5422482ba99ef6a3591cf,3,1,TEST,0.000248394,0.017213246,197.25834416215918,101.77676572835347,299.0351098905127,0.021739130434782608,0.03,1,ANOMALY
2dade3ad5e1b4ed3a1c43952dd5c9b6c,3,1,TEST,0.00024220673,0.013652708,191.6347748078708,72.96330629233339,264.5980811002042,0.021739130434782608,0.03,1,ANOMALY
2dc0437dad634b79b67b3545e16ba85a,3,1,TEST,0.00019960834,0.021161342,152.91737593146405,133.72651712702216,286.64389305848624,0.021739130434782608,0.03,1,ANOMALY
2dcc54a283874021af6c1457083fa839,4,1,TEST,0.0003390864,0.034693163,279.68807509468104,243.23204002243415,522.9201151171152,0.021739130434782608,0.03,1,ANOMALY
2de005f5b4e54ef0836f5033ac3745dd,3,1,TEST,0.00026193896,0.020285845,209.56926997613886,126.64160543787371,336.21087541401255,0.021739130434782608,0.03,1,ANOMALY
2de87e8287724acc9ce2d736080dc10d,3,1,TEST,0.00053470116,0.04444762,457.4810548066507,322.1694509108735,779.6505057175242,0.021739130434782608,0.03,1,ANOMALY
2df86cef7db144728d9d4fa0776a8f16,3,1,TEST,0.00023216975,0.013595863,182.5122291394895,72.50329123235072,255.01552037184024,0.021739130434782608,0.03,1,ANOMALY
2e336cecf1a448979e08168e0e44f72f,3,1,TEST,0.0005657377,0.036464076,485.689963615729,257.56305682108103,743.2530204368101,0.021739130434782608,0.03,1,ANOMALY
2e34361c89124ca394ba02c4dde1e0df,6,0,TEST,3.630179e-05,0.00535902,4.489117598699347,5.84708880974892,10.336206408448266,0.13043478260869565,0.03,0,REFERENCE
2e37056abea14bc0872f23c1d0b312b7,3,1,TEST,0.00027736847,0.024040654,223.59305099550383,157.02719233836547,380.6202433338693,0.021739130434782608,0.03,1,ANOMALY
2e4865741dff41ef9b41ff723d988a03,3,1,TEST,0.00038909883,0.025068054,325.1440465783068,165.34137076436932,490.4854173426761,0.021739130434782608,0.03,1,ANOMALY
2e7002f6eb084e5f86a28d0a19be77b0,3,1,TEST,0.0002972738,0.02101604,241.6848756249442,132.55066862239377,374.235544247338,0.021739130434782608,0.03,1,ANOMALY
2e7788235df6401a9b62a9a66d8168c5,3,1,TEST,0.00031533683,0.020786682,258.10224579847653,130.69460152541947,388.79684732389603,0.021739130434782608,0.03,1,ANOMALY
2e9a7dbc644043c5b150d45b70b7f102,3,1,TEST,0.00022236172,0.014624037,173.59777463306887,80.82373321111082,254.4215078441797,0.021739130434782608,0.03,1,ANOMALY
2ea0951ea96c4d10b0bbd64b73a298e6,3,1,TEST,0.0002327051,0.018899063,182.9988052633403,115.41914779141614,298.4179530547564,0.021739130434782608,0.03,1,ANOMALY
2ef07ce6e01449499bb7eafe6b77b283,3,1,TEST,0.00043250484,0.040486563,364.59548600602466,290.1148133270973,654.710299333122,0.021739130434782608,0.03,1,ANOMALY
2efea7a24d684a84acde1db1a9b94aec,4,1,TEST,0.002960223,0.15083843,2662.022037757321,1183.1312741803677,3845.1533119376886,0.021739130434782608,0.03,1,ANOMALY
2f2c8f4aea1f431589cdc7e0575744f8,3,1,TEST,0.000398927,0.031629093,334.0768061993895,218.4362207799135,552.513026979303,0.021739130434782608,0.03,1,ANOMALY
2f397f3e28204dafbe188aa6a19260b7,3,1,TEST,0.0002607197,0.016251659,208.46109251323364,93.99517541287187,302.4562679261055,0.021739130434782608,0.03,1,ANOMALY
2f3b6d8a19a84441b65df5516b9b4f02,3,1,TEST,0.0002492001,0.018501157,197.99100319538255,112.19911520354627,310.1901183989288,0.021739130434782608,0.03,1,ANOMALY
2f40e9ff2b4a40f486158e227f3c40e0,3,1,TEST,0.00025844102,0.020110102,206.39001512106717,125.21941480217077,331.60942992323794,0.021739130434782608,0.03,1,ANOMALY
2f4de4474ca940719b2e3ca183822da3,3,1,TEST,0.00039345672,0.05702437,329.10490438043274,423.9461138651701,753.0510182456028,0.021739130434782608,0.03,1,ANOMALY
2f6485cf6a694b76ae2fba8086033eec,3,1,TEST,0.000290715,0.022617664,235.7236250764944,145.51172342808778,381.23534850458213,0.021739130434782608,0.03,1,ANOMALY
2f765b999f4f4f028233d1ab71a60e06,3,1,TEST,0.00028817548,0.016800875,233.4154719093298,98.43967591746222,331.855147826792,0.021739130434782608,0.03,1,ANOMALY
2fb95055d13c40d5af645135f4f9c3c6,3,1,TEST,0.0003027499,0.024954248,246.66206720394726,164.4204019207351,411.08246912468235,0.021739130434782608,0.03,1,ANOMALY
2fc6f52095de41e59bed0cb126fbd679,3,1,TEST,0.0012433565,0.12964894,1101.5732720166354,1011.6564828468801,2113.2297548635156,0.021739130434782608,0.03,1,ANOMALY
2ff5bcc29c164181a1fd15d36cd4d809,3,1,TEST,0.0003795851,0.022425078,316.49707942268344,143.95323173415127,460.4503111568347,0.021739130434782608,0.03,1,ANOMALY
2ffc9100cc724ea09175b3e94590e75d,6,0,TEST,3.613272e-05,0.0052726343,4.335450978246463,5.148017247304646,9.48346822555111,0.17391304347826086,0.03,0,REFERENCE
3016e6a731b24982b964748c26129a0a,3,1,TEST,0.0005433472,0.064024635,465.3393841796943,480.5953763133987,945.934760493093,0.021739130434782608,0.03,1,ANOMALY
302841a54c3e48c8a6edbd79faf6b914,3,1,TEST,0.00016687595,0.02282661,123.16712011644131,147.20260752911935,270.36972764556066,0.021739130434782608,0.03,1,ANOMALY
3038cd580d404847b70bc78122dac5b0,3,1,TEST,0.0002656214,0.024859905,212.91621567804063,163.6569363423387,376.5731520203793,0.021739130434782608,0.03,1,ANOMALY
3045a67cf34e4c0eafdc80ba6f250a03,3,1,TEST,0.0005131609,0.037543517,437.9032529619916,266.2983741992629,704.2016271612545,0.021739130434782608,0.03,1,ANOMALY
3075a42bc29e4034961a261ec9705628,3,1,TEST,0.00040894904,0.0439,343.18577299919826,317.7378659491758,660.923638948374,0.021739130434782608,0.03,1,ANOMALY
307dfd458de14c03a06c9633de295f32,3,1,TEST,0.0005216103,0.043893136,445.58285752137317,317.68231940380286,763.2651769251761,0.021739130434782608,0.03,1,ANOMALY
3093c1a6e35b4aa89caaebdd7608b0e8,3,1,TEST,0.00035926214,0.015376951,298.02567360971113,86.91664866316093,384.94232227287205,0.021739130434782608,0.03,1,ANOMALY
30b6db2efc9f4da3aac9223f8fa95f52,6,0,TEST,3.1273106e-05,0.0047095423,-0.08142049561371134,0.5912259700461557,0.5098054744324444,0.5434782608695652,0.03,0,REFERENCE
30fb57f8930441469303a5d78ce8bb68,3,1,TEST,0.00021099346,0.015052453,163.26523725429237,84.29066630878931,247.5559035630817,0.021739130434782608,0.03,1,ANOMALY
3112c0c1dc8b4bdb8752c5b9f154f577,3,1,TEST,0.000271413,0.020015994,218.18016314959058,124.45785094844838,342.638014098039,0.021739130434782608,0.03,1,ANOMALY
3113524172e246ea9a823e2caa4ade9d,3,1,TEST,0.0002488583,0.019006923,197.68034340434454,116.29199895457437,313.9723423589189,0.021739130434782608,0.03,1,ANOMALY
312974164b6e47e897b40e5d502dd767,3,1,TEST,0.00029420946,0.017555716,238.89971698226003,104.54818551183948,343.4479024940995,0.021739130434782608,0.03,1,ANOMALY
314c009dd7a242d2aabb0b8bf318b1b1,3,1,TEST,0.0005264043,0.04757906,449.9400928585183,347.51045820143764,797.450551059956,0.021739130434782608,0.03,1,ANOMALY
315d44a985c94d7f88e02a47512fecd4,3,1,TEST,0.0001605993,0.02169552,117.4623138630219,138.04932343736468,255.51163730038658,0.021739130434782608,0.03,1,ANOMALY
315ead33c75b403b9abcf3e547e0aebc,4,1,TEST,0.0007832475,0.08161024,683.3832024007501,622.9059249791824,1306.2891273799323,0.021739130434782608,0.03,1,ANOMALY
31721502c5e5487fa141a9da48b457ec,3,1,TEST,0.00065366377,0.03508931,565.6053952511702,246.43783799880768,812.0432332499779,0.021739130434782608,0.03,1,ANOMALY
3198294a063e4bfa86b8542c530b469b,3,1,TEST,0.00034382445,0.024562607,283.99445784169,161.25106850343067,445.24552634512065,0.021739130434782608,0.03,1,ANOMALY
31b828908f2d4a92bd2ade0b0d9edaa7,3,1,TEST,0.00076990435,0.05056932,671.2557003797177,371.70897404740066,1042.9646744271183,0.021739130434782608,0.03,1,ANOMALY
31c5265b8ce1429ea8a9e04b41425774,3,1,TEST,0.0003129546,0.019712143,255.93705248658515,121.99895331469358,377.9360058012787,0.021739130434782608,0.03,1,ANOMALY
31cbaec5011446e6995a0b75efc10771,3,1,TEST,0.00046048683,0.038495854,390.0281342395758,274.0051093945961,664.0332436341719,0.021739130434782608,0.03,1,ANOMALY
31ce6ec5c2c3438f8f6c26d90c0147fd,3,1,TEST,0.0002459035,0.019378932,194.9947449533231,119.30246148336481,314.29720643668793,0.021739130434782608,0.03,1,ANOMALY
31e57b3d392a41e39daf4492b6ee5c3c,3,1,TEST,0.00016089909,0.0236583,117.7347910390175,153.93301346169008,271.6678045007076,0.021739130434782608,0.03,1,ANOMALY
320a3751ebc44209a31e61fca50c4c3a,3,1,TEST,0.00020695117,0.013346145,159.59122623406108,70.48246194659558,230.07368818065666,0.021739130434782608,0.03,1,ANOMALY
32180e4c2d8d415fb170ed567cf28726,3,1,TEST,0.00018180894,0.016260602,136.7396173457355,94.06754615227594,230.80716349801145,0.021739130434782608,0.03,1,ANOMALY
3221f42007804ece89b3365608457e9d,3,1,TEST,0.00025782132,0.017906917,205.8267738322835,107.39026043630027,313.21703426858375,0.021739130434782608,0.03,1,ANOMALY
3224520a75114298956e3e4059e9a60f,3,1,TEST,0.0002458967,0.016371991,194.9885644776676,94.96895555532649,289.9575200329941,0.021739130434782608,0.03,1,ANOMALY
32276fee5ffc40e99bef57fa98877f06,3,1,TEST,0.00029046036,0.015431687,235.49218444106458,87.35959675574975,322.85178119681433,0.021739130434782608,0.03,1,ANOMALY
323ea5b3701a4ff5b9cb25289e025005,3,1,TEST,0.00022317308,0.017014112,174.33521444599046,100.16528470179725,274.5004991477877,0.021739130434782608,0.03,1,ANOMALY
32bd8348450b41e093c7d625ebf71038,3,1,TEST,0.0009666609,0.15816961,850.0864455767936,1242.4584482052373,2092.544893782031,0.021739130434782608,0.03,1,ANOMALY
32be37df4982474c9862def030310d9c,3,1,TEST,0.00020352236,0.014349372,156.4748031851756,78.60102168942663,235.07582487460223,0.021739130434782608,0.03,1,ANOMALY
32e58eaa0d2445eabbd038ac2f57218e,3,1,TEST,0.00018553314,0.014718521,140.12451843931,81.58833982431167,221.71285826362168,0.021739130434782608,0.03,1,ANOMALY
32f4685e25214921b34b9e7de19f34de,3,1,TEST,0.00023517785,0.017120045,185.2462716129285,101.02254172262835,286.26881333555684,0.021739130434782608,0.03,1,ANOMALY
331094b2ee794c7e96f1dd3aad243edb,3,1,TEST,0.00036078432,0.037112277,299.40917308520045,262.80858803571425,562.2177611209147,0.021739130434782608,0.03,1,ANOMALY
3328ddeb1d9c49879f6487b8c245aa3e,3,1,TEST,0.00025289183,0.018277641,201.3463925177019,110.3903241727241,311.736716690426,0.021739130434782608,0.03,1,ANOMALY
3329233a22564ea2892c69d7c56f325d,3,1,TEST,0.00031716545,0.02831583,259.7642665915952,191.62382078548399,451.38808737707916,0.021739130434782608,0.03,1,ANOMALY
33450a42fe424ff98716d3af1a9cbe21,3,1,TEST,0.00018605465,0.018226372,140.59851547741485,109.9754325884115,250.57394806582636,0.021739130434782608,0.03,1,ANOMALY
335a6e5950c441bba6a6c6719d04074e,3,1,TEST,0.0002581749,0.027635826,206.14814038850122,186.1209255291122,392.26906591761343,0.021739130434782608,0.03,1,ANOMALY
336214f2cde34cfbb26f7f12cac0b24e,3,1,TEST,0.0002605842,0.018593993,208.33793744686253,112.95038546669255,321.2883229135551,0.021739130434782608,0.03,1,ANOMALY
336bddf1b3fc4acbbaa0a1031b8d190c,3,1,TEST,0.0001824944,0.013868771,137.362627469682,74.71178432742946,212.07441179711145,0.021739130434782608,0.03,1,ANOMALY
336e0e79809d40999c673dfa24fe9648,3,1,TEST,0.00017733814,0.023523236,132.67613638092345,152.84001541328652,285.51615179421,0.021739130434782608,0.03,1,ANOMALY
3377fc1898f8420fb578f762de821aae,3,1,TEST,0.0002456901,0.014683574,194.80078708495705,81.30553313416806,276.1063202191251,0.021739130434782608,0.03,1,ANOMALY
33796a18c9a34b43a93604755fc40dd1,3,1,TEST,0.00028992337,0.014681944,235.00411773190865,81.2923424481311,316.29646018003973,0.021739130434782608,0.03,1,ANOMALY
337edf795fff48948161e2d0b33d0f48,4,1,TEST,0.001077109,0.060823232,950.4720034075299,454.6881972638132,1405.160200671343,0.021739130434782608,0.03,1,ANOMALY
338b5eca04324752bc21542ebba5f43f,3,1,TEST,0.00019294035,0.0136328265,146.85688330406919,72.80241633868673,219.6592996427559,0.021739130434782608,0.03,1,ANOMALY
33ab2240d739475986f364e3751ae956,4,1,TEST,0.0029451028,0.12500472,2648.2793865798694,974.073385971646,3622.3527725515155,0.021739130434782608,0.03,1,ANOMALY
33aeade1aca44ba4ab130991f86db49e,3,1,TEST,0.00018079026,0.015211172,135.81374573679867,85.5750911536374,221.38883689043607,0.021739130434782608,0.03,1,ANOMALY
33b0785d1f324b4ea4ef27a3a3081a73,3,1,TEST,0.00033818177,0.023232136,278.8658627869961,150.4843045511007,429.3501673380968,0.021739130434782608,0.03,1,ANOMALY
33b724ce33e44f8e9ab98eb7bdc6e111,3,1,TEST,0.0003525229,0.022741646,291.9004223219551,146.51504099633075,438.41546331828584,0.021739130434782608,0.03,1,ANOMALY
33c1230da81b46d9a2e1986d286c5894,3,1,TEST,0.00030203536,0.029406529,246.01262645763862,200.4502429142206,446.46286937185926,0.021739130434782608,0.03,1,ANOMALY
33c79709b92b4693b0b07b88827eba97,3,1,TEST,0.00022312246,0.017358642,174.28920625809596,102.95337492285148,277.24258118094747,0.021739130434782608,0.03,1,ANOMALY
33c86a054530491c9b86ee6594d6de04,3,1,TEST,0.00020560544,0.019622946,158.36810101289788,121.27713146043594,279.6452324733338,0.021739130434782608,0.03,1,ANOMALY
33d7616a2f934e78bc49bf91337b80ed,3,1,TEST,0.0002897987,0.015407649,234.8908059819124,87.16507055270881,322.05587653462123,0.021739130434782608,0.03,1,ANOMALY
33d93d7870a441809ddbac1f9c929cb8,4,1,TEST,0.00068135187,0.07198191,590.7709287802504,544.989189954415,1135.7601187346654,0.021739130434782608,0.03,1,ANOMALY
33e1b4bce9ff45f88b17f3cbcc9c5ffd,6,0,TEST,3.0726995e-05,0.004626473,-0.5777772221893734,-0.08100780640240145,-0.6587850285917749,0.8695652173913043,0.03,0,REFERENCE
341543b58bbe42999b3b3ca8b6efa644,3,1,TEST,0.00019912541,0.01401382,152.4784440037695,75.88558544336621,228.36402944713572,0.021739130434782608,0.03,1,ANOMALY
342056fb15754757a7865b5dd075d940,3,1,TEST,0.00036622415,0.01688355,304.3533990977292,99.10871884268111,403.46211794041034,0.021739130434782608,0.03,1,ANOMALY
34357efc38464acea781c4cb30801bf9,3,1,TEST,0.00040224672,0.017470008,337.0940780586778,103.85459819965733,440.9486762583351,0.021739130434782608,0.03,1,ANOMALY
34498e3370cd41628f99618ac4d2ac29,3,1,TEST,0.0005413701,0.117686115,463.54241088285045,914.8479744479508,1378.3903853308013,0.021739130434782608,0.03,1,ANOMALY
346f2603106b4591849088ec5f82e0ed,3,1,TEST,0.00023448003,0.017447732,184.6120275655846,103.674330885449,288.2863584510336,0.021739130434782608,0.03,1,ANOMALY
3485d52d39094702a3e1c999dc4d4526,3,1,TEST,0.0002118707,0.014743459,164.06255496959426,81.79014922823194,245.8527041978262,0.021739130434782608,0.03,1,ANOMALY
34889274e5144887932037b71528612d,3,1,TEST,0.00018330308,0.016233752,138.09763144808053,93.85026399270986,231.94789544079038,0.021739130434782608,0.03,1,ANOMALY
3496bce643114c908bb1ecdafda6f199,3,1,TEST,0.00023847794,0.016233137,188.24570189322878,93.84528713877566,282.0909890320045,0.021739130434782608,0.03,1,ANOMALY
3498b9ec5c4b433a81870533a5a29e82,3,1,TEST,0.00019492206,0.027045252,148.65804659985017,181.34173766678126,329.9997842666314,0.021739130434782608,0.03,1,ANOMALY
34afa0677bd440a5aaab92708f4feaff,1,1,TEST,0.00036959373,0.014760017,307.4159883858681,81.9241439395204,389.3401323253885,0.021739130434782608,0.03,1,ANOMALY
34bb79f7b6d04f50a7c476c1ac68444d,4,1,TEST,0.0016839005,0.05248906,1501.9808407207045,387.2443652207865,1889.225205941491,0.021739130434782608,0.03,1,ANOMALY
34da55ffbfae4ffe8c1591ab7abc5ccf,3,1,TEST,0.00028480164,0.02305606,230.34901073497144,149.05941913107242,379.4084298660439,0.021739130434782608,0.03,1,ANOMALY
34e9aeea704b490d9ac2a73f48dab3ae,3,1,TEST,0.0007335295,0.032400485,638.1948364240737,224.6786684384613,862.873504862535,0.021739130434782608,0.03,1,ANOMALY
34ee4aa3fe70414c924b6249ad7cb291,4,1,TEST,0.00041387047,0.02795673,347.6588286323411,188.71782363463913,536.3766522669803,0.021739130434782608,0.03,1,ANOMALY
34fdd2f0cc664e87bfeda63fb96dcfab,3,1,TEST,0.0002473157,0.02957133,196.27828432401907,201.78388601212197,398.06217033614104,0.021739130434782608,0.03,1,ANOMALY
3506d17fe7554e98a464b6db88bf6af8,3,1,TEST,0.00025371282,0.016452478,202.09258497482392,95.62029220996322,297.71287718478715,0.021739130434782608,0.03,1,ANOMALY
35218bc01586455199947036101c87d9,3,1,TEST,0.00043940704,0.044857018,370.8688505750784,325.4824818815267,696.3513324566052,0.021739130434782608,0.03,1,ANOMALY
354f3522809f4eabbd9c7dc2239cce77,3,1,TEST,0.00021909969,0.017903024,170.63293683856995,107.35875654627453,277.9916933848445,0.021739130434782608,0.03,1,ANOMALY
355b40c8290f4886a84ccf48424ee998,3,1,TEST,0.00032853242,0.027964413,270.09563149778404,188.7799978928122,458.87562939059626,0.021739130434782608,0.03,1,ANOMALY
35818425a7584d6d9a86245e4bc0975a,3,1,TEST,0.00030641787,0.021852711,249.9958612172115,139.32138302560878,389.31724424282027,0.021739130434782608,0.03,1,ANOMALY
3585f475f5a94debacffd7ed07893c2a,3,1,TEST,0.00026779706,0.015726618,214.8936588640259,89.7463097763452,304.6399686403711,0.021739130434782608,0.03,1,ANOMALY
3590aedb201d4533b4dc5a2934bea214,3,1,TEST,0.00014840628,0.020394998,106.3801574987085,127.52492013296191,233.9050776316704,0.021739130434782608,0.03,1,ANOMALY
359718f7a2a44b7e8bba854000385d13,3,1,TEST,0.0002801185,0.018276298,226.09253532888084,110.37945601852309,336.4719913474039,0.021739130434782608,0.03,1,ANOMALY
359ca05cd6f645b79af19992f015afd5,3,1,TEST,0.00029361693,0.02377278,238.3611703292941,154.85943661353835,393.22060694283243,0.021739130434782608,0.03,1,ANOMALY
35ae6ed5a6834a1eb7606182e23c200d,3,1,TEST,0.0007164823,0.09128068,622.7007475130638,701.1634328806472,1323.864180393711,0.021739130434782608,0.03,1,ANOMALY
35b2667598c84e6eb24d1449d7e86d3c,3,1,TEST,0.00022865713,0.018263683,179.3196317281497,110.27736981953142,289.5970015476811,0.021739130434782608,0.03,1,ANOMALY
35baf35ee18848178d2054c7954f44af,3,1,TEST,0.00013530118,0.014536447,94.46901757029342,80.1149159166455,174.58393348693892,0.021739130434782608,0.03,1,ANOMALY
35e2bf0bed184ea9a695f92d45b15cfc,3,1,TEST,0.00026732258,0.014716842,214.46240708622688,81.57475260844905,296.0371596946759,0.021739130434782608,0.03,1,ANOMALY
35f2f24d57954296afb5e8589649e8a9,3,1,TEST,0.00013375968,0.015613406,93.06795827279458,88.83014784529131,181.89810611808588,0.021739130434782608,0.03,1,ANOMALY
360017094ac94377bc794526ea0a4ab4,3,1,TEST,0.00015234179,0.01961646,109.95711687327845,121.22464385943238,231.1817607327108,0.021739130434782608,0.03,1,ANOMALY
36097d8dc5d4443da8330fee51bb2bcc,3,1,TEST,0.00034764872,0.023820283,287.4703119056834,155.2438520483938,442.7141639540772,0.021739130434782608,0.03,1,ANOMALY
361e44acb1aa4319a3400c01a506a03e,3,1,TEST,0.00024466694,0.019668488,193.8708436332354,121.64567760981991,315.5165212430553,0.021739130434782608,0.03,1,ANOMALY
36262e361f61451d96bb6bf76f05b7ce,3,1,TEST,0.000173938,0.014149513,129.58577130807384,76.98367363993985,206.5694449480137,0.021739130434782608,0.03,1,ANOMALY
363aeae0ebc94eb9a67ab75cdd00a867,3,1,TEST,0.00024116613,0.015756425,190.6889802538797,89.98752129702252,280.67650155090223,0.021739130434782608,0.03,1,ANOMALY
364e3dcef6a94545a9264b23e333791f,3,1,TEST,0.00048435005,0.030271221,411.71725927964064,207.44771573059023,619.1649750102308,0.021739130434782608,0.03,1,ANOMALY
364e877364054605812c714e59ce194b,3,1,TEST,0.00072940125,0.09243717,634.4426969204088,710.5222650861068,1344.9649620065156,0.021739130434782608,0.03,1,ANOMALY
36658b4a43ea4c1da38361f7226561af,3,1,TEST,0.00040731652,0.020130672,341.7019862172633,125.3858764044901,467.0878626217534,0.021739130434782608,0.03,1,ANOMALY
3668c13a95b144d4b7bfa4304a251684,3,1,TEST,0.0001371562,0.014415239,96.15503315125109,79.13404679200166,175.28907994325274,0.021739130434782608,0.03,1,ANOMALY
36710b64f114401a925e4c6fc96fdde3,3,1,TEST,0.0002542367,0.017205885,202.5687360904734,101.71719723760613,304.2859333280795,0.021739130434782608,0.03,1,ANOMALY
367114b474624ad391437ac594f9f7a1,3,1,TEST,0.00013555509,0.016247468,94.69979471348377,93.96125997411055,188.66105468759432,0.021739130434782608,0.03,1,ANOMALY
367502071a1640e5a7381a0327d4c107,3,1,TEST,0.0001603853,0.019700453,117.2678106585686,121.90435262771675,239.17216328628535,0.021739130434782608,0.03,1,ANOMALY
367ac652fae34d80aea597b6055f2997,3,1,TEST,0.0002856153,0.05034224,231.0885410028942,369.8713415410964,600.9598825439906,0.021739130434782608,0.03,1,ANOMALY
36876e19e7784e24a2b08163602f03cc,3,1,TEST,0.00021366018,0.013544812,165.68900167195443,72.09016380113998,237.7791654730944,0.021739130434782608,0.03,1,ANOMALY
36b410f0b7454bf5b8fd9308db1d38df,3,1,TEST,0.00025970867,0.015451552,207.5421739394093,87.52035318404697,295.0625271234563,0.021739130434782608,0.03,1,ANOMALY
36baba0872c94ed483a437bbd5ddce5f,3,1,TEST,0.00028812425,0.017875118,233.36890929641325,107.13292876434336,340.5018380607566,0.021739130434782608,0.03,1,ANOMALY
36bf4b0dac99454b88a7e2f570851d9e,3,1,TEST,0.00030084132,0.020538153,244.92737128826758,128.6833941572704,373.610765445538,0.021739130434782608,0.03,1,ANOMALY
36c2acede5034547a34a5a7c2116e99d,3,1,TEST,0.00041999717,0.053528402,353.22734630862135,395.6551836300135,748.8825299386349,0.021739130434782608,0.03,1,ANOMALY
36ee04ed714345078081fe724d7fbe59,3,1,TEST,0.0003457838,0.034848455,285.77529827928606,244.48873205682293,530.264030336109,0.021739130434782608,0.03,1,ANOMALY
371f1749edc44057954c1af17a175907,3,1,TEST,0.00028089323,0.022249602,226.7966823736757,142.53320178137585,369.32988415505156,0.021739130434782608,0.03,1,ANOMALY
37aef6ef5d2347a4bdc8e3000768159f,4,1,TEST,0.0009114215,0.11305207,799.8797151465266,877.3472182048799,1677.2269333514064,0.021739130434782608,0.03,1,ANOMALY
37c555880cf141bda78a2bbfbbcf22e6,3,1,TEST,0.0001789782,0.021499421,134.16677621968824,136.46240298266258,270.6291792023508,0.021739130434782608,0.03,1,ANOMALY
37d97014439c49d3a15fd41c6a79e035,3,1,TEST,0.0004462506,0.018932791,377.0889176305381,115.692089790591,492.7810074211291,0.021739130434782608,0.03,1,ANOMALY
37e61c6cd8b144b3b8174ae43a497218,3,1,TEST,0.00025919243,0.017358817,207.0729667699375,102.95479110080022,310.02775787073773,0.021739130434782608,0.03,1,ANOMALY
37e8e3e3e590499c8fac4b8cfc5ab9dd,3,1,TEST,0.00020342415,0.014009937,156.38554075662722,75.8541624777947,232.23970323442194,0.021739130434782608,0.03,1,ANOMALY
38075ce5912b4034a95f1f2dfa045378,3,1,TEST,0.00028162356,0.03180683,227.46047454801388,219.87454775178685,447.3350222998007,0.021739130434782608,0.03,1,ANOMALY
382b4cdebbb54176a2392da8549a8133,3,1,TEST,0.00047031854,0.058486924,398.96411134357334,435.7817522861023,834.7458636296756,0.021739130434782608,0.03,1,ANOMALY
386f945dfd944c6caae354d3a06de243,2,1,TEST,0.00037480355,0.017037064,312.1511598093487,100.3510225091105,412.50218231845923,0.021739130434782608,0.03,1,ANOMALY
38771e5999f44cacbb9c4c731415a72c,3,1,TEST,0.00023324831,0.021840667,183.4925252899341,139.22391761295276,322.71644290288685,0.021739130434782608,0.03,1,ANOMALY
387a4fd2ab9d45f29a1ea144319c0fa4,3,1,TEST,0.00015461809,0.019745281,112.02603109896549,122.26712077106977,234.29315187003527,0.021739130434782608,0.03,1,ANOMALY
387e7002fee24f0e8c04bb9b7257cc68,3,1,TEST,0.00015794297,0.019440882,115.0479928486041,119.80378847722399,234.85178132582809,0.021739130434782608,0.03,1,ANOMALY
3883b0950cdc46269cfbb09002f96af9,3,1,TEST,0.00022811056,0.013840597,178.8228578194673,74.48378777012533,253.30664558959262,0.021739130434782608,0.03,1,ANOMALY
3886b8db909c40b281bbb86ba5ac81cb,3,1,TEST,0.00025411032,0.018474549,202.45387013262854,111.98379141577216,314.4376615484007,0.021739130434782608,0.03,1,ANOMALY
38ae6c2813ef43df918ccbf053b3cdbb,3,1,TEST,0.00023337512,0.019378394,183.60778207197484,119.29810774772805,302.9058898197029,0.021739130434782608,0.03,1,ANOMALY
38be76a513f24d1dacf8ae7f2982ef87,3,1,TEST,0.00048252268,0.047672372,410.0563746033705,348.2655804686045,758.321955071975,0.021739130434782608,0.03,1,ANOMALY
38c0a78362774b5590403dba3eb32887,3,1,TEST,0.00028466107,0.025275206,230.22124757866305,167.0177370183148,397.23898459697784,0.021739130434782608,0.03,1,ANOMALY
3924a96b7484412481752512a03cfd9d,3,1,TEST,0.00060775894,0.049818132,523.882794620873,365.63002615614795,889.512820777021,0.021739130434782608,0.03,1,ANOMALY
39480c5fc2774c0d925e5fbef0a74939,3,1,TEST,0.0003036799,0.015532992,247.50733813918822,88.17940193917036,335.6867400783586,0.021739130434782608,0.03,1,ANOMALY
396545e1301848bcbd2dd39766f7e0bc,3,1,TEST,0.00027344038,0.01732744,220.02283561054625,102.7008744408112,322.72371005135744,0.021739130434782608,0.03,1,ANOMALY
396ad90336f646599998f18c0fad1e3a,3,1,TEST,0.00040119982,0.02349968,336.14255747577056,152.6493897689387,488.79194724470926,0.021739130434782608,0.03,1,ANOMALY
396f186b0aab494b8086dc2c879be1ca,3,1,TEST,0.0002629406,0.0520672,210.47965404019774,383.83048619529114,594.3101402354889,0.021739130434782608,0.03,1,ANOMALY
397a6bffa3ac482aa1641a8dd0f0f38a,3,1,TEST,0.00032219,0.018265355,264.33104732026703,110.2909003882761,374.62194770854313,0.021739130434782608,0.03,1,ANOMALY
3990a073c0b64c63916787f7f7ab5e1c,3,1,TEST,0.00023615429,0.014876554,186.13375156132278,82.86721325160062,269.00096481292337,0.021739130434782608,0.03,1,ANOMALY
399e82bc6bfb4d78a2277413be68245b,3,1,TEST,0.0002020736,0.013277991,155.1580346688964,69.93092942134166,225.08896409023805,0.021739130434782608,0.03,1,ANOMALY
39b32ef0ceb04253ac24b47ca7e8dbe8,3,1,TEST,0.0002645038,0.018302163,211.90043632618548,110.58876711934904,322.48920344553454,0.021739130434782608,0.03,1,ANOMALY
39c90ffde2ff46e782a909b27362abff,1,1,TEST,0.00024974224,0.01816173,198.4837507059541,109.45232073147773,307.9360714374318,0.021739130434782608,0.03,1,ANOMALY
39d6aeb3bf29442eacde7528a7089722,3,1,TEST,0.0005642839,0.080851376,484.368614276317,616.7648594768746,1101.1334737531915,0.021739130434782608,0.03,1,ANOMALY
39e068db484a49aebda6ba368eabd2d2,3,1,TEST,0.00021726676,0.01716792,168.96699871455795,101.40996754718054,270.3769662617385,0.021739130434782608,0.03,1,ANOMALY
39e62d8be7694dbb8aed5d4f3abb8f36,4,1,TEST,0.00061856897,0.058343638,533.7079603930049,434.6222181514435,968.3301785444485,0.021739130434782608,0.03,1,ANOMALY
39e94991899942529505cbc35e13f959,3,1,TEST,0.00021444043,0.013979102,166.398165808752,75.6046319232241,242.0027977319761,0.021739130434782608,0.03,1,ANOMALY
39fc25bce212433b94924569c7666b42,3,1,TEST,0.00039637182,0.03262771,331.7544197603477,226.5174743493516,558.2718941096992,0.021739130434782608,0.03,1,ANOMALY
3a15d69fd0964e60a74bc672f73d1a2c,3,1,TEST,0.0006604844,0.054618005,571.804621379162,404.4727364385681,976.27735781773,0.021739130434782608,0.03,1,ANOMALY
3a26ae5d8a8844d89e6d5e97952b87d4,3,1,TEST,0.00014692875,0.019472674,105.03724011704556,120.06106350206291,225.09830361910846,0.021739130434782608,0.03,1,ANOMALY
3a5be2553bc141318e349f6e5a26fcdb,3,1,TEST,0.000547554,0.051561266,469.1629172661154,379.7362429134322,848.8991601795476,0.021739130434782608,0.03,1,ANOMALY
3a9df001ec054300b5855bab464cb647,3,1,TEST,0.00025635376,0.027408976,204.49291811860374,184.28515428525495,388.7780724038587,0.021739130434782608,0.03,1,ANOMALY
3a9f31f859ec4bb5a7c54e3b0ed67eeb,3,1,TEST,0.00023739465,0.01616084,187.26110667662968,93.26022761214064,280.52133428877033,0.021739130434782608,0.03,1,ANOMALY
3ab764a6a9314b68b66a55f81d6b0d6e,4,1,TEST,0.00038833218,0.0418871,324.4472433928203,301.448582560327,625.8958259531473,0.021739130434782608,0.03,1,ANOMALY
3adab4cf3c2b4fd1bd315543620c134d,3,1,TEST,0.0003405988,0.03437446,281.06268559194814,240.6529533892799,521.715638981228,0.021739130434782608,0.03,1,ANOMALY
3aef449ec410474194da31926c7c303c,3,1,TEST,0.00046427298,0.026279295,393.4693412841591,175.14327244909913,568.6126137332583,0.021739130434782608,0.03,1,ANOMALY
3b0644904d5d4c62836c61b653944592,3,1,TEST,0.00024808416,0.015322149,196.97673260670214,86.4731664691743,283.44989907587643,0.021739130434782608,0.03,1,ANOMALY
3b2549d3a8ed49c6840b96159c4ea8f1,3,1,TEST,0.00019879654,0.013283253,152.1795362054118,69.97351186914939,222.15304807456118,0.021739130434782608,0.03,1,ANOMALY
3b2e40bc05834be8835c7c34e57c8b5c,3,1,TEST,0.00021355678,0.015416933,165.59502208625128,87.24020081600159,252.83522290225287,0.021739130434782608,0.03,1,ANOMALY
3b47071422614e59833c4a9b189dd622,3,1,TEST,0.00042924302,0.02622087,361.63083907915626,174.67047132535055,536.3013104045068,0.021739130434782608,0.03,1,ANOMALY
3b5425297d614857af2244cf3f4c82c8,3,1,TEST,0.0002081026,0.014685417,160.63775345230246,81.32044751107978,241.95820096338224,0.021739130434782608,0.03,1,ANOMALY
3b575399b74f4ec4a1c8e6a84746f971,4,1,TEST,0.0018718822,0.10866084,1672.8361819757383,841.8114290968197,2514.647611072558,0.021739130434782608,0.03,1,ANOMALY
3b76af4c9d704d82a3a218c6a0841d90,3,1,TEST,0.00020279191,0.020753348,155.81090194361997,130.42484794974067,286.23574989336066,0.021739130434782608,0.03,1,ANOMALY
3b79276a919d40e6a4abf9d913479da9,3,1,TEST,0.00027152838,0.01818545,218.28503127916915,109.64427353687465,327.9293048160438,0.021739130434782608,0.03,1,ANOMALY
3b907896c0174df68fa1ad4dcfda666a,3,1,TEST,0.00046411337,0.07658567,393.32427279601524,582.2448664878972,975.5691392839124,0.021739130434782608,0.03,1,ANOMALY
3b9ee18575b342f9980179b831208fcb,3,1,TEST,0.00019788463,0.02270536,151.35070715320154,146.2213985217678,297.57210567496935,0.021739130434782608,0.03,1,ANOMALY
3b9fc8287d5d419d9a178d1ef4a27ec5,3,1,TEST,0.00026054928,0.02783422,208.30619888658447,187.72641814605657,396.03261703264104,0.021739130434782608,0.03,1,ANOMALY
3ba833dff51e494b8ee4c8bde503a6bf,3,1,TEST,0.00022079478,0.02590555,172.17359308547054,172.11876143505702,344.29235452052757,0.021739130434782608,0.03,1,ANOMALY
3bd91b55720b45199e466c47aebead63,3,1,TEST,0.00023580124,0.017792402,185.81286671864876,106.4635540488622,292.27642076751096,0.021739130434782608,0.03,1,ANOMALY
3bf43cb4b7a74fd7affb1f3f2aca1882,3,1,TEST,0.00035379332,0.02255235,293.0550987752334,144.9831734478308,438.03827222306415,0.021739130434782608,0.03,1,ANOMALY
3c17447c82bc4cda863787bf7fd11bdb,3,1,TEST,0.00022770104,0.029859371,178.45064776204805,204.11484208376356,382.5654898458116,0.021739130434782608,0.03,1,ANOMALY
3c227744afff496298f42f6176b12019,3,1,TEST,0.00026017608,0.014679086,207.96699984031355,81.26921423911655,289.2362140794301,0.021739130434782608,0.03,1,ANOMALY
3c27e2af0a4e4bb786ad28add16c552d,3,1,TEST,0.00019412578,0.013622467,147.93431290058817,72.71858265034314,220.6528955509313,0.021739130434782608,0.03,1,ANOMALY
3c3462423db94ad7b57a5d8b7e35e0c4,4,1,TEST,0.00039105528,0.0533813,326.9222512248145,394.46476872362643,721.3870199484409,0.021739130434782608,0.03,1,ANOMALY
3c66f62f07b341359dd7dfc575ad3377,3,1,TEST,0.0002629094,0.016290234,210.4512965636606,94.30734149500452,304.75863805866516,0.021739130434782608,0.03,1,ANOMALY
3c84551a99934110923ee1883a6785b2,3,1,TEST,0.00028879807,0.030241648,233.98133990026707,207.2083978421415,441.18973774240857,0.021739130434782608,0.03,1,ANOMALY
3c90c2a219d94bbe8f341d5cc03a44e7,3,1,TEST,0.00021907945,0.014942501,170.61454083455996,83.40088574980938,254.01542658436932,0.021739130434782608,0.03,1,ANOMALY
3cc5a10cf0514aadae466b0850fe7833,3,1,TEST,0.00017402395,0.020689696,129.66389070257276,129.90974761377413,259.5736383163469,0.021739130434782608,0.03,1,ANOMALY
3cce116179064f31aee6c377b1c903df,3,1,TEST,0.00031928942,0.03879367,261.69472907366367,276.4151691202324,538.109898193896,0.021739130434782608,0.03,1,ANOMALY
3cfe2f2f1b144a1cb8e0646647810e86,3,1,TEST,0.0003109036,0.018473603,254.0729119616613,111.97613596240348,366.0490479240648,0.021739130434782608,0.03,1,ANOMALY
3d0bebb2a0214b2684a9a8aa89024ddf,3,1,TEST,0.0005605259,0.043244734,480.9529925831605,312.43516160764,793.3881541908005,0.021739130434782608,0.03,1,ANOMALY
3d193b2057fc409eb83cdc5faa4ad3fc,6,0,TEST,9.97569e-05,0.013762586,62.1630532712979,73.85248801035213,136.01554128165003,0.021739130434782608,0.03,1,ANOMALY
3d25c7f6c4334370a7630cf0e98f4270,3,1,TEST,0.00019932716,0.016650844,152.6618132631081,97.22555823843578,249.88737150154387,0.021739130434782608,0.03,1,ANOMALY
3d3533d675954b228e2d1b37ceb69f02,3,1,TEST,0.00023535831,0.015239075,185.4102905301044,85.80089465823228,271.2111851883367,0.021739130434782608,0.03,1,ANOMALY
3d4058a869d64f3db20396158a0cdf79,3,1,TEST,0.00031492123,0.029777592,257.72450966870656,203.45304998964232,461.17755965834886,0.021739130434782608,0.03,1,ANOMALY
3d5bb18d276d433da1003755a505852f,3,1,TEST,0.00023068931,0.016395867,181.16666687780338,95.1621707822092,276.3288376600126,0.021739130434782608,0.03,1,ANOMALY
3d6c46427d2a4303bf86c87eb690ed5c,3,1,TEST,0.00028989016,0.020351173,234.97393337947923,127.17026871236659,362.14420209184584,0.021739130434782608,0.03,1,ANOMALY
3d95dff3974e43279d7c42b78fd7f8df,3,1,TEST,0.00017553853,0.02240077,131.04048258762353,143.75652057084653,274.79700315847003,0.021739130434782608,0.03,1,ANOMALY
3da8a88475ee4ee4a91302b0e1293c95,3,1,TEST,0.00043765735,0.07003811,369.2785687442379,529.2590945441889,898.5376632884268,0.021739130434782608,0.03,1,ANOMALY
3dbc37f66282495e9d72d1e4d6de9b80,3,1,TEST,0.00020811538,0.023247445,160.64936911096092,150.60819179805776,311.2575609090187,0.021739130434782608,0.03,1,ANOMALY
3dc752c8065642a2897148ec4924263f,3,1,TEST,0.00058926916,0.11675025,507.07755415528254,907.2745380136,1414.3520921688826,0.021739130434782608,0.03,1,ANOMALY
3dcaafcbf6704b08bd829f16a8ea11af,3,1,TEST,0.00019794457,0.01333343,151.40518622831803,70.37956650306177,221.7847527313798,0.021739130434782608,0.03,1,ANOMALY
3e15be3cc4a649e1a682a471569abf33,3,1,TEST,0.00044502653,0.040688187,375.97636839,291.74644454275295,667.722812932753,0.021739130434782608,0.03,1,ANOMALY
3e4b54dcff5341a7af402ddcd7b7302c,3,1,TEST,0.00025070246,0.019858455,199.35648840212295,123.18297518919763,322.53946359132055,0.021739130434782608,0.03,1,ANOMALY
3e57f75f8d9d4e2ab85486a204d7c8d5,3,1,TEST,0.0001841145,0.022292508,138.83512579461086,142.88041624462883,281.7155420392397,0.021739130434782608,0.03,1,ANOMALY
3e6f2d97474f4861a4f3cf147995100a,3,1,TEST,0.0002453166,0.018461913,194.46131537064258,111.88153527542664,306.3428506460692,0.021739130434782608,0.03,1,ANOMALY
3e7f15a56b7148f8aa0b026429caad20,3,1,TEST,0.00025436765,0.014066607,202.6877556915162,76.31276135982863,279.00051705134484,0.021739130434782608,0.03,1,ANOMALY
3e9f3370759340d8b37ba5bede1ab079,3,1,TEST,0.00027617236,0.017602818,222.50591441663175,104.9293558760809,327.43527029271263,0.021739130434782608,0.03,1,ANOMALY
3ec01af879804acd9ce1c36d2b50bac6,3,1,TEST,0.00034696312,0.022699747,286.84717453664985,146.17597562561716,433.02315016226703,0.021739130434782608,0.03,1,ANOMALY
3ec90ec4582642beb5d20162f33b9585,3,1,TEST,0.00038146763,0.050098546,318.2080986632416,367.8992611465601,686.1073598098017,0.021739130434782608,0.03,1,ANOMALY
3eccb2fbefb6497282c660485c9e34c6,3,1,TEST,0.00021834267,0.014348378,169.94488629728383,78.5929777986777,248.53786409596154,0.021739130434782608,0.03,1,ANOMALY
3eeaf752bc5d4bcbae8f4580a0d45f33,3,1,TEST,0.00018346822,0.023510832,138.2477261171619,152.73963672027878,290.9873628374407,0.021739130434782608,0.03,1,ANOMALY
3f1009ec58fc4a5c82a1e1786f8be660,3,1,TEST,0.0002374408,0.037720446,187.30305211067417,267.7301624752357,455.0332145859099,0.021739130434782608,0.03,1,ANOMALY
3f16cd1d1eea4cad84061383ece46e9e,3,1,TEST,0.00030515422,0.02505887,248.8473379727844,165.2670497456187,414.1143877184031,0.021739130434782608,0.03,1,ANOMALY
3f1fe75e17934562aa3a63ee5867c3f9,3,1,TEST,0.00027973912,0.025626807,225.74771932091127,169.86304892094415,395.61076824185545,0.021739130434782608,0.03,1,ANOMALY
3f204fce8dc54772b27af682fbaefb95,3,1,TEST,0.0003717002,0.08008233,309.3305452320584,610.5413966952855,919.8719419273439,0.021739130434782608,0.03,1,ANOMALY
3f22a5674f584db3b121b96906f2520c,3,1,TEST,0.00023600656,0.016872609,185.99948072770647,99.02017939732495,285.0196601250314,0.021739130434782608,0.03,1,ANOMALY
3f4398885b3a40febc8cfd4f12a8e148,3,1,TEST,0.00051016046,0.02592035,435.1761726125998,172.2385296272946,607.4147022398945,0.021739130434782608,0.03,1,ANOMALY
3f44a09e749749b5830960a194ea01fa,3,1,TEST,0.000295957,0.024853405,240.4880446921213,163.6043354470992,404.0923801392205,0.021739130434782608,0.03,1,ANOMALY
3f67e0086de34946a9cfff0063ccd728,3,1,TEST,0.0008829542,0.064365506,774.0059718188014,483.35385627665585,1257.3598280954573,0.021739130434782608,0.03,1,ANOMALY
3f840f6799bd4e31abfa6b09cf90f066,3,1,TEST,0.00029173537,0.017911071,236.6510327154103,107.42387645458099,344.0749091699913,0.021739130434782608,0.03,1,ANOMALY
3f8a3bca7ad14a4eb569cca4f94f110a,3,1,TEST,0.00028138544,0.016935568,227.24404883285308,99.52967166861441,326.7737205014675,0.021739130434782608,0.03,1,ANOMALY
3f90329ebfdf404d814404dac21b0f60,3,1,TEST,0.00029016015,0.04175308,235.21932552980795,300.36403302494347,535.5833585547514,0.021739130434782608,0.03,1,ANOMALY
3f9a7040c734465e9b44e2bb62b57a11,3,1,TEST,0.00022684975,0.015084501,177.67691583251982,84.55001299965613,262.226928832176,0.021739130434782608,0.03,1,ANOMALY
3fb3db47b09548e199c9aed3611d3429,3,1,TEST,0.00034618785,0.018562442,286.14253668937647,112.69506072120018,398.8375974105767,0.021739130434782608,0.03,1,ANOMALY
3fb7eb4b69d547ee9c359743f260b504,3,1,TEST,0.00017904854,0.013716111,134.23070778698377,73.47639160938996,207.70709939637374,0.021739130434782608,0.03,1,ANOMALY
3fdfce405aa342479e26583469f1ef56,3,1,TEST,0.0002536996,0.017067783,202.08056940303481,100.59961434001221,302.680183743047,0.021739130434782608,0.03,1,ANOMALY
3fec59f0559343dc84bc1af3092ae692,3,1,TEST,0.00044830388,0.06419292,378.9551304325935,481.9572134911484,860.9123439237419,0.021739130434782608,0.03,1,ANOMALY
3ff34e18cfb94954bb4982284862e176,3,1,TEST,0.00029289827,0.015688403,237.707984941853,89.43705697456424,327.14504191641726,0.021739130434782608,0.03,1,ANOMALY
3ffac04df1c64f61b5b10fcff080996a,3,1,TEST,0.00022860146,0.01661243,179.26903362818746,96.91469504001597,276.18372866820346,0.021739130434782608,0.03,1,ANOMALY
404e77708f1649dcb94ce4e692741ed4,6,0,TEST,3.1441992e-05,0.0046676625,0.07207888843908511,0.25231597428466196,0.32439486272374707,0.6521739130434783,0.03,0,REFERENCE
40517227b0ed4970a2ecc1970937030c,3,1,TEST,0.00014687006,0.017711923,104.9838971587775,105.81228213378887,210.79617929256636,0.021739130434782608,0.03,1,ANOMALY
40670c33f024430b9de7c6a1d5ff4ab3,3,1,TEST,0.00016031202,0.018814068,117.20120694444554,114.73133039281947,231.93253733726502,0.021739130434782608,0.03,1,ANOMALY
40993791956f4bc1b841026fd80b2145,3,1,TEST,0.00020634138,0.016932322,159.03699207965184,99.50340359077636,258.5403956704282,0.021739130434782608,0.03,1,ANOMALY
40a8aa7a5d674ec2b6af244fbcafd6f3,3,1,TEST,0.00014284589,0.019047294,101.32635528838122,116.61869906868397,217.9450543570652,0.021739130434782608,0.03,1,ANOMALY
40b3fd49fa804f498910b7180cc55679,3,1,TEST,0.0009074952,0.09666777,796.3111266808959,744.7581646861186,1541.0692913670146,0.021739130434782608,0.03,1,ANOMALY
40bb8d6fe27440a3a6d1e1157464aa30,3,1,TEST,0.00021207398,0.013134594,164.2473148359553,68.77049702524114,233.01781186119644,0.021739130434782608,0.03,1,ANOMALY
40dd81c831974dd5beb7dd52f4475058,3,1,TEST,0.00026468674,0.015977234,212.06670929918872,91.7744060780888,303.8411153772775,0.021739130434782608,0.03,1,ANOMALY
40e9f401a8ec418aa9a661b95b33c1f3,4,1,TEST,0.0011954342,0.14827418,1058.017006059757,1162.380221008399,2220.397227068156,0.021739130434782608,0.03,1,ANOMALY
40f1c77a75954f4d875d6c710dcecfd2,3,1,TEST,0.00023232657,0.014841617,182.65476181482768,82.58448748591123,265.2392493007389,0.021739130434782608,0.03,1,ANOMALY
40f20f3fdfc141e9afabde236cc0b1ba,3,1,TEST,0.0005584878,0.032675695,479.10057678411266,226.9057903429002,706.0063671270128,0.021739130434782608,0.03,1,ANOMALY
40fd0126604843dc884e0e0d2ab6d73c,3,1,TEST,0.00030180428,0.019980371,245.80259935256822,124.16957376519987,369.9721731177681,0.021739130434782608,0.03,1,ANOMALY
410cea7b92ef48cdaf175d94a9b17f35,3,1,TEST,0.00047037355,0.02268937,399.01410957383956,146.09200031947873,545.1061098933183,0.021739130434782608,0.03,1,ANOMALY
4126b11da1b6496d8f9adb5211041934,3,1,TEST,0.00027578976,0.026049882,222.1581717716606,173.28676026762662,395.4449320392872,0.021739130434782608,0.03,1,ANOMALY
415067fbbce24f109b8bd73ee86d15e1,4,1,TEST,0.00076761417,0.076662585,669.1741707125456,582.8672969274885,1252.0414676400342,0.021739130434782608,0.03,1,ANOMALY
4171c134830e4676b40bdf203967e660,3,1,TEST,0.00024176306,0.0143691525,191.23152603815214,78.76109430608571,269.9926203442378,0.021739130434782608,0.03,1,ANOMALY
4183ba5f6abd47568d76811e41d037b9,3,1,TEST,0.0003664728,0.025415896,304.57939546122134,168.15626316465944,472.7356586258808,0.021739130434782608,0.03,1,ANOMALY
418d7e7d356f411d80cefcc178ba1803,3,1,TEST,0.0003021125,0.03640204,246.0827385005897,257.0610338769156,503.1437723775053,0.021739130434782608,0.03,1,ANOMALY
41c8f741d1a34f9f958e2eed34348b22,3,1,TEST,0.00025790365,0.021927498,205.90160303238926,139.9265927413432,345.82819577373243,0.021739130434782608,0.03,1,ANOMALY
41d51dc4dfca48398a7d5941799e7f37,3,1,TEST,0.00029555426,0.020880958,240.12199693248803,131.45752490997265,371.5795218424607,0.021739130434782608,0.03,1,ANOMALY
41d966faf5e84c4a831d3ab8ff280bb9,3,1,TEST,0.00020044712,0.014367753,153.6797376035731,78.7497689287184,232.4295065322915,0.021739130434782608,0.03,1,ANOMALY
41dca366aee64efcad922c1c636786d5,3,1,TEST,0.0001997365,0.026190547,153.03385971970113,174.42508410283574,327.45894382253687,0.021739130434782608,0.03,1,ANOMALY
41e694e0703a4f589a5f51024273a17b,3,1,TEST,0.00023922944,0.016275909,188.9287353425122,94.19141721434218,283.12015255685435,0.021739130434782608,0.03,1,ANOMALY
41e81c26e15a47ceaa840ebff4e5b3ec,3,1,TEST,0.00030877086,0.023501767,252.13447848378416,152.6662787025333,404.80075718631747,0.021739130434782608,0.03,1,ANOMALY
4207a7a55d914e999d168cf6f3e9a382,3,1,TEST,0.00025353665,0.016042747,201.9324652106719,92.30456645498464,294.23703166565656,0.021739130434782608,0.03,1,ANOMALY
4210464f773b4d1fb92a1e147a7d4a53,3,1,TEST,0.000302664,0.019240031,246.58399325412236,118.17841272187914,364.7624059760015,0.021739130434782608,0.03,1,ANOMALY
4229722d45874770ab65a5af7e94b805,3,1,TEST,0.0002716448,0.027214408,218.39084465796566,182.71062336449307,401.10146802245873,0.021739130434782608,0.03,1,ANOMALY
4235146d0e244eb6b99421ef2a7705a4,4,1,TEST,0.0008301252,0.03990137,725.9900382297224,285.3791709135792,1011.3692091433015,0.021739130434782608,0.03,1,ANOMALY
42568f6f23a045a5a2edcb027e12816c,3,1,TEST,0.00020461922,0.013990757,157.47173208628138,75.69894937461116,233.17068146089252,0.021739130434782608,0.03,1,ANOMALY
4277afe331614bb2be86b7e1f5ad2ba2,3,1,TEST,0.00019464875,0.016878389,148.409636923172,99.06695373186098,247.47659065503296,0.021739130434782608,0.03,1,ANOMALY
42890ac6be4649609afa61f8893cddc5,3,1,TEST,0.0002474696,0.014498435,196.41816303039926,79.8073058812851,276.22546891168435,0.021739130434782608,0.03,1,ANOMALY
42bbee913ffe4e1aaeb4f704dfb1e7c7,6,0,TEST,3.1325857e-05,0.004639845,-0.033475455715975155,0.02720437377330974,-0.006271081942665416,0.782608695652174,0.03,0,REFERENCE
42c2144ad55748b2beee78fa8287ef4f,3,1,TEST,0.0002872678,0.01364135,232.59048747653466,72.8713922972365,305.46187977377116,0.021739130434782608,0.03,1,ANOMALY
42ccaa845bf44914963b37894be9d2c9,3,1,TEST,0.00019180987,0.019704087,145.8293974042077,121.93376057437831,267.76315797858604,0.021739130434782608,0.03,1,ANOMALY
42d51e550ea943fb93f04c03e0baf405,3,1,TEST,0.00035911726,0.028693067,297.8939931225093,194.67659061893778,492.5705837414471,0.021739130434782608,0.03,1,ANOMALY
432795773e6a47cb996b9edc40f83b9c,3,1,TEST,0.000303993,0.047298294,247.79191268738603,345.2383746702371,593.0302873576231,0.021739130434782608,0.03,1,ANOMALY
43395e67b78943338b09f03ccc21ce22,3,1,TEST,0.00023945986,0.015158697,189.13816257788662,85.1504400801465,274.28860265803314,0.021739130434782608,0.03,1,ANOMALY
433e4dfdfe7048c29f49dd1808d4835f,3,1,TEST,0.0002259686,0.015167798,176.876044343716,85.22408942592715,262.10013376964315,0.021739130434782608,0.03,1,ANOMALY
434a4fab1a67484f81e929a5f37c5300,1,1,TEST,0.00018216725,0.014661826,137.06528296810774,81.12953863114221,218.19482159924996,0.021739130434782608,0.03,1,ANOMALY
434fc8859bd941d7802c3132eb959347,3,1,TEST,0.00029592728,0.021702569,240.46103237793272,138.10636708514053,378.56739946307323,0.021739130434782608,0.03,1,ANOMALY
43da51b9d47b4e0ab9f126870cb3e1b1,3,1,TEST,0.00028236298,0.021146651,228.13252856407397,133.60763101133554,361.7401595754095,0.021739130434782608,0.03,1,ANOMALY
43e7bb10dd6049e78db60010424b7a94,3,1,TEST,0.00016528871,0.020195397,121.72448803122427,125.90965993439386,247.63414796561813,0.021739130434782608,0.03,1,ANOMALY
43e9da374b3047ebb00a1ef1b9c4f891,3,1,TEST,0.00014484143,0.015108317,103.14008858097338,84.74274267981352,187.8828312607869,0.021739130434782608,0.03,1,ANOMALY
43f01fcfed684b458c2d9e99b83f2e70,4,1,TEST,0.0009407388,0.041826457,826.5260179311924,300.95783239263363,1127.4838503238261,0.021739130434782608,0.03,1,ANOMALY
43f8395e9c67402e862d4d694956a786,3,1,TEST,0.00019575747,0.019857824,149.4173453009358,123.1778688561367,272.5952141570725,0.021739130434782608,0.03,1,ANOMALY
43fc47fc44fd40a6a480ad7409f9e174,4,1,TEST,0.0007994089,0.05125956,698.0721934682801,377.29470357510644,1075.3668970433866,0.021739130434782608,0.03,1,ANOMALY
43fe9a25d6824ad88d1831e48db1fdab,3,1,TEST,0.0002650653,0.019946221,212.4107800145057,123.89321675405714,336.3039967685628,0.021739130434782608,0.03,1,ANOMALY
44134879d16942b686eb546cc6071271,3,1,TEST,0.00027525725,0.014701123,221.67417690528944,81.44754745886918,303.12172436415864,0.021739130434782608,0.03,1,ANOMALY
4469a7bcda5549349f23743eb2821901,3,1,TEST,0.00016824238,0.01853504,124.40905943261473,112.47331153176145,236.88237096437618,0.021739130434782608,0.03,1,ANOMALY
448296cd7ce744a280167783a159036d,3,1,TEST,0.0004396079,0.021071898,371.05141091922087,133.00269643874543,504.0541073579663,0.021739130434782608,0.03,1,ANOMALY
4483e4fe9cbf4b3994a0f9f9175bf59f,3,1,TEST,0.00036360492,0.032364476,301.97279803137315,224.38726757128012,526.3600656026533,0.021739130434782608,0.03,1,ANOMALY
4485439380534632bd111e872167ad2e,3,1,TEST,0.00030031148,0.024474801,244.4458031674847,160.5405032407543,404.986306408239,0.021739130434782608,0.03,1,ANOMALY
44b4b61853254538ae3bce421d869ae3,4,1,TEST,0.00050623756,0.06565619,431.610674384797,493.79864610300234,925.4093204877993,0.021739130434782608,0.03,1,ANOMALY
44c3f03eb4784c52badd083bacda0e5b,3,1,TEST,0.00044776942,0.04841772,378.46936322393873,354.29726847859587,732.7666317025346,0.021739130434782608,0.03,1,ANOMALY
44c717ee6e1b43e29addb4871843b80f,3,1,TEST,0.00019729637,0.014273042,150.81604147538988,77.98332533040687,228.79936680579675,0.021739130434782608,0.03,1,ANOMALY
44d26375c3134c2aaf25b0c8cb37d85e,4,1,TEST,0.001265626,0.10254261,1121.8138753417409,792.2999867459051,1914.1138620876459,0.021739130434782608,0.03,1,ANOMALY
44d2a5a485414f2d867c8594a24965e9,3,1,TEST,0.000424385,0.04612906,357.2154163815012,335.77641234032643,692.9918287218277,0.021739130434782608,0.03,1,ANOMALY
450a1f9c1a3a4c2cb6631a398d1e58ac,3,1,TEST,0.00028710224,0.023961205,232.4400110721922,156.3842556420762,388.8242667142684,0.021739130434782608,0.03,1,ANOMALY
4510deb0622b4742bd8bee6569a8609c,3,1,TEST,0.0002668175,0.026057707,214.00334316797793,173.35008365304952,387.3534268210275,0.021739130434782608,0.03,1,ANOMALY
451a6c534a254bfbad005b7c52b4b1f3,3,1,TEST,0.0003259466,0.023602046,267.7453965625532,153.47778103695148,421.22317759950465,0.021739130434782608,0.03,1,ANOMALY
451d03ed859946d5a2bfded54cbd2f02,3,1,TEST,0.00029434924,0.016561368,239.02676211272023,96.50147859190557,335.5282407046258,0.021739130434782608,0.03,1,ANOMALY
4536a96222b0458c909895ee7a49ccc6,4,1,TEST,0.0015082508,0.093502015,1342.3339738456611,719.1394651309171,2061.473438976578,0.021739130434782608,0.03,1,ANOMALY
454d93d01b0d4a9780c88bbef5b28430,3,1,TEST,0.00043544752,0.13282284,367.2700686680835,1037.3410953700393,1404.6111640381228,0.021739130434782608,0.03,1,ANOMALY
455034aa1e834f509f6082ff77142010,3,1,TEST,0.0003892982,0.096322455,325.32525267116597,741.9637218954084,1067.2889745665743,0.021739130434782608,0.03,1,ANOMALY
456582b69a964dbaa009c74f1e80ccc9,4,1,TEST,0.00043393596,0.04585881,365.8962216413386,333.58942896517794,699.4856506065166,0.021739130434782608,0.03,1,ANOMALY
456e657a4f7848ec84d9ff7402421924,3,1,TEST,0.00022937375,0.03206766,179.97096297289417,221.9853002910652,401.9562632639594,0.021739130434782608,0.03,1,ANOMALY
45c0708c96994c8ebffaa0df0837e66a,3,1,TEST,0.00041545677,0.034686077,349.1006063576881,243.17469695417776,592.2753033118659,0.021739130434782608,0.03,1,ANOMALY
45ca51c9b3b744fe9cafb8db656d7b4f,3,1,TEST,0.00027895666,0.013474369,225.03654652952565,71.52010766831636,296.556654197842,0.021739130434782608,0.03,1,ANOMALY
4601ce01439c423eb9edb0d2885aacee,3,1,TEST,0.0002938862,0.016834917,238.60590807631814,98.71515894449945,337.3210670208176,0.021739130434782608,0.03,1,ANOMALY
463785aca0fd4c07ac2dbf2cb35714f3,3,1,TEST,0.00025111026,0.015692595,199.7271351627587,89.47098050577098,289.1981156685297,0.021739130434782608,0.03,1,ANOMALY
46426e8554ed4d408efcbe25998d26c2,3,1,TEST,0.000453653,0.032871734,383.8169107176644,228.492225250877,612.3091359685415,0.021739130434782608,0.03,1,ANOMALY
4643e84a1cf4424ba5a08f000ab27622,3,1,TEST,0.00022234133,0.015950516,173.57924229503706,91.55819212131834,265.1374344163554,0.021739130434782608,0.03,1,ANOMALY
4649ebbbcfd847f4a88028467065e2d7,3,1,TEST,0.00026297415,0.028425792,210.51014741640992,192.5136822689181,403.023829685328,0.021739130434782608,0.03,1,ANOMALY
464c7bfff7d746a292093e20be78c562,3,1,TEST,0.00023196614,0.01905912,182.32716933828044,116.7144003282381,299.0415696665185,0.021739130434782608,0.03,1,ANOMALY
465a0fb218094a6fb9e82fd2ddeca9fc,3,1,TEST,0.00016750113,0.014600188,123.73534214148853,80.63073648025451,204.36607862174304,0.021739130434782608,0.03,1,ANOMALY
46efd26612ce4e0385b80982a8c35cc6,3,1,TEST,0.00023812713,0.019151306,187.9268529719472,117.46041050186045,305.38726347380765,0.021739130434782608,0.03,1,ANOMALY
46f85aabf30d411483de4806cdcdd08a,3,1,TEST,0.00031384575,0.019421583,256.7470129101765,119.6476123730353,376.39462528321184,0.021739130434782608,0.03,1,ANOMALY
473c5c1ead8d4ea6afce7cd29704040d,3,1,TEST,0.00015668875,0.01724684,113.90804046968164,102.04862333984184,215.9566638095235,0.021739130434782608,0.03,1,ANOMALY
4747cd8337e34676967848966b353670,3,1,TEST,0.00022334428,0.01591793,174.4908170095531,91.29449169481478,265.7853087043679,0.021739130434782608,0.03,1,ANOMALY
474f9a953ab446fcbf550177e656739d,3,1,TEST,0.0002629051,0.020526217,210.44738832170196,128.58680272871993,339.0341910504219,0.021739130434782608,0.03,1,ANOMALY
474fe339a6504a5585bd8a142603cb64,3,1,TEST,0.00034506648,0.035203,285.12333080910645,247.357868118773,532.4811989278794,0.021739130434782608,0.03,1,ANOMALY
475992a50f2d45e6a0af637e39a8f756,3,1,TEST,0.00028673335,0.016530994,232.10472935681477,96.25567865467427,328.360408011489,0.021739130434782608,0.03,1,ANOMALY
47619558f8be4c98a9dda6de457c4615,4,1,TEST,0.0008207714,0.09694438,717.488430408156,746.9966160141474,1464.4850464223034,0.021739130434782608,0.03,1,ANOMALY
47674d9073c640c3adfe19c6b46d5c91,3,1,TEST,0.00017165445,0.019104796,127.51026760466584,117.08403086530853,244.59429846997438,0.021739130434782608,0.03,1,ANOMALY
478767a4159d46b79f4c27747401f45c,3,1,TEST,0.00029085664,0.060068913,235.8523607488251,448.583911925946,684.4362726747711,0.021739130434782608,0.03,1,ANOMALY
47a60446f589468a8a4ed48d4e7799c8,3,1,TEST,0.00032553764,0.021243218,267.3736954854821,134.3890941883493,401.7627896738314,0.021739130434782608,0.03,1,ANOMALY
47c10224ada24fc090c464c4fcec480a,3,1,TEST,0.00025274936,0.014244237,201.2169024637839,77.75022244004184,278.9671249038257,0.021739130434782608,0.03,1,ANOMALY
47cb0bd50d84491e92d52ee32525816a,3,1,TEST,0.00029039115,0.0224081,235.4292799234,143.8158381957858,379.2451181191858,0.021739130434782608,0.03,1,ANOMALY
47d6b3ad9b8b408397319ac379f274aa,3,1,TEST,0.00022282074,0.021368276,174.0149749176864,135.40111922786573,309.41609414555217,0.021739130434782608,0.03,1,ANOMALY
4830d82cc12f4c07b986444fcc5cd7d4,3,1,TEST,0.0002603358,0.017610926,208.1121683067401,104.99496942355808,313.1071377302982,0.021739130434782608,0.03,1,ANOMALY
4854db12aa464ddc9c9b21f2e50c10ce,3,1,TEST,0.00040350895,0.020354606,338.2413106743651,127.19805007749845,465.43936075186355,0.021739130434782608,0.03,1,ANOMALY
4883704142f74a90b989ee0f1847df07,3,1,TEST,0.000167973,0.0139674805,124.16422170730804,75.51058556875866,199.6748072760667,0.021739130434782608,0.03,1,ANOMALY
48a0599f49fa4b1bad009fc3822734c3,3,1,TEST,0.00021782731,0.024824122,169.47647895407331,163.36736436782274,332.8438433218961,0.021739130434782608,0.03,1,ANOMALY
48e281a4c5a04802868822d219eba757,3,1,TEST,0.00021380179,0.014799723,165.81771007748074,82.24546257742475,248.0631726549055,0.021739130434782608,0.03,1,ANOMALY
490dea453287408684c3fd7b6a9f03d0,3,1,TEST,0.00027653849,0.027086075,222.8386875860078,181.67209556622137,404.5107831522292,0.021739130434782608,0.03,1,ANOMALY
494a91517c7c4a1c84984c9807583bfd,3,1,TEST,0.00020096436,0.017252855,154.14985366652365,102.09729939905192,256.24715306557556,0.021739130434782608,0.03,1,ANOMALY
494d969628324f7ebb5bda729afd8644,3,1,TEST,0.00022635018,0.013939832,177.22285991733887,75.28684159152351,252.50970150886238,0.021739130434782608,0.03,1,ANOMALY
49c0795df4b84cbea7ff814813755239,3,1,TEST,0.0002919477,0.03715967,236.8440180677541,263.19211330157333,500.03613136932745,0.021739130434782608,0.03,1,ANOMALY
49c55d8314e04950b7876bb791d61241,3,1,TEST,0.0003179269,0.024222545,260.45634353099217,158.49913532851951,418.9554788595117,0.021739130434782608,0.03,1,ANOMALY
49ca0891d6a94a358b38525b29aa3d45,3,1,TEST,0.00036861468,0.030594949,306.52613622549427,210.06746690198733,516.5936031274816,0.021739130434782608,0.03,1,ANOMALY
49cbe0aa7dea43bcb09db96743c2d096,3,1,TEST,0.00021864189,0.016997557,170.2168454039965,100.03131426784503,270.24815967184156,0.021739130434782608,0.03,1,ANOMALY
49d886f54c334192a3c651a828ae6719,3,1,TEST,0.00038134507,0.029312842,318.09670467848554,199.69208598002064,517.7887906585062,0.021739130434782608,0.03,1,ANOMALY
49dcbb49b173404cb8d435e25ecb5170,3,1,TEST,0.0003111458,0.025871474,254.29304596221544,171.8430032648755,426.13604922709095,0.021739130434782608,0.03,1,ANOMALY
4a014d8f9f144e13b6770734a536e318,3,1,TEST,0.00021784735,0.014626513,169.49469317938755,80.84377010597434,250.3384632853619,0.021739130434782608,0.03,1,ANOMALY
4a16f025058741a0a821502f0698de4d,3,1,TEST,0.00023708449,0.014312238,186.97920427525946,78.30051682114627,265.27972109640575,0.021739130434782608,0.03,1,ANOMALY
4a2f0f92188341acaca07d39051e2b6b,3,1,TEST,0.00029935103,0.030344667,243.5728564258157,208.04207347701447,451.61492990283017,0.021739130434782608,0.03,1,ANOMALY
4a3f8f2eb2874387ac51913819153f6b,1,1,TEST,0.00024744513,0.021437852,196.3959224069742,135.96415921050897,332.36008161748316,0.021739130434782608,0.03,1,ANOMALY
4a568157a3b14258b5ce9180ee9c4c25,3,1,TEST,0.00025804518,0.020124625,206.03023872643732,125.33694138702657,331.36718011346386,0.021739130434782608,0.03,1,ANOMALY
4a718677a21f4128850e472ec16ef817,3,1,TEST,0.0003028213,0.02346412,246.72696219833028,152.36162240975176,399.08858460808204,0.021739130434782608,0.03,1,ANOMALY
4a99e44497f6464ba7835bb98687c18b,3,1,TEST,0.0005722146,0.06798837,491.5767757882689,512.6716854660136,1004.2484612542826,0.021739130434782608,0.03,1,ANOMALY
4aa38a8e40be4c95a1f633ccc2ba64f5,3,1,TEST,0.00025188745,0.015990164,200.43351808551128,91.87904139738824,292.31255948289953,0.021739130434782608,0.03,1,ANOMALY
4ab9ed97cbd444a18b2f138410612b6b,3,1,TEST,0.00013417561,0.015892835,93.4459943374126,91.09141177696334,184.53740611437593,0.021739130434782608,0.03,1,ANOMALY
4ac714960a3f4ee2922d26a0c812901b,3,1,TEST,0.00027614683,0.016613703,222.48271036611914,96.92499672303748,319.4077070891566,0.021739130434782608,0.03,1,ANOMALY
4ae34040d4a14949ae2f6a8f7d4a400d,3,1,TEST,0.00016201551,0.02231893,118.74949789656768,143.09423483755455,261.8437327341222,0.021739130434782608,0.03,1,ANOMALY
4ae5c92825924d7e9ae1d4fcb4b647da,3,1,TEST,0.0002642044,0.024405634,211.62831361864667,159.98077306828844,371.60908668693514,0.021739130434782608,0.03,1,ANOMALY
4af5f442861c4ca2bc0dd9ff0c137ae1,3,1,TEST,0.0002927775,0.01650022,237.5982178764239,96.00664173927437,333.6048596156983,0.021739130434782608,0.03,1,ANOMALY
4b34e067850d49efad3711b3acbada41,3,1,TEST,0.0003310729,0.020145413,272.40465720268827,125.5051671424478,397.9098243451361,0.021739130434782608,0.03,1,ANOMALY
4b5a3eeecb6a43ebab115a82895eb2e9,3,1,TEST,0.00023721767,0.022528697,187.10025070875986,144.79176283627712,331.892013545037,0.021739130434782608,0.03,1,ANOMALY
4b5da27bbac9470ebca0f899a80e47fd,3,1,TEST,0.00024511045,0.014983907,194.27394697999748,83.73596154493019,278.00990852492765,0.021739130434782608,0.03,1,ANOMALY
4b63a38cf11447de8191d70a73e42a23,3,1,TEST,0.0022962496,0.17687376,2058.5409444314005,1393.8207612349634,3452.361705666364,0.021739130434782608,0.03,1,ANOMALY
4b92050b9f9c40b6a21cf5beb7de0cb1,3,1,TEST,0.00045784106,0.026111953,387.6234111402936,173.78906644738183,561.4124775876754,0.021739130434782608,0.03,1,ANOMALY
4b9dea9754624d4b8d30ca4874304c02,3,1,TEST,0.00021359962,0.019730309,165.6339590828811,122.14596067821975,287.7799197611008,0.021739130434782608,0.03,1,ANOMALY
4bc5b068432847798559e4c2a327cfe9,3,1,TEST,0.0001885787,0.02610869,142.89260806246313,173.76266079797162,316.6552688604347,0.021739130434782608,0.03,1,ANOMALY
4bcb840b38b247a28c74c696327e4ca2,3,1,TEST,0.0003734133,0.041948244,310.88757065051135,301.94338704317653,612.8309576936879,0.021739130434782608,0.03,1,ANOMALY
4beeb8dfc4df4dceb7eb1d850a87923e,1,1,TEST,0.00053418404,0.013985532,457.0110478109176,75.65666634728407,532.6677141582016,0.021739130434782608,0.03,1,ANOMALY
4c18f57b1cfd499096abd86aa8d274c3,3,1,TEST,0.00020169633,0.016175054,154.815136426167,93.37525363136123,248.19039005752822,0.021739130434782608,0.03,1,ANOMALY
4c3c2c5dbc3949d39421d1d852bf03d1,3,1,TEST,0.0002798818,0.032280546,225.87740024245986,223.7080686270573,449.5854688695172,0.021739130434782608,0.03,1,ANOMALY
4c50d4bd6fec445a85e3fd3202f5465f,3,1,TEST,0.00014365408,0.016660916,102.06091390897518,97.30706534872068,199.36797925769588,0.021739130434782608,0.03,1,ANOMALY
4c62e3c39d85480c9ca53f27763a4dcd,3,1,TEST,0.00017844384,0.019083554,133.6810999003814,116.91213113966596,250.59323104004739,0.021739130434782608,0.03,1,ANOMALY
4c77dffe0dd440dcb9c31c1f052fd33e,3,1,TEST,0.00032579177,0.019416248,267.6046725852377,119.60443917671185,387.20911176194954,0.021739130434782608,0.03,1,ANOMALY
4c8d01dab4734593a6cd399066a1bdc7,3,1,TEST,0.0007301975,0.07793968,635.1664033528664,593.2021185130028,1228.3685218658693,0.021739130434782608,0.03,1,ANOMALY
4ca08c4ac89c42d2bf20876b88d95458,3,1,TEST,0.00052676944,0.11463423,450.2719662233505,890.1507616528908,1340.4227278762412,0.021739130434782608,0.03,1,ANOMALY
4cb85ad65a544513bda659195839c7bc,4,1,TEST,0.00030462374,0.03530347,248.3651881601751,248.17091611026675,496.53610427044185,0.021739130434782608,0.03,1,ANOMALY
4cc304e91437400e9e42ce28e83fe694,3,1,TEST,0.00028759183,0.055719092,232.88499623045524,413.38322289034284,646.2682191207981,0.021739130434782608,0.03,1,ANOMALY
4ce50650cc044f15abea2e57db9b070e,3,1,TEST,0.00019934279,0.013786484,152.676019268181,74.0458812710341,226.72190053921508,0.021739130434782608,0.03,1,ANOMALY
4d33a583bea2426b9f02e8f2ddfaf00e,3,1,TEST,0.00038576272,0.0402551,322.11187795490184,288.2417116325108,610.3535895874127,0.021739130434782608,0.03,1,ANOMALY
4d49fb2e85cb48b89b7b8592a26450f0,4,1,TEST,0.0007179864,0.08533286,624.0678141944571,653.0310241540028,1277.09883834846,0.021739130434782608,0.03,1,ANOMALY
4d4cbd1bc2014b7a8927db1514127e87,3,1,TEST,0.00025395292,0.05359097,202.3108102990727,396.1615117551431,598.4723220542159,0.021739130434782608,0.03,1,ANOMALY
4d5526639ce24c25b42fb81691f49b7b,3,1,TEST,0.00036337235,0.042714264,301.7614166750194,308.14236208492025,609.9037787599397,0.021739130434782608,0.03,1,ANOMALY
4d5c6a58fce14058bbaafaf0530c4951,3,1,TEST,0.00021658654,0.032619562,168.3487511924401,226.4515371040576,394.8002882964977,0.021739130434782608,0.03,1,ANOMALY
4d61183378e94eadb66e4427f197abf6,3,1,TEST,0.0001590554,0.019582953,116.05907322117406,120.95349029069567,237.01256351186973,0.021739130434782608,0.03,1,ANOMALY
4d653436c00e460ebbc75f44416bed7b,1,1,TEST,0.0004712736,0.015122349,399.8321591493919,84.8562958739674,484.68845502335927,0.021739130434782608,0.03,1,ANOMALY
4d7f2c68cf3c4db6b53a1e441ac6378a,3,1,TEST,0.00030207486,0.024816474,246.04852775004937,163.30547334523945,409.3540010952888,0.021739130434782608,0.03,1,ANOMALY
4d827dfda4ee4b949e9d494c2a299257,3,1,TEST,0.00018494272,0.015574444,139.58788955158425,88.51484998678053,228.1027395383648,0.021739130434782608,0.03,1,ANOMALY
4da09489e48a4094bc2fdb47ebca5dac,3,1,TEST,0.00024746402,0.016869418,196.41309140478782,98.9943564039851,295.40744780877293,0.021739130434782608,0.03,1,ANOMALY
4daabd7031564779977d56e418e5ab38,3,1,TEST,0.00051796314,0.027070452,442.26797758140174,181.54566729140194,623.8136448728037,0.021739130434782608,0.03,1,ANOMALY
4dbfaaf0b5c245b59aef360423a3d763,3,1,TEST,0.00023960561,0.02018597,189.27063380241498,125.83337245140581,315.1040062538208,0.021739130434782608,0.03,1,ANOMALY
4dfd43924566481db8b3ae108c835279,3,1,TEST,0.00027288284,0.01854541,219.5160911404019,112.55723019078194,332.0733213311838,0.021739130434782608,0.03,1,ANOMALY
4dfd614337044240b33285eeb34194f5,3,1,TEST,0.0003771398,0.029053645,314.27456219908703,197.59454840411553,511.86911060320256,0.021739130434782608,0.03,1,ANOMALY
4e02e02f05ef4214bebff32e219ffa8e,3,1,TEST,0.00022564057,0.017750848,176.57790001588043,106.12728057181904,282.7051805876995,0.021739130434782608,0.03,1,ANOMALY
4e07507ff79d41fa96de46b6d3573999,3,1,TEST,0.00018051104,0.017828237,135.55996449966108,106.7535468305401,242.31351133020118,0.021739130434782608,0.03,1,ANOMALY
4e0c40ae83b142f0acacdfb56b447ed8,3,1,TEST,0.0002125992,0.03006343,164.72468386886632,205.76617840402045,370.4908622728868,0.021739130434782608,0.03,1,ANOMALY
4e1d940ad6204cf799cdc5651c3dd1c5,3,1,TEST,0.00014221229,0.017741535,100.75048038024286,106.05191562760902,206.80239600785188,0.021739130434782608,0.03,1,ANOMALY
4e27428d290e4c7ebbccae1c93920343,3,1,TEST,0.0001423003,0.018919107,100.830472095308,115.5813527674438,216.4118248627518,0.021739130434782608,0.03,1,ANOMALY
4e277fc839c24a84a8904b23b80281cf,3,1,TEST,0.00028525403,0.030433424,230.76018505582485,208.76033465528667,439.52051971111155,0.021739130434782608,0.03,1,ANOMALY
4e294bd61d524ce09a8cc6f2eeb4a6de,3,1,TEST,0.0002569036,0.014972624,204.99266410896163,83.6446544832399,288.63731859220155,0.021739130434782608,0.03,1,ANOMALY
4e2e0288a82d46609a6adcf14b310283,3,1,TEST,0.0005716053,0.12623928,491.0229869916642,984.0639953911586,1475.086982382823,0.021739130434782608,0.03,1,ANOMALY
4e336e23d47246ab894bdf66f17d65ea,3,1,TEST,0.00027442147,0.014785171,220.91454191361672,82.1277013116517,303.0422432252684,0.021739130434782608,0.03,1,ANOMALY
4e33b58fdbe44b83824879a4f5ab4ecc,3,1,TEST,0.0002380965,0.022062767,187.899013564693,141.02124974105814,328.9202633057512,0.021739130434782608,0.03,1,ANOMALY
4e3780956dfa4dfca359afe2e2e44e21,3,1,TEST,0.00022086561,0.014869536,172.23797001057068,82.81042046963283,255.04839048020352,0.021739130434782608,0.03,1,ANOMALY
4e52a8e935694027b754be306c406e44,3,1,TEST,0.00017165736,0.02387628,127.51291248468902,155.69700471465904,283.20991719934807,0.021739130434782608,0.03,1,ANOMALY
4e6592b6550a44cfba3858e59c6963e5,3,1,TEST,0.0002514236,0.013031789,200.0119278453914,67.93855317368838,267.9504810190798,0.021739130434782608,0.03,1,ANOMALY
4e7a1259ff594f6ea28b35561ec4bb7c,3,1,TEST,0.0004645742,0.03205145,393.74311817782933,221.85412175078343,615.5972399286128,0.021739130434782608,0.03,1,ANOMALY
4e7b728bd71d460fa07006d1814f5980,4,1,TEST,0.0010462855,0.12965462,922.4567252651655,1011.702447936874,1934.1591732020395,0.021739130434782608,0.03,1,ANOMALY
4e7cbebbc7564af1b08f7c4dd8abc851,3,1,TEST,0.00022105295,0.016986014,172.4082421148804,99.93790317034518,272.3461452852256,0.021739130434782608,0.03,1,ANOMALY
4e803a0ac76049c1884f574933deb2ef,3,1,TEST,0.00020035016,0.01443523,153.59161129187314,79.29582286842198,232.88743416029513,0.021739130434782608,0.03,1,ANOMALY
4ea9640f9c0f47ed9d1407efc4c25cc2,3,1,TEST,0.00031503284,0.018314954,257.8259512698702,110.69227758873491,368.5182288586051,0.021739130434782608,0.03,1,ANOMALY
4ebcdc4d6dcc461b980d38b8f668f1d2,3,1,TEST,0.00015654095,0.021367224,113.77370601352183,135.39260597528238,249.1663119888042,0.021739130434782608,0.03,1,ANOMALY
4eebd5fac79648c796adbaeae1362c4f,3,1,TEST,0.00021420771,0.014488394,166.18664811837644,79.72604963680827,245.9126977551847,0.021739130434782608,0.03,1,ANOMALY
4f3b46a715a24aebb6344d58c72fb5a7,3,1,TEST,0.00040086647,0.030383836,335.839577834628,208.3590464717275,544.1986243063556,0.021739130434782608,0.03,1,ANOMALY
4f65be1311bd4b06b3618dc1cc3088d6,3,1,TEST,0.00029999448,0.077755965,244.15768393471978,591.7154149024,835.8730988371198,0.021739130434782608,0.03,1,ANOMALY
4f8805f778c64e27b82b18a264da07cc,3,1,TEST,0.00021935385,0.0149668995,170.86394120512998,83.59832927942479,254.46227048455478,0.021739130434782608,0.03,1,ANOMALY
4fc19a60b4604e07a606d96fbbdf03c3,3,1,TEST,0.00016031641,0.020950267,117.20519698681726,132.01840420968836,249.22360119650563,0.021739130434782608,0.03,1,ANOMALY
4fc1d5e8a73a47609bfe3b8344d3974f,3,1,TEST,0.0004203215,0.029634027,353.52212773058557,202.291258062711,555.8133857932966,0.021739130434782608,0.03,1,ANOMALY
4fc53f68d8d14f93839f139829fba692,3,1,TEST,0.00030117348,0.021735456,245.22926934617038,138.37250333771595,383.60177268388634,0.021739130434782608,0.03,1,ANOMALY
501352731db04aa681abdbf094d9a144,3,1,TEST,0.00038743427,0.017523738,323.63113884931255,104.28940529215218,427.92054414146475,0.021739130434782608,0.03,1,ANOMALY
501a0f20ca62454cb7f141da1a84bb23,3,1,TEST,0.00023076539,0.01662922,181.23581549366696,97.0505671986422,278.2863826923092,0.021739130434782608,0.03,1,ANOMALY
5081d76855e048b0b5b5d4723695d8b1,3,1,TEST,0.00029053216,0.021257242,235.55744299283907,134.50258264293979,370.06002563577886,0.021739130434782608,0.03,1,ANOMALY
508d2fad58fe470cac0e382ab50735c5,3,1,TEST,0.00033069093,0.018041,272.05748716060873,108.47531979574535,380.5328069563541,0.021739130434782608,0.03,1,ANOMALY
509b8a0cff9f4eb3a978bdb65995086f,3,1,TEST,0.00027839595,0.017732352,224.5269208670537,105.9776027013038,330.5045235683575,0.021739130434782608,0.03,1,ANOMALY
50dc00edc234406fa3116b9e5ed8a835,3,1,TEST,0.00023324427,0.015611278,183.48885336027993,88.81292712143444,272.3017804817144,0.021739130434782608,0.03,1,ANOMALY
50efc810a4b5461c9387b14ccf712f79,3,1,TEST,0.00022021361,0.014648851,171.64537146242327,81.02453915179883,252.6699106142221,0.021739130434782608,0.03,1,ANOMALY
50f42546230945ffbca2b4a1c405e251,3,1,TEST,0.00039647316,0.038325213,331.8465270254846,272.6242064154334,604.4707334409179,0.021739130434782608,0.03,1,ANOMALY
50f46ae5ed21447ca5f99aab942f8a98,3,1,TEST,0.00019591731,0.034600753,149.5626228345798,242.48421714103742,392.0468399756172,0.021739130434782608,0.03,1,ANOMALY
510f7539eebc44b680af69a3a681b6cf,4,1,TEST,0.0004476511,0.032219864,378.36182294753263,223.2170028539925,601.5788258015251,0.021739130434782608,0.03,1,ANOMALY
5143a4a0d62c4bd5a65f51a46f6206db,3,1,TEST,0.00019721716,0.0138354115,150.7440480229378,74.4418243943924,225.1858724173302,0.021739130434782608,0.03,1,ANOMALY
51463a2e8d374489862e1e9534c3b870,3,1,TEST,0.00022373184,0.015843567,174.84306776617888,90.69271317593903,265.5357809421179,0.021739130434782608,0.03,1,ANOMALY
5150ceaabcc3494da48776aa32a9709f,3,1,TEST,0.00015294652,0.022902463,110.50675202668519,147.81644379167304,258.3231958183582,0.021739130434782608,0.03,1,ANOMALY
5155987c8bdf4d63ac726f2d7378cdab,3,1,TEST,0.00015288622,0.015136249,110.45194574991632,84.96878086532564,195.42072661524196,0.021739130434782608,0.03,1,ANOMALY
515f46cb72d14dbd99bc43cd975d3130,3,1,TEST,0.00030420106,0.019055992,247.98101706457552,116.68908715895981,364.6701042235353,0.021739130434782608,0.03,1,ANOMALY
51781eeb8c0641599a4ad418450fd893,3,1,TEST,0.00023710907,0.0158915,187.00154487696722,91.08060836232569,278.0821532392929,0.021739130434782608,0.03,1,ANOMALY
518889521019455a857729f9f1b9ab7e,6,0,TEST,3.122692e-05,0.0045881,-0.1233986498234309,-0.39153921455992835,-0.5149378643833593,0.8260869565217391,0.03,0,REFERENCE
51898cfbe0f7446aae1659e17e8fb441,3,1,TEST,0.00035920646,0.022068834,297.97506642081413,141.07034660743008,439.0454130282442,0.021739130434782608,0.03,1,ANOMALY
518ae8c15f1b48598d4115dd2c2a253f,3,1,TEST,0.00030430077,0.023494339,248.07164283334203,152.6061680179427,400.67781085128473,0.021739130434782608,0.03,1,ANOMALY
51bd2c9c94984ca09409d4a4264e6ed6,3,1,TEST,0.00027058582,0.018838461,217.42834464183505,114.92872941398507,332.35707405582014,0.021739130434782608,0.03,1,ANOMALY
51dafb15090245c7afcebd4a27683a21,3,1,TEST,0.0003449007,0.033370968,284.9726544481987,232.53224914841218,517.5049035966108,0.021739130434782608,0.03,1,ANOMALY
51e4c0f63a4d49dfbbfcaf2ee9927755,3,1,TEST,0.00022477447,0.020934459,175.79070737393187,131.89047883246596,307.6811862063978,0.021739130434782608,0.03,1,ANOMALY
51e51158b1384d249cbd5edca49e2f86,3,1,TEST,0.00021444986,0.019646661,166.40673667425665,121.46904380360579,287.87578047786246,0.021739130434782608,0.03,1,ANOMALY
51f1d40b354e49d488f702019a968b3f,3,1,TEST,0.0002542945,0.017672336,202.6212701335454,105.49192649688969,308.1131966304351,0.021739130434782608,0.03,1,ANOMALY
51f1d6d1a665404fadc7d9a24c09893a,3,1,TEST,0.00028153398,0.038380016,227.3790558701871,273.0676967018655,500.44675257205256,0.021739130434782608,0.03,1,ANOMALY
51f5046717914e3799ded2273590f1c4,3,1,TEST,0.00020887266,0.013383576,161.33765596455152,70.78537027116612,232.12302623571765,0.021739130434782608,0.03,1,ANOMALY
5226fb8efa0c4c56a2e2a70cdda9bb34,3,1,TEST,0.00019487983,0.013611076,148.61966402824243,72.62640160454734,221.24606563278977,0.021739130434782608,0.03,1,ANOMALY
522dfd53ca974ec498a8ef938eab3c5f,3,1,TEST,0.00021039642,0.015179417,162.72259149173726,85.31811554927906,248.04070704101633,0.021739130434782608,0.03,1,ANOMALY
525bac1b84d944388f9e28fde2e342c7,3,1,TEST,0.0002042841,0.022857163,157.16714370368146,147.4498560140811,304.61699971776255,0.021739130434782608,0.03,1,ANOMALY
526807f230a84bcf8782128121247284,3,1,TEST,0.0003029731,0.021602206,246.8649322284051,137.29418498530694,384.1591172137121,0.021739130434782608,0.03,1,ANOMALY
528d034e641b4bcc95df050e744991b6,3,1,TEST,0.0001575235,0.02024548,114.66673930107127,126.31495387843664,240.98169317950791,0.021739130434782608,0.03,1,ANOMALY
52aa1a519adc4cff9c83e09b1a744995,3,1,TEST,0.00014610322,0.021274976,104.28692128353,134.64609407004392,238.93301535357392,0.021739130434782608,0.03,1,ANOMALY
52ac0a0f636645d0af8ccc0c38cc597e,3,1,TEST,0.00039356638,0.014600068,329.2045736393129,80.62976538680394,409.8343390261168,0.021739130434782608,0.03,1,ANOMALY
52b03c7a76c340cfb4cb40d2685673f1,3,1,TEST,0.0002638993,0.016753405,211.3510102182789,98.0555275333057,309.4065377515846,0.021739130434782608,0.03,1,ANOMALY
52b234b5054840c7846fc6c00025c51d,3,1,TEST,0.00024039886,0.015853198,189.99161355443633,90.77065151779307,280.7622650722294,0.021739130434782608,0.03,1,ANOMALY
52c81b0558194cd1a4626386b05345b2,3,1,TEST,0.00023609855,0.01669191,186.08308983881705,97.55788260211328,283.64097244093034,0.021739130434782608,0.03,1,ANOMALY
52e6ba774e1c422c83f4a8e134ccc608,4,1,TEST,0.0019127352,0.12758702,1709.9672072632632,994.9705077834716,2704.937715046735,0.021739130434782608,0.03,1,ANOMALY
535dc978f1444d51ace9dd5cdde1efc4,3,1,TEST,0.0005945011,0.03741193,511.8328303025132,265.23351358358985,777.066343886103,0.021739130434782608,0.03,1,ANOMALY
536eab34843b4f6ba45f238b6733559a,3,1,TEST,0.00027908979,0.016987624,225.15754751835212,99.95093200747371,325.1084795258258,0.021739130434782608,0.03,1,ANOMALY
5374dab5d51844d2bacb41b18337a70d,3,1,TEST,0.00040593924,0.020465238,340.4501854068454,128.09333349936497,468.54351890621035,0.021739130434782608,0.03,1,ANOMALY
5388009d908c41009d2326adf7a71884,3,1,TEST,0.00021067243,0.017577022,162.97345518080806,104.72060315398905,267.6940583347971,0.021739130434782608,0.03,1,ANOMALY
538a50a575874322ba9e50341a5e5e69,3,1,TEST,0.00051339366,0.020106234,438.1148070081063,125.18811322328058,563.3029202313869,0.021739130434782608,0.03,1,ANOMALY
53ad0106972842528245ea933cc1f791,3,1,TEST,0.00022699556,0.014442036,177.80944159065692,79.35090005196042,257.16034164261737,0.021739130434782608,0.03,1,ANOMALY
53b8ae470e11424699eb05460bec99a8,3,1,TEST,0.0002373356,0.018765949,187.2074365167093,114.34193001158444,301.5493665282937,0.021739130434782608,0.03,1,ANOMALY
53b99e750991401981ea41d51942c8a1,3,1,TEST,0.00045718334,0.028337969,387.02561372144777,191.8029794346696,578.8285931561173,0.021739130434782608,0.03,1,ANOMALY
53e67a10382945b9a7603bcce37857f9,4,1,TEST,0.0011555981,0.116183504,1021.8102345507768,902.6881769407715,1924.4984114915483,0.021739130434782608,0.03,1,ANOMALY
540b53797332425faeefdf1d1880b05b,3,1,TEST,0.00029898837,0.041582018,243.24323711681092,298.97972312625836,542.2229602430693,0.021739130434782608,0.03,1,ANOMALY
540f5bb22e30455784e96114c66746f6,3,1,TEST,0.000287055,0.019737754,232.39707494425585,122.20620893438247,354.6032838786383,0.021739130434782608,0.03,1,ANOMALY
54182e05e5eb41948ec3d1824897b98b,3,1,TEST,0.00022038413,0.014901855,171.80035597842036,83.0719602132089,254.87231619162924,0.021739130434782608,0.03,1,ANOMALY
5419b5659e2a454f9ab27230e08d9b3c,3,1,TEST,0.0001852062,0.014448143,139.82736480536627,79.40032061614924,219.2276854215155,0.021739130434782608,0.03,1,ANOMALY
541e880a71864f6cae315a12c04fdf0b,3,1,TEST,0.00030006378,0.017641306,244.22067025279742,105.2408179154619,349.46148816825934,0.021739130434782608,0.03,1,ANOMALY
5431df7baac142a2b5b5a78f0a7271f6,3,1,TEST,0.00013457105,0.016317764,93.80540717465098,94.53012651745719,188.33553369210819,0.021739130434782608,0.03,1,ANOMALY
5434658bbd8442759944be13ab675bf9,3,1,TEST,0.00017506228,0.027118893,130.60762206836705,181.93767344006272,312.5452955084298,0.021739130434782608,0.03,1,ANOMALY
543b8d78c9aa47e4b10c04d8e69bd669,3,1,TEST,0.00032031297,0.018830115,262.62502699384197,114.86118986449759,377.48621685833956,0.021739130434782608,0.03,1,ANOMALY
5444daaf9eec437293ad898ec7eac09f,3,1,TEST,0.00015152953,0.016360376,109.21885905622597,94.87496180175629,204.09382085798225,0.021739130434782608,0.03,1,ANOMALY
54549e5f87054ad185b9beac99356d3c,3,1,TEST,0.00028856704,0.01607789,233.7713582398706,92.58895926443088,326.3603175043015,0.021739130434782608,0.03,1,ANOMALY
54658d8169aa4527b815bea6fa778212,3,1,TEST,0.00029937495,0.021892834,243.59459715782748,139.64607621325385,383.24067337108136,0.021739130434782608,0.03,1,ANOMALY
546b8bb00fb84b679bdcaf4a791a4ee8,3,1,TEST,0.00039076543,0.03519014,326.65880844999776,247.2537992706531,573.9126077206508,0.021739130434782608,0.03,1,ANOMALY
54738b80c9224208b88c23000f48be9b,3,1,TEST,0.00032191188,0.020741114,264.07826586595604,130.32584497245458,394.4041108384106,0.021739130434782608,0.03,1,ANOMALY
547da44182664812a1b10431153bed27,3,1,TEST,0.00017174182,0.017010933,127.58967762790456,100.13955881780242,227.729236445707,0.021739130434782608,0.03,1,ANOMALY
547e28713ed34f0c9913bd66ced203d1,3,1,TEST,0.00027267874,0.03328092,219.33058598138828,231.8035406231009,451.1341266044892,0.021739130434782608,0.03,1,ANOMALY
54a6791f6a254a59bc0785b367b29323,3,1,TEST,0.00024984282,0.023011105,198.57516721204712,148.69562324715085,347.270790459198,0.021739130434782608,0.03,1,ANOMALY
54c86bc77e7e4e5586a26c714c35f754,3,1,TEST,0.00022062124,0.015616117,172.01586371116764,88.8520864648289,260.86795017599655,0.021739130434782608,0.03,1,ANOMALY
54d38bae8033446cba96eabbf6d9fb3f,3,1,TEST,0.00023314869,0.01602216,183.40198132158065,92.13796728109314,275.5399486026738,0.021739130434782608,0.03,1,ANOMALY
55091e1db1b442149b57545cc15f8019,3,1,TEST,0.00016612359,0.013037641,122.48330501876617,67.98591016429474,190.4692151830609,0.021739130434782608,0.03,1,ANOMALY
552ad5fdae9b4a649a8395f93a717cc6,3,1,TEST,0.00023126276,0.012936613,181.6878718431947,67.16834658825586,248.85621843145054,0.021739130434782608,0.03,1,ANOMALY
5546c582a81f45bf862f52f817592ec2,3,1,TEST,0.00015360484,0.01896581,111.10509478161832,115.95929424596206,227.06438902758038,0.021739130434782608,0.03,1,ANOMALY
5552c3911fb9492b8017141379513fdf,3,1,TEST,0.00025954298,0.045160435,207.3915793789146,327.93786739396865,535.3294467728832,0.021739130434782608,0.03,1,ANOMALY
5560e6fd12cf49ecb5977f95b1c09e4f,3,1,TEST,0.00022626379,0.015610657,177.1443406097093,88.80790171282773,265.952242322537,0.021739130434782608,0.03,1,ANOMALY
55727f892b3b4e37841f1682437283a2,3,1,TEST,0.000739155,0.078165755,643.3078166888027,595.0316181116585,1238.3394348004613,0.021739130434782608,0.03,1,ANOMALY
557faeaf57684fa5ad053b66ac260691,3,1,TEST,0.00024852125,0.016220449,197.3740008573306,93.74261019126823,291.1166110485988,0.021739130434782608,0.03,1,ANOMALY
5587e1725f2f456a9072e6ab00c67409,3,1,TEST,0.00022855867,0.019765448,179.2301420762316,122.43032111788429,301.6604631941159,0.021739130434782608,0.03,1,ANOMALY
558e1438558d459dbb0023c095755eea,3,1,TEST,0.00042573846,0.031578243,358.4455673492552,218.02471993023246,576.4702872794877,0.021739130434782608,0.03,1,ANOMALY
55a583bf977b4b17b81cb459caeb537c,3,1,TEST,0.00023087588,0.021368288,181.33623913413444,135.4012163372108,316.73745547134524,0.021739130434782608,0.03,1,ANOMALY
55afce1b1ec643bdb187c92e3204072f,3,1,TEST,0.00031143,0.05295855,254.55135348887728,391.0436874217059,645.5950409105832,0.021739130434782608,0.03,1,ANOMALY
55b12361728e4fdb97546741fca7bfc1,3,1,TEST,0.00038068194,0.02575581,317.4939901459196,170.90699865764822,488.4009888035678,0.021739130434782608,0.03,1,ANOMALY
55b504ef2a3243b29cddf9327522dbb1,3,1,TEST,0.00019006814,0.01479033,144.24635036545803,82.169450237581,226.41580060303903,0.021739130434782608,0.03,1,ANOMALY
55d6eaf3d71640d68af86ae76f06e1b3,4,1,TEST,0.00055898586,0.038500737,479.5532602701407,274.044624805589,753.5978850757297,0.021739130434782608,0.03,1,ANOMALY
55e9879ffc584a8682215eafb2f95dff,4,1,TEST,0.0014656619,0.14645451,1303.6252003683676,1147.6546408483384,2451.279841216706,0.021739130434782608,0.03,1,ANOMALY
55ed75899a63429aa8bcbb29d6609f20,3,1,TEST,0.00043838416,0.041134555,369.9391616135308,295.35865322063745,665.2978148341683,0.021739130434782608,0.03,1,ANOMALY
5605aee62e50424cb00a791f995f1ba1,3,1,TEST,0.00020685437,0.019289246,159.5032453453177,118.57668242329609,278.0799277686138,0.021739130434782608,0.03,1,ANOMALY
56087477b36b4b9aa3f09020273b4e3a,3,1,TEST,0.0002568521,0.028081736,204.94585609480583,189.72942786699366,394.6752839617995,0.021739130434782608,0.03,1,ANOMALY
5621b0cc90414e60a1a82928eeed9db8,3,1,TEST,0.00028653533,0.028114127,231.92475027015195,189.99155026664005,421.916300536792,0.021739130434782608,0.03,1,ANOMALY
5621d234d68346848cadf6bd84f60712,4,1,TEST,0.0015377591,0.12921974,1369.1538752847687,1008.1832052719913,2377.33708055676,0.021739130434782608,0.03,1,ANOMALY
562fa561308d4676a5cb6e616c2c7a9d,3,1,TEST,0.00023876684,0.015542207,188.50828121924073,88.25397382372908,276.7622550429698,0.021739130434782608,0.03,1,ANOMALY
56e2cc279c4944f2a89bdf693cdc53dc,3,1,TEST,0.00027940594,0.024407372,225.44489419166013,159.99483773843096,385.43973193009106,0.021739130434782608,0.03,1,ANOMALY
56f3e7c137a24f259be1a2d03edde706,3,1,TEST,0.00033895025,0.07439426,279.5643292475487,564.5110006668643,844.075329914413,0.021739130434782608,0.03,1,ANOMALY
56f84694eb73465388b4620e19a540a5,3,1,TEST,0.0003098727,0.022106444,253.13593367441413,141.37470347973107,394.51063715414523,0.021739130434782608,0.03,1,ANOMALY
5713e8edbe9e4dc694b99653147b4949,3,1,TEST,0.00035782714,0.020606969,296.7214114676996,129.24028388139334,425.96169534909296,0.021739130434782608,0.03,1,ANOMALY
5722230499834dcfada5979f1d2d8bc8,3,1,TEST,0.00020774743,0.022623345,160.3149417554535,145.55769661052707,305.8726383659806,0.021739130434782608,0.03,1,ANOMALY
57326d66465e46e68802140ee91ba087,3,1,TEST,0.00032457424,0.024223117,266.4980675080508,158.50376420730058,425.0018317153514,0.021739130434782608,0.03,1,ANOMALY
5746431e0ed146b8b329039443465421,3,1,TEST,0.0003853929,0.025737213,321.77575096858914,170.7565034501454,492.5322544187345,0.021739130434782608,0.03,1,ANOMALY
575c540edb454d05896278a297c6d5fe,3,1,TEST,0.0003155828,0.031939156,258.32580632744566,220.94538868462647,479.2711950120721,0.021739130434782608,0.03,1,ANOMALY
577609cfecac438f8a91b1e31a751e7b,4,1,TEST,0.0009001166,0.12931001,789.6047652585638,1008.913710320186,1798.51847557875,0.021739130434782608,0.03,1,ANOMALY
579128c2b6774515adb73161ec083376,3,1,TEST,0.0002132794,0.016311703,165.3429132131146,94.48107820575777,259.82399141887237,0.021739130434782608,0.03,1,ANOMALY
57db8c9e51a74d85a75b81c8bb7f3e28,4,1,TEST,0.0005072462,0.06930148,432.5274207032071,523.2979564733816,955.8253771765887,0.021739130434782608,0.03,1,ANOMALY
57dc5eddf41f4b338783487e6c02c63a,3,1,TEST,0.00025464577,0.019292198,202.94053714582722,118.60057132218023,321.54110846800745,0.021739130434782608,0.03,1,ANOMALY
57e6d1b3de444d5daadcb4c1a662da9b,3,1,TEST,0.00022480871,0.017213177,175.82182788664437,101.77620734961937,277.59803523626374,0.021739130434782608,0.03,1,ANOMALY
57ecc283489941e3aa00db6df3ca2e9d,3,1,TEST,0.00037297964,0.018563544,310.493419904515,112.70397859605465,423.19739850056965,0.021739130434782608,0.03,1,ANOMALY
57fea4d9cb9946c1820e36a0065da2d2,3,1,TEST,0.00024153898,0.016170882,191.02786118743302,93.34149194906291,284.36935313649593,0.021739130434782608,0.03,1,ANOMALY
583a8ddf695c44ef94d5927fb199934c,3,1,TEST,0.00016108064,0.022878848,117.8998006500852,147.62534069304536,265.52514134313054,0.021739130434782608,0.03,1,ANOMALY
5846956f4fab48ae9f2ff508f00bee90,3,1,TEST,0.00016908822,0.021443678,125.17783789268375,136.01130579753436,261.1891436902181,0.021739130434782608,0.03,1,ANOMALY
584e889594ef450cbec79afb3784984b,4,1,TEST,0.0011649511,0.099400975,1030.3111152575602,766.8764769742692,1797.1875922318295,0.021739130434782608,0.03,1,ANOMALY
587cbcf1bda1420e95a39f9bd235b8bc,4,1,TEST,0.0008674865,0.068517305,759.9474801574828,516.9520630850114,1276.8995432424942,0.021739130434782608,0.03,1,ANOMALY
58861edbf89049d0aad0449191490020,3,1,TEST,0.00030536123,0.051966753,249.03548801182117,383.0176243300421,632.0531123418633,0.021739130434782608,0.03,1,ANOMALY
588a007bcdd247b4b73fabe061aae05b,4,1,TEST,0.0029724997,0.14071938,2673.180250327937,1101.2434143383834,3774.4236646663203,0.021739130434782608,0.03,1,ANOMALY
5893661e1cf7457899a3b956321e6acf,3,1,TEST,0.00021726702,0.014887227,168.9672350268624,82.95358392158381,251.9208189484462,0.021739130434782608,0.03,1,ANOMALY
5899c2b5d936450d9ef5caaf6c028f50,3,1,TEST,0.00029396077,0.030565942,238.67368426302883,209.83272933764715,448.50641360067596,0.021739130434782608,0.03,1,ANOMALY
58a0eb6941eb4969914c19bbd52750b4,3,1,TEST,0.00033662634,0.056818023,277.45214260333825,422.27626202978894,699.7284046331272,0.021739130434782608,0.03,1,ANOMALY
58a57dfd7c774c9aaf61967a154844af,3,1,TEST,0.0004298682,0.02078874,362.19906110420345,130.7112557780968,492.91031688230026,0.021739130434782608,0.03,1,ANOMALY
58ab14a6bab44f67a108d7f040dc124e,3,1,TEST,0.00029636812,0.022178197,240.8617089791065,141.9553607160568,382.8170696951633,0.021739130434782608,0.03,1,ANOMALY
58b9643aba2041ebbf326d9580de93a3,3,1,TEST,0.0003120288,0.01653473,255.09559890395496,96.28591203076883,351.3815109347238,0.021739130434782608,0.03,1,ANOMALY
58c853ecc5c24a81bebd6da6892397c8,3,1,TEST,0.00039828548,0.029148262,333.49373285489946,198.36023131255743,531.8539641674569,0.021739130434782608,0.03,1,ANOMALY
58cc43d50ff747409b02a2d1469b5f83,3,1,TEST,0.00037607775,0.02334348,313.3092718799766,151.3853497941073,464.6946216740839,0.021739130434782608,0.03,1,ANOMALY
58e33bccd20e4ba99d51b70440457213,3,1,TEST,0.00055872597,0.021551754,479.31704794394733,136.88590492890364,616.202952872851,0.021739130434782608,0.03,1,ANOMALY
590c6c6e038e4ef0b819e13f8e81cf71,3,1,TEST,0.00021837099,0.017744442,169.97062616060214,106.07544036644919,276.0460665270513,0.021739130434782608,0.03,1,ANOMALY
591c73d0c5844f3b98f1fdb50b60884a,3,1,TEST,0.0003940406,0.099060334,329.6355891048075,764.1198582734589,1093.7554473782664,0.021739130434782608,0.03,1,ANOMALY
593da6d2d5a346aabfdfc24c92915010,3,1,TEST,0.0002924187,0.0244079,237.27210689624707,159.99911054961348,397.27121744586054,0.021739130434782608,0.03,1,ANOMALY
59595530216f4a1dafbe75dcd5e7367b,3,1,TEST,0.0003860989,0.038802717,322.41742976458926,276.4883814739603,598.9058112385496,0.021739130434782608,0.03,1,ANOMALY
595d73a2fc1b4ad6baca38bf8c53c7bd,3,1,TEST,0.00029219122,0.01903186,237.0653518077002,116.49380026604923,353.55915207374943,0.021739130434782608,0.03,1,ANOMALY
599737d8374d4387bb4254d671f22a8d,3,1,TEST,0.00018303891,0.013237735,137.85752905779816,69.60515993845554,207.4626889962537,0.021739130434782608,0.03,1,ANOMALY
59a1513047da45eeaa3af46072b486b9,3,1,TEST,0.00026122772,0.033833846,208.9228285783101,236.2780641002049,445.20089267851495,0.021739130434782608,0.03,1,ANOMALY
59bf06c74cfd4cd2826ccb5244e131f4,3,1,TEST,0.00043108495,0.0587812,363.304957244477,438.16316475494665,801.4681219994236,0.021739130434782608,0.03,1,ANOMALY
59ce7868217747a5a05b69de3ab02b12,3,1,TEST,0.00021379082,0.0148991505,165.8077395160188,83.05007419456655,248.85781371058536,0.021739130434782608,0.03,1,ANOMALY
59d510bd4f424096982be7a38b4b66f9,3,1,TEST,0.0003108221,0.029215151,253.9988371431429,198.90152689435322,452.90036403749616,0.021739130434782608,0.03,1,ANOMALY
59e962a7f77548afb4bba87361ee42a6,3,1,TEST,0.00020315858,0.017179338,156.1441659154746,101.50236708900272,257.6465330044773,0.021739130434782608,0.03,1,ANOMALY
59ff065c1a104b88a1c3d64e5d49828a,3,1,TEST,0.0002351676,0.026303576,185.23695545477128,175.33976511637746,360.5767205711487,0.021739130434782608,0.03,1,ANOMALY
5a02dd80c1c04e90ba9f94854adc836d,3,1,TEST,0.00018462383,0.021291086,139.29805251014446,134.77646336578354,274.074515875928,0.021739130434782608,0.03,1,ANOMALY
5a5a3f475ce24b608ac050e946fde112,3,1,TEST,0.0005399914,0.02329761,462.2893194436927,151.01414932262512,613.3034687663178,0.021739130434782608,0.03,1,ANOMALY
5a6624cd4e634663a7638244484ba988,3,1,TEST,0.00019750957,0.020139467,151.00981756506016,125.45704946197183,276.466867027032,0.021739130434782608,0.03,1,ANOMALY
5a680dd0087c4c78a7a9dd67878921e4,3,1,TEST,0.00028628425,0.01710618,231.69654529550647,100.91033996685984,332.6068852623663,0.021739130434782608,0.03,1,ANOMALY
5a6b5dfe727746219decd800899d9fe2,3,1,TEST,0.00031918002,0.026538858,261.595296127088,177.2437718600285,438.83906798711644,0.021739130434782608,0.03,1,ANOMALY
5a7d5bc282204eceb0b74d8f2d701927,3,1,TEST,0.00053015124,0.08858186,453.3456621897997,679.3233793283133,1132.669041518113,0.021739130434782608,0.03,1,ANOMALY
5a7ee6f17794405788aa2cdada2bd0f4,3,1,TEST,0.00026458813,0.01691289,211.97708331324878,99.34615119134662,311.3232345045954,0.021739130434782608,0.03,1,ANOMALY
5a80d8996c4f43169c53fbec6aae39f6,3,1,TEST,0.00023032431,0.027534204,180.83492075805827,185.29855504049303,366.13347579855133,0.021739130434782608,0.03,1,ANOMALY
5a818adfd0154d68bda623253cc8317d,3,1,TEST,0.00024346705,0.025870323,192.78027143701365,171.83368886019542,364.6139602972091,0.021739130434782608,0.03,1,ANOMALY
5a848d736d524f01909b49169adb859d,3,1,TEST,0.00030516647,0.02558251,248.85847191789912,169.50457786610988,418.36304978400904,0.021739130434782608,0.03,1,ANOMALY
5a889c14503b4b088379fa7c45576eb7,3,1,TEST,0.00045324262,0.04118827,383.4439190118535,295.79333892645093,679.2372579383044,0.021739130434782608,0.03,1,ANOMALY
5ac0289667374782add91ce163986c73,3,1,TEST,0.00032618403,0.022026176,267.9611951412137,140.72513907064163,408.6863342118553,0.021739130434782608,0.03,1,ANOMALY
5ac1ee45a6d2433fac4fd7af2697a211,3,1,TEST,0.00042576456,0.021644391,358.4692894690507,137.63556479541106,496.1048542644618,0.021739130434782608,0.03,1,ANOMALY
5acb0f20d1c8497182ffd332dfe458dc,3,1,TEST,0.00025786652,0.017109767,205.86785581752318,100.93936756858663,306.8072233861098,0.021739130434782608,0.03,1,ANOMALY
5acb6e52310d43daacf50fb3dc7453c7,3,1,TEST,0.00040092427,0.041358486,335.89211187769996,297.17080261630946,633.0629144940094,0.021739130434782608,0.03,1,ANOMALY
5ace41494a0b4613b0998fdadabdc1b7,3,1,TEST,0.00028547287,0.014354479,230.95908730471527,78.64234980819398,309.60143711290925,0.021739130434782608,0.03,1,ANOMALY
5aee2a0030e14dd08646cc3dafd3bec1,3,1,TEST,0.00017368668,0.021294156,129.3573481989935,134.80130717322743,264.1586553722209,0.021739130434782608,0.03,1,ANOMALY
5afc920ac4bc4c5d9593cf6b5ca1542a,3,1,TEST,0.00036860415,0.015871748,306.516565577163,90.9207663803611,397.4373319575241,0.021739130434782608,0.03,1,ANOMALY
5b9026cd433a44a0b65e20b04c27441f,3,1,TEST,0.00027405616,0.02169552,220.5825140368932,138.04932343736468,358.63183747425785,0.021739130434782608,0.03,1,ANOMALY
5b942ef380b54cff9415fc8c00cd2f9e,3,1,TEST,0.000211776,0.014531628,163.97648275715628,80.0759184221595,244.05240117931578,0.021739130434782608,0.03,1,ANOMALY
5bb0c6246d604da196a4f3ee9908cae3,4,1,TEST,0.00054302905,0.07545734,465.05021971942887,573.1139175455057,1038.1641372649347,0.021739130434782608,0.03,1,ANOMALY
5bc01f70d0b24e499f366a6ceb8d5b7c,3,1,TEST,0.00025875441,0.016596407,206.6748532483738,96.78502978702797,303.4598830354018,0.021739130434782608,0.03,1,ANOMALY
5be8ccd576c24e6da4760260b2c89368,3,1,TEST,0.00026687657,0.014123255,214.0570315057679,76.77118220806325,290.82821371383113,0.021739130434782608,0.03,1,ANOMALY
5bebfe6351174585b70c5f7045e16700,3,1,TEST,0.00036199723,0.057847284,300.5115790745156,430.60550049672213,731.1170795712378,0.021739130434782608,0.03,1,ANOMALY
5bf88690454d4765be3e7d69ee941124,3,1,TEST,0.0014535262,0.16390745,1292.5951417782564,1288.8916052422844,2581.486747020541,0.021739130434782608,0.03,1,ANOMALY
5bfb4615a4c243a6b4545295c6b6c531,3,1,TEST,0.0003671048,0.04946416,305.1538161397936,362.76552706542435,667.919343205218,0.021739130434782608,0.03,1,ANOMALY
5c05d7614fe442b7a3de99441c18c00a,3,1,TEST,0.0007035228,0.050489977,610.9219424751552,371.06689515032605,981.9888376254812,0.021739130434782608,0.03,1,ANOMALY
5c17cf3e068e4b558e5bb69142ab7ee4,3,1,TEST,0.0002228714,0.016484367,174.06101946132006,95.87835220200803,269.9393716633281,0.021739130434782608,0.03,1,ANOMALY
5c56d41bcac2493aae95c00324839339,3,1,TEST,0.00021323183,0.021764286,165.29967715033027,138.60580853921653,303.9054856895468,0.021739130434782608,0.03,1,ANOMALY
5c9816e585f8420293ff94d15e282ea4,3,1,TEST,0.00028152045,0.023108741,227.36675854141959,149.48573724832013,376.8524957897397,0.021739130434782608,0.03,1,ANOMALY
5cb74ce053534da0ae6d8a2c66d1f7c3,3,1,TEST,0.0003505051,0.028506905,290.0664570605259,193.17008479438869,483.2365418549146,0.021739130434782608,0.03,1,ANOMALY
5cd95cb743ce4405b2092f9f51586270,3,1,TEST,0.00017631802,0.016088195,131.74895596537723,92.67235191449898,224.42130787987622,0.021739130434782608,0.03,1,ANOMALY
5cfecb33785240589008621ff961b7cc,3,1,TEST,0.00036727273,0.017448645,305.3064466216807,103.68171928811877,408.9881659097995,0.021739130434782608,0.03,1,ANOMALY
5d0c208d5b624d7594e9b57ce8a4f08b,3,1,TEST,0.00027031402,0.022721978,217.1813073943098,146.35587877978156,363.5371861740914,0.021739130434782608,0.03,1,ANOMALY
5d3356ebae4747ca95cfe8ce97c72d97,3,1,TEST,0.0003114421,0.019431118,254.56235109997021,119.7247738401289,374.28712494009915,0.021739130434782608,0.03,1,ANOMALY
5d4e3a757a1a4959a709493cc12c3e1b,3,1,TEST,0.00028396957,0.015173226,229.59274773810486,85.26801521967482,314.8607629577797,0.021739130434782608,0.03,1,ANOMALY
5d51531f758f44ce9369cc252b409589,3,1,TEST,0.00040143525,0.058035154,336.3565382674735,432.1258282180511,768.4823664855246,0.021739130434782608,0.03,1,ANOMALY
5d5b99b98c7a42d4aa9df259710af8a0,3,1,TEST,0.00026622292,0.033869073,213.46293328338055,236.5631366750665,450.026069958447,0.021739130434782608,0.03,1,ANOMALY
5d64806147874dbba33c06881228d981,3,1,TEST,0.0001544662,0.019105343,111.88797926847761,117.08845743295407,228.97643670143168,0.021739130434782608,0.03,1,ANOMALY
5d8cb7b85f5a449eb63780c9129b37bd,3,1,TEST,0.00032901842,0.029344516,270.53735372845836,199.94840609629986,470.48575982475825,0.021739130434782608,0.03,1,ANOMALY
5daa7004f15d4aba8133be9ed893d227,3,1,TEST,0.00043902014,0.024990872,370.5171996881486,164.71677964185054,535.2339793299991,0.021739130434782608,0.03,1,ANOMALY
5dc087966b524d0e971a5b79365e783e,3,1,TEST,0.00030884022,0.024951909,252.1975193354705,164.40147369089433,416.59899302636484,0.021739130434782608,0.03,1,ANOMALY
5de10019436d46b9832df661b3e18908,3,1,TEST,0.00035222157,0.029245576,291.62654545000225,199.14773954630098,490.7742849963032,0.021739130434782608,0.03,1,ANOMALY
5dfbcffed60c492d8416c3c8ef7116a9,3,1,TEST,0.00041181268,0.029156981,345.7885167206965,198.4307893441871,544.2193060648837,0.021739130434782608,0.03,1,ANOMALY
5e1114e57e2b4485b205eeffcf8ff89f,3,1,TEST,0.00044365763,0.10080555,374.7321841069341,778.2429235021107,1152.9751076090447,0.021739130434782608,0.03,1,ANOMALY
5e17518c84004b4ca5a61e1df05fca6d,3,1,TEST,0.00026362654,0.01673303,211.10310043301405,97.89064395784355,308.9937443908576,0.021739130434782608,0.03,1,ANOMALY
5e23c56ef3c54487bbeb2952f88ac452,3,1,TEST,0.00020575926,0.018255515,158.50790700779976,110.21127072532897,268.71917773312873,0.021739130434782608,0.03,1,ANOMALY
5e32c03551be4395b8c50c32c0ddc214,3,1,TEST,0.00023178838,0.027243245,182.1656044334972,182.9439852131116,365.1095896466088,0.021739130434782608,0.03,1,ANOMALY
5e7439aa86f74510b597ceadfba5aca3,3,1,TEST,0.0003137905,0.048215594,256.69679654547537,352.6615748553387,609.3583714008141,0.021739130434782608,0.03,1,ANOMALY
5e85df6178014633ac9f4c4d4f4f1a1d,3,1,TEST,0.00029013038,0.026515957,235.19226777094542,177.05844676743172,412.2507145383771,0.021739130434782608,0.03,1,ANOMALY
5e8c5b0b0e30458495ac3f0cff3a5518,4,1,TEST,0.00046219135,0.045063715,391.57736135198104,327.1551660728054,718.7325274247864,0.021739130434782608,0.03,1,ANOMALY
5ea5473a50384405a18a928bf13621b3,3,1,TEST,0.0002672774,0.027980436,214.42134327885674,188.90966314580018,403.33100642465695,0.021739130434782608,0.03,1,ANOMALY
5eb4165e35c24e42a433de3473a6b224,3,1,TEST,0.0003056926,0.019778293,249.33666804387576,122.53426857932287,371.87093662319865,0.021739130434782608,0.03,1,ANOMALY
5ef1117317834b2eb13485eb2a6f05c6,3,1,TEST,0.00023270624,0.01556702,182.99984140190608,88.45477167197166,271.45461307387774,0.021739130434782608,0.03,1,ANOMALY
5f0988109d2f4ca3a8ddae6eabf95e07,3,1,TEST,0.00045305135,0.023596896,383.27007495617227,153.43610494303098,536.7061798992032,0.021739130434782608,0.03,1,ANOMALY
5f1c135b0a8e401ba85e606c6f643984,4,1,TEST,0.0012152196,0.11471005,1075.9998270942906,890.7643308647455,1966.764157959036,0.021739130434782608,0.03,1,ANOMALY
5f2e1be8afc44ad4b9136ab7538e6ae5,3,1,TEST,0.00019917713,0.014621043,152.52545197449066,80.79950442951898,233.32495640400964,0.021739130434782608,0.03,1,ANOMALY
5f41dcf95779474598cf3eaceeca2bd2,3,1,TEST,0.0001999848,0.015593056,153.2595379704757,88.66546658096469,241.9250045514404,0.021739130434782608,0.03,1,ANOMALY
5f47dcf46c2b43fc9df3fbcd054b59ad,3,1,TEST,0.00033160584,0.043309554,272.8890428932553,312.95971391985876,585.848756813114,0.021739130434782608,0.03,1,ANOMALY
5f4d53d269d14905a9ccd0e0fd19ba6d,3,1,TEST,0.00030772027,0.016095053,251.1796040839403,92.72784990519934,343.90745398913964,0.021739130434782608,0.03,1,ANOMALY
5f60208a6fb34cf9ae299447daa077cc,4,1,TEST,0.0003060557,0.032120045,249.66668726601125,222.40922304446818,472.07591031047946,0.021739130434782608,0.03,1,ANOMALY
5f82619ede854b75accd75cae2512297,3,1,TEST,0.00016363458,0.02019986,120.22106006121344,125.94577651830981,246.16683657952325,0.021739130434782608,0.03,1,ANOMALY
5f8aab1cc2084b8f9bd1ca5703874e12,3,1,TEST,0.0002298747,0.02116202,180.4262731610758,133.7320038050179,314.1582769660937,0.021739130434782608,0.03,1,ANOMALY
5f8ab8ff2d1040ee97b18a40ac95b521,3,1,TEST,0.00025718482,0.015728883,205.24826313305678,89.76463916522478,295.0129022982816,0.021739130434782608,0.03,1,ANOMALY
5f8da9288a5f4e908806f0fe0c72875e,3,1,TEST,0.0001733427,0.018320857,129.04470702017176,110.74004729405775,239.7847543142295,0.021739130434782608,0.03,1,ANOMALY
5fa18a3635a84b908576b9ec82609b2d,3,1,TEST,0.00024849578,0.015188915,197.35085134042677,85.39497759589204,282.74582893631884,0.021739130434782608,0.03,1,ANOMALY
5fa98f36a1644fe1aaef97d3c7ad0780,3,1,TEST,0.0005391125,0.026308302,461.49049296521605,175.37801001343928,636.8685029786553,0.021739130434782608,0.03,1,ANOMALY
5fbc754a567d481ca9198b153bb6c879,3,1,TEST,0.00016172523,0.014581733,118.48566429755505,80.48139040000154,198.9670546975566,0.021739130434782608,0.03,1,ANOMALY
5fdbbae6d2e343e49ead36f2177a0d7e,3,1,TEST,0.00033531827,0.016266037,276.26324631058486,94.11152859314156,370.3747749037264,0.021739130434782608,0.03,1,ANOMALY
5fe0a834387b43f0972178e926fe63ff,4,1,TEST,0.0006093487,0.07198234,525.3277171176566,544.9926697059462,1070.3203868236028,0.021739130434782608,0.03,1,ANOMALY
604b879692c643fa941c23dd6c894acd,3,1,TEST,0.00040850276,0.020076463,342.7801520175001,124.9471930306384,467.7273450481385,0.021739130434782608,0.03,1,ANOMALY
607a20e4a92d4d93916a93905dc47e71,4,1,TEST,0.00057361036,0.04342776,492.8453729501741,313.9162895233474,806.7616624735215,0.021739130434782608,0.03,1,ANOMALY
60912ffcf9cc416681f3d9725c667498,3,1,TEST,0.0003139286,0.02516083,256.8223147348912,166.09215548079032,422.91447021568155,0.021739130434782608,0.03,1,ANOMALY
60bb7e1b3eee425caa3deefad313aa86,3,1,TEST,0.00018161614,0.017949346,136.56438268303177,107.73361480308722,244.297997486119,0.021739130434782608,0.03,1,ANOMALY
610c9ce4ecda4fee8dc02ebe3e007266,3,1,TEST,0.00030598175,0.024889821,249.59947459325744,163.89902993956696,413.4985045328244,0.021739130434782608,0.03,1,ANOMALY
6130619f4e8c4d7d9c10fe71b8b4da58,3,1,TEST,0.0003474491,0.017910538,287.28887858945455,107.41956318117136,394.7084417706259,0.021739130434782608,0.03,1,ANOMALY
61425e9101244007bc18a15d8b45ecb8,3,1,TEST,0.0002152682,0.013627956,167.15052056365994,72.76300208326151,239.91352264692145,0.021739130434782608,0.03,1,ANOMALY
615f6c442ee84b46ade2f525f4457d28,3,1,TEST,0.00020342866,0.019614441,156.38963986621638,121.20830521212648,277.59794507834283,0.021739130434782608,0.03,1,ANOMALY
616e9faefd6e4e7a99615448c81e759d,3,1,TEST,0.00036142478,0.024183167,299.99128300260304,158.18047101271338,458.1717540153164,0.021739130434782608,0.03,1,ANOMALY
6185e6e2fd1e42b0b3fda9d751683198,3,1,TEST,0.00028920243,0.017131463,234.34886006733592,101.11494126445052,335.46380133178644,0.021739130434782608,0.03,1,ANOMALY
61933c6db2744220b38371a1e39e9a13,3,1,TEST,0.00023078249,0.015967209,181.25135757215367,91.6932793127387,272.94463688489236,0.021739130434782608,0.03,1,ANOMALY
61957a8460a94bd99d66a6868fb5dc2f,3,1,TEST,0.00023649263,0.018447518,186.44126658092426,111.76504452358478,298.20631110450904,0.021739130434782608,0.03,1,ANOMALY
61b38bca28be4a779322152da7c5970f,3,1,TEST,0.00019386866,0.01931985,147.70061820933103,118.82434362297433,266.52496183230534,0.021739130434782608,0.03,1,ANOMALY
61bdf8f43f714beab2bd6222bebb207b,3,1,TEST,0.00024204966,0.022348847,191.49201490916295,143.33633652722827,334.82835143639124,0.021739130434782608,0.03,1,ANOMALY
61c60c01956e423eaf128cc1ede7351d,3,1,TEST,0.00015820395,0.020651175,115.28519586868923,129.59801852369424,244.88321439238348,0.021739130434782608,0.03,1,ANOMALY
61de9bce223442fe9acded20a53706ce,3,1,TEST,0.00020605075,0.017097918,158.77284036792167,100.84348018278779,259.6163205507095,0.021739130434782608,0.03,1,ANOMALY
620555e6d68c473bb6d1cbfd6fef4b75,3,1,TEST,0.00030143905,0.028086483,245.470644187323,189.7678427054093,435.2384868927323,0.021739130434782608,0.03,1,ANOMALY
62294363a62e4e31a922ccd810fd9951,3,1,TEST,0.00015823919,0.019850945,115.3172252748805,123.12220092408249,238.439426198963,0.021739130434782608,0.03,1,ANOMALY
6234f9ec4868431298b721c9e29627b6,3,1,TEST,0.0004739181,0.09935989,402.23572795395603,766.5439988541286,1168.7797268080847,0.021739130434782608,0.03,1,ANOMALY
62425ba532ce4ba38e0d4106ae74c31e,3,1,TEST,0.0002116022,0.0149476705,163.8185170705489,83.4427196464156,247.2612367169645,0.021739130434782608,0.03,1,ANOMALY
6249225ec7bd4e948712706c98d8b549,3,1,TEST,0.000276701,0.017803386,222.9863918652401,106.5524414693715,329.5388333346116,0.021739130434782608,0.03,1,ANOMALY
624a5ba6b9414332ac9a774f77b67361,3,1,TEST,0.00024062468,0.01613394,190.19685987980853,93.04254083030348,283.239400710112,0.021739130434782608,0.03,1,ANOMALY
6256bcb40b804469afd78125b2fef85a,3,1,TEST,0.00021986116,0.0153802,171.32503195583652,86.94294101833525,258.26797297417176,0.021739130434782608,0.03,1,ANOMALY
625f6d5baec24414b0c47e3b0621408b,3,1,TEST,0.00032865995,0.014779028,270.21154268312955,82.0779894194277,352.28953210255725,0.021739130434782608,0.03,1,ANOMALY
626bceffea914a20914fc09e3dcbe14b,3,1,TEST,0.00036838438,0.05646375,306.3168180573373,419.4093271129934,725.7261451703307,0.021739130434782608,0.03,1,ANOMALY
626d90bc61e6486e8ff213655f79d5f0,3,1,TEST,0.00035005924,0.017279645,289.6612178140888,102.31409601189272,391.9753138259815,0.021739130434782608,0.03,1,ANOMALY
629cf8de5d2e4930ab9a74c6e3813e9e,3,1,TEST,0.00031807984,0.017428333,260.5953496996327,103.51734553671817,364.1126952363509,0.021739130434782608,0.03,1,ANOMALY
62a25be889224789bc323d3658e5a184,3,1,TEST,0.00031166855,0.024950143,254.76817002823395,164.38718243228004,419.155352460514,0.021739130434782608,0.03,1,ANOMALY
62da2600c6d6434d84008392d59d74a6,3,1,TEST,0.0009202106,0.13380447,807.8680708206407,1045.2848825691033,1853.152953389744,0.021739130434782608,0.03,1,ANOMALY
62ef2c499d1b4ce8adf622de5d50adaf,3,1,TEST,0.00027693942,0.022284962,223.2030902484445,142.81935065147852,366.022440899923,0.021739130434782608,0.03,1,ANOMALY
63024d029c894753ae0a0061e39ba4a9,3,1,TEST,0.00027704544,0.02136676,223.29945113506201,135.3888510806068,358.68830221566884,0.021739130434782608,0.03,1,ANOMALY
630af64250644c03bb4729b5197fe804,3,1,TEST,0.00019529907,0.017321019,149.00070853027512,102.64891284876003,251.64962137903515,0.021739130434782608,0.03,1,ANOMALY
630f31ff2fbb496587ed89b06793efa5,3,1,TEST,0.00031987156,0.017547825,262.2238323233853,104.48432802501878,366.7081603484041,0.021739130434782608,0.03,1,ANOMALY
631763548e1149b2bfa5d057de96610c,3,1,TEST,0.00020542018,0.017761888,158.19971940702396,106.21662116927192,264.41634057629585,0.021739130434782608,0.03,1,ANOMALY
631ec9d3b782499683963a054a00d272,3,1,TEST,0.00023691861,0.0141694695,186.82843702500378,77.14517052699313,263.9736075519969,0.021739130434782608,0.03,1,ANOMALY
63404d94c4274bd1b4121a282e88d2ac,3,1,TEST,0.0004641458,0.04906703,393.35374821153124,359.5517742152015,752.9055224267327,0.021739130434782608,0.03,1,ANOMALY
6354238c925d4f7d8121b61430b7948e,3,1,TEST,0.00038570008,0.027034072,322.0549448673927,181.2512641269694,503.3062089943621,0.021739130434782608,0.03,1,ANOMALY
635eec3ada5f4469b392addeab00c602,3,1,TEST,0.00021106598,0.01438012,163.33115020937157,78.84984820124554,242.18099841061712,0.021739130434782608,0.03,1,ANOMALY
635fd36361684311ba2514acdef7ca85,3,1,TEST,0.00019647926,0.016626703,150.07337552496543,97.0301985135164,247.10357403848184,0.021739130434782608,0.03,1,ANOMALY
637a1f4aa6254418abe29415c78eba8e,3,1,TEST,0.00032522067,0.015946746,267.08560351952156,91.52768360207946,358.61328712160105,0.021739130434782608,0.03,1,ANOMALY
63a54e3ac86746179e57927e77007374,3,1,TEST,0.0003487789,0.0341591,288.4975251375012,238.9101643433151,527.4076894808163,0.021739130434782608,0.03,1,ANOMALY
63c3494bde514ed7b220ae34a8e721ff,3,1,TEST,0.0015981602,0.15493979,1424.0520411843188,1216.3213061341103,2640.3733473184293,0.021739130434782608,0.03,1,ANOMALY
63ddcebdc4924d3ea25b9e33ab6f74f5,3,1,TEST,0.00024962917,0.015532105,198.3809821203114,88.17222394008152,286.5532060603929,0.021739130434782608,0.03,1,ANOMALY
63dec4e1458742a5870b95fc6ac2c0c8,3,1,TEST,0.00014626977,0.015778605,104.43829749241642,90.16701173647043,194.60530922888685,0.021739130434782608,0.03,1,ANOMALY
63e1621864ce409f809d417cf4abcfd3,3,1,TEST,0.00023583705,0.017801587,185.84541419412292,106.5378831600583,292.3832973541812,0.021739130434782608,0.03,1,ANOMALY
63faa6bb436144cdbee9f8a3b092f5e5,3,1,TEST,0.00026192694,0.015181526,209.55834507652423,85.3351825166729,294.8935275931971,0.021739130434782608,0.03,1,ANOMALY
641329d064cd41c69446fa7ac5315e4d,4,1,TEST,0.0011452413,0.09079165,1012.3970065700206,697.2059842961926,1709.602990866213,0.021739130434782608,0.03,1,ANOMALY
6413d6a7e040441db493b54c0bd08731,3,1,TEST,0.0003139543,0.020717619,256.84567329729526,130.13571296727744,386.98138626457273,0.021739130434782608,0.03,1,ANOMALY
64160c11015a4815ab054049334ae516,3,1,TEST,0.000424579,0.0709756,357.39174171637944,536.8456812023496,894.2374229187291,0.021739130434782608,0.03,1,ANOMALY
641b7e6549004695b4f864632ecf5262,3,1,TEST,0.0003156718,0.014761134,258.4066978470547,81.93318320105618,340.3398810481109,0.021739130434782608,0.03,1,ANOMALY
6425c6d627294d3fbd4d3e8ccd688552,3,1,TEST,0.00020206186,0.01509875,155.14736425945583,84.66532225446646,239.8126865139223,0.021739130434782608,0.03,1,ANOMALY
643399d83be8435582ff79ef12b7d449,3,1,TEST,0.0005740122,0.063154995,493.21060270567654,473.55786207708377,966.7684647827602,0.021739130434782608,0.03,1,ANOMALY
64366186f4cb49adbd8a9beac3f66e39,3,1,TEST,0.0003015385,0.0162332,245.56103364378507,93.8457969628372,339.4068306066223,0.021739130434782608,0.03,1,ANOMALY
6447643bcaf848ae9c797cb7b744f3e9,3,1,TEST,0.00037350546,0.031215895,310.97133427351326,215.09243851665875,526.063772790172,0.021739130434782608,0.03,1,ANOMALY
6465e2b7ad384b5385b31f26387b70ae,3,1,TEST,0.00030312396,0.018484361,247.0020478986099,112.0631944902475,359.0652423888574,0.021739130434782608,0.03,1,ANOMALY
646bc33d2d2546c18ae752cc43fa1ae6,3,1,TEST,0.00023840912,0.014959928,188.18315184402098,83.5419127961691,271.7250646401901,0.021739130434782608,0.03,1,ANOMALY
6471638867ae445382e3ef3034abef6f,3,1,TEST,0.00034979603,0.017219927,289.421987961546,101.8308313562142,391.2528193177602,0.021739130434782608,0.03,1,ANOMALY
649362e27577460c824a9f279586fa67,3,1,TEST,0.00022436003,0.016131379,175.41402556059717,93.02181607757915,268.4358416381763,0.021739130434782608,0.03,1,ANOMALY
649622de06a34fc884b1d6c03a21f79b,3,1,TEST,0.00035418317,0.02160796,293.4094308979255,137.340748916262,430.7501798141875,0.021739130434782608,0.03,1,ANOMALY
64adeb96def44e4f99b5dc1054ae7b66,3,1,TEST,0.00023810261,0.015328075,187.90456690384815,86.52112230074185,274.42568920459,0.021739130434782608,0.03,1,ANOMALY
64fe817a294d4d8690594548b97cf6c0,3,1,TEST,0.00027169829,0.025203163,218.4394613701442,166.43473297281685,384.874194342961,0.021739130434782608,0.03,1,ANOMALY
6511649571a0452bb1e0d06cef214d5d,3,1,TEST,0.0004930906,0.04691824,419.66148817536134,342.1628084180311,761.8242965933924,0.021739130434782608,0.03,1,ANOMALY
654844e0dd4742f88212d2f35da4d5bc,3,1,TEST,0.00028696455,0.015235059,232.31486552910258,85.76839539741972,318.0832609265223,0.021739130434782608,0.03,1,ANOMALY
655a317d81644c108523dd608c95e4ad,3,1,TEST,0.00023238469,0.015229039,182.70758670381284,85.71967887598254,268.4272655797954,0.021739130434782608,0.03,1,ANOMALY
6589976b74304606ae70e150b80742e4,3,1,TEST,0.00018582589,0.014386728,140.39059700521514,78.90332308059052,219.29392008580567,0.021739130434782608,0.03,1,ANOMALY
6589a6097f8642c1bf8747f7b1c5334d,4,1,TEST,0.0005801718,0.06818742,498.80902297740784,514.2824867271544,1013.0915097045622,0.021739130434782608,0.03,1,ANOMALY
6592c29fc19e430c94eda1a7145267df,3,1,TEST,0.00027639046,0.014590288,222.70414408434792,80.5506212705821,303.25476535493,0.021739130434782608,0.03,1,ANOMALY
6592e946f5b140b8a980df5e8ad26780,3,1,TEST,0.00062819687,0.09959496,542.4586959170977,768.4462899993503,1310.904985916448,0.021739130434782608,0.03,1,ANOMALY
65b44828c2824870a189df9614d481bb,3,1,TEST,0.000342366,0.024010168,282.66888214760166,156.78048604724694,439.4493681948486,0.021739130434782608,0.03,1,ANOMALY
65ca5e7b0345479398d22386e72b335c,3,1,TEST,0.00019578394,0.021875674,149.44140371131843,139.50720984982166,288.94861356114006,0.021739130434782608,0.03,1,ANOMALY
65e3057ff28e4fcd84547cb1c6eed154,3,1,TEST,0.00035774327,0.03800836,296.64518257163655,270.0600908063088,566.7052733779453,0.021739130434782608,0.03,1,ANOMALY
6600b884b3ea438ca2127a9980192fe8,3,1,TEST,0.0004702295,0.02071017,398.8831834682251,130.07543234133303,528.9586158095582,0.021739130434782608,0.03,1,ANOMALY
661bff3a3c3440598501e91b109e56d9,3,1,TEST,0.00023057031,0.017251572,181.05850855383167,102.08691679157617,283.14542534540783,0.021739130434782608,0.03,1,ANOMALY
66578eccaf1c4ccba06840c5503e4165,3,1,TEST,0.00015183185,0.019625237,109.4936357327228,121.29567125289651,230.7893069856193,0.021739130434782608,0.03,1,ANOMALY
665ac6563202432bbde4a76b18538aef,3,1,TEST,0.00036943873,0.035976563,307.27510989666126,253.6178844763308,560.892994372992,0.021739130434782608,0.03,1,ANOMALY
667193f2213d45758e7aaf471bad9bfe,4,1,TEST,0.0019504279,0.12107948,1744.2258564898827,942.30859550553,2686.534451995413,0.021739130434782608,0.03,1,ANOMALY
667a78ad566e4be2a6f2ec7eb79c75ee,3,1,TEST,0.00022705537,0.014533858,177.86380250962117,80.09396457544933,257.9577670850705,0.021739130434782608,0.03,1,ANOMALY
668048b325524d2b9aaaa42e76eb6992,3,1,TEST,0.00022777518,0.015942236,178.51803312456286,91.49118667322867,270.0092197977915,0.021739130434782608,0.03,1,ANOMALY
6699c0664de6449cb93fc085dd82202b,3,1,TEST,0.00026833153,0.01761555,215.37943516161542,105.0323888911869,320.41182405280233,0.021739130434782608,0.03,1,ANOMALY
669e3d2fc97b4d4d92353c0ab2470c50,3,1,TEST,0.00032857415,0.018198457,270.13355962265246,109.74953197447155,379.883091597124,0.021739130434782608,0.03,1,ANOMALY
66aa889cf4094921abb5a847d4951b80,3,1,TEST,0.0002443944,0.033984695,193.6231338045359,237.4988013995861,431.121935204122,0.021739130434782608,0.03,1,ANOMALY
66e71d04d89644bfa472f0b8aad4e281,3,1,TEST,0.00033269508,0.02387936,273.87904602605295,155.7219294465571,429.60097547261006,0.021739130434782608,0.03,1,ANOMALY
67324a6b36bb48209821157a8065c739,3,1,TEST,0.00031916733,0.036824066,261.58376226884263,260.47625624835104,522.0600185171936,0.021739130434782608,0.03,1,ANOMALY
674a77db1c0848ccbb818f6f63ca948c,4,1,TEST,0.0005282393,0.065319665,451.6079123920314,491.07533590754684,942.6832482995783,0.021739130434782608,0.03,1,ANOMALY
674f91806f8d496b82d3d29f1c90e422,3,1,TEST,0.00044253253,0.015869398,373.7095880539883,90.90174913362067,464.61133718760897,0.021739130434782608,0.03,1,ANOMALY
675250a423a6495a8b1bb9a77b8f6677,3,1,TEST,0.00040460174,0.017620064,339.23454037901234,105.06891818981936,444.30345856883173,0.021739130434782608,0.03,1,ANOMALY
6755a8259bb34b799561d81731f713ac,3,1,TEST,0.0002821997,0.018227987,227.98412443686303,109.98850188776714,337.97262632463014,0.021739130434782608,0.03,1,ANOMALY
676aac693fb94f33b17acda579e58c9d,3,1,TEST,0.00026573945,0.021785824,213.02351055320753,138.78010362870384,351.80361418191137,0.021739130434782608,0.03,1,ANOMALY
67753edf14ea4562bb572be42ae9be42,3,1,TEST,0.00024839677,0.014414003,197.26086179709534,79.12404452946075,276.3849063265561,0.021739130434782608,0.03,1,ANOMALY
67777c5d1ffb4454be0d6095e404bfd4,3,1,TEST,0.00021250072,0.015270096,164.63517603907866,86.05193040765126,250.6871064467299,0.021739130434782608,0.03,1,ANOMALY
6786ebe648334430b5535691baba9d22,3,1,TEST,0.0003164144,0.017380891,259.0816421443772,103.13342374103344,362.21506588541064,0.021739130434782608,0.03,1,ANOMALY
67a141811b594e018490574693ec4721,3,1,TEST,0.00047532964,0.116515994,403.518667454956,905.3788341189514,1308.8975015739074,0.021739130434782608,0.03,1,ANOMALY
67ad64c53c5e4ab58d192aa3b0ebd68f,3,1,TEST,0.0011834236,0.09519028,1047.100650043838,732.8016575003716,1779.9023075442096,0.021739130434782608,0.03,1,ANOMALY
67b2dee631d6440c8ddef0d4319844f3,3,1,TEST,0.00035535818,0.060448814,294.47738982439586,451.6582400340025,746.1356298583984,0.021739130434782608,0.03,1,ANOMALY
67b75045c63643d5a2771919e9e25593,3,1,TEST,0.00041539382,0.02283634,349.0433915132005,147.2813470230701,496.3247385362706,0.021739130434782608,0.03,1,ANOMALY
67c704cc86a54d54b1542f192a02bce4,3,1,TEST,0.0002547411,0.024840416,203.02718196115677,163.49922267351994,366.52640463467674,0.021739130434782608,0.03,1,ANOMALY
67cbeb472d9944e09984ca81a148dae5,3,1,TEST,0.0003907347,0.018208971,326.63087815339566,109.83461594563273,436.4654940990284,0.021739130434782608,0.03,1,ANOMALY
6805ae51518f4e479d3971da312700ed,3,1,TEST,0.0003214843,0.016093973,263.6896411923106,92.71911006414416,356.40875125645476,0.021739130434782608,0.03,1,ANOMALY
68202b8939e2418f8be71439465435ba,3,1,TEST,0.00030988976,0.023802014,253.15143939716165,155.09601116298919,408.2474505601508,0.021739130434782608,0.03,1,ANOMALY
682f70d142da471c88b940b2c4068553,4,1,TEST,0.00033420065,0.027217152,275.24744878086017,182.73282903472958,457.9802778155897,0.021739130434782608,0.03,1,ANOMALY
6830f9ceb59a485681c6f5392493edc9,4,1,TEST,0.0013042705,0.16872492,1156.937609381438,1327.876718286786,2484.814327668224,0.021739130434782608,0.03,1,ANOMALY
6842386c04414b07a153f07cef7faeaf,3,1,TEST,0.00031833226,0.05695102,260.8247725915397,423.3525329935063,684.177305585046,0.021739130434782608,0.03,1,ANOMALY
6867f8cbfb9c4964bbbdab96690070c4,3,1,TEST,0.00032601831,0.0244109,267.8105733139146,160.02338788587784,427.8339611997924,0.021739130434782608,0.03,1,ANOMALY
688a65fcaf7a4fffa177cefa6bb497d5,3,1,TEST,0.00025547744,0.020996438,203.6964365853023,132.39204050724237,336.0884770925447,0.021739130434782608,0.03,1,ANOMALY
688d8a0a9f924222b60029e57f7839cb,3,1,TEST,0.00018863764,0.018065993,142.94617824410088,108.67757428416378,251.62375252826467,0.021739130434782608,0.03,1,ANOMALY
68c2f118564c4893a616b4f48172dce3,4,1,TEST,0.0007777667,0.06242052,678.4017390223968,467.61416322615986,1146.0159022485566,0.021739130434782608,0.03,1,ANOMALY
68e53fbf07254435850194357514b17d,3,1,TEST,0.00043655455,0.031589165,368.27624101586827,218.11310561912563,586.3893466349939,0.021739130434782608,0.03,1,ANOMALY
69096347174f4a51af35b6cb22c1007c,3,1,TEST,0.00014420622,0.01913318,102.56275035433424,117.31372683615113,219.8764771904854,0.021739130434782608,0.03,1,ANOMALY
6924b4ca1e744c8487895edc52aa26b2,3,1,TEST,0.00027071874,0.031591356,217.54915476303103,218.13083616704404,435.67999093007506,0.021739130434782608,0.03,1,ANOMALY
6940d203a4884147b93ae11dcbc76e6f,3,1,TEST,0.00023330396,0.014736949,183.54310521202675,81.73746740853825,265.280572620565,0.021739130434782608,0.03,1,ANOMALY
6942283e03ad493fb8ed048e3033fcfe,1,1,TEST,0.00028837574,0.016923312,233.597486917385,99.43049065752903,333.027977574914,0.021739130434782608,0.03,1,ANOMALY
69758e5157644a8ebf93475dfadccee0,3,1,TEST,0.00034850664,0.036204282,288.25006979897574,255.4606880552593,543.710757854235,0.021739130434782608,0.03,1,ANOMALY
697cab79cf2f4bc38b95e33c471b40e1,3,1,TEST,0.00038392437,0.045387775,320.44101362823494,329.7776039360824,650.2186175643174,0.021739130434782608,0.03,1,ANOMALY
697fe2a1a7564a59a816f66dc8e35f8d,3,1,TEST,0.00032848722,0.026218485,270.05454951254444,174.65117084302037,444.70572035556484,0.021739130434782608,0.03,1,ANOMALY
6998496f5d5e4e77b3d42878992483d7,3,1,TEST,0.0008106025,0.039711334,708.2459835120575,283.8413149554674,992.0872984675249,0.021739130434782608,0.03,1,ANOMALY
69a369ecdd0a43ac82e4c2c4409eff09,3,1,TEST,0.00021580802,0.022127023,167.64115944136077,141.5412379140592,309.18239735542,0.021739130434782608,0.03,1,ANOMALY
69e8ad909f424f588e09003380a13e00,3,1,TEST,0.0004774683,0.06738738,405.4624815822274,507.80820669217275,913.2706882744001,0.021739130434782608,0.03,1,ANOMALY
69ec8d9d5d24499e8be5aa1a5e7a6d44,3,1,TEST,0.00038703287,0.017076785,323.26630900694084,100.67246253369616,423.938771540637,0.021739130434782608,0.03,1,ANOMALY
6a10b285a1c9432da426d2ed61e95988,3,1,TEST,0.00015789838,0.016052859,115.00746528838648,92.3863972630864,207.39386255147286,0.021739130434782608,0.03,1,ANOMALY
6a43130f15ec4be3ad0f974bd2047e2d,3,1,TEST,0.00020845736,0.022751957,160.9601925028251,146.5984822010714,307.5586747038965,0.021739130434782608,0.03,1,ANOMALY
6a9f5792bb5a4f46a250ae8df3936de1,3,1,TEST,0.0003465374,0.03791804,286.4602404048748,269.3291811358429,555.7894215407177,0.021739130434782608,0.03,1,ANOMALY
6aa50a5c1a71494aad103a90b71b8df0,3,1,TEST,0.00022646198,0.031422466,177.3244742082635,216.76410305981435,394.08857726807787,0.021739130434782608,0.03,1,ANOMALY
6ace1719bcd94c53bf8781c12a9078b2,3,1,TEST,0.00045577728,0.041316725,385.74765495671136,296.832854003064,682.5805089597754,0.021739130434782608,0.03,1,ANOMALY
6b0648824de44da4a56580865535b494,3,1,TEST,0.00021768452,0.014290294,169.34669805424207,78.12293619881785,247.46963425305992,0.021739130434782608,0.03,1,ANOMALY
6b086cc4e62c4633a0e76f43c706831e,3,1,TEST,0.00022913472,0.014571538,179.75371016466767,80.39888791892982,260.15259808359747,0.021739130434782608,0.03,1,ANOMALY
6b0b87a8a7e54e87989ec544efa9caf3,3,1,TEST,0.0020811846,0.027697168,1863.0697684232364,186.6173323161552,2049.6871007393916,0.021739130434782608,0.03,1,ANOMALY
6b11175f211b46f8a8ddc0f08e022a62,3,1,TEST,0.00025027565,0.018831065,198.9685635764561,114.86887768764798,313.8374412641041,0.021739130434782608,0.03,1,ANOMALY
6b323a8b119340f3a504a808d14b080e,3,1,TEST,0.00027778454,0.018391857,223.97121430520886,111.31461091898113,335.28582522419,0.021739130434782608,0.03,1,ANOMALY
6b4049a77cef491e8d770e3ccccfb746,3,1,TEST,0.00037001385,0.029199773,307.7978327141621,198.77708126866204,506.5749139828241,0.021739130434782608,0.03,1,ANOMALY
6b56f7c40eff4aa49add403efa7da554,3,1,TEST,0.0007903896,0.1059612,689.874610515357,819.9647397392403,1509.8393502545973,0.021739130434782608,0.03,1,ANOMALY
6bac017b430b46e3aaef1c0919cfc1d2,3,1,TEST,0.00040992085,0.047327477,344.0690447707859,345.47453650497147,689.5435812757573,0.021739130434782608,0.03,1,ANOMALY
6baee55c76c147d09a3c7046e975719c,3,1,TEST,0.00013517146,0.016320717,94.35111590822946,94.55402350878676,188.90513941701622,0.021739130434782608,0.03,1,ANOMALY
6bf496a966544b3c902e5a4673fe1628,3,1,TEST,0.00026750407,0.021026175,214.62736216368586,132.63268555674023,347.2600477204261,0.021739130434782608,0.03,1,ANOMALY
6bfe8356594b4276a54c7090c3e1717d,3,1,TEST,0.0004213196,0.07131561,354.4292943117296,539.5971935700989,894.0264878818284,0.021739130434782608,0.03,1,ANOMALY
6c04849baab540a696b7e1bda913666c,3,1,TEST,0.0002510725,0.017182594,199.69281534500095,101.52871609129498,301.22153143629595,0.021739130434782608,0.03,1,ANOMALY
6c065881c42c4c3ea0837346d186392e,3,1,TEST,0.00033223364,0.028867247,273.45964621921684,196.08613276244697,469.54577898166383,0.021739130434782608,0.03,1,ANOMALY
6c3a6971158c4d8dab9e0e4777c05f20,3,1,TEST,0.00026337444,0.013191359,210.87396838702023,69.22986468959009,280.10383307661033,0.021739130434782608,0.03,1,ANOMALY
6c3c891a09f04c218aea3e44cbdb6baa,4,1,TEST,0.0009890692,0.11394178,870.4532033167501,884.5471478208035,1755.0003511375535,0.021739130434782608,0.03,1,ANOMALY
6c524d57f9b3463e8d39f8a65f9846f8,3,1,TEST,0.000445952,0.016005201,376.8175220377822,92.00072749919066,468.81824953697287,0.021739130434782608,0.03,1,ANOMALY
6c66af898ac14a7982e6df828e361386,3,1,TEST,0.00029809098,0.024375718,242.4276051979121,159.73867947106018,402.16628466897225,0.021739130434782608,0.03,1,ANOMALY
6c73bec1a6f04acaa50d450ed93665a8,3,1,TEST,0.00019497423,0.024563646,148.70546357263675,161.25947655422357,309.9649401268603,0.021739130434782608,0.03,1,ANOMALY
6c7fa5188e734c40bf2cc644db5d0fdb,3,1,TEST,0.00024498906,0.023180487,194.16361640061157,150.06633783752793,344.2299542381395,0.021739130434782608,0.03,1,ANOMALY
6c9e5ef595264192978dd78bf117e945,3,1,TEST,0.0003626078,0.017316993,301.06652216583825,102.61633266349325,403.6828548293315,0.021739130434782608,0.03,1,ANOMALY
6cbe8db47e4e4cd0a8e08edd8a6c5046,3,1,TEST,0.00030715138,0.043060564,250.6625436728121,310.94477593437045,561.6073196071825,0.021739130434782608,0.03,1,ANOMALY
6cefc311b6034c6daa560b015207c28e,3,1,TEST,0.0003094526,0.032296516,252.7541075239897,223.83730498043792,476.5914125044276,0.021739130434782608,0.03,1,ANOMALY
6d24f2caecad4a9787743d871b17b0a9,3,1,TEST,0.00028202494,0.01916068,227.82528621251606,117.53626908524117,345.36155529775726,0.021739130434782608,0.03,1,ANOMALY
6d2761e3b6284c1d9b5a1fb26832d5a6,3,1,TEST,0.00028630474,0.015956903,231.71516852288613,91.60987857022519,323.3250470931113,0.021739130434782608,0.03,1,ANOMALY
6d283cc23ec7479a901d2a84f4ba0475,3,1,TEST,0.00039168348,0.015446085,327.4932181081676,87.47611178492788,414.96932989309545,0.021739130434782608,0.03,1,ANOMALY
6d3a1ffd8b8c48c798c224c3b8c0f34c,4,1,TEST,0.0037436232,0.1281938,3374.0493707916635,999.8808418163027,4373.9302126079665,0.021739130434782608,0.03,1,ANOMALY
6d4d0ed33d1c4eb9924770c535bd7786,3,1,TEST,0.0003259072,0.03813577,267.7095861594903,271.0911492774565,538.8007354369468,0.021739130434782608,0.03,1,ANOMALY
6d5bc7fb8e1f432296f66d6ed0b37a85,3,1,TEST,0.00032528967,0.01794678,267.1483171695555,107.71284958813575,374.8611667576913,0.021739130434782608,0.03,1,ANOMALY
6d9047a0498641c9bf07fc87cae3df12,3,1,TEST,0.00026613934,0.03302274,213.3869679664263,229.71423306418941,443.1012010306157,0.021739130434782608,0.03,1,ANOMALY
6d9bc243bacc427590a873231a574da1,3,1,TEST,0.0003031777,0.04223134,247.0508918341581,304.23432597220904,551.2852178063672,0.021739130434782608,0.03,1,ANOMALY
6da5020f1e1a48c2ad3ac5c0ef8011c7,4,1,TEST,0.000513367,0.061287943,438.0905759079628,458.4488456680635,896.5394215760263,0.021739130434782608,0.03,1,ANOMALY
6da502e7c9914a329be9d815704bbb6a,3,1,TEST,0.00023257267,0.041033696,182.87844049994894,294.5424572678748,477.4208977678237,0.021739130434782608,0.03,1,ANOMALY
6ddf21099de54f2b9f07591fccb85c9f,4,1,TEST,0.00092411344,0.097906455,811.4153366452598,754.7821554429947,1566.1974920882544,0.021739130434782608,0.03,1,ANOMALY
6e05b6a1813144ae86b7677aab7dbdf4,3,1,TEST,0.0003078975,0.03006296,251.34068727517985,205.76237495467237,457.1030622298522,0.021739130434782608,0.03,1,ANOMALY
6e0a7471bc2a40ee99856f1226e0dd35,3,1,TEST,0.00025500217,0.01573668,203.26446678165502,89.82773596217586,293.09220274383085,0.021739130434782608,0.03,1,ANOMALY
6e164cb07ad34a3b87aa48366a6e04da,3,1,TEST,0.00016422354,0.016499247,120.75636196446021,95.99876778987932,216.75512975433952,0.021739130434782608,0.03,1,ANOMALY
6e36e5e9c9354c9e8ba79ba431d95b4b,3,1,TEST,0.0002297854,0.015983585,180.34510897342312,91.82580119896048,272.1709101723836,0.021739130434782608,0.03,1,ANOMALY
6e422515dae74df0835d639d1934f84e,3,1,TEST,0.00030533783,0.05028269,249.01421990441838,369.38943641624866,618.4036563206671,0.021739130434782608,0.03,1,ANOMALY
6e4bf67a625f47c9a02b5c5965c0d801,3,1,TEST,0.00034898872,0.036135957,288.68822916721336,254.90777172183837,543.5960008890518,0.021739130434782608,0.03,1,ANOMALY
6e56a6c450b44a52a443618a7ce2e91f,3,1,TEST,0.0002708832,0.015617519,217.69863138454684,88.86343207330975,306.5620634578566,0.021739130434782608,0.03,1,ANOMALY
6e619eb421a04956a760923bd0aa5a52,4,1,TEST,0.0011890474,0.07961658,1052.212085189653,606.7723402402424,1658.9844254298955,0.021739130434782608,0.03,1,ANOMALY
6e73f1c79c9b48688541c6a01dc2ab13,1,1,TEST,0.00020218335,0.023269232,155.25778572818962,150.78450190645503,306.04228763464465,0.021739130434782608,0.03,1,ANOMALY
6e96ff2300bd4897b0c52125aa53f03f,3,1,TEST,0.00022863148,0.017037302,179.29631861041966,100.35294851112081,279.64926712154045,0.021739130434782608,0.03,1,ANOMALY
6ecd00742a1244bfb63438d852e0e389,3,1,TEST,0.00027404746,0.015112139,220.574606663628,84.77367200621433,305.34827866984233,0.021739130434782608,0.03,1,ANOMALY
6ed05113a1084c59855b187ebe621e1d,3,1,TEST,0.00023930974,0.027770577,189.0017194888561,187.21139064209885,376.213110130955,0.021739130434782608,0.03,1,ANOMALY
6ed39af99dae441295cc7ff094a14e9c,3,1,TEST,0.00027493376,0.019775037,221.38015895384743,122.5079195770306,343.88807853087803,0.021739130434782608,0.03,1,ANOMALY
6ee6b3dde3264c31a07eefd214b185ad,3,1,TEST,0.00027070308,0.020818692,217.53492149115374,130.95364070336026,348.488562194514,0.021739130434782608,0.03,1,ANOMALY
6eea8227d1dc477f8b436e313748abac,3,1,TEST,0.00021273669,0.018451033,164.84964763326016,111.7934894692412,276.6431371025013,0.021739130434782608,0.03,1,ANOMALY
6f1f84bc2eb64730be3583fb0d9b9cad,3,1,TEST,0.00018960836,0.018142635,143.82845932179666,109.29779548615502,253.12625480795168,0.021739130434782608,0.03,1,ANOMALY
6f2e6015b5f34011bdd4fcf9943a7ad5,3,1,TEST,0.00023197825,0.01602577,182.33817603830818,92.1671810090646,274.5053570473728,0.021739130434782608,0.03,1,ANOMALY
6f37f5a0bee14ad38f67ec8d0f884133,3,1,TEST,0.00016012984,0.023246016,117.03562473048619,150.59662769355052,267.6322524240367,0.021739130434782608,0.03,1,ANOMALY
6f4a28c3eb4f476a8a2f32d7e3924c80,3,1,TEST,0.00037051857,0.021972734,308.25656943075865,140.29266260242818,448.54923203318685,0.021739130434782608,0.03,1,ANOMALY
6f6aa790fed4456db6ff8bf687e48eb0,4,1,TEST,0.0008507606,0.09770624,744.7454187211964,753.1619264829379,1497.9073452041343,0.021739130434782608,0.03,1,ANOMALY
6f838e804c0c4ef4a1a79962e559a832,6,0,TEST,3.181734e-05,0.0049526794,0.41323023790232893,2.5587996817272396,2.9720299196295685,0.2608695652173913,0.03,0,REFERENCE
6f93d14d25184c4a9cf4462efb751e9f,3,1,TEST,0.00017893886,0.015678214,134.13102035023405,89.35460304816502,223.48562339839907,0.021739130434782608,0.03,1,ANOMALY
6fa79cc963614f238e189d881cfb1199,3,1,TEST,0.00045485364,0.029962739,384.9081645839953,204.95134198208862,589.859506566084,0.021739130434782608,0.03,1,ANOMALY
6fe94bd5926844b3a92b76e806035e18,3,1,TEST,0.00080741924,0.088255055,705.35273925688,676.6787277023544,1382.0314669592344,0.021739130434782608,0.03,1,ANOMALY
6ffde0484e2e4782af36c92b7a3ef9c9,3,1,TEST,0.0002749933,0.02071052,221.43427447157242,130.07826469723054,351.51253916880296,0.021739130434782608,0.03,1,ANOMALY
6ffe265835454cd6ac5eea41126b4f20,3,1,TEST,0.0002492692,0.01767712,198.05380773476443,105.53064075578594,303.58444849055036,0.021739130434782608,0.03,1,ANOMALY
700a9ca53289483f85d9ec9f7d94b8f4,3,1,TEST,0.00022913233,0.017021075,179.75153790925344,100.22163239926684,279.97317030852025,0.021739130434782608,0.03,1,ANOMALY
70236359152f43929db096ea609215e3,3,1,TEST,0.0009999841,0.083141685,880.3736847479988,635.299060057644,1515.6727448056429,0.021739130434782608,0.03,1,ANOMALY
703ee51dd8ae4f37a6639da6894d9053,3,1,TEST,0.00015560222,0.019450659,112.92050043821138,119.88290831610955,232.8034087543209,0.021739130434782608,0.03,1,ANOMALY
70423f17b1c24d8ea1790fd504cd6fdb,3,1,TEST,0.00036279397,0.039199103,301.23573086477785,279.69611354478957,580.9318444095675,0.021739130434782608,0.03,1,ANOMALY
705a21448ba54d5ea07af9badead97a9,3,1,TEST,0.0004431136,0.07324947,374.2377187876877,555.2468500728357,929.4845688605235,0.021739130434782608,0.03,1,ANOMALY
706f2f20bd914ec58828a78c89c41685,4,1,TEST,0.0007994779,0.09752593,698.1349071183141,751.7027776489952,1449.8376847673094,0.021739130434782608,0.03,1,ANOMALY
7071358549234a8895ab79868d0e2258,3,1,TEST,0.00020823885,0.015614079,160.76159018878263,88.83559406105995,249.5971842498426,0.021739130434782608,0.03,1,ANOMALY
709591466d42495fb7d6e4bd1d684fc6,3,1,TEST,0.00028695725,0.024342155,232.3082306067077,159.46707272537986,391.77530333208756,0.021739130434782608,0.03,1,ANOMALY
70ae4d44c5004b17af3f67d0857d299c,3,1,TEST,0.00024980967,0.015820134,198.54503739322644,90.50308290237805,289.04812029560446,0.021739130434782608,0.03,1,ANOMALY
70de8991156c4c8a8c385ada786ea647,3,1,TEST,0.00020675056,0.014517063,159.4088931132883,79.95805195459599,239.36694506788427,0.021739130434782608,0.03,1,ANOMALY
70e86898c4c6480f89f261a000c4be6f,3,1,TEST,0.000498167,0.026345046,424.2753950309065,175.67535882800527,599.9507538589118,0.021739130434782608,0.03,1,ANOMALY
70ec3327b8d648e682e2e9c027dc8764,3,1,TEST,0.00013359947,0.01460994,92.92234444856345,80.70965400800456,173.631998456568,0.021739130434782608,0.03,1,ANOMALY
70f9bb6401334776bcb246f87e8d5585,3,1,TEST,0.0002392066,0.022159483,188.90797621545744,141.80391869243968,330.7118949078971,0.021739130434782608,0.03,1,ANOMALY
7132f72085f14788a89ef946ead0950c,4,1,TEST,0.00031945884,0.026655927,261.8487138068341,178.19114635307292,440.039860159907,0.021739130434782608,0.03,1,ANOMALY
71376e425f4d4d9f8d3612a74815bcff,3,1,TEST,0.0002454338,0.02027668,194.56783768635248,126.56743817558605,321.1352758619385,0.021739130434782608,0.03,1,ANOMALY
71376fd8f0924cc3be058f5e81050cb5,3,1,TEST,0.00047672447,0.056548793,404.786419345926,420.09753294897035,824.8839522948963,0.021739130434782608,0.03,1,ANOMALY
71440f0d14ae4839b5c3c02f8d14dbc8,3,1,TEST,0.00023753513,0.013809501,187.388788032525,74.23214508729976,261.62093311982477,0.021739130434782608,0.03,1,ANOMALY
7179f45002804a138b402bf15fdb6956,3,1,TEST,0.00021677108,0.024549713,168.5164783950093,161.14672451216643,329.66320290717573,0.021739130434782608,0.03,1,ANOMALY
719eb7b8d4a9444f8b1e5b4cbb69bf61,3,1,TEST,0.00015695131,0.015269251,114.1466795414632,86.04509229127014,200.19177183273334,0.021739130434782608,0.03,1,ANOMALY
71a73fd56d7b4a0dafc5d280433b2311,3,1,TEST,0.0002954082,0.013900679,239.98924395098126,74.96999807593728,314.95924202691856,0.021739130434782608,0.03,1,ANOMALY
71af9f7947f94109990252a36eccf89d,3,1,TEST,0.0004771885,0.036034998,405.2081731868721,254.09076652453356,659.2989397114056,0.021739130434782608,0.03,1,ANOMALY
71b5ef9d9c684d1d99d9e9ad08567c64,3,1,TEST,0.0002988295,0.033619706,243.09884120984128,234.54514783765427,477.64398904749555,0.021739130434782608,0.03,1,ANOMALY
71c0f9e6d2d84cc6a60cfea5bf55d226,3,1,TEST,0.00026806802,0.041342877,215.13993264102905,297.04448763572594,512.184420276755,0.021739130434782608,0.03,1,ANOMALY
7216d30d83b24c818a2a9c0a1507e256,3,1,TEST,0.00027333488,0.017100826,219.92694734853768,100.86701301407338,320.7939603626111,0.021739130434782608,0.03,1,ANOMALY
7232281f874646f6a7c2fcd0c8858224,4,1,TEST,0.0005815961,0.0644321,500.1035599591967,483.89276458705234,983.9963245462491,0.021739130434782608,0.03,1,ANOMALY
72365fd1f5e74176b0b469955088729b,3,1,TEST,0.00022433724,0.014993474,175.3933118782164,83.81338197027725,259.2066938484936,0.021739130434782608,0.03,1,ANOMALY
723a512e999644608f2b49f28f28c97f,3,1,TEST,0.00022802362,0.014368489,178.74383862042444,78.75572496854859,257.49956358897305,0.021739130434782608,0.03,1,ANOMALY
7242b0b53ef047ad8bc14fd9afa4e01d,3,1,TEST,0.00025757786,0.035273265,205.60549462594614,247.92648379631163,453.5319784222578,0.021739130434782608,0.03,1,ANOMALY
72439b7edf2648fa8b61ca535cfae81b,3,1,TEST,0.00023411382,0.0138061475,184.2791816847302,74.2050070715789,258.4841887563091,0.021739130434782608,0.03,1,ANOMALY
724515009f734a34a95b03f934b976a0,3,1,TEST,0.00019294006,0.02303004,146.85661972496035,148.84885370120614,295.70547342616646,0.021739130434782608,0.03,1,ANOMALY
724857d1fb464193ad8992f139e2e6af,3,1,TEST,0.0002224895,0.013929769,173.71391304178402,75.20540731324742,248.91932035503146,0.021739130434782608,0.03,1,ANOMALY
7249c1a38305467aa7b6855a61db1886,3,1,TEST,0.00014717416,0.019683043,105.2602916656665,121.7634631529292,227.0237548185957,0.021739130434782608,0.03,1,ANOMALY
725201688ff64796b564ebf162d30fae,3,1,TEST,0.0004428199,0.03202644,373.97077677297773,221.65172969079282,595.6225064637706,0.021739130434782608,0.03,1,ANOMALY
725f39f34fec4d589f06cf2da1c453b0,3,1,TEST,0.00037325197,0.02792809,310.740938865584,188.48605599776863,499.2269948633526,0.021739130434782608,0.03,1,ANOMALY
7279371525804567b52e6e5c40296bcc,3,1,TEST,0.00039482833,0.023072856,330.3515517648261,149.19533984437118,479.5468916091973,0.021739130434782608,0.03,1,ANOMALY
728199b8622949f3ab10d989836089f7,3,1,TEST,0.00023077014,0.019923193,181.24013273769103,123.70686392089185,304.94699665858286,0.021739130434782608,0.03,1,ANOMALY
7292ff9642994fab93323d1a7554f891,3,1,TEST,0.00022327807,0.015263635,174.43063917232482,85.99964511778323,260.43028429010803,0.021739130434782608,0.03,1,ANOMALY
729f00d5c178489fb3139182c1b990e4,3,1,TEST,0.0003331573,0.025251152,274.2991547698025,166.82308133614708,441.1222361059496,0.021739130434782608,0.03,1,ANOMALY
72b9ff1d9ee741e88ad1829bea886775,3,1,TEST,0.0002850357,0.030017074,230.56174634260856,205.39104500406347,435.95279134667203,0.021739130434782608,0.03,1,ANOMALY
72c089662ac342068abb3c526535d414,3,1,TEST,0.00042745957,0.03488106,360.009873004473,244.75258623978948,604.7624592442625,0.021739130434782608,0.03,1,ANOMALY
72c103adf1714b8bbf8199ea80f56f84,3,1,TEST,0.00028236693,0.028193934,228.13611869331504,190.63738405839018,418.7735027517052,0.021739130434782608,0.03,1,ANOMALY
72ced2f35ae148daadd574fb3de21a63,3,1,TEST,0.00013549681,0.016078373,94.64682440154199,92.59286791556944,187.23969231711143,0.021739130434782608,0.03,1,ANOMALY
730030f08ec34813b2a19ba6e1e5422e,3,1,TEST,0.00015396753,0.019294532,111.43474135742748,118.6194590897939,230.05420044722138,0.021739130434782608,0.03,1,ANOMALY
73026c1891d9469aba5c3c64a805cf67,3,1,TEST,0.00044941503,0.01696909,379.96504742151063,99.80094662403245,479.7659940455431,0.021739130434782608,0.03,1,ANOMALY
731610aeb2cc42e0afcf6635e93a7797,3,1,TEST,0.0005905198,0.081970334,508.21425269555107,625.8199660207762,1134.0342187163274,0.021739130434782608,0.03,1,ANOMALY
731d2ae47e10466c8623ad6b46243f40,3,1,TEST,0.00027336035,0.020801073,219.95009686544157,130.81105990747963,350.7611567729212,0.021739130434782608,0.03,1,ANOMALY
7332bfdcc2e74e12b474ff749b12f443,3,1,TEST,0.00036357265,0.032205563,301.94346803881376,223.10127279202024,525.044740830834,0.021739130434782608,0.03,1,ANOMALY
7356c519a13a44acb3dde48dfacb94ce,3,1,TEST,0.00026095333,0.024242658,208.67343729667488,158.66189868328124,367.3353359799561,0.021739130434782608,0.03,1,ANOMALY
7363dcfaa3434745810f5e9324faf5f2,3,1,TEST,0.0004713625,0.10727478,399.9129597796531,830.5948141959565,1230.5077739756096,0.021739130434782608,0.03,1,ANOMALY
7392f0fb641447c991d656c7360a7101,3,1,TEST,0.0003209896,0.039318834,263.2400115883711,280.6650301275459,543.9050417159169,0.021739130434782608,0.03,1,ANOMALY
73a43157be1c490dac519228d7960ceb,3,1,TEST,0.0001497649,0.02126917,107.61499835681283,134.5991093319269,242.21410768873974,0.021739130434782608,0.03,1,ANOMALY
73a9d01b051642e49046973046ac9347,3,1,TEST,0.00028718848,0.022931313,232.5183940457999,148.04991084208203,380.56830488788194,0.021739130434782608,0.03,1,ANOMALY
73b5a0c915ef42949c5562d512074c60,3,1,TEST,0.00018709232,0.013479713,141.5416469735132,71.56335369664862,213.10500067016181,0.021739130434782608,0.03,1,ANOMALY
73c9b91b2d884324bee848e70e5f8176,3,1,TEST,0.00029094066,0.016151031,235.92872597891,93.18084881500158,329.1095747939116,0.021739130434782608,0.03,1,ANOMALY
7416421d65204dbd90afcdbfd3d6fedf,3,1,TEST,0.0002165928,0.016773991,168.35444086561708,98.22211861475179,266.57655948036887,0.021739130434782608,0.03,1,ANOMALY
7419b87fdb744a448386ce07cb68f73d,3,1,TEST,0.00028125377,0.017278006,227.12437482850555,102.30083249384694,329.4252073223525,0.021739130434782608,0.03,1,ANOMALY
741ec30fb4fd482b83e3e4bde66cd177,3,1,TEST,0.00027564587,0.016093707,222.02739108900266,92.71695747366203,314.7443485626647,0.021739130434782608,0.03,1,ANOMALY
744ac0cfc7db4c4da7ad99ccc1e76b20,3,1,TEST,0.00018357714,0.015918529,138.34672279486776,91.29933906962223,229.64606186448998,0.021739130434782608,0.03,1,ANOMALY
746bc132bd594bcf887ceb57aa66ce78,3,1,TEST,0.0004427717,0.025940591,373.9269681073018,172.40232881507026,546.329296922372,0.021739130434782608,0.03,1,ANOMALY
746da4e53c644a42984cffd191184015,3,1,TEST,0.00013636416,0.01552199,95.43515316033901,88.09036885464349,183.5255220149825,0.021739130434782608,0.03,1,ANOMALY
748168790465473aaa6b65ac0cf9caa7,3,1,TEST,0.00015707628,0.02129528,114.26026395950305,134.81040308188113,249.07066704138418,0.021739130434782608,0.03,1,ANOMALY
748412ceca2543a09b58c2d0d877a974,3,1,TEST,0.00027414598,0.03360333,220.66415084915482,234.41262595143252,455.07677680058737,0.021739130434782608,0.03,1,ANOMALY
74879a1ede5e4f718a662d5dc9c14ed3,3,1,TEST,0.00021419297,0.014376065,166.1732510284996,78.81703333506154,244.99028436356116,0.021739130434782608,0.03,1,ANOMALY
74a8ce14158b47d3862f096f64d28e14,3,1,TEST,0.0004474041,0.017088888,378.1373262582805,100.77040540063203,478.90773165891255,0.021739130434782608,0.03,1,ANOMALY
74efae2511a14f68b402e5d435e1d9d0,3,1,TEST,0.00027641424,0.0238259,222.72575757127268,155.2893073143261,378.0150648855988,0.021739130434782608,0.03,1,ANOMALY
75129518f60b43f3b6103bce59b6cc8c,3,1,TEST,0.00039436878,0.066232376,329.9338697666649,498.46139986060933,828.3952696272743,0.021739130434782608,0.03,1,ANOMALY
7513b41495534c19be346bd17539719b,3,1,TEST,0.00016964658,0.0132335685,125.68532765548066,69.57144276460704,195.25677042008772,0.021739130434782608,0.03,1,ANOMALY
751e75b3dba545389afa1d23efe301b2,3,1,TEST,0.00032630717,0.01980477,268.0731162841874,122.74853225674677,390.8216485409342,0.021739130434782608,0.03,1,ANOMALY
755f696bc45b4f4483a093b541d703d9,3,1,TEST,0.00026686068,0.02757629,214.0425891883905,185.63913369850042,399.68172288689095,0.021739130434782608,0.03,1,ANOMALY
756a94bff33644e49f1bb1325d9ba8f7,3,1,TEST,0.0003496926,0.03291307,289.3279811090385,228.82673457481835,518.1547156838568,0.021739130434782608,0.03,1,ANOMALY
757e9a0a2c2c473c982bf5e8ba4430c5,3,1,TEST,0.00027393556,0.01749371,220.47290148335546,104.04640534103669,324.5193068243922,0.021739130434782608,0.03,1,ANOMALY
75b979d022c2455fa3126a968290c83e,3,1,TEST,0.00024064575,0.015902251,190.21601026540586,91.16761024305175,281.3836205084576,0.021739130434782608,0.03,1,ANOMALY
75c32c017a09442da9a1621b461d9f14,3,1,TEST,0.00044046185,0.05011937,371.8275605054026,368.06777823001653,739.895338735419,0.021739130434782608,0.03,1,ANOMALY
75e64833559e418b8ee5a3760b0b6f21,5,1,TEST,0.00025582948,0.015342147,204.01640344556273,86.63499919271258,290.65140263827533,0.021739130434782608,0.03,1,ANOMALY
76071c9010414f70aa1735479298e2de,3,1,TEST,0.00028567133,0.035132118,231.13946630450877,246.78425940240936,477.92372570691816,0.021739130434782608,0.03,1,ANOMALY
761658a4a462474c813828660cde21d1,3,1,TEST,0.00029542667,0.04311628,240.00603121353382,311.3956546234723,551.4016858370061,0.021739130434782608,0.03,1,ANOMALY
762f5eac3f504f8e972737503a811a0d,3,1,TEST,0.00061983813,0.12007542,534.8614916404999,934.1832947556628,1469.0447863961626,0.021739130434782608,0.03,1,ANOMALY
7657fcde99d244c9bcf0648061ec99ee,3,1,TEST,0.00031769922,0.031512663,260.24940666374954,217.49401735949343,477.74342402324294,0.021739130434782608,0.03,1,ANOMALY
766b5067cfb948bd9aa44d935127174d,3,1,TEST,0.0006474261,0.11829132,559.9360176655526,919.7455628792433,1479.681580544796,0.021739130434782608,0.03,1,ANOMALY
7693fe10b259466f8c71f8815887e903,3,1,TEST,0.00015659188,0.027510742,113.81999595839477,185.10869008601483,298.9286860444096,0.021739130434782608,0.03,1,ANOMALY
769b58f9a17640d091ebb3e9519870b6,3,1,TEST,0.00019453073,0.02937396,148.3023693148095,200.18668005928922,348.4890493740987,0.021739130434782608,0.03,1,ANOMALY
76a2352727da4b90904f348d2b815917,3,1,TEST,0.0003698478,0.034448415,307.64691095201505,241.2514301904237,548.8983411424388,0.021739130434782608,0.03,1,ANOMALY
76bfe78f190b47a0a525789a5ba079dc,3,1,TEST,0.00033287646,0.029136553,274.0439011252293,198.2654768691176,472.3093779943469,0.021739130434782608,0.03,1,ANOMALY
76d5fcf647da4fd8bfcb2e90e52f0680,3,1,TEST,0.0005086509,0.021058679,433.80414337281246,132.89572240271923,566.6998657755316,0.021739130434782608,0.03,1,ANOMALY
76d88dd3de2d47a7bc69327919b45999,3,1,TEST,0.00021998574,0.013795273,171.43826190541967,74.11700577384327,245.55526767926295,0.021739130434782608,0.03,1,ANOMALY
76e30622351845559ead12c422d53c76,3,1,TEST,0.0002813161,0.02945525,227.1810261590363,200.84451494759935,428.0255411066356,0.021739130434782608,0.03,1,ANOMALY
76f4c0b402504241a94e6e9521fb182c,3,1,TEST,0.00019877264,0.01417776,152.15781365126958,77.21226094575971,229.3700745970293,0.021739130434782608,0.03,1,ANOMALY
76f5d5d4591b4932bec83e38d7867327,3,1,TEST,0.00031690934,0.035603452,259.53148988275154,250.59850407268593,510.1299939554375,0.021739130434782608,0.03,1,ANOMALY
7707ef40991d4437adf007154e1ba81a,3,1,TEST,0.00022256767,0.016726613,173.7849612450182,97.83871473557407,271.6236759805923,0.021739130434782608,0.03,1,ANOMALY
770bedf0ad624572a39e8e999ed2f85b,3,1,TEST,0.00016773221,0.022473786,123.94536924655894,144.34739856573955,268.2927678122985,0.021739130434782608,0.03,1,ANOMALY
770f7f662f394be7879cf3bfc0b695b7,3,1,TEST,0.00021803853,0.015927702,169.66845543465567,91.37357107147322,261.0420265061289,0.021739130434782608,0.03,1,ANOMALY
771a470832664563b2a687a2af05cce2,3,1,TEST,0.00027548376,0.014637882,221.88005036716194,80.93577311797088,302.8158234851328,0.021739130434782608,0.03,1,ANOMALY
77211c42892c4f019373f54fe3dc4b7e,3,1,TEST,0.000457517,0.023245446,387.32887511956875,150.59201499966028,537.920890119229,0.021739130434782608,0.03,1,ANOMALY
77291ba01ca04c67951813be9d2a0082,3,1,TEST,0.00026178517,0.014964503,209.42949124804136,83.57893573397226,293.0084269820136,0.021739130434782608,0.03,1,ANOMALY
772e629cbb58452896b51478361683a9,3,1,TEST,0.0004595713,0.0791042,389.19601499297244,602.6259330551967,991.8219480481691,0.021739130434782608,0.03,1,ANOMALY
7733fcf6a62d457da354658221589b7c,3,1,TEST,0.00020614441,0.016998092,158.85796733114174,100.03564372614551,258.8936110572872,0.021739130434782608,0.03,1,ANOMALY
7734531546a745868229d5024fd58ab2,3,1,TEST,0.00043708406,0.045006044,368.75750920180315,326.68846665290465,695.4459758547077,0.021739130434782608,0.03,1,ANOMALY
77369b72807047a5979359631cf63769,3,1,TEST,0.00037464086,0.056773134,312.00329192929024,421.9130002472652,733.9162921765554,0.021739130434782608,0.03,1,ANOMALY
77605053a11946d196279c535abf81d4,3,1,TEST,0.00019552327,0.013537149,149.20448244821168,72.02815139187537,221.23263384008703,0.021739130434782608,0.03,1,ANOMALY
777eaed1274c46e48e10212415164e95,3,1,TEST,0.00017272955,0.018469598,128.48741898367393,111.94372571849054,240.4311447021645,0.021739130434782608,0.03,1,ANOMALY
777f4928190842778bed75299ed05e62,3,1,TEST,0.00030384294,0.02776682,247.65552413196423,187.18098732465043,434.83651145661463,0.021739130434782608,0.03,1,ANOMALY
7781fa97467a4a1d8d5e28758dc3047d,3,1,TEST,0.00042460358,0.04527983,357.41408231808714,328.9040649150634,686.3181472331505,0.021739130434782608,0.03,1,ANOMALY
7787cd8a9a0d4aeeb242234207b7ea3b,6,0,TEST,3.1885153e-05,0.0047332477,0.47486503137705516,0.7830606257399374,1.2579256571169926,0.3695652173913043,0.03,0,REFERENCE
77a2fb22836a4ba0b32a545a094d3fc5,3,1,TEST,0.0002508672,0.024376938,199.50621951381285,159.74855225447436,359.25477176828724,0.021739130434782608,0.03,1,ANOMALY
77a656f2c5b04616bf99100de5f3a795,3,1,TEST,0.0001488209,0.020751597,106.75700291286935,130.4106780778077,237.16768099067704,0.021739130434782608,0.03,1,ANOMALY
77c03b6c5a3347329fc5d24bab3514ab,4,1,TEST,0.0028311932,0.18101408,2544.7476939724274,1427.326074862326,3972.0737688347535,0.021739130434782608,0.03,1,ANOMALY
77cf1c7006fb42088e6e4deb0085ca67,3,1,TEST,0.00076173333,0.07932351,663.8291135869516,604.4006872605763,1268.229800847528,0.021739130434782608,0.03,1,ANOMALY
77e4594dfc574b36a741eb6061feefab,3,1,TEST,0.00030607538,0.020606799,249.68457428967312,129.2389081656717,378.9234824553448,0.021739130434782608,0.03,1,ANOMALY
77ea2348706b49e0b74920900a4c4e78,3,1,TEST,0.00018020743,0.015796807,135.28401535057665,90.31431042803176,225.5983257786084,0.021739130434782608,0.03,1,ANOMALY
7826cbc9e134476f92e52cb0955a306e,3,1,TEST,0.00038324646,0.03868072,319.8248656500531,275.50112740987896,595.325993059932,0.021739130434782608,0.03,1,ANOMALY
78302e85928c46229ae617a4a9ec03f3,3,1,TEST,0.00027648755,0.013707055,222.7923885522001,73.40310642365326,296.19549497585336,0.021739130434782608,0.03,1,ANOMALY
78525b38c9b84cc1a0ef5b889181de25,4,1,TEST,0.0013321426,0.10220867,1182.270379310609,789.597595521864,1971.867974832473,0.021739130434782608,0.03,1,ANOMALY
785456e5ca2d41069f45e18f9967960d,3,1,TEST,0.00037461237,0.024536377,311.97739755408054,161.03880366002588,473.01620121410645,0.021739130434782608,0.03,1,ANOMALY
7871d6a12ef24866b5723e6cfb9c1d19,3,1,TEST,0.0003949973,0.016220232,330.50512749593116,93.74085413061177,424.2459816265429,0.021739130434782608,0.03,1,ANOMALY
787910d045954ec3bc474173fd29ba7f,3,1,TEST,0.00018213216,0.015466796,137.03338989593826,87.64371442205166,224.67710431798992,0.021739130434782608,0.03,1,ANOMALY
7883883c741746c9bcb4f72a97fa3d0f,3,1,TEST,0.00016876329,0.013846312,124.88251113463231,74.53003609570895,199.41254723034126,0.021739130434782608,0.03,1,ANOMALY
78eb89f6d1a749f8b347eefec8f92a2f,3,1,TEST,0.00040412165,0.020116063,338.7981897087975,125.26765386932807,464.06584357812557,0.021739130434782608,0.03,1,ANOMALY
78ec4b80dcb64473b16c30ec585a7994,3,1,TEST,0.00025769306,0.02456892,205.71019915469856,161.30215611137632,367.0123552660749,0.021739130434782608,0.03,1,ANOMALY
78f66d7173c340d39479d5176864d360,3,1,TEST,0.0010492211,0.16196494,925.1248729613947,1273.171949086652,2198.2968220480466,0.021739130434782608,0.03,1,ANOMALY
79025f854b6a4954bc7692b08598c89f,4,1,TEST,0.0013111883,0.1151143,1163.2251526887603,894.0357019263691,2057.2608546151296,0.021739130434782608,0.03,1,ANOMALY
794e2f8da8bc41bf92c8bdbf6e148f34,3,1,TEST,0.00030694512,0.037183613,250.47507530388438,263.3858707222992,513.8609460261836,0.021739130434782608,0.03,1,ANOMALY
7962d5e7f3bd4b76a9f5527e75b8222b,3,1,TEST,0.000451405,0.032925423,381.77371817742613,228.92670055310958,610.7004187305357,0.021739130434782608,0.03,1,ANOMALY
796fe07aba36440586ba9c28e6d1832d,3,1,TEST,0.00026957825,0.01600966,216.51257083944722,92.03681171332492,308.54938255277216,0.021739130434782608,0.03,1,ANOMALY
7996e1c458aa42e187bcf7e46321e63a,3,1,TEST,0.0003671812,0.020837586,305.22325560157043,131.10653936715326,436.3297949687237,0.021739130434782608,0.03,1,ANOMALY
799a313119a74a1ab1750374c8d9d309,3,1,TEST,0.00035134805,0.02764324,290.8326088184413,186.1809229194669,477.01353173790824,0.021739130434782608,0.03,1,ANOMALY
79b58ad5f68f4f969d886f6a13b1e506,3,1,TEST,0.00030438456,0.01527494,248.1477990179268,86.09113021327279,334.23892923119956,0.021739130434782608,0.03,1,ANOMALY
79c7271884fe4d7d911cbd1c52ed9da9,4,1,TEST,0.00067235105,0.09918624,582.5901421788146,765.1387457066927,1347.7288878855074,0.021739130434782608,0.03,1,ANOMALY
79cf5ae784554cab90f1a0d240d47fad,3,1,TEST,0.00032995272,0.021648653,271.38653290565793,137.67005479779732,409.05658770345525,0.021739130434782608,0.03,1,ANOMALY
79f56519acd14e66a8a9a7ebdff3860c,1,1,TEST,0.00027732394,0.027775371,223.5525779688949,187.2501858254493,410.8027637943442,0.021739130434782608,0.03,1,ANOMALY
7a026e4bb9414ab89a92dd58adb5a4af,3,1,TEST,0.00022825721,0.015421311,178.9561470481265,87.27562954205672,266.23177659018324,0.021739130434782608,0.03,1,ANOMALY
7a082c5ddccf4a61a67510770e014033,3,1,TEST,0.00013563232,0.015587879,94.7699885568479,88.62357199101783,183.39356054786572,0.021739130434782608,0.03,1,ANOMALY
7a15b8926b8e49e49925fca9a76ba87c,4,1,TEST,0.0006603828,0.058574297,571.7122778017207,436.4888135199111,1008.2010913216318,0.021739130434782608,0.03,1,ANOMALY
7a1badd7539042a093673d6b5a9146a7,4,1,TEST,0.0008395196,0.078489795,734.5285471265261,597.6538941260271,1332.1824412525532,0.021739130434782608,0.03,1,ANOMALY
7a2267e052304e81b29b49dae9aba1a1,3,1,TEST,0.0005415785,0.025136596,463.7318242838227,165.8960431584468,629.6278674422695,0.021739130434782608,0.03,1,ANOMALY
7a2a4c6894bc48d9be64b069cfa0b509,3,1,TEST,0.0003764407,0.031527046,313.6391547680903,217.61041100199023,531.2495657700805,0.021739130434782608,0.03,1,ANOMALY
7a335e7eb7074151947f477184ed3504,3,1,TEST,0.00059856876,0.09965051,515.5298999503003,768.8958253425121,1284.4257252928123,0.021739130434782608,0.03,1,ANOMALY
7a4b278225f84026acafa6f4ad0b5bfb,3,1,TEST,0.0004044366,0.015823513,339.0844457099309,90.53042727545717,429.61487298538805,0.021739130434782608,0.03,1,ANOMALY
7a51340b02c343ab83416a15b05c4d9d,3,1,TEST,0.000299557,0.017719422,243.7600612156346,105.87296738200435,349.63302859763894,0.021739130434782608,0.03,1,ANOMALY
7a920069e8bb4683adefdd044c54f562,3,1,TEST,0.0003228622,0.019046664,264.9420055166853,116.61360082806847,381.55560634475376,0.021739130434782608,0.03,1,ANOMALY
7aa89dd1607b4a0091c686fb7912d0ba,4,1,TEST,0.00043121428,0.068040065,363.4225044380843,513.0900244320758,876.51252887016,0.021739130434782608,0.03,1,ANOMALY
7ade3cb522b9417eb8d26c755849f235,3,1,TEST,0.00015257968,0.019784132,110.17333354293919,122.58152036813875,232.75485391107793,0.021739130434782608,0.03,1,ANOMALY
7adea6b8f81b4d619133195b2f6dc372,3,1,TEST,0.00013506146,0.015996583,94.25113762556656,91.93098680454857,186.18212443011512,0.021739130434782608,0.03,1,ANOMALY
7ae1cc0130f64d41bb9c7ed0cabdefb8,3,1,TEST,0.00027157122,0.027258912,218.32396827579896,183.07076955552955,401.3947378313285,0.021739130434782608,0.03,1,ANOMALY
7b0ded98339c49d084738ffb62502ba0,3,1,TEST,0.00016039363,0.019142227,117.27538174124663,117.38693918987906,234.6623209311257,0.021739130434782608,0.03,1,ANOMALY
7b32aa04cebf4fec89aebc9c883da480,3,1,TEST,0.00033090048,0.021732483,272.24794578908154,138.34844449747797,410.59639028655954,0.021739130434782608,0.03,1,ANOMALY
7b368f51b3ed41879023734cefeb8cf5,3,1,TEST,0.0002388757,0.014900002,188.60722336333785,83.05696491184294,271.6641882751808,0.021739130434782608,0.03,1,ANOMALY
7b42e66769c242e38a709ec90dfa3dae,3,1,TEST,0.00031577807,0.01608094,258.50328595704184,92.6136412229663,351.11692718000813,0.021739130434782608,0.03,1,ANOMALY
7b52f2b8317b4bd7bc24ab290ddb4941,3,1,TEST,0.0001631548,0.021279903,119.78499114797697,134.6859655486354,254.47095669661238,0.021739130434782608,0.03,1,ANOMALY
7b63a0c0bd3241d597f26293c1e06832,3,1,TEST,0.00023988434,0.017716695,189.52396968174799,105.85089928334007,295.37486896508807,0.021739130434782608,0.03,1,ANOMALY
7b80d5c882084cc3b74126a3f7771e4e,3,1,TEST,0.00028069186,0.017699221,226.61365849385908,105.70949189204555,332.3231503859046,0.021739130434782608,0.03,1,ANOMALY
7ba561e521594b2698e2003d2026cd14,3,1,TEST,0.0001928873,0.018095886,146.8086665050213,108.91948175514736,255.72814826016867,0.021739130434782608,0.03,1,ANOMALY
7bb1696114094086bfb3edd4120b5d1d,3,1,TEST,0.00039638113,0.0634811,331.7628815586349,476.19684899124763,807.9597305498826,0.021739130434782608,0.03,1,ANOMALY
7bdb15e5943f42b1be9c9c49490b5735,3,1,TEST,0.00031759698,0.014801954,260.1564813944817,82.26351682316002,342.4199982176417,0.021739130434782608,0.03,1,ANOMALY
7befd80c1db34e7999b641e31adfcdec,3,1,TEST,0.00038124825,0.021637542,318.00870561187264,137.5801396367195,455.5888452485922,0.021739130434782608,0.03,1,ANOMALY
7c049f1afb8f4487afb67f6d460b9de1,3,1,TEST,0.0002301228,0.014479353,180.65176963315463,79.65288583775288,260.3046554709075,0.021739130434782608,0.03,1,ANOMALY
7c2a91bac1a54ac494d63214bf294b0d,4,1,TEST,0.00030450823,0.043485787,248.26020187444428,314.3858698538182,562.6460717282624,0.021739130434782608,0.03,1,ANOMALY
7c7701d4606743d79d36e58ab34fdd54,3,1,TEST,0.0003638932,0.044543575,302.2348138434283,322.94596151128934,625.1807753547176,0.021739130434782608,0.03,1,ANOMALY
7c79794d24954a0fa27b53795553b477,3,1,TEST,0.00024489907,0.016760504,194.08182507645853,98.11297580335263,292.19480087981117,0.021739130434782608,0.03,1,ANOMALY
7c89af44f33b4b2481fa13747616e611,3,1,TEST,0.00020609335,0.014579119,158.8115592301166,80.46023674766987,239.27179597778644,0.021739130434782608,0.03,1,ANOMALY
7ca57e29fff7462e9af317d0ffbc7b8f,3,1,TEST,0.00023789892,0.014496436,187.7194343911608,79.79112908288762,267.5105634740484,0.021739130434782608,0.03,1,ANOMALY
7ca754a3aed84c1282853aabb0d01502,3,1,TEST,0.00021797643,0.013925477,169.61201314962508,75.17067453749854,244.78268768712363,0.021739130434782608,0.03,1,ANOMALY
7ca903c730ad474bb64ed35b6d24a5d4,3,1,TEST,0.00026737788,0.032799553,214.51266889560196,227.90810444791092,442.4207733435129,0.021739130434782608,0.03,1,ANOMALY
7caca5f7fd33462d84fb4d52570b4700,3,1,TEST,0.00023463895,0.019211495,184.75646891722815,117.94748669933246,302.7039556165606,0.021739130434782608,0.03,1,ANOMALY
7cb45cdbd6de4c52bf1a73114e6c865e,3,1,TEST,0.00033009177,0.014162006,271.51291454387865,77.0847725605901,348.5976871044687,0.021739130434782608,0.03,1,ANOMALY
7cbf39ef6f9e440abaabf6a08d42ac57,3,1,TEST,0.00034807227,0.0420024,287.8552737386095,302.3816415174209,590.2369152560304,0.021739130434782608,0.03,1,ANOMALY
7ccfa77e4cd94bfb91b7a9e87cdd09c7,3,1,TEST,0.0003508514,0.022173278,290.3812068722183,141.91555397702865,432.29676084924694,0.021739130434782608,0.03,1,ANOMALY
7cd0ca30a2c842a5a01115de2de640d3,3,1,TEST,0.00026544216,0.024123324,212.75330561090885,157.69619480135722,370.44950041226605,0.021739130434782608,0.03,1,ANOMALY
7cf5ab38dc6d4a23922db58f2305e974,3,1,TEST,0.00031506465,0.05634736,257.8548631714294,418.4674473903902,676.3223105618196,0.021739130434782608,0.03,1,ANOMALY
7d023547875749278b50952c3f33a882,4,1,TEST,0.0005641028,0.079171546,484.2040136673146,603.1709268845501,1087.3749405518647,0.021739130434782608,0.03,1,ANOMALY
7d0d0e40b5754a7583eb1bb1e5b248bf,3,1,TEST,0.00024756516,0.018383065,196.50501689122896,111.24346213883568,307.74847903006463,0.021739130434782608,0.03,1,ANOMALY
7d322eecb2754db2a36a0e6fae638e67,3,1,TEST,0.0003331806,0.017039318,274.32033198785746,100.36926288109048,374.68959486894795,0.021739130434782608,0.03,1,ANOMALY
7d3f8a91f40c4f31b9b5fd86af9f6b41,3,1,TEST,0.00029506464,0.035679854,239.67698450742063,251.21678308777598,490.8937675951966,0.021739130434782608,0.03,1,ANOMALY
7d5ced41df9845339123c71d43adb553,3,1,TEST,0.00032927823,0.018142646,270.7734933431734,109.29788450305465,380.0713778462281,0.021739130434782608,0.03,1,ANOMALY
7d70aa42867b4386957c674292e88953,3,1,TEST,0.00019844538,0.02755937,151.86036917141266,185.50220952196938,337.36257869338203,0.021739130434782608,0.03,1,ANOMALY
7d8bc57964b045e19158aea09b2a6b02,3,1,TEST,0.00019799967,0.013738031,151.45526625899734,73.65377801302829,225.10904427202564,0.021739130434782608,0.03,1,ANOMALY
7d8c7c1bfd0e466ebeea12ada45bfe2b,3,1,TEST,0.00024544925,0.01986743,194.5818800905992,123.2556048868552,317.83748497745444,0.021739130434782608,0.03,1,ANOMALY
7dbf6f3590754f6f86a19c9cfac26ea6,3,1,TEST,0.00035972413,0.028226556,298.44557330796056,190.9013758129289,489.34694912088946,0.021739130434782608,0.03,1,ANOMALY
7ddb2784f1f24c038349e532de15844f,3,1,TEST,0.00031143802,0.022582836,254.55864281457687,145.2298797389493,399.78852255352615,0.021739130434782608,0.03,1,ANOMALY
7e060c95714a46b08390bd7af1c32fc6,4,1,TEST,0.0012383144,0.089140885,1096.9905402074114,683.8472586300428,1780.837798837454,0.021739130434782608,0.03,1,ANOMALY
7e076e79dcc5478cb9b47d76d590dac7,4,1,TEST,0.0007578242,0.0841624,660.2761308223512,643.5591404860054,1303.8352713083566,0.021739130434782608,0.03,1,ANOMALY
7e20c06b24d1478bb30399bbdfdb5b68,3,1,TEST,0.00028143747,0.01562768,227.29133856055262,88.94565941123719,316.23699797178983,0.021739130434782608,0.03,1,ANOMALY
7e44cb94966c49969afd786127f7aa73,3,1,TEST,0.00024414645,0.016769309,193.3977736664789,98.18422978528855,291.5820034517675,0.021739130434782608,0.03,1,ANOMALY
7e585def288e4f79bb8c9b921eab90be,3,1,TEST,0.00029677822,0.02353901,241.23444619474344,152.96766564736458,394.202111842108,0.021739130434782608,0.03,1,ANOMALY
7e614e0dbd974077af170bde147de9e7,3,1,TEST,0.0002709893,0.016495343,217.79506498264263,95.96717488295393,313.76223986559654,0.021739130434782608,0.03,1,ANOMALY
7e898c973d314884988ea29667256aa4,3,1,TEST,0.00021978148,0.020210871,171.25261132344943,126.03488243484546,297.2874937582949,0.021739130434782608,0.03,1,ANOMALY
7e8d1934de974ca6af955a2d320f1360,3,1,TEST,0.00038037528,0.021408007,317.215268871725,135.7226401769056,452.9379090486306,0.021739130434782608,0.03,1,ANOMALY
7e92fbf871fb470fa4a957f9eefdcc68,3,1,TEST,0.00013967726,0.016755486,98.44640814479787,98.07236791222776,196.51877605702563,0.021739130434782608,0.03,1,ANOMALY
7e9ce51b811d4398b991349ce7b2e90d,6,0,TEST,3.2050273e-05,0.004636078,0.6249415225888635,-0.003279868129315024,0.6216616544595485,0.5,0.03,0,REFERENCE
7eb7d31abaab44a083de8dcbb0f180e2,3,1,TEST,0.00019451551,0.0163874,148.28853595606287,95.09365204682571,243.3821880028886,0.021739130434782608,0.03,1,ANOMALY
7ebb6d69768c484aa48a4d5e6a3f88af,6,0,TEST,3.211716e-05,0.0047334135,0.685734680702264,0.7844023531908162,1.4701370338930801,0.2826086956521739,0.03,0,REFERENCE
7ec3ff3744a54442ad92e5fc6dc27cd2,3,1,TEST,0.0002610428,0.02236357,208.75475599621896,143.45548160116834,352.2102375973873,0.021739130434782608,0.03,1,ANOMALY
7ed86c617e034c14b8cb854d2d7485a4,3,1,TEST,0.00014875605,0.015414503,106.69806117077216,87.22053617362745,193.91859734439961,0.021739130434782608,0.03,1,ANOMALY
7ede56340a694f3cab154a9cb9c99dde,3,1,TEST,0.00020302647,0.014615473,156.02409199799644,80.75442950852147,236.7785215065179,0.021739130434782608,0.03,1,ANOMALY
7f1b1ffb009147eb9fe988d2cd5e5a67,3,1,TEST,0.00022616665,0.025344897,177.0560506971832,167.5817076321815,344.6377583293647,0.021739130434782608,0.03,1,ANOMALY
7f28556dbdba4ebcbaed28fb7bdfadbb,3,1,TEST,0.00021916743,0.021219602,170.69450528282073,134.1979829972762,304.8924882800969,0.021739130434782608,0.03,1,ANOMALY
7f37f4fd977343fba03ba15f2fd0a4e7,3,1,TEST,0.0002748523,0.019420708,221.30612049106816,119.64053148329153,340.94665197435967,0.021739130434782608,0.03,1,ANOMALY
7f59d1c4a5cf4f48a423626f083d54cb,3,1,TEST,0.00024235979,0.015969485,191.77389004372884,91.71169771851793,283.4855877622468,0.021739130434782608,0.03,1,ANOMALY
7f8d773a032f4539b886a9f5e5bd1a95,3,1,TEST,0.000273696,0.015097539,220.25516696158522,84.65552230306108,304.9106892646463,0.021739130434782608,0.03,1,ANOMALY
7ff3e3c2393d4cbcbb7c6825ce1faddc,3,1,TEST,0.0003403813,0.02593576,280.8650012603192,172.36323421123922,453.22823547155843,0.021739130434782608,0.03,1,ANOMALY
8033e55c8b504c4d88e3cc13bb2f2ba5,3,1,TEST,0.00044130423,0.05881206,372.59319419403516,438.41289762065276,811.0060918146879,0.021739130434782608,0.03,1,ANOMALY
8037c8d1c4474c72afff8c6b4fc49fef,3,1,TEST,0.00022755968,0.023648549,178.32216657989144,153.85410402638547,332.17627060627694,0.021739130434782608,0.03,1,ANOMALY
80499526446c4c50ac18b5c21947c4eb,3,1,TEST,0.00042339624,0.02548902,356.3167388654487,168.748015143658,525.0647540091068,0.021739130434782608,0.03,1,ANOMALY
805b39a557e747999f6bb30dbb7688e1,3,1,TEST,0.0002934408,0.015878411,238.20108692088124,90.97468634420424,329.17577326508547,0.021739130434782608,0.03,1,ANOMALY
80846236dd244aad8df645030bb584c6,3,1,TEST,0.00036514484,0.030556364,303.37242127717553,209.75521989540044,513.127641172576,0.021739130434782608,0.03,1,ANOMALY
8092b7b5a5f748999eeb7b21ddef91d1,6,0,TEST,3.2203803e-05,0.0051407786,0.7644839383819186,4.080982191546773,4.845466129928692,0.2391304347826087,0.03,0,REFERENCE
80ae5e7639c943e1b5c05d73d993ea9e,3,1,TEST,0.00022391413,0.015093521,175.0087499584209,84.62300685735768,259.6317568157786,0.021739130434782608,0.03,1,ANOMALY
80ae7895168e4c8bb4539ebbfeb94b18,3,1,TEST,0.0003380269,0.04195551,278.7251024539415,302.0021867516088,580.7272892055503,0.021739130434782608,0.03,1,ANOMALY
80af6810db5646dc93b3a3ca810e2bbe,3,1,TEST,0.00014486164,0.017274583,103.15845731817899,102.2731320531693,205.4315893713483,0.021739130434782608,0.03,1,ANOMALY
80bcc7f12e56440ca75340890a192fae,3,1,TEST,0.00016506232,0.01657294,121.51872363656923,96.59512437032267,218.11384800689189,0.021739130434782608,0.03,1,ANOMALY
80d42ccc99924175830bcba8b65a8388,3,1,TEST,0.0002496623,0.02376238,198.4110937612625,154.7752751811552,353.1863689424177,0.021739130434782608,0.03,1,ANOMALY
80ef62225d0940038a35692bd94b0cee,3,1,TEST,0.00024568185,0.01795007,194.79328871375733,107.73947373357234,302.5327624473297,0.021739130434782608,0.03,1,ANOMALY
811423b6e991404dbed43371b0d67163,3,1,TEST,0.00015467263,0.020945163,112.07560214929671,131.97710036825723,244.05270251755394,0.021739130434782608,0.03,1,ANOMALY
8148c0626c474e62810bc6e6356b1d70,3,1,TEST,0.00046483622,0.03728134,393.9812664471323,264.1767211360019,658.1579875831342,0.021739130434782608,0.03,1,ANOMALY
8157e9537a8740f489f8adc67b4d56d4,4,1,TEST,0.00072438235,0.07894178,629.8810514398918,601.311558069844,1231.1926095097358,0.021739130434782608,0.03,1,ANOMALY
8170549a92234376aae632485cd7115d,3,1,TEST,0.00025514566,0.018293431,203.39488390692136,110.51810388592888,313.91298779285023,0.021739130434782608,0.03,1,ANOMALY
81aff59fd031435eb6ac13f1e97465ba,3,1,TEST,0.00023404454,0.03587516,184.21621354452213,252.79728623325892,437.013499777781,0.021739130434782608,0.03,1,ANOMALY
81b2594aaeca4d6aa731471167fc2c1e,3,1,TEST,0.00023256862,0.015386895,182.87475948135997,86.9971199404319,269.87187942179185,0.021739130434782608,0.03,1,ANOMALY
81c3fcb4751d44eca07ff2818607abea,3,1,TEST,0.00025892816,0.01781943,206.83277349030726,106.68227666371334,313.5150501540206,0.021739130434782608,0.03,1,ANOMALY
81dc73469ee74f9e8b08137dc352e959,3,1,TEST,0.00025672198,0.028131599,204.8275908753504,190.13294147304373,394.96053234839417,0.021739130434782608,0.03,1,ANOMALY
820554388cdb465f808d8f18aec7d67a,3,1,TEST,0.0002283683,0.026127065,179.05711602468125,173.91135948259088,352.96847550727216,0.021739130434782608,0.03,1,ANOMALY
820f764455dd45cb8697cfa406a75699,3,1,TEST,0.00028537525,0.016079282,230.87036112331936,92.60022394845754,323.4705850717769,0.021739130434782608,0.03,1,ANOMALY
8219e571eee143c38b1812a0d82e65be,3,1,TEST,0.0002674311,0.01559137,214.56104020654118,88.6518227179841,303.21286292452527,0.021739130434782608,0.03,1,ANOMALY
822adb4260c04bffb618731e0c8e583b,3,1,TEST,0.000312421,0.016477032,255.45206692632217,95.81899411484166,351.2710610411638,0.021739130434782608,0.03,1,ANOMALY
824e0ffb7d284471b842d528344ce438,3,1,TEST,0.0006447068,0.073061116,557.4644636287777,553.7226056079228,1111.1870692367006,0.021739130434782608,0.03,1,ANOMALY
826dda4b5f85472b95bc7fbed52723b3,3,1,TEST,0.0003392742,0.030607596,279.85876528999097,210.1698120592325,490.0285773492235,0.021739130434782608,0.03,1,ANOMALY
82783226909943a3bbb9941bdcd79911,3,1,TEST,0.00031746685,0.037157454,260.0382070860915,263.17418044251934,523.2123875286109,0.021739130434782608,0.03,1,ANOMALY
82901ed3ebe94b09ba42ca79865be61d,3,1,TEST,0.0003167768,0.06831651,259.4110251410775,515.3271405066101,774.7381656476877,0.021739130434782608,0.03,1,ANOMALY
82955235a45b4bbdac494f2185e4c385,3,1,TEST,0.00013037879,0.014274461,89.99508939941099,77.99480851045993,167.98989790987093,0.021739130434782608,0.03,1,ANOMALY
82aa80881bc647579a483e50c512f1c2,3,1,TEST,0.00013336152,0.015749766,92.70607324529402,89.93363370296103,182.63970694825505,0.021739130434782608,0.03,1,ANOMALY
82ab695aa64b448c87cb75e77c4491e3,3,1,TEST,0.00019097517,0.016716937,145.070744017492,97.76041223367606,242.83115625116807,0.021739130434782608,0.03,1,ANOMALY
82ce30767deb454287c5ba198241cfc8,3,1,TEST,0.00019832821,0.014606354,151.75387412250709,80.68063449872322,232.4345086212303,0.021739130434782608,0.03,1,ANOMALY
82d9cffb813542358178a47b1bcc87f6,3,1,TEST,0.0002890856,0.015324287,234.24267404221314,86.49046811748539,320.73314215969856,0.021739130434782608,0.03,1,ANOMALY
82e3e79c8ec84390bde5ff7c237eca0e,3,1,TEST,0.00025009003,0.017782468,198.79985476892983,106.38316369604547,305.1830184649753,0.021739130434782608,0.03,1,ANOMALY
82e7328e5e0049e6a297b5facecdbda6,3,1,TEST,0.00028520566,0.02021313,230.7162218782575,126.05316326905253,356.76938514731,0.021739130434782608,0.03,1,ANOMALY
82f51e9f49ba4840af72cfb284d15080,3,1,TEST,0.00021434501,0.014688947,166.3114391930093,81.34901384341754,247.66045303642684,0.021739130434782608,0.03,1,ANOMALY
82fb32d389ce4b19b291fd78e138771a,3,1,TEST,0.00031445298,0.017618382,257.2989202972801,105.05530669662043,362.35422699390057,0.021739130434782608,0.03,1,ANOMALY
8300850a79ba45ba91c7314d17564f9f,3,1,TEST,0.00026724327,0.020553486,214.39032274442692,128.8074756229176,343.1977983673445,0.021739130434782608,0.03,1,ANOMALY
83067f277a904706845c51cacac0d5ee,3,1,TEST,0.00027359193,0.0154039245,220.16057841725132,87.13493023973659,307.2955086569879,0.021739130434782608,0.03,1,ANOMALY
8319924e9f604a7f88459ee3ca1a97c9,3,1,TEST,0.00024845303,0.0241463,197.31199614420999,157.8821268273606,355.19412297157055,0.021739130434782608,0.03,1,ANOMALY
831d3d140fc64b068aa4f6ddfbaae6b1,3,1,TEST,0.00021907572,0.016696882,170.6111506618842,97.59811824074876,268.20926890263297,0.021739130434782608,0.03,1,ANOMALY
831ed32b723a4e3b86f6614524b7db53,3,1,TEST,0.00018078565,0.022089731,135.80955573786161,141.23945443940227,277.0490101772639,0.021739130434782608,0.03,1,ANOMALY
83225f8a095240509b11ca0d3e6ba323,3,1,TEST,0.00020210815,0.02006075,155.18943693858733,124.82003643573107,280.0094733743184,0.021739130434782608,0.03,1,ANOMALY
83821e21140b4ead8d959eedf56f0c5c,3,1,TEST,0.00040617882,0.016365498,340.6679381064852,94.91641130720498,435.58434941369023,0.021739130434782608,0.03,1,ANOMALY
83948c2d523c46af8a89acc203a7e386,3,1,TEST,0.00021946468,0.019441478,170.96467386938025,119.80861157469519,290.77328544407544,0.021739130434782608,0.03,1,ANOMALY
839ad530f8f84542898a3303750c2bfa,3,1,TEST,0.000280622,0.02100456,226.55016319543336,132.45776734895543,359.0079305443888,0.021739130434782608,0.03,1,ANOMALY
83addce6722d41e592e91b913089ad52,3,1,TEST,0.0002596778,0.015693612,207.51411639772016,89.4792105227646,296.9933269204848,0.021739130434782608,0.03,1,ANOMALY
83bba27c2b0148248a4b6234549a66a4,3,1,TEST,0.00027874674,0.030234367,224.84575161046567,207.1494767470279,431.9952283574936,0.021739130434782608,0.03,1,ANOMALY
83d7b56e6ea94ba6aaf87c7505f146c0,3,1,TEST,0.000247373,0.020724932,196.33036392035166,130.19489302064457,326.5252569409962,0.021739130434782608,0.03,1,ANOMALY
83ea167e17514bd3b71c7e74be6d4d90,3,1,TEST,0.00021923753,0.0156527,170.75821871568135,89.14813239568198,259.90635111136334,0.021739130434782608,0.03,1,ANOMALY
843b78f153114f14bc88161384a69704,3,1,TEST,0.00044114533,0.019391118,372.4487710202612,119.40107602327065,491.84984704353184,0.021739130434782608,0.03,1,ANOMALY
843d2ee0aebe4fa9ad8fa6c9565a6408,3,1,TEST,0.00038776058,0.02072117,323.9277198803647,130.16444924096905,454.09216912133377,0.021739130434782608,0.03,1,ANOMALY
843d74044ffe4aca890d3bf7edcf0b70,3,1,TEST,0.00035686302,0.07014559,295.8451290869636,530.1288705780869,825.9739996650505,0.021739130434782608,0.03,1,ANOMALY
8466a360f56d40bfb99038f7cae9618d,3,1,TEST,0.0002466377,0.015855681,195.66205454542404,90.79074505977457,286.4527996051986,0.021739130434782608,0.03,1,ANOMALY
848c57cf16934943bc35ff0c8c9b8e7a,3,1,TEST,0.0009240546,0.057576478,811.3618573529699,428.4140177219193,1239.7758750748892,0.021739130434782608,0.03,1,ANOMALY
849024d3f28b442c9f0d88520c34be72,3,1,TEST,0.00031382195,0.021438878,256.72538124538215,135.97246205951137,392.6978433048935,0.021739130434782608,0.03,1,ANOMALY
84a4c5d228654f08ab0ac1d902970fb3,3,1,TEST,0.00021135065,0.015373793,163.58988491596838,86.89109272051998,250.48097763648838,0.021739130434782608,0.03,1,ANOMALY
84b5a2ed3ef940b091676db19d9053ff,3,1,TEST,0.0001903666,0.017177,144.51761871312684,101.48344695160738,246.0010656647342,0.021739130434782608,0.03,1,ANOMALY
84b83904bd7e48c18c8c41682ac6ffc1,4,1,TEST,0.0005804396,0.090616636,499.052424651018,695.7896930532019,1194.8421177042198,0.021739130434782608,0.03,1,ANOMALY
84c8553542204a07bd84efe53606d2b1,3,1,TEST,0.00015033764,0.021627748,108.13555800783423,137.50088222626175,245.63644023409597,0.021739130434782608,0.03,1,ANOMALY
84e1a58a093b4b61b28452d17973be64,3,1,TEST,0.00051924505,0.08031689,443.43309722075094,612.4395606933423,1055.8726579140932,0.021739130434782608,0.03,1,ANOMALY
84e8de49346a45068d0b18dabaa3df97,4,1,TEST,0.0011105039,0.098087974,980.8244102411619,756.251088043452,1737.0754982846138,0.021739130434782608,0.03,1,ANOMALY
84e8ea01daa34ef2963ec79655e55436,3,1,TEST,0.0004243117,0.055505536,357.14879448950853,411.65503261591846,768.803827105427,0.021739130434782608,0.03,1,ANOMALY
84eea851ed584a77b5429fd0c212b7fe,3,1,TEST,0.00043465185,0.024952158,366.5468893938436,164.40348870980426,530.9503781036478,0.021739130434782608,0.03,1,ANOMALY
85182ff3bcac4ab7a4621364a294a25c,3,1,TEST,0.00027875445,0.022377836,224.8527591791869,143.57092842755085,368.42368760673776,0.021739130434782608,0.03,1,ANOMALY
853207f2a0014a9fb274609e7b3176fd,3,1,TEST,0.0002605433,0.01682219,208.3007637035815,98.61216639162058,306.9129300952021,0.021739130434782608,0.03,1,ANOMALY
85375f3183c74e028e7dcfe20e36efb2,3,1,TEST,0.00028304118,0.021052042,228.74894012136468,132.84201284245702,361.5909529638217,0.021739130434782608,0.03,1,ANOMALY
854a191e1e474b0d9363ca595010a89c,3,1,TEST,0.0002777521,0.016180595,223.9417298007581,93.42009387144151,317.36182367219965,0.021739130434782608,0.03,1,ANOMALY
856ec35c7772457c9da4c43fc3a303de,4,1,TEST,0.0014376191,0.12239862,1278.1372823223735,952.9836639587894,2231.120946281163,0.021739130434782608,0.03,1,ANOMALY
8586f79b6cc94c78a5ec9c8af6aee914,3,1,TEST,0.00044955994,0.025172757,380.0967551755168,166.18867407733205,546.2854292528489,0.021739130434782608,0.03,1,ANOMALY
859b11de36dd4737ba18e69540d387ce,3,1,TEST,0.0003250459,0.056126613,266.92675620623976,416.68106434094005,683.6078205471798,0.021739130434782608,0.03,1,ANOMALY
859ecaaa60df4a81b89487e569fe0140,3,1,TEST,0.00040694315,0.01832616,341.362632659101,110.78296153212774,452.1455941912287,0.021739130434782608,0.03,1,ANOMALY
85cbd89325dd44be822d59d546c24926,3,1,TEST,0.0003323187,0.03339882,273.5369566985196,232.7576399382906,506.2945966368102,0.021739130434782608,0.03,1,ANOMALY
85cf0e67f21a4db9ae3985e7e6cc26ca,3,1,TEST,0.00023355195,0.015289224,183.76850170582287,86.20672270367287,269.97522440949575,0.021739130434782608,0.03,1,ANOMALY
85cf6b2c9507485fbe0f59d6a3ac0b1a,3,1,TEST,0.0002491603,0.017438782,197.95482923492816,103.60190349892696,301.55673273385514,0.021739130434782608,0.03,1,ANOMALY
85ec159d73454ba191b78c390ec23920,3,1,TEST,0.0003893493,0.026239175,325.37169712793025,174.81860353879028,500.19030066672053,0.021739130434782608,0.03,1,ANOMALY
85ee98d4a397493788566dadf7ffc785,3,1,TEST,0.00024680898,0.020119999,195.817729820465,125.29950573450692,321.1172355549719,0.021739130434782608,0.03,1,ANOMALY
85fa42ccdfbb40b2b8093305ef249781,3,1,TEST,0.00042730398,0.030684978,359.86845826811367,210.79602167083561,570.6644799389493,0.021739130434782608,0.03,1,ANOMALY
8620228ce4ba44028b3cac12ad40a3a5,1,1,TEST,0.0005091645,0.015201171,434.27095106350026,85.4941586069774,519.7651096704776,0.021739130434782608,0.03,1,ANOMALY
863ec33a5a564b6f9c4b515075e6e55f,3,1,TEST,0.00028238824,0.015618693,228.1554872133473,88.87293260423455,317.02841981758183,0.021739130434782608,0.03,1,ANOMALY
8647c700f301496ea2a14e07c0cf9160,3,1,TEST,0.00025126233,0.019524034,199.8653505940728,120.47669149890889,320.34204209298167,0.021739130434782608,0.03,1,ANOMALY
8656dcf5b32544468f23b8fa42b2dc5d,3,1,TEST,0.00038260344,0.029761897,319.24042896534485,203.32603905875257,522.5664680240974,0.021739130434782608,0.03,1,ANOMALY
86a6b575b89d417d8100e6e9b8aefb0a,3,1,TEST,0.00028048275,0.03726208,226.4235997785169,264.0208606371846,490.44446041570154,0.021739130434782608,0.03,1,ANOMALY
86d482e97d5b44adbc3639ad34564c89,3,1,TEST,0.0001456726,0.017216504,103.89553357370909,101.80313091553657,205.69866448924566,0.021739130434782608,0.03,1,ANOMALY
86ea32bb0f9242a6bc7e9db80d4495c3,3,1,TEST,0.00016539075,0.018339366,121.81723152179632,110.88983036636347,232.70706188815979,0.021739130434782608,0.03,1,ANOMALY
8703c24d39f74517afa4859800bed2bc,3,1,TEST,0.0002521762,0.029899592,200.69596107750144,204.44032833105996,405.1362894085614,0.021739130434782608,0.03,1,ANOMALY
870fafaed9cc4f558b96b3735e1062fb,3,1,TEST,0.00013087588,0.01459125,90.44689125876467,80.55840620307754,171.0052974618422,0.021739130434782608,0.03,1,ANOMALY
8713f9f3568d44dd85cc9ed6eb51d114,3,1,TEST,0.0002547628,0.016935945,203.04690494964575,99.5327225205383,302.57962747018405,0.021739130434782608,0.03,1,ANOMALY
872d9fd77f0041e1a5b9485efcbf66b6,3,1,TEST,0.0002183922,0.015807394,169.98990379128648,90.3999851477087,260.38988893899517,0.021739130434782608,0.03,1,ANOMALY
87355a31111a4174a68cb9dd82d5591c,3,1,TEST,0.00084033364,0.036146075,735.2684227739708,254.98965108461263,990.2580738585834,0.021739130434782608,0.03,1,ANOMALY
87814d1c2ffe434bab5de4273f37ab10,3,1,TEST,0.00018415492,0.012750672,138.87186326902207,65.66362919414493,204.535492463167,0.021739130434782608,0.03,1,ANOMALY
878950e28743403d837aa03849ab0707,3,1,TEST,0.0002445334,0.02795563,193.74946999808265,188.70892194467552,382.45839194275817,0.021739130434782608,0.03,1,ANOMALY
879bb6e9d96741f985665c9b8519c2c8,4,1,TEST,0.0010526011,0.07687297,928.1969329195823,584.5698260574815,1512.7667589770638,0.021739130434782608,0.03,1,ANOMALY
87bd69c9f8a34eef948f8c6ba3496867,3,1,TEST,0.00037826324,0.045845814,315.2956494888581,333.4842595444807,648.7799090333388,0.021739130434782608,0.03,1,ANOMALY
87d9f88f2eec4f55a77503194f41eaf6,3,1,TEST,0.00020657363,0.016134327,159.2480825900924,93.04567260668159,252.293755196774,0.021739130434782608,0.03,1,ANOMALY
87e78c298efa45d088f2362db0e26d4d,3,1,TEST,0.0006747149,0.086418316,584.7386300285665,661.8150175913947,1246.5536476199613,0.021739130434782608,0.03,1,ANOMALY
87fd611deb5a42b9a85187e9ce807706,3,1,TEST,0.0013293262,0.1536999,1179.7105717170473,1206.2875639805013,2385.9981356975486,0.021739130434782608,0.03,1,ANOMALY
8820e607cd34419798c27dd9b834b4ea,3,1,TEST,0.00025328333,0.013953298,201.702224314634,75.39581446156885,277.0980387762029,0.021739130434782608,0.03,1,ANOMALY
883faed2b4c84f9fa2fcdf6035f2ea88,4,1,TEST,0.00097306527,0.09198964,855.9073357053194,706.9006529866426,1562.807988691962,0.021739130434782608,0.03,1,ANOMALY
884f6bf5c17a4ee79e5075718fd007df,3,1,TEST,0.00046068316,0.10491116,390.2065772962595,811.4673483488947,1201.6739256451542,0.021739130434782608,0.03,1,ANOMALY
886288f4c60c42ee850f67fd08eb43d3,3,1,TEST,0.00014922212,0.018386379,107.1216691544149,111.2702805029624,218.3919496573773,0.021739130434782608,0.03,1,ANOMALY
886a76cdbbd54a49b34c0689aa4ade86,3,1,TEST,0.00023382096,0.021212041,184.0130031405424,134.13679601744457,318.149799157987,0.021739130434782608,0.03,1,ANOMALY
88acac5d00444981ab10ca19d4de73e0,3,1,TEST,0.00038841055,0.041355148,324.5184733747502,297.1437900334927,621.6622634082429,0.021739130434782608,0.03,1,ANOMALY
89098b066926487ca57dfa895850389c,3,1,TEST,0.00019096016,0.014654892,145.0571015263759,81.07342561458984,226.13052714096574,0.021739130434782608,0.03,1,ANOMALY
892f9b5fb6ed4dfcb7d07bbb1cf65341,3,1,TEST,0.00032372156,0.06738596,265.72307221658707,507.7967154196743,773.5197876362613,0.021739130434782608,0.03,1,ANOMALY
89619789cd16430595527721b53870e8,3,1,TEST,0.00014976232,0.020179855,107.61265341163767,125.78388714765359,233.39654055929125,0.021739130434782608,0.03,1,ANOMALY
896959dce31141289c23b6c6eba67354,3,1,TEST,0.0002805546,0.014794658,226.48890377496534,82.20447434136508,308.69337811633045,0.021739130434782608,0.03,1,ANOMALY
896a9c06c6304c52a2a7318d341b58ce,3,1,TEST,0.00020587201,0.016261758,158.61038474752922,94.07690101918315,252.68728576671236,0.021739130434782608,0.03,1,ANOMALY
897762a33d2f4727a2dc6d45cffc5276,3,1,TEST,0.0005244121,0.039001442,448.1293952701452,278.09655269033914,726.2259479604843,0.021739130434782608,0.03,1,ANOMALY
8989841a9f114166a95d0ca48f30809a,3,1,TEST,0.0002771989,0.056628305,223.43892992831158,420.74097946932113,644.1799093976327,0.021739130434782608,0.03,1,ANOMALY
89acedb06ac24320aea33cbe3797a0dd,3,1,TEST,0.00014722436,0.01713163,105.30591811829991,101.11629270283589,206.42221082113582,0.021739130434782608,0.03,1,ANOMALY
89b45f9220914d889b4befeb9ab454c1,3,1,TEST,0.00025253842,0.017008591,201.0251804733756,100.12060631062538,301.14578678400096,0.021739130434782608,0.03,1,ANOMALY
89cfa7ef9200444a8a5ff373ffa8267e,3,1,TEST,0.00024656433,0.02388257,195.5953690308879,155.74790619636,351.3432752272479,0.021739130434782608,0.03,1,ANOMALY
8a442a0c92df4fa9b4a86c9043140b74,3,1,TEST,0.00024166913,0.022830674,191.1461536736928,147.23549522731213,338.38164890100495,0.021739130434782608,0.03,1,ANOMALY
8a49b400a689414db33b8926c60c1e84,3,1,TEST,0.0002128628,0.014416841,164.9642681898658,79.14701088956681,244.11127907943262,0.021739130434782608,0.03,1,ANOMALY
8a5b97a262d64bcc8f0590985fd2ed20,3,1,TEST,0.000361201,0.030421872,299.78789081992755,208.66685072577798,508.45474154570553,0.021739130434782608,0.03,1,ANOMALY
8a61a83b2387416a99518fd2c0b8e731,4,1,TEST,0.00063073577,0.05019056,544.7662855703054,368.64387941956994,913.4101649898753,0.021739130434782608,0.03,1,ANOMALY
8a63f0f037d94bb299f39e247086ed1a,3,1,TEST,0.000469558,0.03450042,398.27286149724205,241.67227781456646,639.9451393118085,0.021739130434782608,0.03,1,ANOMALY
8a8e970c51bf417480f08bf6eee12d3e,3,1,TEST,0.0002959337,0.022890028,240.4668674740663,147.71581423285724,388.1826817069235,0.021739130434782608,0.03,1,ANOMALY
8ac7b2f8c85a4a74a7605992432fb2fe,3,1,TEST,0.00023084055,0.03206924,181.3041279275301,221.9980863548311,403.3022142823612,0.021739130434782608,0.03,1,ANOMALY
8ada011ccf6e4f2383bb0cb76534af4d,3,1,TEST,0.0002750266,0.023122065,221.4645406244149,149.59356099111562,371.0581016155305,0.021739130434782608,0.03,1,ANOMALY
8ae2f72c27fd419abc31571a171b5db1,3,1,TEST,0.000664771,0.03366277,575.7006841651876,234.89364090728387,810.5943250724714,0.021739130434782608,0.03,1,ANOMALY
8ae37cfd88684435be434b9b1a83b63a,3,1,TEST,0.00027542104,0.020380288,221.8230445681745,127.40588026081228,349.2289248289868,0.021739130434782608,0.03,1,ANOMALY
8aeb840a73cd45aa8cca69355ef08bb6,3,1,TEST,0.0002569392,0.031246524,205.02502071680527,215.34030202747252,420.3653227442778,0.021739130434782608,0.03,1,ANOMALY
8b003529104f4c4cbb134e2cc1ecb9ac,3,1,TEST,0.00026496936,0.019838428,212.3235807741541,123.02090778474215,335.3444885588963,0.021739130434782608,0.03,1,ANOMALY
8b06bf05447c4df4add3bd2587a8e112,3,1,TEST,0.0003096496,0.022622809,252.93315953930417,145.5533590597812,398.48651859908534,0.021739130434782608,0.03,1,ANOMALY
8b10f705ff554d4e9b49e6c2557ffc76,3,1,TEST,0.0003539839,0.0137770595,293.2283156944143,73.96961401915958,367.19792971357384,0.021739130434782608,0.03,1,ANOMALY
8b19d8c38f964b2bac451163b82c3360,3,1,TEST,0.00021253347,0.015015311,164.66494230050785,83.99009670094559,248.65503900145342,0.021739130434782608,0.03,1,ANOMALY
8b6dd6f08565409cb881092136a9fe11,3,1,TEST,0.00026123246,0.023634754,208.92713673339935,153.74246874179647,362.6696054751958,0.021739130434782608,0.03,1,ANOMALY
8b73c6246ee3420385f05b201dce5d57,3,1,TEST,0.0002200478,0.014952032,171.4946678347111,83.47801484712127,254.97268268183237,0.021739130434782608,0.03,1,ANOMALY
8b782473c99742e394df74b430412232,6,1,TEST,0.0001005448,0.013769943,62.87917044320795,73.91202413131778,136.79119457452572,0.021739130434782608,0.03,1,ANOMALY
8b82db98bb30496e85cab709d07f7142,3,1,TEST,0.0003228012,0.014960129,264.88656301448134,83.54353937769882,348.4301023921802,0.021739130434782608,0.03,1,ANOMALY
8b8d6cc22ced439dab163c6196ce661f,3,1,TEST,0.00026213855,0.023257155,209.75067602556334,150.6867694431001,360.43744546866344,0.021739130434782608,0.03,1,ANOMALY
8bd1529b1e5f421e9b2a5cfa7f173109,4,1,TEST,0.00077641854,0.08513235,677.1764051900802,651.4084079225466,1328.5848131126268,0.021739130434782608,0.03,1,ANOMALY
8bd33e724fee41b091c3579c010cedcf,3,1,TEST,0.00022679419,0.013564298,177.6264177108403,72.24785319262249,249.8742709034628,0.021739130434782608,0.03,1,ANOMALY
8be0c9124a744d21b44631d7bb17e944,3,1,TEST,0.00014902203,0.018905219,106.93980865825108,115.46896488543062,222.40877354368172,0.021739130434782608,0.03,1,ANOMALY
8c065440ee8f4bd295b6ac4cd8cabd32,3,1,TEST,0.00017849807,0.016840026,133.73038919373423,98.75650324815766,232.48689244189188,0.021739130434782608,0.03,1,ANOMALY
8c06c0721cff497aa355f140b6b74c7b,3,1,TEST,0.00073700305,0.062006827,641.3519233671987,464.26637520242144,1105.61829856962,0.021739130434782608,0.03,1,ANOMALY
8c1063d344ef42988d97af9ab31d62d8,3,1,TEST,0.00033005993,0.028706433,271.4839753755151,194.78475424444096,466.26872961995605,0.021739130434782608,0.03,1,ANOMALY
8c2a8d9ef9894039b66cfe1c4516e7ac,3,1,TEST,0.00019198468,0.014372389,145.98828107322862,78.78728550569225,224.77556657892086,0.021739130434782608,0.03,1,ANOMALY
8c3023d769ae4c3f89554adfd784c23b,3,1,TEST,0.00025978562,0.05002352,207.61211329259942,367.29211733637,574.9042306289693,0.021739130434782608,0.03,1,ANOMALY
8c4f7c33238d42ea9388b399d690a537,3,1,TEST,0.00024030976,0.033756953,189.91063114547939,235.65581169441285,425.56644283989226,0.021739130434782608,0.03,1,ANOMALY
8c7610f9d55b431aae103742355b8043,3,1,TEST,0.00025051174,0.02004401,199.18314423785503,124.6845688993759,323.8677131372309,0.021739130434782608,0.03,1,ANOMALY
8cb247310cd74457a9eaffdb1c6e89c8,3,1,TEST,0.0002712545,0.0144800935,218.03610353320812,79.65887829358746,297.6949818267956,0.021739130434782608,0.03,1,ANOMALY
8cc3c2ad9ebc47ab86663e3b80bbac71,3,1,TEST,0.00031257482,0.023793444,255.59187292122408,155.02665890572732,410.6185318269514,0.021739130434782608,0.03,1,ANOMALY
8ccf97d212c04805bf9b8ba07db87138,3,1,TEST,0.000179105,0.024189387,134.2820239127942,158.23080602323486,292.51282993602905,0.021739130434782608,0.03,1,ANOMALY
8cd6cdd6d56b411eba8a66c37c659914,3,1,TEST,0.00025160334,0.018973745,200.17529235926256,116.02350780038131,316.19880015964384,0.021739130434782608,0.03,1,ANOMALY
8cf5f72af79048fea8b63d510b663fc0,3,1,TEST,0.00017005295,0.031280458,126.05467469844179,215.6149110704042,341.669585768846,0.021739130434782608,0.03,1,ANOMALY
8d4c44edfb204cb3915672cce6c512c9,3,1,TEST,0.0004738876,0.06363883,402.20800670285405,477.47327040757386,879.6812771104279,0.021739130434782608,0.03,1,ANOMALY
8d746ef9b9344cd3b0eb7a11267d79f9,3,1,TEST,0.00022472841,0.014197725,175.74884374030046,77.37382661859908,253.12267035889954,0.021739130434782608,0.03,1,ANOMALY
8db7a4b6935c49598153aae43cdd1756,3,1,TEST,0.00025679282,0.01855894,204.89197688938535,112.66672097733425,317.5586978667196,0.021739130434782608,0.03,1,ANOMALY
8e56f343cc0a4ecb9e5177d17a2f1eca,3,1,TEST,0.00016957946,0.023424704,125.62432272518672,152.04265058101964,277.6669733062064,0.021739130434782608,0.03,1,ANOMALY
8e6ac5837e0c4719ad5e255b853cfca0,3,1,TEST,0.00023222915,0.015967041,182.5662174121275,91.69191978190791,274.2581371940354,0.021739130434782608,0.03,1,ANOMALY
8e9359b5a3be44d8829ebec906a93956,3,1,TEST,0.00034421455,0.025134081,284.3490171877518,165.8756906582118,450.2247078459636,0.021739130434782608,0.03,1,ANOMALY
8e9c68a750d743e784a06961986e6257,3,1,TEST,0.0004867763,0.027519627,413.9224620824668,185.18059146358448,599.1030535460512,0.021739130434782608,0.03,1,ANOMALY
8eb92338980a439bb7eda838cec18654,3,1,TEST,0.00022710429,0.015204114,177.9082655786018,85.51797467385275,263.42624025245453,0.021739130434782608,0.03,1,ANOMALY
8ec28f8dec32414b9a02af4499854fb9,1,1,TEST,0.00042905926,0.023770671,361.4638208135005,154.8423696461445,516.306190459645,0.021739130434782608,0.03,1,ANOMALY
8f04f1508883453889f75d25cdbce9ae,3,1,TEST,0.00017904646,0.022401359,134.228817288548,143.76128702119973,277.9901043097477,0.021739130434782608,0.03,1,ANOMALY
8f0c0f2f5ab14598a5ad8bd150517444,3,1,TEST,0.00030021023,0.015836842,244.35377770276085,90.63829148047975,334.9920691832406,0.021739130434782608,0.03,1,ANOMALY
8f39a1d31f1d470e928a40de873d82ec,3,1,TEST,0.0004682892,0.019072205,397.1196574513993,116.82028997657785,513.9399474279771,0.021739130434782608,0.03,1,ANOMALY
8f39a33528934d569c3f56080050e380,3,1,TEST,0.00028083153,0.020346489,226.7406036460366,127.13236369801248,353.8729673440491,0.021739130434782608,0.03,1,ANOMALY
8f43ed3b1e874b03b7baebf6bf8d2ff8,3,1,TEST,0.00019786746,0.013989632,151.33510145217133,75.68984537351204,227.02494682568337,0.021739130434782608,0.03,1,ANOMALY
8f5022513c9246b4af82b96dd0d017ce,3,1,TEST,0.00033775315,0.032335747,278.47629286413263,224.15477970676707,502.63107257089973,0.021739130434782608,0.03,1,ANOMALY
8fabf4097a0a43adb8a66997b8e965a1,3,1,TEST,0.00021952545,0.017806148,171.0199073260841,106.57479280362557,277.5947001297097,0.021739130434782608,0.03,1,ANOMALY
8fce8dfca0724cafb73ef8ce48ac8504,3,1,TEST,0.0001369918,0.014660304,96.00561106334398,81.11722192921079,177.12283299255478,0.021739130434782608,0.03,1,ANOMALY
8fe0b15eb63447e59372d93b820fae4c,3,1,TEST,0.00019185037,0.018915834,145.86620759009725,115.55486619357936,261.4210737836766,0.021739130434782608,0.03,1,ANOMALY
901ebe11b82b4c498028802d25d70848,3,1,TEST,0.00030399038,0.023315383,247.7895313864717,151.15797635510063,398.94750774157234,0.021739130434782608,0.03,1,ANOMALY
904a17b67eef4c778972ca1a1a405e98,3,1,TEST,0.00024191645,0.015526777,191.37094120885817,88.12910739087602,279.5000485997342,0.021739130434782608,0.03,1,ANOMALY
904b5567b8c34399915e5f84cbaa861d,3,1,TEST,0.00025298045,0.015378704,201.4269386577891,86.93083471998474,288.3577733777738,0.021739130434782608,0.03,1,ANOMALY
904cc795834f40dca87c910af31e5668,3,1,TEST,0.00034459372,0.017916758,284.69364232809085,107.46989819169282,392.1635405197837,0.021739130434782608,0.03,1,ANOMALY
905163c9b5ee4b9ba76f3b170bad194e,3,1,TEST,0.00035102922,0.018627482,290.5428263106102,113.2213933714117,403.7642196820219,0.021739130434782608,0.03,1,ANOMALY
9052eccaa5cf461a9989ea62e297fb26,3,1,TEST,0.00015044432,0.014795575,108.23251876414768,82.21189511381655,190.44441387796422,0.021739130434782608,0.03,1,ANOMALY
90535a1b6a4347298f080781ba0c90f3,3,1,TEST,0.00047798894,0.053396683,405.9356878830057,394.5892548115447,800.5249426945504,0.021739130434782608,0.03,1,ANOMALY
907b249623d442b28f717f95555c0c8e,3,1,TEST,0.00028129722,0.025052188,227.1638662501574,165.2129760253125,392.3768422754699,0.021739130434782608,0.03,1,ANOMALY
9081db8cbc9d4b26a0e5a8c14ad52806,3,1,TEST,0.00023816634,0.020006625,187.96249068524912,124.38203282729476,312.3445235125439,0.021739130434782608,0.03,1,ANOMALY
909f5bdb94fa4768a26636d1f3d26766,3,1,TEST,0.0001920095,0.016376734,146.0108398093713,95.00733802396047,241.01817783333178,0.021739130434782608,0.03,1,ANOMALY
90bfcea2fe01457d85f2b2eeef2d9fe4,3,1,TEST,0.00019938507,0.023358444,152.71444728446272,151.50644514739395,304.22089243185667,0.021739130434782608,0.03,1,ANOMALY
90c0031f45fe4849ace5e622cd0028dc,3,1,TEST,0.00041455365,0.021840414,348.2797664791561,139.22187022426112,487.5016367034172,0.021739130434782608,0.03,1,ANOMALY
90c6f13b7d224c579ac0de7dfb47b924,2,1,TEST,0.00026278629,0.015071917,210.33940268749126,84.44817766647253,294.7875803539638,0.021739130434782608,0.03,1,ANOMALY
90cab65263d94736b06e178cd426a45b,3,1,TEST,0.00016226471,0.022048004,118.9759941514731,140.90178096930117,259.8777751207743,0.021739130434782608,0.03,1,ANOMALY
90d82fa7c5764e31bfff242d17076e07,3,1,TEST,0.00013478249,0.016925095,93.99758361179866,99.44491948771551,193.44250309951417,0.021739130434782608,0.03,1,ANOMALY
90e792453d9842f38bbf3810d1195eab,3,1,TEST,0.00021951532,0.017174352,171.01070023514436,101.46201815613135,272.4727183912757,0.021739130434782608,0.03,1,ANOMALY
90e92bdb3c884e218e54e48cfbb0776c,3,1,TEST,0.00048074967,0.030854244,408.4448973766054,212.16579753754377,620.6106949141492,0.021739130434782608,0.03,1,ANOMALY
90f7c92b15634fff81e037ff95abd8db,3,1,TEST,0.00015244707,0.021744702,110.05280517872164,138.44732608808275,248.50013126680437,0.021739130434782608,0.03,1,ANOMALY
911d6a5321ff4769b6d572692b65fa37,3,1,TEST,0.0003147971,0.04322209,257.61168872118884,312.25191627351654,569.8636049947054,0.021739130434782608,0.03,1,ANOMALY
912b280b58a04b0b851a96ad2a5f2e4d,3,1,TEST,0.00032378524,0.02119322,265.7809505533141,133.98448810216732,399.7654386554814,0.021739130434782608,0.03,1,ANOMALY
914142872fdf41ee96082d707d98195c,3,1,TEST,0.00034446683,0.02783475,284.5783128345718,187.73070714212992,472.30901997670173,0.021739130434782608,0.03,1,ANOMALY
915e32e7c98e49b6af2332f960056426,3,1,TEST,0.00013442212,0.017025435,93.67004566886017,100.25691546130437,193.92696113016456,0.021739130434782608,0.03,1,ANOMALY
9169f76d8b1541a2863c73cc7368bcdc,3,1,TEST,0.0003206696,0.041622385,262.9491656751699,299.30639087058626,562.2555565457562,0.021739130434782608,0.03,1,ANOMALY
917337cfafc64517b5427b0f6aa44781,3,1,TEST,0.00022127893,0.015114427,172.61363386320915,84.79218752133862,257.4058213845478,0.021739130434782608,0.03,1,ANOMALY
9175ddd7cfe8496d901f2ccc9636eba5,3,1,TEST,0.00023477733,0.025211161,184.88224159681806,166.49945635129762,351.3816979481157,0.021739130434782608,0.03,1,ANOMALY
9194eb929bbc4c9894774df7a82e6e71,3,1,TEST,0.0002458848,0.015875481,194.9777486452704,90.95097547911939,285.92872412438976,0.021739130434782608,0.03,1,ANOMALY
919fe07befd4455fa39d481befc7191f,3,1,TEST,0.00025067828,0.021828225,199.3345113578067,139.123231407019,338.4577427648257,0.021739130434782608,0.03,1,ANOMALY
91b7512f900f453782b77669a90b6a5b,3,1,TEST,0.0001628053,0.015365314,119.46733287715256,86.82247687579147,206.28980975294402,0.021739130434782608,0.03,1,ANOMALY
91c7f0f2fc9440f9aa3d219874714c53,3,1,TEST,0.00042043315,0.04600187,353.6236056874884,334.7471342071715,688.3707398946599,0.021739130434782608,0.03,1,ANOMALY
91ee51a8bcd44d2fb2cd48b8de817a2a,4,1,TEST,0.0009592468,0.056631666,843.3478184359658,420.76817817838264,1264.1159966143484,0.021739130434782608,0.03,1,ANOMALY
91fae3082c954e7a9c7e29e5049b5b23,3,1,TEST,0.00017148744,0.016542008,127.35847330477921,96.34480884854618,223.7032821533254,0.021739130434782608,0.03,1,ANOMALY
91fb3cbecfe34e06b672a0d3bde45ea1,3,1,TEST,0.00027254425,0.021905888,219.20834889743065,139.75171499578553,358.9600638932162,0.021739130434782608,0.03,1,ANOMALY
920230ffae0b41248b1c21e7c36b9ebe,3,1,TEST,0.00020566292,0.0144905215,158.4203442100566,79.74326631444244,238.16361052449906,0.021739130434782608,0.03,1,ANOMALY
922b644059724f2ca32a5da56533c7cb,3,1,TEST,0.000446091,0.018454019,376.943858231329,111.81765351126965,488.76151174259866,0.021739130434782608,0.03,1,ANOMALY
926013151f4d492d8ee987d7060a02c4,3,1,TEST,0.00030528702,0.015044703,248.96803902676285,84.22794985677302,333.19598888353585,0.021739130434782608,0.03,1,ANOMALY
92aa229d690045c4925c0e5d7bf1c794,3,1,TEST,0.00025319215,0.026765468,201.61935140724125,179.07760091698464,380.6969523242259,0.021739130434782608,0.03,1,ANOMALY
92e5a070802440969ccae3d5a66d5098,3,1,TEST,0.00020256011,0.018882122,155.60022043524486,115.28205367353125,270.88227410877613,0.021739130434782608,0.03,1,ANOMALY
92fa746feff244a781a435c478671247,3,1,TEST,0.00034718006,0.013681835,287.0443498879307,73.19901495012414,360.24336483805484,0.021739130434782608,0.03,1,ANOMALY
93043ffa645d48f6ab7abde1d96c2992,3,1,TEST,0.00043652795,0.025597641,368.2520644493334,169.62702465778196,537.8790891071153,0.021739130434782608,0.03,1,ANOMALY
93070540b6fe4aeca73f5a488eee64d3,3,1,TEST,0.00034195278,0.032418072,282.29330918431106,224.82099027608842,507.1142994603995,0.021739130434782608,0.03,1,ANOMALY
93170e2c6efb4d169b2185b26c15e3cf,3,1,TEST,0.00040309358,0.04258907,337.8637835900951,307.12923647282645,644.9930200629216,0.021739130434782608,0.03,1,ANOMALY
931a6b81395a40f2adf0290b31128b22,3,1,TEST,0.00013059496,0.014754596,90.19156490271318,81.8802747928907,172.0718396956039,0.021739130434782608,0.03,1,ANOMALY
9331164c50394a0bafd56768b3f7047c,3,1,TEST,0.00020749515,0.013951709,160.0856461086335,75.38295556579415,235.46860167442765,0.021739130434782608,0.03,1,ANOMALY
933a771b6eca4fb7a5c4ad059f2daea1,3,1,TEST,0.00020279872,0.014859002,155.81709150821027,82.72517464956321,238.5422661577735,0.021739130434782608,0.03,1,ANOMALY
933dd58f431147479755ca1d7e86f5e9,4,1,TEST,0.00126149,0.15067422,1118.0546919136157,1181.8024137177104,2299.857105631326,0.021739130434782608,0.03,1,ANOMALY
935e0ad54dc44738af5242c45e5c8f06,4,1,TEST,0.0008252489,0.08103271,721.5580009592757,618.2322949749288,1339.7902959342046,0.021739130434782608,0.03,1,ANOMALY
936d28390253410988ba67afdb41e5c2,3,1,TEST,0.00032533956,0.014859933,267.1936618652105,82.73270871625061,349.92637058146113,0.021739130434782608,0.03,1,ANOMALY
93998affcdf64798ae947319c6b316c9,3,1,TEST,0.00071403873,0.045864977,620.4798026751855,333.6393350760921,954.1191377512775,0.021739130434782608,0.03,1,ANOMALY
939f9f324b3f492083794d18a1b1032f,3,1,TEST,0.00021975148,0.02352655,171.2253445190868,152.86683377741323,324.09217829650004,0.021739130434782608,0.03,1,ANOMALY
93a90a85f6c649fb87ecc260ba004920,3,1,TEST,0.00019960979,0.013577503,152.91869382700824,72.3547139344128,225.27340776142103,0.021739130434782608,0.03,1,ANOMALY
93b23eb949cf47caa858fe3b13fd3868,3,1,TEST,0.00019793681,0.014149602,151.3981332149229,76.98439386758236,228.38252708250525,0.021739130434782608,0.03,1,ANOMALY
93d667e7a542442d90b3be974aca3172,3,1,TEST,0.0002846439,0.020970726,230.20564187763281,132.1839675505659,362.3896094281987,0.021739130434782608,0.03,1,ANOMALY
93ebca1e8aa749428ede7b7b2d5cb8b5,3,1,TEST,0.00036190104,0.06084437,300.4241526107943,454.859255375132,755.2834079859263,0.021739130434782608,0.03,1,ANOMALY
93f5cc460c3a4fd6b3245f923dc4b5ff,3,1,TEST,0.00016795857,0.021796877,124.15110637440964,138.8695494279472,263.0206558023568,0.021739130434782608,0.03,1,ANOMALY
93f886e4dee4414382e96c1b8ab2b71b,3,1,TEST,0.00018696938,0.013413628,141.42990760923522,71.02856444097169,212.45847205020692,0.021739130434782608,0.03,1,ANOMALY
9439a2bf3f9f4e9783b190a08a7aa1cd,3,1,TEST,0.0001447174,0.01946623,103.02735852280354,120.00891578376707,223.0362743065706,0.021739130434782608,0.03,1,ANOMALY
944c0e36dc2d47dcbf8107c99a836228,3,1,TEST,0.00028218466,0.02186341,227.97045467894262,139.40796409917291,367.37841877811553,0.021739130434782608,0.03,1,ANOMALY
945c286ef360483583cba711dc7fb967,3,1,TEST,0.00017390668,0.02461736,129.5573047643193,161.69415416759165,291.251458931911,0.021739130434782608,0.03,1,ANOMALY
945ee00058fa4ae4a1e5462f2863fce5,3,1,TEST,0.00037349033,0.036655813,310.95758271517974,259.11467802885477,570.0722607440346,0.021739130434782608,0.03,1,ANOMALY
946b5bb81be5499ead37f324aa9c8127,3,1,TEST,0.0006537903,0.052169096,565.7203975430369,384.6550740139558,950.3754715569928,0.021739130434782608,0.03,1,ANOMALY
947bcd4c7c7c4ee2929bf61d203c3ddc,3,1,TEST,0.00062246324,0.053332366,537.247437000511,394.0687729993729,931.316209999884,0.021739130434782608,0.03,1,ANOMALY
9487ff2e307547d4bf6c0edea5600201,3,1,TEST,0.00041464818,0.01844557,348.3656841797026,111.7492804399038,460.11496461960644,0.021739130434782608,0.03,1,ANOMALY
94bac8de53f14af9b528ebd4b1d296cb,3,1,TEST,0.00023331237,0.01790021,183.55074900618305,107.33598440485855,290.88673341104163,0.021739130434782608,0.03,1,ANOMALY
94ca5a7c35c1431eaed30d44e7af2dfd,3,1,TEST,0.00019697807,0.015266491,150.52674068110255,86.02275714190691,236.54949782300946,0.021739130434782608,0.03,1,ANOMALY
94d7b251d2314017bfe62e7dde353486,3,1,TEST,0.00027242582,0.018293384,219.10070864274186,110.51772354099408,329.61843218373593,0.021739130434782608,0.03,1,ANOMALY
94e0b6c994ea4d57ac0a513fbe62e868,3,1,TEST,0.00035861603,0.02784393,297.4384284441536,187.8049957910989,485.2434242352525,0.021739130434782608,0.03,1,ANOMALY
94e2bf1ba215430b80caadfad0e69207,4,1,TEST,0.0022079968,0.13924333,1978.3285500296463,1089.2985602740432,3067.6271103036897,0.021739130434782608,0.03,1,ANOMALY
94ff4618db6b4b6e96f54cf6de7d1538,3,1,TEST,0.00015348295,0.018767983,110.99430975549303,114.35839004557167,225.35269980106472,0.021739130434782608,0.03,1,ANOMALY
955d0aadc1644265b38dfe58cc2afdd2,3,1,TEST,0.00024217389,0.023680849,191.60492674602853,154.1154900134985,345.720416759527,0.021739130434782608,0.03,1,ANOMALY
957a8c72740e4856b61d38a16114dcfb,3,1,TEST,0.00015026961,0.021125581,108.07372598447462,133.43712318630548,241.5108491707801,0.021739130434782608,0.03,1,ANOMALY
959ff1bfe9374272ba3f0f1835cdc596,3,1,TEST,0.00022357088,0.019187268,174.6967722718387,117.75143102410685,292.4482032959456,0.021739130434782608,0.03,1,ANOMALY
95a16940e2c94cc99c40eec7e3114863,3,1,TEST,0.00016621628,0.023296166,122.56755035531185,151.00246383143653,273.5700141867484,0.021739130434782608,0.03,1,ANOMALY
95de45afdcc94e1ca28b87be5a4472e8,3,1,TEST,0.00023932454,0.021264981,189.01517111234168,134.56521007805642,323.5803811903981,0.021739130434782608,0.03,1,ANOMALY
95deb1ede33f4c6ea9589fde800c0b94,3,1,TEST,0.00037035948,0.041062415,308.11197356722374,294.77486420793355,602.8868377751573,0.021739130434782608,0.03,1,ANOMALY
95f4de5d39064ed0a0ae7ee8f2c79131,3,1,TEST,0.0001520207,0.016317584,109.66528026618543,94.52866987728135,204.1939501434668,0.021739130434782608,0.03,1,ANOMALY
960fb30d125442dc93a168e4bce0763a,3,1,TEST,0.00022526972,0.018537479,176.24083686928464,112.49304900614437,288.733885875429,0.021739130434782608,0.03,1,ANOMALY
961f6b50d9c94627a2b56e091522f56e,3,1,TEST,0.00031381956,0.016830675,256.72320898996793,98.68083079102162,355.40403978098954,0.021739130434782608,0.03,1,ANOMALY
96273e03f70b4466845e60b3a1b36a5d,3,1,TEST,0.00024432104,0.03917435,193.5564573789345,279.49580124327224,473.05225862220675,0.021739130434782608,0.03,1,ANOMALY
9627afc29d3f43ac886d14dc50e4552f,3,1,TEST,0.00025089935,0.025471553,199.5354404391548,168.60666439948142,368.1421048386362,0.021739130434782608,0.03,1,ANOMALY
962e5a80dece4b1090d25abc350558f8,3,1,TEST,0.0006065601,0.036173593,522.7931767628039,255.21233899772022,778.0055157605241,0.021739130434782608,0.03,1,ANOMALY
96560c0140d64bbaa7c7f0c7018b5cbd,3,1,TEST,0.00023457,0.014917533,184.69380071186808,83.19883357252647,267.89263428439455,0.021739130434782608,0.03,1,ANOMALY
9667c973cbda48d5b2090494a74c76d4,3,1,TEST,0.00023973054,0.017481353,189.38418186471566,103.94640699296377,293.33058885767946,0.021739130434782608,0.03,1,ANOMALY
9697fb1812a0427b81e44ceced009774,3,1,TEST,0.00020916332,0.0150128305,161.60183494308606,83.97002339007767,245.57185833316373,0.021739130434782608,0.03,1,ANOMALY
96a11d97c7dd42f6ba453c54225a572a,3,1,TEST,0.00024436042,0.034359854,193.59224960412786,240.53475513145412,434.127004735582,0.021739130434782608,0.03,1,ANOMALY
96c89e24c1074d578d70b3eba6377a77,3,1,TEST,0.0004592361,0.01927298,388.8913538988942,118.44505070607067,507.33640460496486,0.021739130434782608,0.03,1,ANOMALY
96caf7d27678496291ac9f6123161ca4,3,1,TEST,0.00029387735,0.022270577,238.59786436903119,142.7029408240909,381.3008051931221,0.021739130434782608,0.03,1,ANOMALY
96e16114c7c74c748c7873d132aa8d7e,1,1,TEST,0.00019049596,0.01875028,144.63519317353845,114.21512948427565,258.8503226578141,0.021739130434782608,0.03,1,ANOMALY
9704cb6a6a314b36871955fdb1b1d492,3,1,TEST,0.00041281906,0.027149003,346.70320893984467,182.18133697170276,528.8845459115474,0.021739130434782608,0.03,1,ANOMALY
971b5e80a2fa4e27838dbd5115552524,3,1,TEST,0.0002382973,0.022025522,188.08151937522672,140.71984661133598,328.8013659865627,0.021739130434782608,0.03,1,ANOMALY
972981e9e3e54af4a29566f11552b796,3,1,TEST,0.00028063456,0.01574888,226.56157889752652,89.92646379631763,316.48804269384414,0.021739130434782608,0.03,1,ANOMALY
973c428ab67d49eca27e1520ab5777f0,3,1,TEST,0.0002205252,0.013821757,171.92857358146813,74.3313260983851,246.25989967985322,0.021739130434782608,0.03,1,ANOMALY
9744080b7daa4f94baebcaed92fb1eec,4,1,TEST,0.0017511991,0.068051614,1563.1480993899581,513.1834840842481,2076.331583474206,0.021739130434782608,0.03,1,ANOMALY
97490f1be78c4d9697ef02e711f23829,3,1,TEST,0.00020558227,0.019146638,158.34704195099513,117.4226349666331,275.7696769176282,0.021739130434782608,0.03,1,ANOMALY
9756f4cb10b14a3b942f7ab2ccf8f4d3,4,1,TEST,0.00086485245,0.11497266,757.5534092897717,892.8894879568741,1650.4428972466458,0.021739130434782608,0.03,1,ANOMALY
975c4405258347acbae98637fd5f7cec,3,1,TEST,0.00034680436,0.027443558,286.70287860796293,184.5650072328197,471.26788584078264,0.021739130434782608,0.03,1,ANOMALY
9774d7f349264d3faf2596b922b80347,3,1,TEST,0.00022024472,0.022036962,171.6736471385473,140.81242418695746,312.4860713255048,0.021739130434782608,0.03,1,ANOMALY
97ac8d05077847f0aad704eb25926a54,3,1,TEST,0.00025217942,0.021720262,200.698887714503,138.24954672198234,338.94843443648534,0.021739130434782608,0.03,1,ANOMALY
97b29c44bc6b44858057ebd282d26d98,3,1,TEST,0.0002514267,0.01754806,200.0147454151755,104.48622974969282,304.50097516486835,0.021739130434782608,0.03,1,ANOMALY
97f0f675eb3946bfbeb2ea47288ea8c3,3,1,TEST,0.0003499248,0.034611408,289.5390261748051,242.57044214700306,532.1094683218082,0.021739130434782608,0.03,1,ANOMALY
9813f4ab8c5b407fb35b46ec5d5ab3ab,3,1,TEST,0.0001907404,0.013060643,144.857363095485,68.17205259387906,213.02941568936404,0.021739130434782608,0.03,1,ANOMALY
98288f18d65240a7aae384ed1be4d1e8,3,1,TEST,0.00021999102,0.015505291,171.4430608629875,87.9552331085506,259.3982939715381,0.021739130434782608,0.03,1,ANOMALY
986aa3a46e81474db5e1ca5291fc8fe6,3,1,TEST,0.0003965869,0.06333971,331.9499045697581,475.0526581331079,807.002562702866,0.021739130434782608,0.03,1,ANOMALY
9878925e816e45eabb5e6d34473c1dd9,4,1,TEST,0.0012162428,0.09631737,1076.9298069017514,741.9225718104403,1818.8523787121917,0.021739130434782608,0.03,1,ANOMALY
98805a4b48654b4b89d1713aca3f5638,3,1,TEST,0.00026765506,0.027520215,214.76459599004286,185.18534982149228,399.94994581153514,0.021739130434782608,0.03,1,ANOMALY
988082eeeb7d43b09125fb82c0988c74,3,1,TEST,0.00023954215,0.018793546,189.21295542225326,114.56525722788037,303.77821265013364,0.021739130434782608,0.03,1,ANOMALY
98acb50236fc499eb39951f5bc0d0f8b,3,1,TEST,0.00040927317,0.028216073,343.4803726424667,190.81654270757582,534.2969153500426,0.021739130434782608,0.03,1,ANOMALY
98c42e50ef364da2bb187436b5a3ae13,3,1,TEST,0.00025515867,0.03910873,203.40670861107995,278.96477497471636,482.37148358579634,0.021739130434782608,0.03,1,ANOMALY
98e7c62ebb584e1199f9f8cff18b9690,3,1,TEST,0.0002408246,0.018253073,190.37856586408097,110.19150897360979,300.57007483769075,0.021739130434782608,0.03,1,ANOMALY
98f85296fe1b4519b994326ec79312e6,3,1,TEST,0.00021918096,0.015527929,170.70680261158827,88.13842988800151,258.84523249958977,0.021739130434782608,0.03,1,ANOMALY
990da1ff294943598b18fdadd6ee69bf,3,1,TEST,0.0002517379,0.03248641,200.2975930657637,225.3740118112999,425.6716048770636,0.021739130434782608,0.03,1,ANOMALY
9935ef51f7aa41f3b6c8690e4fe3f02c,3,1,TEST,0.00021907125,0.020167248,170.60708790803417,125.68186568822529,296.2889535962595,0.021739130434782608,0.03,1,ANOMALY
995aabbfb7374fddae5404c30d7870e4,3,1,TEST,0.00031553928,0.022412086,258.28625128325024,143.84809468323573,402.13434596648597,0.021739130434782608,0.03,1,ANOMALY
99649bce22cc4d0ab996afa48298b74e,1,1,TEST,0.00021053739,0.0151923355,162.85071820543715,85.42265780545613,248.2733760108933,0.021739130434782608,0.03,1,ANOMALY
997f8dccb818436f8fca8edafbd05dff,3,1,TEST,0.00028716357,0.020134812,232.49575350924417,125.41937912853493,357.9151326377791,0.021739130434782608,0.03,1,ANOMALY
99b12ac440874acda2bce1a06d1052ef,3,1,TEST,0.00022293514,0.014879724,174.1189523316558,82.89286630358664,257.01181863524243,0.021739130434782608,0.03,1,ANOMALY
99b646dfd2be40a594f74b1f1e6bc92b,3,1,TEST,0.00020132057,0.015572288,154.4736106125905,88.49740267445188,242.97101328704238,0.021739130434782608,0.03,1,ANOMALY
99db41149ae642c18e5ebdb303b9e808,3,1,TEST,0.00020339672,0.015927877,156.360609808505,91.37498724942199,247.73559705792698,0.021739130434782608,0.03,1,ANOMALY
99dd992424f64203af2ff8bc5d2943da,3,1,TEST,0.00030172057,0.021683296,245.72651587946174,137.95040138453282,383.6769172639946,0.021739130434782608,0.03,1,ANOMALY
99ddedfd13814684aae85b9ed2d4c74b,3,1,TEST,0.00032298287,0.027230857,265.0516816927665,182.84373599923063,447.8954176919972,0.021739130434782608,0.03,1,ANOMALY
99e0e15f84824e85abc608dbbdd7bed2,3,1,TEST,0.00036953864,0.021353574,307.3659174441235,135.2821440952795,442.648061539403,0.021739130434782608,0.03,1,ANOMALY
99e45668e870489a82e28c383298ddc1,3,1,TEST,0.00039760774,0.034989644,332.877739388609,245.63129633343286,578.5090357220419,0.021739130434782608,0.03,1,ANOMALY
99efa74da9cd4dd2b9694dfd459e9779,3,1,TEST,0.00015218486,0.017272031,109.81448421965766,102.25248013245375,212.06696435211143,0.021739130434782608,0.03,1,ANOMALY
9a0402d870ee4850bb3188936d7f7747,3,1,TEST,0.00030087985,0.04035178,244.96239095400395,289.0240892558572,533.9864802098612,0.021739130434782608,0.03,1,ANOMALY
9a05e447147c4f86bc40365902d252a3,3,1,TEST,0.00021745748,0.020826789,169.14034287882583,131.0191652339378,300.15950811276366,0.021739130434782608,0.03,1,ANOMALY
9a140a13915647d9b6429c068f61394b,3,1,TEST,0.0004348706,0.055009928,366.745709842321,407.64435192548143,774.3900617678024,0.021739130434782608,0.03,1,ANOMALY
9a1ee5b57f524a919c6b053bb43ca8c8,3,1,TEST,0.00028267005,0.015239071,228.41162248459486,85.80086228845057,314.21248477304545,0.021739130434782608,0.03,1,ANOMALY
9a47c15f247648d0a044d366174e68d7,3,1,TEST,0.00016874383,0.019288735,124.86482406753576,118.57254718368574,243.43737125122152,0.021739130434782608,0.03,1,ANOMALY
9a64396347b34ef2aae7b9d6b418a1a9,4,1,TEST,0.0009052249,0.051879335,794.2476658160814,382.3101989361893,1176.5578647522707,0.021739130434782608,0.03,1,ANOMALY
9a9a6a3759064f639e3ad2ae4be3dce6,3,1,TEST,0.00026090298,0.015952768,208.62767451001963,91.57641630840745,300.20409081842706,0.021739130434782608,0.03,1,ANOMALY
9aa28dc5f68e4cbc8066134b55e7ed2c,3,1,TEST,0.00014264756,0.018237589,101.14609444473999,110.06620554870393,211.21229999344393,0.021739130434782608,0.03,1,ANOMALY
9aa56691ca1c4ad3a1b044e5dde8b037,3,1,TEST,0.00025069,0.020615103,199.34516358937765,129.30610783245146,328.6512714218291,0.021739130434782608,0.03,1,ANOMALY
9aa73e4447814d8aad88edfb0f2d0d70,3,1,TEST,0.00033126248,0.020291131,272.5769652283904,126.68438210437154,399.26134733276194,0.021739130434782608,0.03,1,ANOMALY
9aba60a49426484795246757702f41cf,3,1,TEST,0.00022267604,0.014001108,173.88345803131074,75.78271427716868,249.66617230847942,0.021739130434782608,0.03,1,ANOMALY
9abb854df7784e5f9d897e2b1e5d9144,3,1,TEST,0.00041020935,0.021624895,344.33126053940634,137.47779447947437,481.8090550188807,0.021739130434782608,0.03,1,ANOMALY
9ac4136cfe1449fa821fc804e57a68a3,3,1,TEST,0.00023112814,0.01955645,181.56551660308486,120.73901620969082,302.3045328127757,0.021739130434782608,0.03,1,ANOMALY
9b0d3fffc8214c13abd8ac5e24e14c62,3,1,TEST,0.00026109465,0.017005302,208.80188212309235,100.09399025763422,308.8958723807266,0.021739130434782608,0.03,1,ANOMALY
9b3e819e2486490abad880333581a9d6,3,1,TEST,0.00021661427,0.026423836,168.37395480860593,176.31296260276176,344.6869174113677,0.021739130434782608,0.03,1,ANOMALY
9b555c51dba8411abc29192f989bab62,3,1,TEST,0.00020268201,0.014655456,155.71101455030492,81.07798975380754,236.78900430411247,0.021739130434782608,0.03,1,ANOMALY
9b63b0d1a6f74ce8b7c9acaaebe18344,3,1,TEST,0.0007692826,0.034597185,670.6905958593027,242.45534329577367,913.1459391550763,0.021739130434782608,0.03,1,ANOMALY
9b66555bda3e49f79f07250892563441,3,1,TEST,0.0002770299,0.022353783,223.2853269304022,143.37628083782855,366.66160776823074,0.021739130434782608,0.03,1,ANOMALY
9b9c77fdce114149b60eee860950ca73,3,1,TEST,0.00020245225,0.03318483,155.50218718462648,231.02593754255318,386.52812472717966,0.021739130434782608,0.03,1,ANOMALY
9b9f8787167c48bdb52aa825fea60256,3,1,TEST,0.0003996127,0.032656014,334.700034457771,226.7465229245605,561.4465573823315,0.021739130434782608,0.03,1,ANOMALY
9bb2ea2175e148e89097575c02456e61,3,1,TEST,0.0006679625,0.096657775,578.60141770263,744.6772806941311,1323.2786983967612,0.021739130434782608,0.03,1,ANOMALY
9bb3e212a9f4495a952513b3cc5e4af4,3,1,TEST,0.00024210435,0.015954643,191.541722293516,91.59158964357269,283.1333119370887,0.021739130434782608,0.03,1,ANOMALY
9bc6dda417814dd694de76ba0896578e,3,1,TEST,0.000400841,0.071397185,335.8164283177241,540.2573348053542,876.0737631230783,0.021739130434782608,0.03,1,ANOMALY
9bd2774e0d0d4c7286ec9ff2248c5e4c,3,1,TEST,0.00023652619,0.015378345,186.47176904607127,86.92792953207845,273.3996985781497,0.021739130434782608,0.03,1,ANOMALY
9beccc7d137b436a9eddb4aec101ed55,6,0,TEST,3.1025036e-05,0.004642709,-0.306889700888141,0.050381137460359625,-0.2565085634277814,0.8043478260869565,0.03,0,REFERENCE
9bece48a85fa4446a978e0b0b688bdc7,3,1,TEST,0.00014538254,0.015606792,103.6318999312618,88.77662441127381,192.4085243425356,0.021739130434782608,0.03,1,ANOMALY
9bf7f70369e042eb9d836b76531e2efa,3,1,TEST,0.00028923675,0.017198248,234.38005329152674,101.65539523192245,336.0354485234492,0.021739130434782608,0.03,1,ANOMALY
9c042435c13d4ad88aa0af965199a171,3,1,TEST,0.0002054089,0.015890205,158.1894670885836,91.07012864550491,249.25959573408852,0.021739130434782608,0.03,1,ANOMALY
9c17b9baec3948f9a6aac6e0647813d3,3,1,TEST,0.00025729794,0.027741263,205.3510771633734,186.97416869701428,392.32524586038767,0.021739130434782608,0.03,1,ANOMALY
9c18db809c61455a98cbb6aee7209a51,3,1,TEST,0.00033505607,0.022429913,276.02493444045564,143.992358707764,420.01729314821966,0.021739130434782608,0.03,1,ANOMALY
9c1d25d8bbd54dd199250b9ab420163c,3,1,TEST,0.0002819913,0.016467655,227.79471103589077,95.74311125412467,323.53782229001547,0.021739130434782608,0.03,1,ANOMALY
9c4dd7fb2c4a46a585e6d05245e7c209,6,0,TEST,5.5344055e-05,0.006922524,21.796508077899134,18.499659595977047,40.296167673876184,0.08695652173913043,0.03,0,REFERENCE
9c642e02ecd14342a5e2a09d3af1609c,4,1,TEST,0.0013465951,0.15033588,1195.4061623122968,1179.064415733815,2374.4705780461118,0.021739130434782608,0.03,1,ANOMALY
9cc428725d7f4b2ca36458ac19292d70,3,1,TEST,0.00037951936,0.050325774,316.43732876539013,369.7380913347867,686.1754201001768,0.021739130434782608,0.03,1,ANOMALY
9cc8fb229ed34c838613de63716ca6b0,3,1,TEST,0.00032882567,0.019045087,270.3621645104286,116.6008390416388,386.96300355206745,0.021739130434782608,0.03,1,ANOMALY
9d0ad746e50e4b02811c40c883c4aab6,3,1,TEST,0.00017807727,0.022231707,133.34792681787465,142.3883874705589,275.73631428843356,0.021739130434782608,0.03,1,ANOMALY
9d19153e3d034b55a9d58f3ee1559205,3,1,TEST,0.0004995819,0.045521066,425.56138841399513,330.85625407875375,756.4176424927489,0.021739130434782608,0.03,1,ANOMALY
9d3dd92470294fc8882fa7085f70029f,3,1,TEST,0.000295258,0.018080475,239.85272815047247,108.7947690787573,348.64749722922977,0.021739130434782608,0.03,1,ANOMALY
9d5a5a937dc840f1b425099d6baa4ae8,3,1,TEST,0.00027672952,0.022348046,223.01231350725416,143.32985447844567,366.3421679856998,0.021739130434782608,0.03,1,ANOMALY
9d6b406cd7c4462a9c0c0aeb8510a652,3,1,TEST,0.0002764145,0.026545575,222.72599388357716,177.2981288159244,400.02412269950156,0.021739130434782608,0.03,1,ANOMALY
9d83a997fa12406087e209ac7548626e,3,1,TEST,0.00016057813,0.021566303,117.44307258807669,137.0036419173404,254.44671450541708,0.021739130434782608,0.03,1,ANOMALY
9d8760970da24292b321466645711166,3,1,TEST,0.00014835002,0.018099671,106.32902315159382,108.9501116610676,215.27913481266143,0.021739130434782608,0.03,1,ANOMALY
9d9ac1e3f985480786f5e446b3c56a3f,3,1,TEST,0.00057215436,0.13473222,491.52202404510876,1052.792648808859,1544.3146728539677,0.021739130434782608,0.03,1,ANOMALY
9da8fa4203a94025b364100bea0ada2e,6,0,TEST,3.167567e-05,0.0045622755,0.2844672987672892,-0.6005225713463219,-0.3160552725790327,0.8260869565217391,0.03,0,REFERENCE
9db46151f8214d009acb537c208eaae2,3,1,TEST,0.00015712771,0.023293253,114.30700835111536,150.97889053792383,265.2858988890392,0.021739130434782608,0.03,1,ANOMALY
9dc0b98dc678481fa44dbee292f7e4e5,3,1,TEST,0.00015757684,0.021624953,114.715219679228,137.47826384130877,252.19348352053677,0.021739130434782608,0.03,1,ANOMALY
9dc17c9dab4e4836855db309f1747434,3,1,TEST,0.0002007988,0.016131515,153.99937726218118,93.02291665015645,247.02229391233763,0.021739130434782608,0.03,1,ANOMALY
9dc99e22fa9143d08fa1d927e71e17fd,3,1,TEST,0.00057767064,0.030897591,496.5357349640882,212.5165807692276,709.0523157333158,0.021739130434782608,0.03,1,ANOMALY
9dfcb2229aad4c6886b7a9b1b4b807cf,3,1,TEST,0.00014716823,0.016639618,105.25490192733747,97.13471244613449,202.38961437347194,0.021739130434782608,0.03,1,ANOMALY
9e01e4ad99534ed9b781071c04511489,6,0,TEST,3.0926883e-05,0.00458967,-0.3961003225082557,-0.3788340752482477,-0.7749343977565034,0.8913043478260869,0.03,0,REFERENCE
9e063d4817244a178271a0fbb00f709e,3,1,TEST,0.00024631806,0.037640575,195.37153583387524,267.0838107669786,462.4553466008539,0.021739130434782608,0.03,1,ANOMALY
9e0abdafb9d1401bad08950531fcb830,3,1,TEST,0.0003449989,0.018727321,285.06190778781223,114.02933502984445,399.0912428176567,0.021739130434782608,0.03,1,ANOMALY
9e0b20d337d448f98d59edc25e849d44,6,0,TEST,3.1413303e-05,0.0046068816,0.046003643427121675,-0.23955014163231023,-0.19354649820518854,0.8043478260869565,0.03,0,REFERENCE
9e129b8f5db44318992bface9ac4e805,4,1,TEST,0.0017772885,0.1397951,1586.860584914555,1093.7637288842402,2680.624313798795,0.021739130434782608,0.03,1,ANOMALY
9e44637cb6c44cf9b3b64dac0a20cc73,3,1,TEST,0.00032071868,0.039055414,262.9937741671072,278.53331815462593,541.5270923217331,0.021739130434782608,0.03,1,ANOMALY
9e6ef49679e648c9a62980344c8489ef,3,1,TEST,0.00023041981,0.016904078,180.92172008527928,99.27484056229275,280.196560647572,0.021739130434782608,0.03,1,ANOMALY
9e7c9cdd4d874c2e88b2f22142a99860,3,1,TEST,0.00046828555,0.037376452,397.1163399902019,264.9464098049274,662.0627497951293,0.021739130434782608,0.03,1,ANOMALY
9e9c3a062c7c40deac9ec60ed49275a1,3,1,TEST,0.0006565478,0.08778322,568.2266713107002,672.8604287169217,1241.087100027622,0.021739130434782608,0.03,1,ANOMALY
9ea1de8fe8f649de9253b50c2f7014f8,3,1,TEST,0.00029163476,0.01717279,236.5595889425129,101.44937775638304,338.00896669889596,0.021739130434782608,0.03,1,ANOMALY
9ea695f25d5b448f872600b44cb9d945,3,1,TEST,0.00039484195,0.032868464,330.3639308940068,228.46576295434886,558.8296938483556,0.021739130434782608,0.03,1,ANOMALY
9ea7c876e0e946999c786e3c4a5a49ff,3,1,TEST,0.00020714628,0.013454532,159.76856044070072,71.35957782849094,231.12813826919165,0.021739130434782608,0.03,1,ANOMALY
9eab11e3ea3645a595e9f044a15b44ad,3,1,TEST,0.00019247859,0.015473608,146.4371926513199,87.6988401602626,234.13603281158248,0.021739130434782608,0.03,1,ANOMALY
9ed3f02161a442b8ba63f7875edab373,3,1,TEST,0.0005008979,0.030544357,426.757492232035,209.65805390322504,636.41554613526,0.021739130434782608,0.03,1,ANOMALY
9ed7d5ed87414c8eaea88d84b23f9122,3,1,TEST,0.00027951688,0.028039115,225.54572683419306,189.3845197506858,414.9302465848789,0.021739130434782608,0.03,1,ANOMALY
9f291ec67f034139a00c644d651b91dd,3,1,TEST,0.00018477245,0.023810774,139.43313225895687,155.16690098488115,294.600033243838,0.021739130434782608,0.03,1,ANOMALY
9f29755b065b49e8a47c06da92fc2d0f,4,1,TEST,0.0018972714,0.06044477,1695.9122602865118,451.6255141847182,2147.53777447123,0.021739130434782608,0.03,1,ANOMALY
9f56457cacf5488ab20265458f33d818,3,1,TEST,0.00037285744,0.070160374,310.3823531214113,530.2485092911977,840.6308624126091,0.021739130434782608,0.03,1,ANOMALY
9f5995441abd429c859d6655c5471bf6,3,1,TEST,0.000262302,0.036114264,209.8992346646656,254.7322223033107,464.6314569679763,0.021739130434782608,0.03,1,ANOMALY
9f5de1c5f41d46a9bc94b0cc568000e0,3,1,TEST,0.00040580155,0.023756377,340.32503986375576,154.7266962312902,495.05173609504595,0.021739130434782608,0.03,1,ANOMALY
9f6174d06d754f26a16f55a1fb1ac8ed,3,1,TEST,0.00019680413,0.014707846,150.36864774940815,81.50195296943762,231.87060071884576,0.021739130434782608,0.03,1,ANOMALY
9f644743b2f84c39a86dacb494fff3d1,4,1,TEST,0.0009899578,0.13455799,871.2608460619706,1051.3827020430786,1922.6435481050491,0.021739130434782608,0.03,1,ANOMALY
9f6b5ff3d2e049c8bd1647be683c1628,3,1,TEST,0.0002611812,0.020430474,208.88054685367845,127.81200772673347,336.6925545804119,0.021739130434782608,0.03,1,ANOMALY
9f6c12f5ccd54873bf584f483f21b45d,3,1,TEST,0.0013951518,0.16947079,1239.5390302920964,1333.9126305532875,2573.451660845384,0.021739130434782608,0.03,1,ANOMALY
9f792256dadc437cad0c97c912281337,3,1,TEST,0.00019993109,0.025720276,153.2107213017318,170.6194417020422,323.83016300377403,0.021739130434782608,0.03,1,ANOMALY
9f8077acec2a470aa66279e9683066c3,3,1,TEST,0.00023835825,0.01834159,188.13691643275675,110.90782796498081,299.04474439773753,0.021739130434782608,0.03,1,ANOMALY
9fa47868f4d04db48da246fb4780c450,3,1,TEST,0.00035376832,0.01744611,293.0323764382645,103.66120493897539,396.6935813772399,0.021739130434782608,0.03,1,ANOMALY
9fae4f5232164537952d04064ce3341d,3,1,TEST,0.00013045289,0.014606573,90.06243840618664,80.68240674427052,170.74484515045717,0.021739130434782608,0.03,1,ANOMALY
9fb1ebc58ed0496bb6eef846e74241f3,3,1,TEST,0.0003221063,0.033956677,264.2549729360954,237.27206726376772,501.5270401998631,0.021739130434782608,0.03,1,ANOMALY
9fb4d5d50edd4f928c5e79336dae0a40,3,1,TEST,0.0008233171,0.08057299,719.8022005370193,614.512035965777,1334.3142365027963,0.021739130434782608,0.03,1,ANOMALY
9fbbd16007d14eb8aad242338b653020,3,1,TEST,0.00020705961,0.018383374,159.68978664289713,111.24596270447093,270.9357493473681,0.021739130434782608,0.03,1,ANOMALY
9fcc074db1334d89afe658e307a323b9,3,1,TEST,0.00040507436,0.033722743,339.6641016149409,235.37896913654484,575.0430707514857,0.021739130434782608,0.03,1,ANOMALY
a02a98900e1f4f9290e2545bef367011,3,1,TEST,0.00025428075,0.017223572,202.6087728482125,101.8603283197754,304.4691011679879,0.021739130434782608,0.03,1,ANOMALY
a02bfe2ca216497a8819cf8fd6e2188b,3,1,TEST,0.00030340807,0.017685445,247.26027362485863,105.59801036391957,352.8582839887782,0.021739130434782608,0.03,1,ANOMALY
a0434351d17d42bab526fa4fcf32000c,3,1,TEST,0.00025722207,0.014373712,205.28211941514033,78.79799181098485,284.08011122612515,0.021739130434782608,0.03,1,ANOMALY
a04fe063237543dd9e9e482fa427ee97,3,1,TEST,0.0003295752,0.022905221,271.04340743955885,147.8387627561454,418.88217019570425,0.021739130434782608,0.03,1,ANOMALY
a05ef2b1f1034cb9964e01b5de2e2b19,3,1,TEST,0.00020309316,0.015044859,156.08470610409452,84.22921227825877,240.31391838235328,0.021739130434782608,0.03,1,ANOMALY
a08e8191f0a44372b716e30b9f2a4890,3,1,TEST,0.0004496505,0.092259474,380.17906456895275,709.0842699044957,1089.2633344734486,0.021739130434782608,0.03,1,ANOMALY
a08e9614a5474b0f9b0a56152856a831,3,1,TEST,0.00013837164,0.015925491,97.25973864106749,91.3556786746464,188.6154173157139,0.021739130434782608,0.03,1,ANOMALY
a0bdb80fc51d4287938d51914b7e3537,3,1,TEST,0.000274317,0.01655659,220.8195898118913,96.46281288768185,317.28240269957314,0.021739130434782608,0.03,1,ANOMALY
a0c3113be9ef4e5eae1d2e7b33f2a91c,3,1,TEST,0.0005308703,0.023806676,453.9992111346324,155.133738143544,609.1329492781764,0.021739130434782608,0.03,1,ANOMALY
a0e7471697ba440ca1beaf7cf5bee01f,3,1,TEST,0.00022396905,0.013649135,175.05866638827408,72.93439198484253,247.9930583731166,0.021739130434782608,0.03,1,ANOMALY
a105d462e1924dba82b4fb4d89f26067,3,1,TEST,0.00034602376,0.027604697,285.9933963584478,185.86901579558773,471.8624121540355,0.021739130434782608,0.03,1,ANOMALY
a1105e529e814144948c3480942819bd,3,1,TEST,0.00042766376,0.01987757,360.1954599638997,123.33766228342877,483.53312224732844,0.021739130434782608,0.03,1,ANOMALY
a11e39a076104dc2b5f99e23a691da82,3,1,TEST,0.000341698,0.020804502,282.0617413037942,130.8388089028298,412.90055020662396,0.021739130434782608,0.03,1,ANOMALY
a130d2e02a7f4af1bdc7bb4d9dbe10fb,3,1,TEST,0.000227629,0.017310131,178.38517107583866,102.56080230301122,280.9459733788499,0.021739130434782608,0.03,1,ANOMALY
a13d932eedfd4ce1876d2c24a7ab4b7a,3,1,TEST,0.00025479207,0.02948519,203.07350826176884,201.08680276351777,404.1603110252866,0.021739130434782608,0.03,1,ANOMALY
a152693393b24c3595a0a0598dc66d89,3,1,TEST,0.00027124723,0.02939918,218.02949587761756,200.39077153281832,418.4202674104359,0.021739130434782608,0.03,1,ANOMALY
a156d6fafcfa4c87a8e02b2e4fd255d0,3,1,TEST,0.00018051881,0.01999224,135.567026601991,124.26562299990714,259.83264960189814,0.021739130434782608,0.03,1,ANOMALY
a1725a8edb5446ec8f4abd8fe5e9f654,3,1,TEST,0.00024975775,0.014347052,198.49784764380956,78.58224721604886,277.08009485985843,0.021739130434782608,0.03,1,ANOMALY
a1ccb73db43346e6ae708634608ede80,3,1,TEST,0.00023468967,0.015820727,184.80256799447054,90.50788172251298,275.3104497169835,0.021739130434782608,0.03,1,ANOMALY
a1d378b14615446286df734ca9b5cd67,3,1,TEST,0.0002751315,0.017123785,221.5598835503362,101.05280746850458,322.6126910188408,0.021739130434782608,0.03,1,ANOMALY
a213cc96a94b4faca61b15365144d737,3,1,TEST,0.00014809343,0.018908352,106.09581017388041,115.49431851693603,221.59012869081644,0.021739130434782608,0.03,1,ANOMALY
a214337dedf84f0da8c157347a67c3af,3,1,TEST,0.000288663,0.03438849,233.8585756580918,240.7664903985429,474.62506605663475,0.021739130434782608,0.03,1,ANOMALY
a21b4c6c481140f08563723c23124f80,3,1,TEST,0.00020985864,0.013931182,162.2338067567331,75.21684193862794,237.45064869536102,0.021739130434782608,0.03,1,ANOMALY
a225de11c7b64aa1a7cabf7dbdcd0598,3,1,TEST,0.00029510006,0.050067563,239.7091775144381,367.64853291006716,607.3577104245053,0.021739130434782608,0.03,1,ANOMALY
a226cb177673484081bf36c83275a1aa,3,1,TEST,0.0001810232,0.02042053,136.02546338373955,127.73153644946251,263.75699983320203,0.021739130434782608,0.03,1,ANOMALY
a229f8a476124dc5ac9f610026b5a8ff,3,1,TEST,0.00033195392,0.018620415,273.20541053533987,113.16420405961827,386.36961459495814,0.021739130434782608,0.03,1,ANOMALY
a234d3bdf6794cb1acc5a20be3e3acc4,3,1,TEST,0.00016023882,0.018376838,117.13467594180077,111.19307048119627,228.32774642299705,0.021739130434782608,0.03,1,ANOMALY
a26f5226ed6a4952bebff1fbdfb9d139,3,1,TEST,0.00027049423,0.02033548,217.345099088116,127.04327396636768,344.3883730544837,0.021739130434782608,0.03,1,ANOMALY
a28a2112706a4c90a53cbd6b441a2ec3,3,1,TEST,0.0002459073,0.020857885,194.99819874854236,131.2708079167634,326.26900666530577,0.021739130434782608,0.03,1,ANOMALY
a28b66d9c538461b87bfd00da02035f0,3,1,TEST,0.0002324506,0.022621656,182.76749187299748,145.54402847021024,328.3115203432077,0.021739130434782608,0.03,1,ANOMALY
a2fb392e17a7446cb57bda012519b5d8,3,1,TEST,0.0002432958,0.022581043,192.62462342877708,145.21536998430864,337.8399934130857,0.021739130434782608,0.03,1,ANOMALY
a305884054cd4971ac6fecec625e282e,3,1,TEST,0.0003475498,0.019655973,287.3804041627651,121.54440065537038,408.9248048181355,0.021739130434782608,0.03,1,ANOMALY
a31513dad21b4f609a7118760ee49142,3,1,TEST,0.00042544235,0.018105883,358.1764349012614,109.00038193202566,467.1768168332871,0.021739130434782608,0.03,1,ANOMALY
a335aff4a3b8426582e9160bccadf784,3,1,TEST,0.00023248814,0.017803608,182.8016117341899,106.55423799225505,289.35584972644494,0.021739130434782608,0.03,1,ANOMALY
a33f59e23f1e4d5689fd8d7234fa68a2,3,1,TEST,0.0001872712,0.015986059,141.70422983899266,91.84582190893315,233.5500517479258,0.021739130434782608,0.03,1,ANOMALY
a34d058bc47641a1ae9cb5f3b736d862,3,1,TEST,0.00038413476,0.017171495,320.63223572722995,101.43889803956223,422.0711337667922,0.021739130434782608,0.03,1,ANOMALY
a3535145c80145fa9c871b27cefa2cec,3,1,TEST,0.00019683709,0.014676293,150.39860487846786,81.24661203905443,231.6452169175223,0.021739130434782608,0.03,1,ANOMALY
a35cc56fb2314ab78618cee76ddd0cf0,3,1,TEST,0.00033601376,0.02988289,276.8953726361233,204.3051683076308,481.20054094375405,0.021739130434782608,0.03,1,ANOMALY
a370facffeaf4276a7b1c34827ed5aef,3,1,TEST,0.00020831698,0.01800581,160.83260203627765,108.1905466413643,269.023148677642,0.021739130434782608,0.03,1,ANOMALY
a388040b307b4184a532d3e5dda02ffc,1,1,TEST,0.00018679509,0.014536014,141.27149656482325,80.11141188777799,221.38290845260124,0.021739130434782608,0.03,1,ANOMALY
a3cd132837ad47fa877b22c541f2cf6c,3,1,TEST,0.00022458847,0.014541751,175.62165318688366,80.15783824716091,255.7794914340446,0.021739130434782608,0.03,1,ANOMALY
a3d574b9c28d48c0aa60cb72428bd604,3,1,TEST,0.00029649492,0.019146793,240.9769566722125,117.42388929567342,358.4008459678859,0.021739130434782608,0.03,1,ANOMALY
a40cedc8a5ab4132ad7183603eb34fda,3,1,TEST,0.00035916595,0.016187884,297.93824714598986,93.4790797061185,391.4173268521084,0.021739130434782608,0.03,1,ANOMALY
a43b9a1db9d84e769444321b84445890,3,1,TEST,0.0006034341,0.06373738,519.9519757482199,478.27078090385834,998.2227566520783,0.021739130434782608,0.03,1,ANOMALY
a4507c1404fb4c2e83415a930809f25d,3,1,TEST,0.0002260848,0.019504054,176.98165776594718,120.3150044393882,297.2966622053354,0.021739130434782608,0.03,1,ANOMALY
a4955b671e1141b1a364e7a3811975bc,3,1,TEST,0.00022854109,0.015700262,179.21416372887512,89.53302528481728,268.7471890136924,0.021739130434782608,0.03,1,ANOMALY
a49c03dae0c243f5a325fb3af2a0af8d,3,1,TEST,0.00034505318,0.017675066,285.11124252583903,105.51401887289026,390.6252613987293,0.021739130434782608,0.03,1,ANOMALY
a4a80f07b3cd438089f64d15ad277e6a,3,1,TEST,0.00027190553,0.018947301,218.62782045468114,115.80951117365632,334.43733162833746,0.021739130434782608,0.03,1,ANOMALY
a4a8a1d915cf44a39c2223ae901d01a3,3,1,TEST,0.00051862176,0.079319805,442.86659300437856,604.3707047502897,1047.2372977546684,0.021739130434782608,0.03,1,ANOMALY
a4dbab868817444fbb65509a37d70f06,3,1,TEST,0.00016137346,0.019502101,118.16594283853388,120.29919989348011,238.465142732014,0.021739130434782608,0.03,1,ANOMALY
a4dbe5cc3e3346a5a1d29d65042253c3,3,1,TEST,0.0002169107,0.022312975,168.64337810251288,143.04604432506977,311.68942242758266,0.021739130434782608,0.03,1,ANOMALY
a525a78845d24cb9883a2f7862b2fd25,3,1,TEST,0.00032240627,0.060270734,264.5276137129171,450.21713735334964,714.7447510662668,0.021739130434782608,0.03,1,ANOMALY
a52d49cc598b462eb381b68bb86c08ff,3,1,TEST,0.00029680668,0.0329747,241.26031330314873,229.32547198614267,470.5857852892914,0.021739130434782608,0.03,1,ANOMALY
a52d97e5da4348bd8db527ee99c145ea,3,1,TEST,0.00031455077,0.020308875,257.3878009905674,126.82797445592985,384.2157754464973,0.021739130434782608,0.03,1,ANOMALY
a541962dbb3848e5a744e7fc724cf5b9,3,1,TEST,0.00028688076,0.027280001,232.23870934451782,183.24143113702266,415.4801404815405,0.021739130434782608,0.03,1,ANOMALY
a542c68344c3464db5f70007039da88d,3,1,TEST,0.00041325853,0.087562874,347.1026403569526,671.0772907380856,1018.1799310950382,0.021739130434782608,0.03,1,ANOMALY
a55aaf393e5a40349a6b4666871c588d,3,1,TEST,0.00039366493,0.02975247,329.29414509164405,203.24975157576452,532.5438966674086,0.021739130434782608,0.03,1,ANOMALY
a56dae5070664ed9888299b443bf5682,3,1,TEST,0.0004443681,0.02223187,375.3779256567842,142.3897065391626,517.7676321959468,0.021739130434782608,0.03,1,ANOMALY
a58fe37faef84398b614a1c55d0af7f0,3,1,TEST,0.00030457036,0.025372794,248.31667142627927,167.80746258210382,416.12413400838307,0.021739130434782608,0.03,1,ANOMALY
a5919873a4164d3fadbbb34ef86a6510,3,1,TEST,0.00019243037,0.017120551,146.3933658077744,101.0266365000116,247.42000230778598,0.021739130434782608,0.03,1,ANOMALY
a5a7738f8f9a44e498243dbc45dd22a0,3,1,TEST,0.00023827275,0.013894787,188.05920604032332,74.92231738751406,262.9815234278374,0.021739130434782608,0.03,1,ANOMALY
a5ae0bc5d82f4575a84d6fccabfdf662,3,1,TEST,0.0003123767,0.022482887,255.41180294521337,144.42104791152022,399.83285085673356,0.021739130434782608,0.03,1,ANOMALY
a5b57cadb7b14ad7b4274864b92f9153,3,1,TEST,0.00019726189,0.016639436,150.78470282824244,97.1332396210678,247.91794244931026,0.021739130434782608,0.03,1,ANOMALY
a5b6242e4cd14f08a6dfc73f977aad2d,4,1,TEST,0.0007878917,0.107914194,687.6042854947781,835.7692370926713,1523.3735225874493,0.021739130434782608,0.03,1,ANOMALY
a5bab5b4a7944247b1ebc0c15f789a03,4,1,TEST,0.00038573187,0.052651975,322.08383859108227,388.562745966623,710.6465845577053,0.021739130434782608,0.03,1,ANOMALY
a5d3ba800e764397a81c4a4fbe796237,3,1,TEST,0.00039123316,0.041494712,327.08392519681524,298.27320408629276,625.357129283108,0.021739130434782608,0.03,1,ANOMALY
a5f4855f25d74ec0831971636c49374e,3,1,TEST,0.00025901548,0.018565616,206.91213806887203,112.7207461429679,319.63288421183995,0.021739130434782608,0.03,1,ANOMALY
a5ff74223254457d95dea17db0b39d5a,3,1,TEST,0.0008477059,0.12343261,741.9690218116475,961.3511716001207,1703.3201934117683,0.021739130434782608,0.03,1,ANOMALY
a60885b100dd4f71a6d08375dd4069ca,4,1,TEST,0.004062201,0.13123451,3663.602655687363,1024.487621533778,4688.090277221141,0.021739130434782608,0.03,1,ANOMALY
a64038cdabda4f38b1b134f791854650,3,1,TEST,0.00025538902,0.01891134,203.61607222391086,115.51849874385533,319.1345709677662,0.021739130434782608,0.03,1,ANOMALY
a655983b5d04418f9188f4253833d687,3,1,TEST,0.00027173338,0.045339998,218.4713544423137,329.39097117118155,547.8623256134953,0.021739130434782608,0.03,1,ANOMALY
a65920576bf34f24ac76b87c594e8511,3,1,TEST,0.00035827066,0.021885563,297.12452390339644,139.58723604259444,436.7117599459909,0.021739130434782608,0.03,1,ANOMALY
a66f04c111a747f193b03a7c742562a2,3,1,TEST,0.0001981068,0.0192551,151.55263601737624,118.30035778193506,269.8529937993113,0.021739130434782608,0.03,1,ANOMALY
a6db6d95a29641e888f9a18e01722ada,3,1,TEST,0.00040362898,0.057140008,338.3504051586199,424.8819080688164,763.2323132274363,0.021739130434782608,0.03,1,ANOMALY
a6fd658eec774d679cee45e4680904aa,3,1,TEST,0.0005099063,0.03870294,434.94516824603977,275.6809415471437,710.6261097931834,0.021739130434782608,0.03,1,ANOMALY
a71767d5d549456aab63c3ae692486f7,3,1,TEST,0.00022057362,0.014259442,171.97258220370938,77.87326807267507,249.84585027638445,0.021739130434782608,0.03,1,ANOMALY
a7185495c9eb4e5a984740ea0fe5f6eb,3,1,TEST,0.0005942724,0.067526616,511.62496636392217,508.9349664228746,1020.5599327867967,0.021739130434782608,0.03,1,ANOMALY
a71e3d44958543eda9ef131e5e2a1992,3,1,TEST,0.00016456319,0.020872325,121.06506763451891,131.3876628286492,252.4527304631681,0.021739130434782608,0.03,1,ANOMALY
a73627ed3e9442849c75b82e0a891b8f,3,1,TEST,0.00016853337,0.02790796,124.67353834599726,188.3231550714347,312.99669341743197,0.021739130434782608,0.03,1,ANOMALY
a73f2908a128415ebc65fbc522a4404f,3,1,TEST,0.00022010841,0.02228332,171.54975586845836,142.8060628560965,314.35581872455487,0.021739130434782608,0.03,1,ANOMALY
a75b789f719544508fbbf1b3db0aaeee,3,1,TEST,0.00037272484,0.023201399,310.2618338461286,150.23556705618142,460.49740090231,0.021739130434782608,0.03,1,ANOMALY
a7688a0f0bb14850833014b4886334fd,3,1,TEST,0.00026206643,0.02155486,209.6851266278756,136.91104006438266,346.5961666922583,0.021739130434782608,0.03,1,ANOMALY
a7794a90a21f4e078dff9cd5e60e6a19,3,1,TEST,0.00026307418,0.03273711,210.60106403108966,227.40278787845892,438.0038519095486,0.021739130434782608,0.03,1,ANOMALY
a78088a9d24f49908483a0cae8a2421a,3,1,TEST,0.0003475214,0.033227697,287.3545915879685,231.37283640043475,518.7274279884033,0.021739130434782608,0.03,1,ANOMALY
a784319a9d7b4ed5b368b97e9680064c,3,1,TEST,0.00040523967,0.048511986,339.81435079591364,355.0601109386949,694.8744617346085,0.021739130434782608,0.03,1,ANOMALY
a78ed86341e446cf91cb65201ecfea07,3,1,TEST,0.00025602977,0.016005022,204.19844572042234,91.99927895146023,296.19772467188255,0.021739130434782608,0.03,1,ANOMALY
a7a95b1768d1409297c47dcb0fe90e24,3,1,TEST,0.00029616838,0.03328731,240.68016659566024,231.855251349344,472.53541794500427,0.021739130434782608,0.03,1,ANOMALY
a7cfb8ab93b149d5b43ae46b504d8711,3,1,TEST,0.00021552379,0.019493967,167.3828246478946,120.23337594242199,287.61620059031657,0.021739130434782608,0.03,1,ANOMALY
a7f17c433ef1404d94305ea98bfcd944,3,1,TEST,0.0003087676,0.017780613,252.1315154910434,106.36815220978869,358.4996677008321,0.021739130434782608,0.03,1,ANOMALY
a7f7e52a718948ed9e637ea71d78bf32,3,1,TEST,0.00029793743,0.031688847,242.28804460424945,218.9197767636272,461.20782136787665,0.021739130434782608,0.03,1,ANOMALY
a803d02d086e489aa7d5560eae80ce67,3,1,TEST,0.0003727945,0.076869614,310.3251473658585,584.5426678106471,894.8678151765057,0.021739130434782608,0.03,1,ANOMALY
a81e3d8eecf0438fb49e3dae42505934,3,1,TEST,0.0002990811,0.017627787,243.32751880909572,105.13141614580924,348.458934954905,0.021739130434782608,0.03,1,ANOMALY
a825d2b8f7ef43659c31f4565ddf05fb,3,1,TEST,0.00043609738,0.06474118,367.86072218418644,486.3939776179159,854.2546998021023,0.021739130434782608,0.03,1,ANOMALY
a8463bbc039b4eb1a40286b6164e5eb9,3,1,TEST,0.00031692573,0.032633383,259.5463866468683,226.56338279222757,486.1097694390959,0.021739130434782608,0.03,1,ANOMALY
a87a31c79df34ba7831b9f782f181cf1,3,1,TEST,0.00020498737,0.020126803,157.80634122048454,125.3545667331545,283.160907953639,0.021739130434782608,0.03,1,ANOMALY
a895a6bc8ace4e1db13a4bbaebe99397,3,1,TEST,0.00014762107,0.018979823,105.6664852502563,116.07269368365291,221.73917893390922,0.021739130434782608,0.03,1,ANOMALY
a89781a84c4c4a2eb33107d108dea5d1,4,1,TEST,0.00055704324,0.05212116,477.7876256204442,384.2671545502329,862.0547801706771,0.021739130434782608,0.03,1,ANOMALY
a8abb06521a642eeb5307b608513beaf,3,1,TEST,0.00027065226,0.018733295,217.4887315245635,114.07767929879222,331.5664108233557,0.021739130434782608,0.03,1,ANOMALY
a8c6dacca5fd40bfa82e98f5f4a0767e,3,1,TEST,0.00018832117,0.0139532965,142.65854072487969,75.39580232290072,218.0543430477804,0.021739130434782608,0.03,1,ANOMALY
a8d110ac78bd4c19be60f5d07407afda,3,1,TEST,0.0003734486,0.022743547,310.9196545903114,146.53042473507693,457.4500793253883,0.021739130434782608,0.03,1,ANOMALY
a8d1cffcc326404e8299598c9c208002,3,1,TEST,0.00016299587,0.019298432,119.64054070739866,118.6510196269376,238.29156033433625,0.021739130434782608,0.03,1,ANOMALY
a8dc1e80390e40d780432d32af8071eb,3,1,TEST,0.00030603533,0.022944225,249.64817310584905,148.15440049736387,397.8025736032129,0.021739130434782608,0.03,1,ANOMALY
a93dd95bb3c0454f8738fc574f9f4ba6,3,1,TEST,0.00039058988,0.032571167,326.4992521998025,226.05990320788624,552.5591554076888,0.021739130434782608,0.03,1,ANOMALY
a9524cb29774446fb2fb9d2bb20ea0db,3,1,TEST,0.0007273924,0.06516121,632.6168662556145,489.79304746829,1122.4099137239045,0.021739130434782608,0.03,1,ANOMALY
a957d7c6b94a4575af8120fb89572f7a,1,1,TEST,0.00017536755,0.019360384,130.88507998062622,119.15236280568764,250.03744278631387,0.021739130434782608,0.03,1,ANOMALY
a95fba0bdfc94ac8a64435713a7f787c,3,1,TEST,0.00040168242,0.019597093,336.5811894686171,121.06791746895505,457.6491069375721,0.021739130434782608,0.03,1,ANOMALY
a9731e1f8bad4908a640aebb0a44f281,3,1,TEST,0.00014949002,0.019883225,107.36516171737303,123.3834250622871,230.74858677966012,0.021739130434782608,0.03,1,ANOMALY
a99956d3d2d142839f45b5c3057abddc,3,1,TEST,0.00020603671,0.01698032,158.76007950347997,99.89182478611541,258.6519042895954,0.021739130434782608,0.03,1,ANOMALY
a9d5036a903546738ef98bc1b757954f,3,1,TEST,0.0002542728,0.020499961,202.60154714505643,128.37432748173418,330.97587462679064,0.021739130434782608,0.03,1,ANOMALY
a9e7755683054152b73a21c37e2ba43d,3,1,TEST,0.0010959058,0.029252267,967.5562923489674,199.20188609861594,1166.7581784475833,0.021739130434782608,0.03,1,ANOMALY
a9f21455824d4ed6bc0a175fc7d1896a,3,1,TEST,0.000287783,0.017418548,233.05874939678858,103.43816095826921,336.4969103550578,0.021739130434782608,0.03,1,ANOMALY
a9f39b55f60643969d0284b3dd2214db,3,1,TEST,0.00023407592,0.016071202,184.24473462188544,92.53483698945217,276.7795716113376,0.021739130434782608,0.03,1,ANOMALY
aa0262ac9f444eb080d24bdc24c1663d,3,1,TEST,0.00027985108,0.028115066,225.84947903479255,189.9991490728908,415.84862810768334,0.021739130434782608,0.03,1,ANOMALY
aa283ccd48324870b831146854db2760,3,1,TEST,0.00016540886,0.021016717,121.83369158269655,132.5561472079441,254.38983879064062,0.021739130434782608,0.03,1,ANOMALY
aa295a759d4041909cdf0ce7bdf30c3d,3,1,TEST,0.00027690365,0.031461246,223.17057912870953,217.07792809325838,440.2485072219679,0.021739130434782608,0.03,1,ANOMALY
aa2fabd6f6044444a762130b344a3554,3,1,TEST,0.00020068204,0.022207603,153.89325485960188,142.19332716612013,296.086582025722,0.021739130434782608,0.03,1,ANOMALY
aa47cf50bb1045348cba8f4facceef92,3,1,TEST,0.00041869038,0.04025764,352.0396133995208,288.2622664438813,640.301879843402,0.021739130434782608,0.03,1,ANOMALY
aa5384fc342a4ff2925e60a4e5b16f26,3,1,TEST,0.00035532107,0.04709226,294.4436607873993,343.57105577027284,638.0147165576722,0.021739130434782608,0.03,1,ANOMALY
aa64f3de552e42e682bd7f904c42cbe8,3,1,TEST,0.0002010738,0.015000834,154.24932296883844,83.87294236857917,238.12226533741762,0.021739130434782608,0.03,1,ANOMALY
aa6f5d4f221d49dc91f8900548b8fb4a,3,1,TEST,0.0001613339,0.018379565,118.12998701251438,111.2151385798606,229.34512559237498,0.021739130434782608,0.03,1,ANOMALY
aa765dec12374d1197574027f352aeb2,3,1,TEST,0.00021785477,0.014683658,169.5014371689999,81.30621289958346,250.80765006858337,0.021739130434782608,0.03,1,ANOMALY
aa8ec9b450a64751a5fed125a6562adc,3,1,TEST,0.00023398807,0.015705125,184.16488832977691,89.57237884690183,273.73726717667876,0.021739130434782608,0.03,1,ANOMALY
aab1993c0a7e434182f5423965e7839b,1,1,TEST,0.00019866457,0.014671478,152.0595895330207,81.20764691435012,233.2672364473708,0.021739130434782608,0.03,1,ANOMALY
aad93495ff974f4084b913c9575aa277,3,1,TEST,0.00014896534,0.017036622,106.88828348694054,100.34744564823423,207.23572913517478,0.021739130434782608,0.03,1,ANOMALY
aae9a7e0bee6415186bbb04a3e2f13b1,3,1,TEST,0.00031365507,0.01692351,256.57370510164776,99.43209296172247,356.0057980633702,0.021739130434782608,0.03,1,ANOMALY
aaedc2a0764d4bce9ce980d58f1eeeb2,3,1,TEST,0.00028252532,0.014704593,228.28007833141484,81.47562824448164,309.7557065758965,0.021739130434782608,0.03,1,ANOMALY
ab296a78f9d64f189c061222dfd3b1e8,3,1,TEST,0.00034251838,0.035550322,282.80737933589415,250.16855244744397,532.9759317833382,0.021739130434782608,0.03,1,ANOMALY
ab5f53c1f2b1474e9b6047c4247c660d,3,1,TEST,0.00051667925,0.03316754,441.10105833296467,230.88601916121624,671.9870774941809,0.021739130434782608,0.03,1,ANOMALY
abaca5d9236541efbbaef0a95bc54880,3,1,TEST,0.00026043947,0.023334939,208.2063932936825,151.31623221776263,359.52262551144514,0.021739130434782608,0.03,1,ANOMALY
abd21e94a4d44725867af02b7be4c90e,4,1,TEST,0.0007240082,0.07794711,629.5409889448161,593.2622453824843,1222.8032343273003,0.021739130434782608,0.03,1,ANOMALY
ac0fd7f62584462f95942647a0e25935,3,1,TEST,0.0001825001,0.04185697,137.3678081625109,301.20475717977854,438.5725653422894,0.021739130434782608,0.03,1,ANOMALY
ac2b8b1530214c5bbee802f6d57b58c2,1,1,TEST,0.00027580973,0.014653548,222.1763223744313,81.06254936794342,303.2388717423747,0.021739130434782608,0.03,1,ANOMALY
ac2de8a36a814d8d8c5b8f37aba8ae47,3,1,TEST,0.0002354051,0.033840925,185.45281765597528,236.33535052134337,421.78816817731865,0.021739130434782608,0.03,1,ANOMALY
ac478cf2cbdc4c389ca97c4e682c076b,3,1,TEST,0.00019027741,0.014664238,144.4365545037568,81.14905760949877,225.5856121132556,0.021739130434782608,0.03,1,ANOMALY
ac939e60107e485b979eaeb44b6d3520,3,1,TEST,0.00020843219,0.019900091,160.93731565396487,123.51991224676539,284.45722790073023,0.021739130434782608,0.03,1,ANOMALY
ac96e59273a84900b4afdb61561a23c3,3,1,TEST,0.0002200363,0.013118016,171.48421555970543,68.63634046504424,240.12055602474967,0.021739130434782608,0.03,1,ANOMALY
acd0ebd276244cd998551b22bfdcbb21,3,1,TEST,0.00015853404,0.022798965,115.58521251709104,146.9788918754432,262.5641043925342,0.021739130434782608,0.03,1,ANOMALY
ad09fe3dfa9245dbb28599f1fc93f78a,3,1,TEST,0.00012560553,0.013117069,85.65670451301513,68.62867691923014,154.2853814322453,0.021739130434782608,0.03,1,ANOMALY
ad1933a747404affb2aa3b4d705e5741,3,1,TEST,0.00017390541,0.01497554,129.55615046960128,83.66825205408888,213.22440252369017,0.021739130434782608,0.03,1,ANOMALY
ad19b6fac62b48e5b5e43d11dca7025a,3,1,TEST,0.00015732899,0.020071825,114.4899504305189,124.9096602687737,239.39961069929262,0.021739130434782608,0.03,1,ANOMALY
ad1fffc27dfb45bcb686686c8a0aac31,3,1,TEST,0.00015174216,0.021635974,109.41211707661337,137.56745068229864,246.97956775891203,0.021739130434782608,0.03,1,ANOMALY
ad235cdcfe7c4c07a11a2e6fd08661a2,3,1,TEST,0.0002272249,0.020973211,178.0178872210743,132.20407727743822,310.22196449851253,0.021739130434782608,0.03,1,ANOMALY
ad23da92e285491a90ae9bb147d6de80,3,1,TEST,0.0018227153,0.034998003,1628.1487071952033,245.6989410847108,1873.8476482799142,0.021739130434782608,0.03,1,ANOMALY
ad28892a54124e1b88652ab2329a06a2,3,1,TEST,0.00025140826,0.015888533,199.9979854194273,91.05659807676022,291.05458349618755,0.021739130434782608,0.03,1,ANOMALY
ad49b4ae19e04a19a2b3bc9ec5cd0ade,3,1,TEST,0.00029677327,0.015502917,241.2299471720236,87.93602164312007,329.1659688151437,0.021739130434782608,0.03,1,ANOMALY
ad703c32f78c4ecbaf5e1c827fd910b9,3,1,TEST,0.00020272325,0.0145650385,155.74849731736876,80.34629106991306,236.09478838728182,0.021739130434782608,0.03,1,ANOMALY
ad810d76fe9a4856ad3e8063b8c099b5,4,1,TEST,0.001185149,0.1431494,1048.6688548520794,1120.90821856143,2169.5770734135094,0.021739130434782608,0.03,1,ANOMALY
ad8bff4611dc4c12acc4bbea466881cb,3,1,TEST,0.00026970284,0.01446705,216.6258098779651,79.55332448173273,296.17913435969785,0.021739130434782608,0.03,1,ANOMALY
adc641ae9f6246a5aa3aea284c5698f7,3,1,TEST,0.00028814646,0.016206255,233.38909582057636,93.62774602095607,327.0168418415324,0.021739130434782608,0.03,1,ANOMALY
add1a910f3834bc6a2f6de54cb047c08,3,1,TEST,0.00020939865,0.013898122,161.81572484544117,74.94930569299461,236.76503053843578,0.021739130434782608,0.03,1,ANOMALY
adde90fe1007401b90e23e9468bac888,3,1,TEST,0.00034656381,0.031935032,286.4842442816487,220.91201543970837,507.39625972135707,0.021739130434782608,0.03,1,ANOMALY
adeb415189334b9c98f39fcbb9f45eb5,3,1,TEST,0.00019868312,0.014569826,152.07644950705156,80.38503365236828,232.46148315941986,0.021739130434782608,0.03,1,ANOMALY
adf80c12113542bcaa3bd5811969ea61,3,1,TEST,0.0002540963,0.030224163,202.44112744605638,207.06690143394735,409.50802888000374,0.021739130434782608,0.03,1,ANOMALY
ae0b4f5d3d4044c08088c483b2555eb6,3,1,TEST,0.0004271943,0.03156511,359.76877083136395,217.9184418445125,577.6872126758765,0.021739130434782608,0.03,1,ANOMALY
ae43659ccb7b48bb9c469cbbd62cad89,4,1,TEST,0.001040913,0.11694061,917.5736950505612,908.8150159240283,1826.3887109745897,0.021739130434782608,0.03,1,ANOMALY
ae67822008bb4a2492e6263d27647224,3,1,TEST,0.00020726619,0.014378685,159.87754585773806,78.83823554206576,238.7157813998038,0.021739130434782608,0.03,1,ANOMALY
ae74b3c77da24ee69106ff10791cd661,3,1,TEST,0.00028116006,0.017365508,227.03920242061156,103.00893765311521,330.04814007372676,0.021739130434782608,0.03,1,ANOMALY
ae8c1dffdbac4b1d9e775447d9c6b5e9,3,1,TEST,0.0001986662,0.015253517,152.06107102939106,85.91776575500894,237.97883678440002,0.021739130434782608,0.03,1,ANOMALY
ae9d4a1415de4e2389c3c97ff0384766,3,1,TEST,0.00037731114,0.023523156,314.4302920077367,152.83936801765282,467.2696600253895,0.021739130434782608,0.03,1,ANOMALY
ae9da07272a14ef0a4b84d8561aacc1c,3,1,TEST,0.00025036416,0.015709585,199.04900973826057,89.60847115348153,288.6574808917421,0.021739130434782608,0.03,1,ANOMALY
aeb50a85251f4302a6581f7ab8cab9b5,3,1,TEST,0.00023190993,0.021092411,182.27608043583973,133.16869677167577,315.4447772075155,0.021739130434782608,0.03,1,ANOMALY
aecb30ce6e414e4491a1ad976255c228,3,1,TEST,0.00040637315,0.03747896,340.84456337621145,265.77595020019,606.6205135764014,0.021739130434782608,0.03,1,ANOMALY
aed78d110e3b4ff4949f380fd67acd92,3,1,TEST,0.00020345404,0.020487227,156.41270758270716,128.27127828173735,284.6839858644445,0.021739130434782608,0.03,1,ANOMALY
aede9379255648119297a0934c97b42d,3,1,TEST,0.00019858674,0.014447158,151.98885035356926,79.39234955740912,231.38119991097838,0.021739130434782608,0.03,1,ANOMALY
aee42f2ff45f4f4c9d03294ff7a499de,3,1,TEST,0.00015664095,0.02279668,113.86459536139719,146.96040063765517,260.82499599905236,0.021739130434782608,0.03,1,ANOMALY
aef69e4736aa494c89c4d18c356aff72,3,1,TEST,0.00015219231,0.017756786,109.82125547607436,106.17533351273165,215.99658898880602,0.021739130434782608,0.03,1,ANOMALY
af049cf17cb94befa18cae3e842f010a,3,1,TEST,0.00030516056,0.014523071,248.85310035743967,80.00667136668811,328.85977172412777,0.021739130434782608,0.03,1,ANOMALY
af0bce91862d4e938e81775e10a80d85,3,1,TEST,0.00066775363,0.03733211,578.4115771217228,264.5875745900492,842.9991517117719,0.021739130434782608,0.03,1,ANOMALY
af3a1446b13c4e108d142d4638c0797a,3,1,TEST,0.00036522106,0.024009652,303.4416971381262,156.77631034540946,460.21800748353564,0.021739130434782608,0.03,1,ANOMALY
af503e3c8b844c5382de9a9679474d47,3,1,TEST,0.0002689556,0.017505284,215.94664831490124,104.14006730434461,320.08671561924587,0.021739130434782608,0.03,1,ANOMALY
af8982ff7dff4ba185131423764e9cd2,3,1,TEST,0.00026457495,0.019264746,211.96510409719883,118.37841751047041,330.34352160766923,0.021739130434782608,0.03,1,ANOMALY
afb1d897afa146b8b1720ca054aa5679,3,1,TEST,0.00026288515,0.019962871,210.42925589680087,124.02795597032438,334.45721186712524,0.021739130434782608,0.03,1,ANOMALY
afc798ff74814c529c9e43a7ed264675,3,1,TEST,0.00027821359,0.031789776,224.36117505226815,219.73653918756932,444.0977142398375,0.021739130434782608,0.03,1,ANOMALY
afcf3eb097c94b8bb8693299d8f78290,3,1,TEST,0.00023569152,0.026754424,185.71314292615992,178.98822794975007,364.70137087591,0.021739130434782608,0.03,1,ANOMALY
afdd3e56b48b426faba82cb2a24c121e,3,1,TEST,0.0002158958,0.017054416,167.72094211092576,100.4914426220636,268.21238473298934,0.021739130434782608,0.03,1,ANOMALY
b002441df5d14883b5b407eaab85f0b5,3,1,TEST,0.00022617701,0.01594405,177.06546683362308,91.50586636922321,268.5713332028463,0.021739130434782608,0.03,1,ANOMALY
b00b37ec7c49411c99a1000ecfef14ae,3,1,TEST,0.00021391912,0.016743304,165.9243505493429,97.97378574210359,263.89813629144646,0.021739130434782608,0.03,1,ANOMALY
b031d791c97546aab0cdeab38bfb10b9,3,1,TEST,0.0005236606,0.07877128,447.4463618208618,599.9317961254857,1047.3781579463475,0.021739130434782608,0.03,1,ANOMALY
b03b14acd170431289c35b176664f128,3,1,TEST,0.00020653843,0.015804794,159.21608953964028,90.37894478961293,249.59503432925322,0.021739130434782608,0.03,1,ANOMALY
b05dd43b6e564d65ba3fc99570494955,3,1,TEST,0.00025351899,0.021086324,201.9164141518371,133.11943805639538,335.0358522082325,0.021739130434782608,0.03,1,ANOMALY
b06ece9663d44889bbc4e42a787e2b63,3,1,TEST,0.00020951513,0.018264227,161.9215927578464,110.2817721098407,272.2033648676871,0.021739130434782608,0.03,1,ANOMALY
b0865a37a6244b28ae36e8f2570f2b28,3,1,TEST,0.0002527841,0.017250467,201.2484774232358,102.07797463938546,303.3264520626213,0.021739130434782608,0.03,1,ANOMALY
b08fa303eee340fda2af6441845fcf8b,3,1,TEST,0.0003881143,0.050223086,324.24921368166946,368.9070942993482,693.1563079810177,0.021739130434782608,0.03,1,ANOMALY
b091b497541641eca78ef5d8378c158a,3,1,TEST,0.00036590867,0.038135264,304.066661383052,271.0870545000733,575.1537158831253,0.021739130434782608,0.03,1,ANOMALY
b0992820e9cc4ae4bc6adb8f5476eb7b,3,1,TEST,0.0002697405,0.0174171,216.66003880637498,103.42644309729896,320.0864819036739,0.021739130434782608,0.03,1,ANOMALY
b0b09907f49d4545a73c09af194a3c07,3,1,TEST,0.00019693741,0.016349653,150.48978507225644,94.78818650950201,245.27797158175844,0.021739130434782608,0.03,1,ANOMALY
b0bcd805ef644b3295836dece8310469,4,1,TEST,0.0010161013,0.11370242,895.0225027237681,882.6101400847238,1777.6326428084917,0.021739130434782608,0.03,1,ANOMALY
b0e8af3b10fb4ed2bb912ac47cc8375f,3,1,TEST,0.00035014623,0.027633257,289.74028245780556,186.10013603682452,475.84041849463006,0.021739130434782608,0.03,1,ANOMALY
b0f3f7403ebc43bfb194a8f1eb387512,3,1,TEST,0.00034019345,0.02911266,280.69426562033533,198.07212407066274,478.76638969099804,0.021739130434782608,0.03,1,ANOMALY
b105777ed6b84c13a125ad13b320f5f3,3,1,TEST,0.0001676329,0.013580509,123.85510703518392,72.37903982534971,196.23414686053363,0.021739130434782608,0.03,1,ANOMALY
b12e27b6081c412d9dc86730d50c87a3,3,1,TEST,0.00033941565,0.040085148,279.98732827256066,286.86638434824357,566.8537126208042,0.021739130434782608,0.03,1,ANOMALY
b14340b04d754586901a19f1471c5f01,3,1,TEST,0.00033262128,0.023176081,273.8119696873209,150.030682523001,423.84265221032194,0.021739130434782608,0.03,1,ANOMALY
b189ed0941394a139ad9a14a292b4fa4,3,1,TEST,0.0002785967,0.029333986,224.70938123291347,199.86319264601192,424.57257387892537,0.021739130434782608,0.03,1,ANOMALY
b18e600c9ba84378851dd053f47dffae,3,1,TEST,0.00023522123,0.030071437,185.28569941203685,205.83097461451007,391.1166740265469,0.021739130434782608,0.03,1,ANOMALY
b19d40a2c60742de96cb90ea30376886,3,1,TEST,0.00033393048,0.029675096,275.0018930297053,202.6236067037248,477.62549973343005,0.021739130434782608,0.03,1,ANOMALY
b19f19dbe0dd4491bfe4c56f1db578d3,3,1,TEST,0.00023468958,0.0165955,184.80248619405742,96.7776899390307,281.5801761330881,0.021739130434782608,0.03,1,ANOMALY
b1b3c9ea15704187b3780cd290fd5f06,3,1,TEST,0.00020607024,0.024403024,158.79055470182257,159.95965178573846,318.75020648756106,0.021739130434782608,0.03,1,ANOMALY
b1d394453ac84923bbe0be891eae051c,3,1,TEST,0.00031932842,0.01614073,261.73017591933507,93.09748853471515,354.82766445405025,0.021739130434782608,0.03,1,ANOMALY
b21738bd4cce4896985891a4a5048ac6,3,1,TEST,0.00025985404,0.023963727,207.67429978441572,156.40466478942912,364.0789645738448,0.021739130434782608,0.03,1,ANOMALY
b226eeaf18294f8e889bd9b74f7970be,4,1,TEST,0.0009255986,0.04147631,812.7651888841657,298.1242869056471,1110.8894757898129,0.021739130434782608,0.03,1,ANOMALY
b2351deb2b1f4105985ee6c8d8653dd0,3,1,TEST,0.00022684842,0.017855631,177.6757070041931,106.97523128041547,284.65093828460857,0.021739130434782608,0.03,1,ANOMALY
b248146aab084aaa9d8de20b489e805b,3,1,TEST,0.00030206595,0.017066903,246.0404295091537,100.59249298804133,346.63292249719507,0.021739130434782608,0.03,1,ANOMALY
b24f316addee41f89fca51ad466ed5b1,3,1,TEST,0.00047363038,0.027082551,401.974221122249,181.64357778855617,583.6177989108052,0.021739130434782608,0.03,1,ANOMALY
b25bfa043d96440ca5087ec59aabd042,3,1,TEST,0.0003898686,0.01785397,325.84368551144706,106.96178972857042,432.8054752400175,0.021739130434782608,0.03,1,ANOMALY
b26704f378dd4229be1d8c642c508f72,3,1,TEST,0.00025474653,0.017432442,203.03211725274645,103.55059739495492,306.5827146477014,0.021739130434782608,0.03,1,ANOMALY
b2a2e9a3b8fd4ff18da29fba2f0d68b3,3,1,TEST,0.0001429151,0.018882332,101.38925980604577,115.28375308706977,216.67301289311553,0.021739130434782608,0.03,1,ANOMALY
b2a3b40727b844e99ff47a728ecc2f23,3,1,TEST,0.00028687099,0.01513019,232.2298294552304,84.91974873851704,317.14957819374746,0.021739130434782608,0.03,1,ANOMALY
b2a8351d18264113b84d7ec1b92188ed,3,1,TEST,0.0003738993,0.03336611,311.32929288118567,232.49293604855472,543.8222289297404,0.021739130434782608,0.03,1,ANOMALY
b2ce8592e034402c9cacd8f1513afd48,3,1,TEST,0.00020812085,0.015868552,160.6543407582897,90.89490292479412,251.54924368308383,0.021739130434782608,0.03,1,ANOMALY
b2e512cda495480c8a1466266160a99f,4,1,TEST,0.0032804357,0.08958078,2953.0612726014356,687.4070849087142,3640.46835751015,0.021739130434782608,0.03,1,ANOMALY
b2e672c1746f48ee96598687e9099d9f,3,1,TEST,0.0002678524,0.036394365,214.94395702914014,256.99892435830594,471.94288138744605,0.021739130434782608,0.03,1,ANOMALY
b30734d3fc5d493ca6ed43f16059536a,3,1,TEST,0.0003020877,0.021824844,246.0601979423166,139.09587084904905,385.15606879136567,0.021739130434782608,0.03,1,ANOMALY
b30dcdf71cc94220a9486528a311d6a4,3,1,TEST,0.00015377704,0.021611653,111.2616062386597,137.37063431720344,248.63224055586312,0.021739130434782608,0.03,1,ANOMALY
b33d6c00177340c4bb27c1046c07c961,3,1,TEST,0.00014907235,0.019411938,106.98554417810196,119.56956073694538,226.55510491504734,0.021739130434782608,0.03,1,ANOMALY
b3535eda4f8f46989d3da3d3b63e9607,3,1,TEST,0.00033089786,0.06326478,272.24556448816725,474.4462911976783,746.6918556858456,0.021739130434782608,0.03,1,ANOMALY
b3aafc12a55e4addac3a43c3cb071f64,3,1,TEST,0.0003284465,0.04529978,270.01753937008954,329.0655092012214,599.0830485713109,0.021739130434782608,0.03,1,ANOMALY
b3e3b2860f4e4f75984c6e3f7afdd29a,3,1,TEST,0.00041842886,0.019892652,351.8019195769572,123.45971254527517,475.26163212223236,0.021739130434782608,0.03,1,ANOMALY
b3f1986a7d6547d9bd886268c39187d5,3,1,TEST,0.00026166713,0.033003986,209.32220546180926,229.5624673427554,438.8846728045647,0.021739130434782608,0.03,1,ANOMALY
b3f8d816850544e0842fc58c06ff5b58,3,1,TEST,0.00014409744,0.018372213,102.4638809217154,111.15564292112202,213.61952384283742,0.021739130434782608,0.03,1,ANOMALY
b40cb4c962d44215b05a159dbbac2774,4,1,TEST,0.0014913161,0.103064656,1326.9421354510107,796.5246155083945,2123.466750959405,0.021739130434782608,0.03,1,ANOMALY
b4224d1ea6e64b7ead3dda7e6dceb4b8,4,1,TEST,0.00081960537,0.11912756,716.4286333451248,926.5127894384815,1642.9414227836064,0.021739130434782608,0.03,1,ANOMALY
b42cc6d83ece483987410c717df583b1,3,1,TEST,0.00022796838,0.016483806,178.6936313446581,95.8738123401266,274.5674436847847,0.021739130434782608,0.03,1,ANOMALY
b44233f254ba4cf195a62c21ed2ffc94,3,1,TEST,0.00026299694,0.0147549,210.53086109879072,81.88273489629883,292.41359599508957,0.021739130434782608,0.03,1,ANOMALY
b442ce1d948b4fd7a2f3686307668871,3,1,TEST,0.00043189127,0.03381574,364.03781623426573,236.13154228340397,600.1693585176697,0.021739130434782608,0.03,1,ANOMALY
b45bb3ed71844dae95449c76576aca32,3,1,TEST,0.00040375046,0.03314124,338.46081753841884,230.67318784663195,569.1340053850508,0.021739130434782608,0.03,1,ANOMALY
b49a3751b9424128b26fa0607c1c7195,3,1,TEST,0.00042260275,0.037362043,355.5955409789924,264.8298057588496,620.425346737842,0.021739130434782608,0.03,1,ANOMALY
b4b4046231364790902d32ef1f1c27bd,3,1,TEST,0.00028158393,0.028189829,227.42445509945088,190.6041645699351,418.028619669386,0.021739130434782608,0.03,1,ANOMALY
b4bc873f96634adb96a08e27ccb59163,3,1,TEST,0.0004953492,0.028372832,421.7143149864744,192.08510635939783,613.7994213458722,0.021739130434782608,0.03,1,ANOMALY
b4d9761fb96c4cb2b2ecf79d01220e36,3,1,TEST,0.00020388211,0.023293294,156.80177761415726,150.9792223281861,307.7809999423433,0.021739130434782608,0.03,1,ANOMALY
b4ddb4b037114878ba7b224263202fc6,3,1,TEST,0.00016676057,0.02004438,123.0622519868627,124.68756310418185,247.74981509104455,0.021739130434782608,0.03,1,ANOMALY
b5065d8a724043a5bb07d9502feab098,4,1,TEST,0.0010536263,0.1050977,929.1287305140006,812.9769131178131,1742.1056436318136,0.021739130434782608,0.03,1,ANOMALY
b5070d8719e34ea8b2cef80585bdb1c6,3,1,TEST,0.00038909187,0.054797333,325.1377206796947,405.923938491107,731.0616591708017,0.021739130434782608,0.03,1,ANOMALY
b52ee13fd3c2483a84ca07b5a7608d86,3,1,TEST,0.00014814347,0.019569406,106.14129120355722,120.84386193257122,226.98515313612842,0.021739130434782608,0.03,1,ANOMALY
b54a39a17e3745d7be9f064ee3973fb3,3,1,TEST,0.00067123136,0.06954892,581.5724632395888,525.3003511684668,1106.8728144080555,0.021739130434782608,0.03,1,ANOMALY
b55ecb1f9a334b6087412285936ca5de,3,1,TEST,0.00015159354,0.021426532,109.27703732780101,135.8725527283381,245.14959005613912,0.021739130434782608,0.03,1,ANOMALY
b5725afd75e340ffa8142798d3fb0514,4,1,TEST,0.00090354454,0.13060467,792.7203975701228,1019.3906757095283,1812.111073279651,0.021739130434782608,0.03,1,ANOMALY
b587a311dc10430f9356fbd2fcd72986,3,1,TEST,0.00015994313,0.017849408,116.8659252290681,106.92487199255775,223.79079722162584,0.021739130434782608,0.03,1,ANOMALY
b58c3db804984f0d9d7aa386ba9e890d,3,1,TEST,0.00029954006,0.027258525,243.74466456010455,183.06763777915145,426.812302339256,0.021739130434782608,0.03,1,ANOMALY
b592290617f04f2e8acedb8d21ce1616,3,1,TEST,0.0003133149,0.017053075,256.26452680698014,100.48059065275343,356.7451174597336,0.021739130434782608,0.03,1,ANOMALY
b59fecef4c114c6a9d91812f72ee8a10,3,1,TEST,0.00030036605,0.02664487,244.4954014846203,178.1016681840479,422.59706966866815,0.021739130434782608,0.03,1,ANOMALY
b5e532968f7e4c9abd839aaf6197608c,3,1,TEST,0.00022570412,0.014513488,176.63566019645523,79.9291214622143,256.5647816586695,0.021739130434782608,0.03,1,ANOMALY
b5ff09356d124dd5836ea93ba2fe86cf,3,1,TEST,0.00038039385,0.03411382,317.2321470236255,238.5437384146316,555.7758854382571,0.021739130434782608,0.03,1,ANOMALY
b606a82d201945e399c6c806b2c0f880,3,1,TEST,0.00025070162,0.017978754,199.3557249316008,107.97159743804139,307.32732236964216,0.021739130434782608,0.03,1,ANOMALY
b60dc1a0a27f47bcaea727e7f586cbd8,3,1,TEST,0.0001665519,0.02185325,122.87259318465118,139.32574485369094,262.1983380383421,0.021739130434782608,0.03,1,ANOMALY
b620c1a1a6894ad183d6ed62c18c9a56,3,1,TEST,0.00023087765,0.016855856,181.33784787559185,98.8846066591793,280.22245453477115,0.021739130434782608,0.03,1,ANOMALY
b6212a318a014717bb93409685ee3660,3,1,TEST,0.00035255062,0.03996833,291.92561684918616,285.92104105899995,577.8466579081861,0.021739130434782608,0.03,1,ANOMALY
b621e09e12144c31a2846515ef43b91a,4,1,TEST,0.00060214556,0.07483232,518.7808301451067,568.0559773081873,1086.836807453294,0.021739130434782608,0.03,1,ANOMALY
b62530427a9c4b3ba2f5bd22f607d125,3,1,TEST,0.00013355551,0.016712982,92.88238949123745,97.7284066120342,190.61079610327164,0.021739130434782608,0.03,1,ANOMALY
b650ffe1a562409eb7f955973f261316,3,1,TEST,0.00027414347,0.04993508,220.66186952652316,366.57642146329636,587.2382909898195,0.021739130434782608,0.03,1,ANOMALY
b678e1800ecf4cda9382cb97377ee61b,3,1,TEST,0.00023557074,0.019582529,185.60336677179603,120.95005909383698,306.553425865633,0.021739130434782608,0.03,1,ANOMALY
b6a3c4d9de7a430c8c9a60787a143c2b,3,1,TEST,0.0003081471,0.04065297,251.56754708747675,291.4614528923455,543.0289999798223,0.021739130434782608,0.03,1,ANOMALY
b6c4a6f842654eb3ba1ed03e1d81b67a,3,1,TEST,0.0001546358,0.016404402,112.04212760247422,95.2312398038813,207.27336740635553,0.021739130434782608,0.03,1,ANOMALY
b6dacdd492c4474c82cd09e15b797dae,3,1,TEST,0.00027841344,0.014901099,224.54281741399708,83.06584232447027,307.60865973846734,0.021739130434782608,0.03,1,ANOMALY
b6e359f580084d5ba285fd29d8ac3acf,3,1,TEST,0.0002973833,0.017100038,241.78439946086772,100.86063616708128,342.645035627949,0.021739130434782608,0.03,1,ANOMALY
b6e679fcb0d44504b6fe6c4143bb424d,3,1,TEST,0.00021461546,0.018053936,166.55724943433827,108.58000366971729,275.13725310405556,0.021739130434782608,0.03,1,ANOMALY
b6e6ef8a2fcf46c5bf41c8a538123e55,3,1,TEST,0.00022390395,0.019181898,174.9994974228072,117.70797459219362,292.7074720150008,0.021739130434782608,0.03,1,ANOMALY
b6f28fda75054974b47509512c882a1b,3,1,TEST,0.0003008456,0.052135605,244.93126135235661,384.38404992434585,629.3153112767025,0.021739130434782608,0.03,1,ANOMALY
b6f963a304034f7aabfdfaffcae0ff87,3,1,TEST,0.00025844877,0.01865003,206.3970590455275,113.40386183077469,319.8009208763022,0.021739130434782608,0.03,1,ANOMALY
b70120b2d9bc4e779cfd941bfe1dc173,3,1,TEST,0.00020566283,0.022122568,158.42026240964353,141.5051860697066,299.92544847935017,0.021739130434782608,0.03,1,ANOMALY
b7228fa635c5400bb201e35de3e2ca2c,3,1,TEST,0.00038016326,0.114166096,317.0225652763596,886.3624128079628,1203.3849780843225,0.021739130434782608,0.03,1,ANOMALY
b72a2ef931a342109e81ba959114bef9,3,1,TEST,0.00025048014,0.018040841,199.15442320392643,108.47403309692332,307.62845630084973,0.021739130434782608,0.03,1,ANOMALY
b7654ae02535447293558e5792bd92d1,3,1,TEST,0.00028741098,0.06148144,232.7206228448226,460.0147095797789,692.7353324246016,0.021739130434782608,0.03,1,ANOMALY
b76d4358973643b383a9ed741dc75eef,4,1,TEST,0.00090429775,0.07416782,793.404985227255,562.6785473256298,1356.0835325528847,0.021739130434782608,0.03,1,ANOMALY
b786f1815daf438cb481c3e80c899a26,3,1,TEST,0.00049153424,0.06644191,418.24692272076817,500.1570423195488,918.403965040317,0.021739130434782608,0.03,1,ANOMALY
b79bac7aab2844659f74bed0f24012d2,3,1,TEST,0.00057813595,0.11874873,496.9586521886871,923.4471283394713,1420.4057805281584,0.021739130434782608,0.03,1,ANOMALY
b79ca27c1db0437da4537e9f3552abbb,3,1,TEST,0.00028964464,0.021648096,234.7507818525756,137.66554730569754,372.41632915827313,0.021739130434782608,0.03,1,ANOMALY
b79f1c09464c4685ba85140c12146318,3,1,TEST,0.0002704808,0.014901085,217.33289264869634,83.06572903023437,300.3986216789307,0.021739130434782608,0.03,1,ANOMALY
b7b1225ac32148a7893865fd61981abd,3,1,TEST,0.00031363714,0.02302409,256.5574086415737,148.80070365094846,405.35811229252215,0.021739130434782608,0.03,1,ANOMALY
b7c2dcdc8f2642ed8c97a71e9185caa6,3,1,TEST,0.00030314352,0.021306388,247.01982585505434,134.90029396562267,381.920119820677,0.021739130434782608,0.03,1,ANOMALY
b7ca229dd089430f9f1110cb25ce704b,3,1,TEST,0.00028003694,0.02008061,226.01840597675368,124.98075240180118,350.99915837855485,0.021739130434782608,0.03,1,ANOMALY
b7cb30ce31f34ac586d682469756c1f4,4,1,TEST,0.00031706857,0.034701586,259.6762129913735,243.3002026902191,502.9764156815926,0.021739130434782608,0.03,1,ANOMALY
b7d019b0db9142b5a063edefd84be5dd,3,1,TEST,0.00021980426,0.016808549,171.27331591689546,98.50177734362647,269.77509326052194,0.021739130434782608,0.03,1,ANOMALY
b7dfa7cf9b3841bfbbc5263a4f5a2ea0,3,1,TEST,0.0002796966,0.026163649,225.70907317019467,174.2074135058894,399.9164866760841,0.021739130434782608,0.03,1,ANOMALY
b8268267869d496596f8ab7771ebba3a,3,1,TEST,0.0012846459,0.17238116,1139.1009384182883,1357.4646409345303,2496.5655793528185,0.021739130434782608,0.03,1,ANOMALY
b8393a5563094d3188d63ab975ee656a,3,1,TEST,0.00021586186,0.015920933,167.69009426625686,91.31879330841542,259.00888757467226,0.021739130434782608,0.03,1,ANOMALY
b8481fb088ab4ae5aae6a322cd1939d8,3,1,TEST,0.0002727061,0.013776109,219.35545330696695,73.9619221497865,293.31737545675344,0.021739130434782608,0.03,1,ANOMALY
b84920c0acb540988b2be284cee5522d,3,1,TEST,0.00031335783,0.015872875,256.303545604023,90.92988656635109,347.23343217037404,0.021739130434782608,0.03,1,ANOMALY
b853201a88b04bbf855360ee3ff4f1be,3,1,TEST,0.00035489793,0.02403647,294.0590716007995,156.99333354672208,451.05240514752154,0.021739130434782608,0.03,1,ANOMALY
b86d13359da64280b2ad5a39fd13bb19,3,1,TEST,0.00025562238,0.04409565,203.82817160611285,319.32115289588364,523.1493245019965,0.021739130434782608,0.03,1,ANOMALY
b8921d68796740eea6dcd1dfd8220c67,3,1,TEST,0.0002357499,0.015258805,185.76620412744956,85.9605586063976,271.7267627338472,0.021739130434782608,0.03,1,ANOMALY
b8a796c5ec08441c8348cedd9b5cd06b,3,1,TEST,0.00052880455,0.04282017,452.1216644308969,308.99940060972494,761.1210650406218,0.021739130434782608,0.03,1,ANOMALY
b8ae6e74568045989b5bc98dd23e873d,3,1,TEST,0.00034133397,0.019752206,281.7308768107235,122.32316095561336,404.0540377663368,0.021739130434782608,0.03,1,ANOMALY
b8b60d5685e8439eaf96648b38263210,3,1,TEST,0.00035933004,0.025088828,298.08738747691854,165.50948322555467,463.5968707024732,0.021739130434782608,0.03,1,ANOMALY
b8c10ce9679f460f84b1547bd0210329,4,1,TEST,0.0008901189,0.067123555,780.5179209260281,505.6732172788571,1286.1911382048852,0.021739130434782608,0.03,1,ANOMALY
b8d8b5fd38f2436dbce33e9dfc2a10cc,3,1,TEST,0.00032712374,0.02261592,268.81529143213334,145.49761020327279,414.3129016354061,0.021739130434782608,0.03,1,ANOMALY
b8e1ae6030c844cda769f28f770856f3,3,1,TEST,0.0001953833,0.015035425,149.07726462799053,84.15286814815276,233.2301327761433,0.021739130434782608,0.03,1,ANOMALY
b8f0f33c3b834e45b19fc6ea07497388,3,1,TEST,0.00023149796,0.01774922,181.90164358939757,106.1141060706729,288.01574966007047,0.021739130434782608,0.03,1,ANOMALY
b94237cb79cb4ecdbe5430e882b226aa,3,1,TEST,0.0006403844,0.094600625,553.5358624562126,728.0299065953828,1281.5657690515955,0.021739130434782608,0.03,1,ANOMALY
b97539e64d7f4206969705224ff7750e,3,1,TEST,0.00027784158,0.03564181,224.02305758923697,250.90891409416216,474.9319716833991,0.021739130434782608,0.03,1,ANOMALY
b9a963c72444462687111092837f8844,4,1,TEST,0.0014249436,0.12158219,1266.616603032431,946.3767487433502,2212.993351775781,0.021739130434782608,0.03,1,ANOMALY
b9adf8ddfdc9467194af13fea9352444,3,1,TEST,0.0003668727,0.016242333,304.9428619633749,93.91970526687138,398.8625672302463,0.021739130434782608,0.03,1,ANOMALY
b9aeb7c3c7af4c1198d9bbc8b2580137,3,1,TEST,0.0001441471,0.01571882,102.50901657187032,89.68320488694869,192.192221458819,0.021739130434782608,0.03,1,ANOMALY
b9af1dc66f1242e59aac685436078def,1,1,TEST,0.00016778042,0.014330565,123.98918700116965,78.44882706838528,202.43801406955492,0.021739130434782608,0.03,1,ANOMALY
b9b3eca25f54404caf55c1181555628d,3,1,TEST,0.0003893957,0.022142215,325.41386978534445,141.66417834490196,467.07804813024643,0.021739130434782608,0.03,1,ANOMALY
b9b4251132af476789e7f4cbe326a623,3,1,TEST,0.00027887258,0.017342478,224.96012676583206,102.82256863505907,327.78269540089116,0.021739130434782608,0.03,1,ANOMALY
ba0e374b9ed64a2195cc8ca55ca15efa,3,1,TEST,0.00040636823,0.073713146,340.84009162029594,558.9991227960747,899.8392144163706,0.021739130434782608,0.03,1,ANOMALY
ba2e0dca7e034d1a8d7b8ac24a5d35ef,3,1,TEST,0.00044456727,0.05332072,375.5589499709476,393.97452837999464,769.5334783509422,0.021739130434782608,0.03,1,ANOMALY
ba36edbd7f994bd3b67c2c0a94672d42,3,1,TEST,0.00033927732,0.015253468,279.8616010376447,85.91736922518328,365.77897026282795,0.021739130434782608,0.03,1,ANOMALY
ba475139cf6c4b2d810de7d2483ed656,3,1,TEST,0.0004444676,0.030713717,375.4683605579202,211.02859045980284,586.4969510177231,0.021739130434782608,0.03,1,ANOMALY
ba637ad3998243d8ae1c511e83255085,3,1,TEST,0.0004290003,0.08290802,361.41023245399316,633.4081387982395,994.8183712522327,0.021739130434782608,0.03,1,ANOMALY
ba832bdbf8d74436a0f34a4cc3e40ceb,3,1,TEST,0.00025858826,0.0171973,206.52384059687887,101.64772359366292,308.1715641905418,0.021739130434782608,0.03,1,ANOMALY
ba86adbfc5874d08af6c1e997f8d0426,3,1,TEST,0.00016505268,0.014144367,121.50996190343405,76.94202991580103,198.45199181923508,0.021739130434782608,0.03,1,ANOMALY
ba9299474940400491fb03af7afdb268,3,1,TEST,0.00027282268,0.019455075,219.46141210872005,119.91864455509071,339.38005666381076,0.021739130434782608,0.03,1,ANOMALY
bab0703dbd2c4997bd0e8b69a1450d3b,3,1,TEST,0.0002722054,0.019324848,218.900370342155,118.86478966519076,337.76516000734574,0.021739130434782608,0.03,1,ANOMALY
bad08411ca4f4c4498544e7c061b2719,3,1,TEST,0.00021710261,0.01620123,168.8178038500205,93.58708148271326,262.4048853327338,0.021739130434782608,0.03,1,ANOMALY
bad31951dc394d02b8a1b830d3dcf3ab,3,1,TEST,0.00050388067,0.0794113,429.46851243365717,605.111123044126,1034.579635477783,0.021739130434782608,0.03,1,ANOMALY
bae66e3fa15440b4a589f895c46e6e2a,3,1,TEST,0.00018655788,0.015475024,141.05589794272805,87.71029906297939,228.76619700570745,0.021739130434782608,0.03,1,ANOMALY
bae89a7543b14dcc97ff1f860893a6fa,6,0,TEST,3.1534786e-05,0.0045593227,0.15641874990655308,-0.6244179441867964,-0.46799919428024334,0.8260869565217391,0.03,0,REFERENCE
baf661a519b94e3b8adcd0f7df56f4a8,3,1,TEST,0.00024280092,0.017022394,192.17483022401146,100.23230633477773,292.4071365587892,0.021739130434782608,0.03,1,ANOMALY
bb0b5a77d49c4f51b7a4a62e6e84b305,3,1,TEST,0.00027008317,0.03734957,216.97148933473952,264.7288686871078,481.70035802184736,0.021739130434782608,0.03,1,ANOMALY
bb32e0ee3d7045049bb1f72abc0b2324,3,1,TEST,0.00019100249,0.015182618,145.09557498733156,85.34401946707314,230.4395944544047,0.021739130434782608,0.03,1,ANOMALY
bb377fb5166447f59ebc50ef98a746ba,3,1,TEST,0.00023257989,0.017659357,182.88500271086554,105.38689464776462,288.27189735863016,0.021739130434782608,0.03,1,ANOMALY
bb49a6ba763344c0849c6effc331f79a,3,1,TEST,0.00022631648,0.014519813,177.19223020710487,79.98030617950498,257.17253638660986,0.021739130434782608,0.03,1,ANOMALY
bba156eaa3704c5587d29a548f7ff572,4,1,TEST,0.00042745925,0.051107466,360.0095821585598,376.06389118117545,736.0734733397353,0.021739130434782608,0.03,1,ANOMALY
bbb73fdf59924077afdea1d07f40839c,3,1,TEST,0.00021743588,0.016539127,169.12071077968474,96.32149451328698,265.4422052929717,0.021739130434782608,0.03,1,ANOMALY
bbdf959dfc7a4c46baa68d73d2a27b6e,3,1,TEST,0.00058070966,0.02670149,499.2978804238902,178.55986244381074,677.857742867701,0.021739130434782608,0.03,1,ANOMALY
bbe5bb20090f4805b436b8b3736b1d1c,3,1,TEST,0.00021335013,0.0233548,165.40719924886685,151.47695627627817,316.88415552514505,0.021739130434782608,0.03,1,ANOMALY
bc141506ff52424ab7735cb063f7d5e2,3,1,TEST,0.00027066405,0.01681038,217.49944737867798,98.51659461119317,316.01604198987116,0.021739130434782608,0.03,1,ANOMALY
bc1dc8bbaf30474d92864269d239ac10,6,0,TEST,3.2234213e-05,0.0045515103,0.7921233890708181,-0.6876393647973825,0.10448402427343562,0.717391304347826,0.03,0,REFERENCE
bc29fd59d9264d1290b0c955b13ae26e,3,1,TEST,0.00040214922,0.04348311,337.0054609444993,314.364206377425,651.3696673219242,0.021739130434782608,0.03,1,ANOMALY
bc6baa85018f479eac50d5965f11f6ab,3,1,TEST,0.00032912806,0.032487493,270.6370048094689,225.38277592969132,496.01978073916024,0.021739130434782608,0.03,1,ANOMALY
bc72715751f841e6bc50fc494e3b34b4,3,1,TEST,0.00029469968,0.029917521,239.34527474341468,204.58541778502124,443.9306925284359,0.021739130434782608,0.03,1,ANOMALY
bc7ab98da3f34e889185810acb71d104,3,1,TEST,0.00022597983,0.01642649,176.88625121748242,95.40998573835041,272.29623695583285,0.021739130434782608,0.03,1,ANOMALY
bc836bea9dbb487e930cf4783c51f4d4,3,1,TEST,0.00028747,0.023883754,232.77426573793866,155.757487651739,388.53175338967765,0.021739130434782608,0.03,1,ANOMALY
bc84a63317f842ed86d55c50ef7d80f3,3,1,TEST,0.00026611984,0.02554817,213.36924454359064,169.2266832903371,382.5959278339277,0.021739130434782608,0.03,1,ANOMALY
bca2b57510c9462988c85157675b216e,3,1,TEST,0.00028463092,0.024957243,230.19384444027858,164.44463879477237,394.63848323505096,0.021739130434782608,0.03,1,ANOMALY
bcccf538660541adb7fa109d925d5375,3,1,TEST,0.000306457,0.019795088,250.03142621903513,122.67018120017623,372.70160741921137,0.021739130434782608,0.03,1,ANOMALY
bcfa0bbef3944d819aae4b09c1c6cc14,3,1,TEST,0.00032111275,0.029497562,263.35194182027965,201.18692249827203,464.53886431855165,0.021739130434782608,0.03,1,ANOMALY
bcfd6522f4e04ac2aca5da2ca504ea6b,3,1,TEST,0.0002460555,0.014745859,195.13289676209368,81.80957109724343,276.9424678593371,0.021739130434782608,0.03,1,ANOMALY
bd1f0275489049579d108271fd944156,3,1,TEST,0.0003664709,0.020474344,304.57766856361167,128.16702330737272,432.7446918709844,0.021739130434782608,0.03,1,ANOMALY
bd2556d20865454e91498f566362a1dd,3,1,TEST,0.00019332823,0.013340005,147.20942490660818,70.43277433170786,217.64219923831604,0.021739130434782608,0.03,1,ANOMALY
bd34e23cf8c84afca41f5f711cbff8e6,3,1,TEST,0.00024638601,0.016180743,195.43329514575655,93.42129155336389,288.85458669912043,0.021739130434782608,0.03,1,ANOMALY
bd66ec7a72b74d499726d947c33ddd5d,3,1,TEST,0.00027401725,0.020744639,220.54714899163488,130.35437084256517,350.90151983420003,0.021739130434782608,0.03,1,ANOMALY
bd69bf86cde640cb9f65e8bcb9508394,3,1,TEST,0.00021808453,0.01791761,169.71026453467834,107.47679295519188,277.1870574898702,0.021739130434782608,0.03,1,ANOMALY
bd7a375a223949a2a42fb746c3c372be,3,1,TEST,0.00045649777,0.026661085,386.4025036192186,178.2328871865568,564.6353908057754,0.021739130434782608,0.03,1,ANOMALY
bd9a239fc6694c8cb2d8a24238039541,3,1,TEST,0.00025390438,0.022390671,202.26669260961398,143.67479496453524,345.9414875741492,0.021739130434782608,0.03,1,ANOMALY
bdc04b42c49c4ceab2543b56b2a441af,4,1,TEST,0.00078300864,0.05368633,683.166104104415,396.9332073505331,1080.099311454948,0.021739130434782608,0.03,1,ANOMALY
bde13559631e4f1598b6ccad3fbd4fea,3,1,TEST,0.00015149912,0.016441124,109.19121960553707,95.52841058464803,204.71963019018511,0.021739130434782608,0.03,1,ANOMALY
bde1befdf85b40da9dd8dc7bd0c3fe86,3,1,TEST,0.00020146489,0.014154575,154.60478211944422,77.02463759866326,231.6294197181075,0.021739130434782608,0.03,1,ANOMALY
be5d438f2ff142b8b57260ca41dd32b6,3,1,TEST,0.00027585804,0.033157013,222.22023101838985,230.80082998826455,453.0210610066544,0.021739130434782608,0.03,1,ANOMALY
be8280edd91a4509b089504c0ed2b595,3,1,TEST,0.00022794458,0.024452606,178.67199967986375,160.36089141462512,339.03289109448883,0.021739130434782608,0.03,1,ANOMALY
be90206d54144087a0472127117b094a,3,1,TEST,0.00015483933,0.013237514,112.22711469220496,69.60337150801742,181.83048620022237,0.021739130434782608,0.03,1,ANOMALY
be99264d269341bcad942a656a0e77d5,3,1,TEST,0.00035790922,0.022109129,296.7960134444357,141.39643169568768,438.19244514012337,0.021739130434782608,0.03,1,ANOMALY
bebb8b1879e74768b88574977b2a44db,3,1,TEST,0.0002241758,0.014026278,175.24658011500637,75.9864011284267,251.23298124343307,0.021739130434782608,0.03,1,ANOMALY
beda528c07d44c98be1ab356501a9e11,3,1,TEST,0.00014648814,0.019513886,104.63677256137187,120.39456936277197,225.03134192414385,0.021739130434782608,0.03,1,ANOMALY
beeb8714a2894daba826921961a6dcd8,3,1,TEST,0.00017941406,0.028497018,134.56292653133784,193.09007478650673,327.65300131784454,0.021739130434782608,0.03,1,ANOMALY
bf05e18b66914680a1add0318c5e5f71,3,1,TEST,0.0003400104,0.05640141,280.52789266904944,418.90484406541987,699.4327367344692,0.021739130434782608,0.03,1,ANOMALY
bf0b91e6565142c28fbe4190762775f6,3,1,TEST,0.00026636806,0.028891534,213.59485008288686,196.2826739843979,409.87752406728475,0.021739130434782608,0.03,1,ANOMALY
bf0bc25f70c54312acf44153a0990ad2,3,1,TEST,0.00045542943,0.03038964,385.43149636012686,208.40601502495363,593.8375113850805,0.021739130434782608,0.03,1,ANOMALY
bf0dc897340f4d34839ba9fa99d74a99,3,1,TEST,0.00023476928,0.016603507,184.87492500431412,96.84248614952031,281.7174111538344,0.021739130434782608,0.03,1,ANOMALY
bf2443e6599a4943bf87132fcd364c71,3,1,TEST,0.00014714285,0.016309423,105.23183421084671,94.46262743019685,199.69446164104357,0.021739130434782608,0.03,1,ANOMALY
bf47a80717634110a618ab3a05021f76,3,1,TEST,0.0014546986,0.21649362,1293.6607284927472,1714.4423158906907,3008.103044383438,0.021739130434782608,0.03,1,ANOMALY
bf6577253b11410ca71d0363cb6e4078,3,1,TEST,0.00020178287,0.019849716,154.89379206781834,123.11225530865953,278.00604737647785,0.021739130434782608,0.03,1,ANOMALY
bf698c8f371245489c9c8626b16433eb,3,1,TEST,0.00041291834,0.021320332,346.79344388441535,135.01313502457947,481.8065789089948,0.021739130434782608,0.03,1,ANOMALY
bf7445c92d134288b0593088c4ecc7dc,3,1,TEST,0.00023463223,0.022643037,184.7503611530509,145.71705304576642,330.4674141988173,0.021739130434782608,0.03,1,ANOMALY
bf94b288172d48b0aa84bcc085bcc136,3,1,TEST,0.00032753905,0.0231083,269.19276398279453,149.48216847988925,418.6749324626838,0.021739130434782608,0.03,1,ANOMALY
bfa21d97e31647d799c081d4ff18eea0,3,1,TEST,0.00033103826,0.046064094,272.37317313258427,335.2506785310761,607.6238516636604,0.021739130434782608,0.03,1,ANOMALY
bfa6f421653f4ee19a89d6c2acf0d0fb,3,1,TEST,0.00030597794,0.027552038,249.59601170910338,185.44287571213928,435.03888742124263,0.021739130434782608,0.03,1,ANOMALY
bfb04eab848844ceb0a115a4468d30a1,3,1,TEST,0.000339598,0.022872748,280.1530649984114,147.57597677597445,427.7290417743859,0.021739130434782608,0.03,1,ANOMALY
bfe42a82beb946ed8462b2b28b81957b,4,1,TEST,0.0015088513,0.097631745,1342.8797643796527,752.5590797612666,2095.438844140919,0.021739130434782608,0.03,1,ANOMALY
bfe6e4dfead84d4e9762d6b89c603b56,3,1,TEST,0.0002960162,0.020712912,240.5418511860635,130.09762182667865,370.63947301274214,0.021739130434782608,0.03,1,ANOMALY
bfeef301ae69499f84ecf6971fb455b3,3,1,TEST,0.0003184981,0.02018754,260.97550348605625,125.84607759071748,386.8215810767737,0.021739130434782608,0.03,1,ANOMALY
c00b6885271049f2916abd43df5593f1,3,1,TEST,0.00014899918,0.020378605,106.91904044226155,127.39226067516798,234.31130111742954,0.021739130434782608,0.03,1,ANOMALY
c037f87ad3f9458b839891f5a411d419,3,1,TEST,0.00030872063,0.031364422,252.08882476434636,216.29438515777136,468.3832099221177,0.021739130434782608,0.03,1,ANOMALY
c03c4ab0dfbe4e85aadd565496d7b887,3,1,TEST,0.00024748145,0.017374821,196.4289334181225,103.0843025973252,299.5132360154477,0.021739130434782608,0.03,1,ANOMALY
c054c5335db54209a2a53ae003eb27ec,3,1,TEST,0.0003430104,0.024630355,283.25457310531056,161.79931549584347,445.05388860115403,0.021739130434782608,0.03,1,ANOMALY
c070b68865bc42279703ca13858eb1f4,4,1,TEST,0.0012019714,0.03024176,1063.9586245090657,207.2093041960287,1271.1679287050943,0.021739130434782608,0.03,1,ANOMALY
c0a9bb91b8fb4d55aae7877c775f8b95,3,1,TEST,0.00024297269,0.019349573,192.330950856857,119.06487537823625,311.39582623509324,0.021739130434782608,0.03,1,ANOMALY
c0c5a7e68b0146c4a90c096e6a96f3b0,3,1,TEST,0.0002408017,0.020059114,190.3577522034175,124.80679719502157,315.1645493984391,0.021739130434782608,0.03,1,ANOMALY
c0da3bdb2eb04abb934d194af465a436,4,1,TEST,0.00113242,0.06493424,1000.7438106108758,487.95630513098223,1488.700115741858,0.021739130434782608,0.03,1,ANOMALY
c0dcba6237e442c0b0ae593b7c0373de,3,1,TEST,0.00022683438,0.02010881,177.6629461397514,125.20895936268626,302.87190550243764,0.021739130434782608,0.03,1,ANOMALY
c0ea5016aa594527b1ead5d018639c19,3,1,TEST,0.0002477853,0.022136457,196.70510070164178,141.6175820441652,338.322682745807,0.021739130434782608,0.03,1,ANOMALY
c0f80243b76048a3b2ff8018f3832acc,3,1,TEST,0.0003401757,0.022709142,280.6781327610874,146.25200415035175,426.93013691143915,0.021739130434782608,0.03,1,ANOMALY
c11da582f5cd4dd081fe6a6fe3a3c6fb,3,1,TEST,0.00025813826,0.014648178,206.1148385314397,81.01909293603019,287.1339314674699,0.021739130434782608,0.03,1,ANOMALY
c146b95741084671b4168d0a924fdea4,3,1,TEST,0.00014759248,0.015658129,105.64049998569874,89.19206628187509,194.83256626757384,0.021739130434782608,0.03,1,ANOMALY
c198a58f77bc48a597132dc772c9d371,3,1,TEST,0.00028136134,0.029880958,227.22214450001508,204.28953370307656,431.5116782030916,0.021739130434782608,0.03,1,ANOMALY
c1b506776a5d4b7ea866b747b4e14a91,3,1,TEST,0.0002609872,0.016368179,208.70422151880024,94.93810715337992,303.64232867218016,0.021739130434782608,0.03,1,ANOMALY
c1b984795bef45f8a3619e68a338fec1,3,1,TEST,0.00021237595,0.015041565,164.52177339973454,84.2025557630405,248.72432916277504,0.021739130434782608,0.03,1,ANOMALY
c1ba22f628eb42df99aac57b50c9a29f,3,1,TEST,0.00031791156,0.01896795,260.4424011050281,115.97661207916397,376.41901318419207,0.021739130434782608,0.03,1,ANOMALY
c1bb2a6bfc6f48ea80756c5567ff8440,3,1,TEST,0.00026822087,0.015942976,215.2788570092565,91.49717508284057,306.77603209209707,0.021739130434782608,0.03,1,ANOMALY
c1bcbc0a35fc411b8de645d74a32d9fd,3,1,TEST,0.00021789326,0.020452723,169.53642047899712,127.99205654491543,297.52847702391256,0.021739130434782608,0.03,1,ANOMALY
c1c82129dfbf4699b73386fe1b8ccd7a,4,1,TEST,0.0008073635,0.11639842,705.3020775343743,904.4273729409691,1609.7294504753436,0.021739130434782608,0.03,1,ANOMALY
c1dbdd2a0f82480fb4cba2346c39d0d0,3,1,TEST,0.00024477742,0.015510221,193.97125818476815,87.99512886447837,281.9663870492465,0.021739130434782608,0.03,1,ANOMALY
c1e238eab09449ed9fb5f4f83c8895ab,3,1,TEST,0.00022933942,0.0139381485,179.93976065976855,75.2732179596565,255.21297861942506,0.021739130434782608,0.03,1,ANOMALY
c21171f44380403e966b4bb44df3b097,3,1,TEST,0.0003456453,0.016792653,285.64941653247865,98.37313983120703,384.0225563636857,0.021739130434782608,0.03,1,ANOMALY
c21182aa46b04b5cb88f3bdea5cb247a,3,1,TEST,0.00040262673,0.028473586,337.439466669539,192.9004526053912,530.3399192749303,0.021739130434782608,0.03,1,ANOMALY
c239ccce6029427e9be7effba2b6f602,3,1,TEST,0.00036558794,0.049473,303.7751519776113,362.83706428295,666.6122162605614,0.021739130434782608,0.03,1,ANOMALY
c267962e7f874fbb8bbabe03153b711c,3,1,TEST,0.0004445533,0.04950514,375.5462527290494,363.0971554787956,738.643408207845,0.021739130434782608,0.03,1,ANOMALY
c26ec3c1f115444f9485bd13865f3c88,3,1,TEST,0.00033807568,0.016089465,278.7694382778351,92.68262932018423,371.4520675980193,0.021739130434782608,0.03,1,ANOMALY
c27b6c1e6c9c4a5b8954010accd6e62a,3,1,TEST,0.00032471668,0.020831468,266.62753029516443,131.0570297860648,397.6845600812292,0.021739130434782608,0.03,1,ANOMALY
c28c1ca865584ec0ad96b05a3e7336d0,3,1,TEST,0.00023431281,0.015878018,184.4600423980674,90.97150601315363,275.431548411221,0.021739130434782608,0.03,1,ANOMALY
c298966a88024867964d6df232f3aeea,4,1,TEST,0.0012104043,0.07760889,1071.6232323260479,590.5252184920394,1662.1484508180872,0.021739130434782608,0.03,1,ANOMALY
c2adb4e5d3274768884feb352b9399e5,3,1,TEST,0.00020722896,0.014379338,159.84370775352406,78.84351990892597,238.68722766245003,0.021739130434782608,0.03,1,ANOMALY
c2bcca4e0916407c83d1ce0ee091c9ce,3,1,TEST,0.0001833075,0.01387994,138.1016487572566,74.80216885034169,212.90381760759828,0.021739130434782608,0.03,1,ANOMALY
c2dd5893d6fd425ca64c3da92f20453d,3,1,TEST,0.00024665694,0.016878111,195.67954165595526,99.06470403203382,294.74424568798906,0.021739130434782608,0.03,1,ANOMALY
c30135b402a84b6ea450678fd8d6059c,4,1,TEST,0.001805529,0.23041636,1612.5281912012986,1827.1113294578126,3439.6395206591114,0.021739130434782608,0.03,1,ANOMALY
c33864c5b39e48ebbc9d961685e5b58d,3,1,TEST,0.00014343092,0.016698752,101.8580852402565,97.61325111368689,199.4713363539434,0.021739130434782608,0.03,1,ANOMALY
c3556e78d38b472a96293e40fe82e457,3,1,TEST,0.0003732045,0.025876692,310.69779369214757,171.88522964508465,482.58302333723225,0.021739130434782608,0.03,1,ANOMALY
c399508a7c8746799cc420f91cdf7e7b,3,1,TEST,0.0010329515,0.14445178,910.3375396194635,1131.4476576294257,2041.7851972488893,0.021739130434782608,0.03,1,ANOMALY
c3ad636657c341e0bf1dc79329a2f37f,6,0,TEST,3.167597e-05,0.00467813,0.28473996681091596,0.33702364673375135,0.6217636135446674,0.5,0.03,0,REFERENCE
c3c3280055d247029d8338100c629602,1,1,TEST,0.00013709444,0.015264529,96.09889989000325,86.00687976399003,182.1057796539933,0.021739130434782608,0.03,1,ANOMALY
c3d7e9fca8674b58b3b213d3d1dd5840,3,1,TEST,0.00092419947,0.07506659,811.4935287512369,569.9517944970719,1381.4453232483088,0.021739130434782608,0.03,1,ANOMALY
c3dc3c4fcc984c1cbccfe34b562a28b8,3,1,TEST,0.00018638314,0.019338723,140.89707789625064,118.97707234541346,259.8741502416641,0.021739130434782608,0.03,1,ANOMALY
c3e76bd3c56347c7a9123e506fffc2d5,6,0,TEST,3.3613003e-05,0.0051111933,2.04529662864163,3.84156476601937,5.8868613946610004,0.2391304347826087,0.03,0,REFERENCE
c3f895c9e9094cf7bf4a8f828609e562,3,1,TEST,0.00013704313,0.0152877085,96.0522645656084,86.19445860263664,182.24672316824504,0.021739130434782608,0.03,1,ANOMALY
c4010dd8b279468eaf5c057a295d39d4,3,1,TEST,0.0001840872,0.0175556,138.8103130026409,104.54724678817061,243.3575597908115,0.021739130434782608,0.03,1,ANOMALY
c4082af0a9e444c482115202e496cc9e,3,1,TEST,0.00018602461,0.014327364,140.5712123173131,78.42292315059122,218.9941354679043,0.021739130434782608,0.03,1,ANOMALY
c418924732d34329a1e60d674a920ece,4,1,TEST,0.00058599835,0.06338015,504.10473627604017,475.37991662595164,979.4846529019918,0.021739130434782608,0.03,1,ANOMALY
c4202789515c4ecd8e38edab6e476204,3,1,TEST,0.00023314702,0.029538525,183.40046346947113,201.5184133400711,384.9188768095422,0.021739130434782608,0.03,1,ANOMALY
c44609cea7974ed3ad39a72b1eaeca9c,3,1,TEST,0.00037722898,0.044337105,314.35561731952225,321.2751143051213,635.6307316246435,0.021739130434782608,0.03,1,ANOMALY
c44e78abef654480beddbb64beb2b684,3,1,TEST,0.00015308846,0.01943149,110.63576036705948,119.72778422982567,230.36354459688516,0.021739130434782608,0.03,1,ANOMALY
c4642b2ef7a44ff3b21ba6f9a95102d0,3,1,TEST,0.00052081543,0.027479675,444.86040536191615,184.85728208410643,629.7176874460226,0.021739130434782608,0.03,1,ANOMALY
c469ac47e2a0475c98f31306a45b5846,3,1,TEST,0.00037746713,0.018278256,314.57207030148743,110.3953010266583,424.96737132814576,0.021739130434782608,0.03,1,ANOMALY
c47a226eaa844535b0fefcc53f8b8f9c,3,1,TEST,0.00025038797,0.019807933,199.0706504919897,122.77412866161484,321.8447791536046,0.021739130434782608,0.03,1,ANOMALY
c4a35e327a1e46ce898f0754c5adf2ec,3,1,TEST,0.00020730658,0.013926598,159.91425606534492,75.179746168816,235.0940022341609,0.021739130434782608,0.03,1,ANOMALY
c4b7213510734b7e9fb51c5eb4a58e61,3,1,TEST,0.00022103215,0.0227198,172.3893371305223,146.33825343365362,318.7275905641759,0.021739130434782608,0.03,1,ANOMALY
c4d3868a9b784cf7acc4407e3ec652c4,1,1,TEST,0.0002677879,0.01796549,214.88533339976053,107.8642592419712,322.74959264173174,0.021739130434782608,0.03,1,ANOMALY
c4d6a751ea7b4800854aaf531be02613,3,1,TEST,0.00032016545,0.030916417,262.49094702785624,212.66892914673195,475.1598761745882,0.021739130434782608,0.03,1,ANOMALY
c4d6e503ca024f739c5265341fd232d7,3,1,TEST,0.0002434244,0.01772688,192.7415071301448,105.93332083995759,298.6748279701024,0.021739130434782608,0.03,1,ANOMALY
c4d76ca3b8a54da482122c0046348687,3,1,TEST,0.0005225513,0.0236386,446.43812628488035,153.77359228688738,600.2117185717677,0.021739130434782608,0.03,1,ANOMALY
c4e3cebe29054c09a8029d01f85ff512,3,1,TEST,0.0002020252,0.014814227,155.11404422452472,82.36283540581752,237.47687963034224,0.021739130434782608,0.03,1,ANOMALY
c4ebe6c8ada241259d576908810cbaea,3,1,TEST,0.00016212223,0.021309763,118.84649500862028,134.92760596892006,253.77410097754034,0.021739130434782608,0.03,1,ANOMALY
c50604d3e62d4838872b8227838f3ade,3,1,TEST,0.00027678374,0.021059006,223.06159371167215,132.89836863237207,355.95996234404424,0.021739130434782608,0.03,1,ANOMALY
c515886597d24af3a95eec9d51e0a59e,3,1,TEST,0.00028120627,0.031105084,227.08120238826476,214.1957065470618,441.27690893532656,0.021739130434782608,0.03,1,ANOMALY
c5346fef3c134c18a9cda1647c5f30b9,3,1,TEST,0.00026127085,0.025478825,208.96202915404874,168.66551266258622,377.62754181663496,0.021739130434782608,0.03,1,ANOMALY
c56323c7e6d6468fbc567e09250c0d33,3,1,TEST,0.00016273228,0.02164372,119.40096547533398,137.63013476453327,257.0311002398672,0.021739130434782608,0.03,1,ANOMALY
c568c5f41eb8425bb0dbc9f5069801d7,3,1,TEST,0.00045038736,0.031536963,380.8487918177072,217.69066378323478,598.539455600942,0.021739130434782608,0.03,1,ANOMALY
c5741138d7cf47bbbdd300c1655dd3dc,3,1,TEST,0.0002757911,0.017599784,222.1593896889221,104.90480339667222,327.0641930855943,0.021739130434782608,0.03,1,ANOMALY
c57855a87e2247598a122313df6780e4,3,1,TEST,0.00026195508,0.017135303,209.58392133901637,101.14601625486893,310.7299375938853,0.021739130434782608,0.03,1,ANOMALY
c5977ba2aa8746eda9e9cbcb4a943143,3,1,TEST,0.00014459889,0.020167705,102.91964555663645,125.68556393578291,228.60520949241936,0.021739130434782608,0.03,1,ANOMALY
c5d5ea8a289048acaf57fb79cf10b0b4,3,1,TEST,0.00027637536,0.021466937,222.69041979281874,136.199527985592,358.8899477784107,0.021739130434782608,0.03,1,ANOMALY
c5ef7d4b33564426a88f4f7c56c39d50,3,1,TEST,0.0005761203,0.042397227,495.12664104823716,305.5767574658381,800.7033985140753,0.021739130434782608,0.03,1,ANOMALY
c5f37a9ccd2d4427bb85042a55cf7306,4,1,TEST,0.0012745932,0.13232033,1129.964104944421,1033.2745606213036,2163.2386655657247,0.021739130434782608,0.03,1,ANOMALY
c600aafddb034512bb63dccc288896a6,3,1,TEST,0.00019298765,0.018203825,146.89987396561423,109.79297222149391,256.69284618710816,0.021739130434782608,0.03,1,ANOMALY
c60a21dfe4354d3f8fd195cb24e09e2c,3,1,TEST,0.00031539894,0.015255982,258.1586971724419,85.93771363297283,344.09641080541473,0.021739130434782608,0.03,1,ANOMALY
c617e59392a74fb78b8ec5bb0b550565,3,1,TEST,0.0002622874,0.015438506,209.88596481987582,87.41477914107867,297.3007439609545,0.021739130434782608,0.03,1,ANOMALY
c61903bfad0848e399f5435637b3e991,3,1,TEST,0.00021829802,0.043804128,169.90430420345746,316.9620270217299,486.86633122518737,0.021739130434782608,0.03,1,ANOMALY
c61efd2129c14095b3cf2470f51112d3,3,1,TEST,0.00027303596,0.01964073,219.65526090986864,121.42104750981112,341.0763084196798,0.021739130434782608,0.03,1,ANOMALY
c653eb446de44abebf5e4b78d17cd715,3,1,TEST,0.00035393378,0.03460928,293.1827619532591,242.55322142314617,535.7359833764053,0.021739130434782608,0.03,1,ANOMALY
c6562d5bd676496293aef7a0ded4400b,3,1,TEST,0.00045981642,0.0316172,389.41880296248456,218.33997732651613,607.7587802890007,0.021739130434782608,0.03,1,ANOMALY
c65efcf1a92041b7a56bdd95d9a1e01e,3,1,TEST,0.00020692538,0.014330924,159.567785871244,78.4517322562916,238.0195181275356,0.021739130434782608,0.03,1,ANOMALY
c661471708374c749e739cf4b90afd1b,3,1,TEST,0.00019085406,0.01533835,144.96066792828012,86.60427217744731,231.56494010572743,0.021739130434782608,0.03,1,ANOMALY
c66f372bb14d4755a2c0476f00c1f153,3,1,TEST,0.0003514636,0.0248476,290.9376314599113,163.55735880142768,454.494990261339,0.021739130434782608,0.03,1,ANOMALY
c6a10d1999754f8fa60bf96cef29a419,3,1,TEST,0.00036349043,0.0175059,301.86873881699063,104.14505225072425,406.01379106771486,0.021739130434782608,0.03,1,ANOMALY
c6ed5d1b5bfa4c4a97138c39eccc5b21,3,1,TEST,0.0003368748,0.0247677,277.67796627706934,162.91077241225335,440.58873868932267,0.021739130434782608,0.03,1,ANOMALY
c6ee67aecc7c45bd91b6b7752b6f3f6c,3,1,TEST,0.00036791872,0.050380766,305.89358272002085,370.1831110934034,676.0766938134243,0.021739130434782608,0.03,1,ANOMALY
c71ca0c0361b4b67b22ca934507deab0,3,1,TEST,0.00024359852,0.015519612,192.8997636626654,88.07112501943128,280.9708886820967,0.021739130434782608,0.03,1,ANOMALY
c71df4699ec44e83bb9c0f1024b66ac5,3,1,TEST,0.00020333158,0.014263874,156.30140448729898,77.90913379078296,234.21053827808194,0.021739130434782608,0.03,1,ANOMALY
c71eca9eaf204545a7f57d17e5009e9d,3,1,TEST,0.00025605832,0.01861865,204.22439462924072,113.14992089344939,317.3743155226901,0.021739130434782608,0.03,1,ANOMALY
c73b81d53fe64b41925404f32b128a38,3,1,TEST,0.00019548708,0.016407944,149.1715895932156,95.25990324556412,244.43149283877972,0.021739130434782608,0.03,1,ANOMALY
c7703581a3634beb996236ce5e8f95a5,3,1,TEST,0.00024963668,0.032352142,198.38780791033685,224.28745534945185,422.6752632597887,0.021739130434782608,0.03,1,ANOMALY
c771edf8e7444f00b002dc96a13a3e28,3,1,TEST,0.00020597878,0.019615315,158.70742730425576,121.21537800942484,279.9228053136806,0.021739130434782608,0.03,1,ANOMALY
c785cfd6cace47a4a13f122602d2bd92,3,1,TEST,0.00027510335,0.015526881,221.53429819890928,88.12994900519982,309.6642472041091,0.021739130434782608,0.03,1,ANOMALY
c78ef974818140eebe1287c4e8cb9149,3,1,TEST,0.00028955264,0.01745185,234.66716365253023,103.70765557569456,338.3748192282248,0.021739130434782608,0.03,1,ANOMALY
c791643fb53d4c3c9d87d088a7db7fbc,3,1,TEST,0.0002016124,0.013173893,154.73885299649518,69.08852203785897,223.82737503435413,0.021739130434782608,0.03,1,ANOMALY
c7b2b98270cb4173b4e1950cb408338e,3,1,TEST,0.00038948742,0.019631665,325.4972334952157,121.34768949206563,446.84492298728134,0.021739130434782608,0.03,1,ANOMALY
c7c53b63c2944825bd06027ed0fb3a5a,4,1,TEST,0.00028589484,0.02413545,231.34261308594498,157.79432379453777,389.1369368804827,0.021739130434782608,0.03,1,ANOMALY
c7dca8eda6a24bcb8e58d2acaae49e66,4,1,TEST,0.00045134823,0.03987139,381.7221202946373,285.136559399844,666.8586796944812,0.021739130434782608,0.03,1,ANOMALY
c7e5739dba7147349fa926a9101a3545,3,1,TEST,0.00022872319,0.014040247,179.37967323135618,76.09944449851905,255.4791177298752,0.021739130434782608,0.03,1,ANOMALY
c7e7feca1f4948a486930459ecd99155,3,1,TEST,0.00020023534,0.014956792,153.48725214264263,83.51653488732741,237.00378702997006,0.021739130434782608,0.03,1,ANOMALY
c7f1ba547fa04fb4abadfea5414909f6,3,1,TEST,0.00025340743,0.017367342,201.81501799534735,103.02377919801815,304.8387971933655,0.021739130434782608,0.03,1,ANOMALY
c82108cb510f4ba594dbcfd299913ec0,3,1,TEST,0.00022034977,0.020305766,171.76912639849036,126.80281504311453,298.5719414416049,0.021739130434782608,0.03,1,ANOMALY
c83876cfb294452eaeacbd124f7483b4,3,1,TEST,0.0002132024,0.014257183,165.27292841525056,77.854987238468,243.12791565371856,0.021739130434782608,0.03,1,ANOMALY
c852745fb58548c58f8d4535ca3891ac,3,1,TEST,0.00020486189,0.01617573,157.69229326677055,93.38072412446613,251.07301739123668,0.021739130434782608,0.03,1,ANOMALY
c85898e1e67e4c439879f7e1b446dd6b,3,1,TEST,0.0007795482,0.17218272,680.0209327547965,1355.8587760650967,2035.879708819893,0.021739130434782608,0.03,1,ANOMALY
c869a7c10298481baf412b4aad4a11f1,3,1,TEST,0.0007034102,0.022769703,610.8196010694475,146.74209073752053,757.5616918069679,0.021739130434782608,0.03,1,ANOMALY
c872b0d0955544c8b1e928fbc1a66434,6,0,TEST,3.2465614e-05,0.00505489,1.0024422489479043,3.385933383721512,4.388375632669416,0.2391304347826087,0.03,0,REFERENCE
c8885933264542d0a5bed972c1576a0b,3,1,TEST,0.0002585192,0.017128302,206.4610724132361,101.0893610444733,307.5504334577094,0.021739130434782608,0.03,1,ANOMALY
c88fe700da9b401a9b8aa58c73884a0e,3,1,TEST,0.0002855705,0.014274403,231.04782257504604,77.99433914862549,309.04216172367154,0.021739130434782608,0.03,1,ANOMALY
c89c00f5ce3d40748f084eab843239c0,3,1,TEST,0.00032263226,0.04311176,264.73301455018066,311.3590767701673,576.0920913203479,0.021739130434782608,0.03,1,ANOMALY
c8a5bb2ace7b45f89dd6a44d95e693dd,3,1,TEST,0.0002575785,0.014826652,205.60607631777253,82.46338404017912,288.06946035795164,0.021739130434782608,0.03,1,ANOMALY
c8adf260c1264da09fc3c6fb85a43800,3,1,TEST,0.00016015503,0.013655178,117.058519757216,72.98329463252439,190.0418143897404,0.021739130434782608,0.03,1,ANOMALY
c8b405b8b87347d68f60fd37ac6a09c7,6,0,TEST,3.1420022e-05,0.004578331,0.05211049871086755,-0.4705943138821369,-0.41848381517126937,0.8260869565217391,0.03,0,REFERENCE
c8d89d9303dc4c8593bd8743023b065e,4,1,TEST,0.0006305631,0.06819807,544.609346933329,514.368671270893,1058.9780182042218,0.021739130434782608,0.03,1,ANOMALY
c8e86ed1dba1485b8381306dcb2e71a7,3,1,TEST,0.00024258962,0.016711975,191.9827810319508,97.7202575194948,289.7030385514456,0.021739130434782608,0.03,1,ANOMALY
c901eb0d115e4ee6bd11fc5cfc75e88b,3,1,TEST,0.00025346113,0.018760595,201.8638255751564,114.29860305879798,316.1624286339544,0.021739130434782608,0.03,1,ANOMALY
c90fff4c98a04963b2c77b64fb4cc9b9,3,1,TEST,0.0002471886,0.025734099,196.1627639628695,170.731303575103,366.8940675379725,0.021739130434782608,0.03,1,ANOMALY
c920f4450d29449ea35f01d2709711c7,3,1,TEST,0.00014478157,0.019496286,103.08568221733518,120.25214232335435,223.33782454068952,0.021739130434782608,0.03,1,ANOMALY
c93865c332ca48f7b4ecfc3a905f1cdd,3,1,TEST,0.00030308653,0.028509742,246.96802801570013,193.19304306204936,440.1610710777495,0.021739130434782608,0.03,1,ANOMALY
c93e7b7841bd4acdbe7b488e99a2f299,3,1,TEST,0.0005019703,0.03476377,427.7321895986505,243.80342331630692,671.5356129149575,0.021739130434782608,0.03,1,ANOMALY
c94147c1bcaf41e088e943b4edac2ed1,3,1,TEST,0.00022531376,0.024006031,176.28086453808893,156.74700760053838,333.02787213862734,0.021739130434782608,0.03,1,ANOMALY
c949656a4d3f4d5cb342f48dbc21970d,3,1,TEST,0.0009345552,0.03683637,820.9057842159709,260.5758256968166,1081.4816099127875,0.021739130434782608,0.03,1,ANOMALY
c96b4933f8f34577b41477f335cee57f,3,1,TEST,0.00023900064,0.021720154,188.72078051457336,138.2486727378768,326.9694532524502,0.021739130434782608,0.03,1,ANOMALY
c9936c5b75174fb58fa3323f7d09532b,3,1,TEST,0.000269287,0.020973358,216.2478556137602,132.2052668669152,348.4531224806754,0.021739130434782608,0.03,1,ANOMALY
c9994d2819f247bdab3b304828539f8c,3,1,TEST,0.00015448307,0.017680135,111.90331230146418,105.55503947873162,217.4583517801958,0.021739130434782608,0.03,1,ANOMALY
c99caa1d838b4ad5b47347253aa85be3,3,1,TEST,0.00026219405,0.015097842,209.80111961363417,84.65797431402378,294.45909392765793,0.021739130434782608,0.03,1,ANOMALY
c9c2afe234a84f419808c2faf7a9c250,3,1,TEST,0.0021130333,0.1569674,1892.0168441600192,1232.7296293951088,3124.746473555128,0.021739130434782608,0.03,1,ANOMALY
c9c4b29badcb42869c5896ea96871e4c,3,1,TEST,0.00028310937,0.013694438,228.81091756768095,73.30100403977075,302.1119216074517,0.021739130434782608,0.03,1,ANOMALY
ca0c3f80e5e1480c9865aab8cb7916be,3,1,TEST,0.00026424692,0.021431444,211.66695976936325,135.91230282024827,347.5792625896115,0.021739130434782608,0.03,1,ANOMALY
ca22251479174f4f8908246392c8b712,3,1,TEST,0.00016489121,0.020948892,121.36320287341968,132.00727709723384,253.37047997065352,0.021739130434782608,0.03,1,ANOMALY
ca4dfbc65eff4912a98bcc754c6523cc,1,1,TEST,0.0001466441,0.014492386,104.77852358831831,79.75835467893071,184.53687826724902,0.021739130434782608,0.03,1,ANOMALY
ca4e196af5f3466baaeda899608a202f,3,1,TEST,0.00019464588,0.013981093,148.40702839888797,75.62074398205822,224.0277723809462,0.021739130434782608,0.03,1,ANOMALY
ca6e711e227a4613b00aaf88609288a4,3,1,TEST,0.00028544854,0.02761368,230.93697392637722,185.94171023280867,416.8786841591859,0.021739130434782608,0.03,1,ANOMALY
ca7267f5f3c64991bb0f929bcc35ef7c,3,1,TEST,0.000148148,0.017148098,106.14540849101598,101.24955909403644,207.39496758505243,0.021739130434782608,0.03,1,ANOMALY
ca7350cb13fe45cf93f273d606789f4a,3,1,TEST,0.0001985488,0.015188378,151.95436693498536,85.39063195270073,237.34499888768607,0.021739130434782608,0.03,1,ANOMALY
ca822af0946c4badae3669d05b242e01,3,1,TEST,0.0002295273,0.03254627,180.1105235665568,225.85842559422827,405.9689491607851,0.021739130434782608,0.03,1,ANOMALY
cab6998b601c43e0868c2f448731b3ca,3,1,TEST,0.0003505507,0.015263765,290.1079026031571,86.00069713568803,376.1085997388451,0.021739130434782608,0.03,1,ANOMALY
cac5ec15a5f14580928f7ef01e0b6fb3,3,1,TEST,0.00025261758,0.022316903,201.09712848115376,143.07783145068527,344.174959931839,0.021739130434782608,0.03,1,ANOMALY
cae16813dbc54725a9ac14dfb7c8bde8,3,1,TEST,0.0009151222,0.12637414,803.2432572433504,985.155342580696,1788.3985998240464,0.021739130434782608,0.03,1,ANOMALY
cb0f956d238f486a8891a3c7cab2c108,4,1,TEST,0.0013088601,0.13642778,1161.1090668915263,1066.5138755676628,2227.6229424591893,0.021739130434782608,0.03,1,ANOMALY
cb1c5cb6b017496cb81c3a379d8c07f7,3,1,TEST,0.00022802746,0.013883146,178.74732877138285,74.82811323036289,253.57544200174573,0.021739130434782608,0.03,1,ANOMALY
cb1e3f83ae814d7d8242fef6a29e941a,3,1,TEST,0.000146442,0.018849377,104.59483621626217,115.01706654820568,219.61190276446786,0.021739130434782608,0.03,1,ANOMALY
cb216e6be83a43e99f7eef3f9eb0e469,3,1,TEST,0.00018502728,0.018404024,139.66474558414768,111.41307170242399,251.07781728657167,0.021739130434782608,0.03,1,ANOMALY
cb2456f7cc044d238f723fa1a1c67e0c,4,1,TEST,0.0006979919,0.06723123,605.8949435335163,506.54457133961245,1112.4395148731287,0.021739130434782608,0.03,1,ANOMALY
cb245b80a7034c9a9c877fe3ff5a2349,3,1,TEST,0.00025506338,0.024021478,203.3201001514895,156.8720116049636,360.1921117564531,0.021739130434782608,0.03,1,ANOMALY
cb38d0cbcfb34ef58372769821806196,3,1,TEST,0.00023075644,0.0141621325,181.22768089703212,77.0857962549359,258.313477151968,0.021739130434782608,0.03,1,ANOMALY
cb6f8d5b02b44bd1b6617a6303ce938e,3,1,TEST,0.0002560635,0.01527683,204.2291026974607,86.10642493511935,290.33552763258,0.021739130434782608,0.03,1,ANOMALY
cb78792551b74cb08694f3a6d87d7c05,3,1,TEST,0.0001469822,0.015986929,105.08582047348493,91.85286233644982,196.93868280993473,0.021739130434782608,0.03,1,ANOMALY
cb9c2369a1714461bfddbbe02351141d,3,1,TEST,0.00037180487,0.02472231,309.42567911247954,162.54345631457346,471.969135427053,0.021739130434782608,0.03,1,ANOMALY
cb9cbfc9ef86467bbe4bb4509cb434b0,3,1,TEST,0.00019646912,0.014887375,150.06415934509087,82.9547816035062,233.01894094859708,0.021739130434782608,0.03,1,ANOMALY
cba708e6b201403a9f4c16460282d9f7,3,1,TEST,0.00028290186,0.015285346,228.62231308190474,86.17534020032848,314.7976532822332,0.021739130434782608,0.03,1,ANOMALY
cbb165fee7d84246a9d303e2f87cfe93,3,1,TEST,0.00025869042,0.017396167,206.61669315466835,103.25704393729161,309.87373709196,0.021739130434782608,0.03,1,ANOMALY
cbb1b840f0614249b15f9e48a6a88477,3,1,TEST,0.0002571216,0.019332048,205.19080288732997,118.92305527222526,324.1138581595552,0.021739130434782608,0.03,1,ANOMALY
cbb659f8a325465e9ffa447ff0292eca,3,1,TEST,0.0002458836,0.017149305,194.9766579730959,101.25932667566015,296.2359846487561,0.021739130434782608,0.03,1,ANOMALY
cbb69528033d4db5adca081014b8bc1b,3,1,TEST,0.0002620141,0.017534187,209.63756423213243,104.37396325436096,314.0115274864934,0.021739130434782608,0.03,1,ANOMALY
cbc76406937b465c863ed0c86988a7e7,3,1,TEST,0.0003105774,0.02806035,253.77643090889185,189.55636282921043,443.3327937381023,0.021739130434782608,0.03,1,ANOMALY
cbde5edb78fe4d7b91aa89301f79b5e7,3,1,TEST,0.0013026225,0.11089681,1155.439752928452,859.9058942858327,2015.3456472142848,0.021739130434782608,0.03,1,ANOMALY
cbe3cc14298d40e58a66987e9c277a7e,3,1,TEST,0.00029543712,0.02083114,240.01552915038684,131.05437546396658,371.0699046143534,0.021739130434782608,0.03,1,ANOMALY
cbfd789e23254be4af3ed34171b831cb,3,1,TEST,0.0005974992,0.06514115,514.5577838411646,489.6307130131356,1004.1884968543002,0.021739130434782608,0.03,1,ANOMALY
cc043a46d59e4fd1ac11e351eaf02812,3,1,TEST,0.00027791667,0.023339866,224.0913064005566,151.35610369635415,375.44741009691074,0.021739130434782608,0.03,1,ANOMALY
cc1a92892c364794bd8abaad61dedb69,3,1,TEST,0.00015880993,0.022128878,115.83596713894438,141.556249400316,257.3922165392604,0.021739130434782608,0.03,1,ANOMALY
cc2b4813dfab44d8865bd016cd15f354,3,1,TEST,0.00022359623,0.01316267,174.7198127215251,68.99770052289395,243.71751324441905,0.021739130434782608,0.03,1,ANOMALY
cc3b38cd63814b8f8f99061af6c0a210,3,1,TEST,0.000527923,0.058822427,451.3204293847016,438.496792002337,889.8172213870386,0.021739130434782608,0.03,1,ANOMALY
cc5e1fa2341547d1ac146614a358af03,3,1,TEST,0.0003111251,0.018586436,254.2742318672053,112.88923085664261,367.1634627238479,0.021739130434782608,0.03,1,ANOMALY
cc6bee8c235c40d7ad7028759d913bef,3,1,TEST,0.00029727162,0.02064548,241.6828942371605,129.55193204701905,371.2348262841796,0.021739130434782608,0.03,1,ANOMALY
cc6d6f6bb7274eb68b8ac938e41cdfd0,3,1,TEST,0.0004276123,0.04084849,360.148688305483,293.0436878211486,653.1923761266316,0.021739130434782608,0.03,1,ANOMALY
cc819366743a4f23a1b87c3af2267168,3,1,TEST,0.00025597578,0.014563014,204.1493745615044,80.32990791415733,284.47928247566176,0.021739130434782608,0.03,1,ANOMALY
cca61c6206ca4166be9b5092b6846c4e,3,1,TEST,0.0001675182,0.021276074,123.75085695317087,134.65497957511664,258.4058365282875,0.021739130434782608,0.03,1,ANOMALY
cca9fdae990543e1a78ad19194b98558,3,1,TEST,0.00030484295,0.016274607,248.5644266996527,94.18088085040343,342.7453075500561,0.021739130434782608,0.03,1,ANOMALY
ccaffaf3e6ce40db8cb8c0f18dbbe7a6,3,1,TEST,0.00029093213,0.01885715,235.92097311753622,115.07996912646664,351.0009422440029,0.021739130434782608,0.03,1,ANOMALY
ccb4e178aed641628058ade7dc036b7a,3,1,TEST,0.00030788287,0.014888764,251.32739016358565,82.96602201019661,334.29341217378226,0.021739130434782608,0.03,1,ANOMALY
ccc016ac9a7f4be8a67f1154947769ab,3,1,TEST,0.00031099166,0.019050833,254.15294912140038,116.6473382330305,370.8002873544309,0.021739130434782608,0.03,1,ANOMALY
ccd84859fb7940458bb70f45331cf2ee,3,1,TEST,0.00030146586,0.018738288,245.49501162148837,114.11808487878153,359.6130965002699,0.021739130434782608,0.03,1,ANOMALY
cd030e62dafa43b5b184685aa3cbe750,4,1,TEST,0.00065400545,0.086077504,565.9159459749907,659.0570150824175,1224.9729610574082,0.021739130434782608,0.03,1,ANOMALY
cd0cc599c8d1427c916dca5f3b41ade1,3,1,TEST,0.00018475737,0.015422144,139.41942614529725,87.28237054909282,226.70179669439005,0.021739130434782608,0.03,1,ANOMALY
cd2d8f85f4f34437a86270b7ad554a9d,3,1,TEST,0.000382517,0.05064046,319.1618642130414,372.28467061468297,691.4465348277243,0.021739130434782608,0.03,1,ANOMALY
cd3981aace0942048e1470eedc335fe0,3,1,TEST,0.00019607355,0.016513368,149.70462835170028,96.1130412116757,245.81766956337597,0.021739130434782608,0.03,1,ANOMALY
cd4aac50a3a44a3bb34f2dd4311774c0,3,1,TEST,0.00027794382,0.0234889,224.11598285850474,152.5621532072954,376.6781360658001,0.021739130434782608,0.03,1,ANOMALY
cd4e341115424752ba7db91a60809092,3,1,TEST,0.00024235969,0.026766006,191.77379915438095,179.08195465262136,370.8557538070023,0.021739130434782608,0.03,1,ANOMALY
cd509bf5dd444f7eb585040b04dae007,3,1,TEST,0.00028679956,0.019273825,232.16490719404302,118.45188882245183,350.61679601649485,0.021739130434782608,0.03,1,ANOMALY
cd63951c700745fa834e3337b41bdf61,3,1,TEST,0.0002374026,0.016728155,187.2683323797858,97.85119328641396,285.11952566619976,0.021739130434782608,0.03,1,ANOMALY
cd6ee03a8744496e8f31e12b7ec99ce6,3,1,TEST,0.00023541058,0.042894967,185.45779839223886,309.60469124991357,495.0624896421524,0.021739130434782608,0.03,1,ANOMALY
cd8ad31f2fa44fb29bbc6375afb16601,3,1,TEST,0.00014736407,0.0155420825,105.4328996262166,88.2529663142741,193.68586594049071,0.021739130434782608,0.03,1,ANOMALY
cda79f4ba1304bc4aec293fad0937233,3,1,TEST,0.0005359866,0.023765331,458.6493828399799,154.79915598759393,613.4485388275739,0.021739130434782608,0.03,1,ANOMALY
cdae785aec484a25a06a98f42a1e1941,3,1,TEST,0.00018090426,0.016709857,135.9173595933766,97.70311772009217,233.62047731346877,0.021739130434782608,0.03,1,ANOMALY
cdfd0fb2f8af4cfc8f6a4f91f957ec25,3,1,TEST,0.0002617461,0.014343604,209.39398077982645,78.55434446423564,287.94832524406206,0.021739130434782608,0.03,1,ANOMALY
ce0bac045e194379a1847228592ebb39,3,1,TEST,0.00031204295,0.01593049,255.10845974667936,91.39613280930824,346.5045925559876,0.021739130434782608,0.03,1,ANOMALY
ce21652cb8c74bcda0cdf56b2647314d,3,1,TEST,0.0002380867,0.0148872435,187.8901064086012,82.95371744693328,270.8438238555345,0.021739130434782608,0.03,1,ANOMALY
ce2a565a85d94b6b9adfc0fcbebddb5c,3,1,TEST,0.00018101587,0.014094462,136.0188011945403,76.53817642704328,212.55697762158357,0.021739130434782608,0.03,1,ANOMALY
ce33517b451341178a36a88f3b34da0d,3,1,TEST,0.0001387414,0.015130551,97.59581109377146,84.9226701113142,182.51848120508566,0.021739130434782608,0.03,1,ANOMALY
ce34beab59114b87b6b490cf661a1713,3,1,TEST,0.00023839,0.013710232,188.1657738007072,73.42881612275723,261.5945899234644,0.021739130434782608,0.03,1,ANOMALY
ce466fdc2081464998f6e8e8c60cdbef,3,1,TEST,0.0002444791,0.016118888,193.70011708218635,92.92073334181974,286.6208504240061,0.021739130434782608,0.03,1,ANOMALY
ce981191a4c24efdb0560c01b6d488cb,4,1,TEST,0.0072784065,0.19829108,6586.790860969139,1567.1392544088212,8153.930115377961,0.021739130434782608,0.03,1,ANOMALY
cea671f436bc4de6815dcaca539c28cf,3,1,TEST,0.0002676153,0.013527908,214.72845838532766,71.9533691037357,286.6818274890634,0.021739130434782608,0.03,1,ANOMALY
ced6491927764089ace50e323a930ee2,3,1,TEST,0.00012564621,0.01873904,85.69367829973082,114.12417039773847,199.8178486974693,0.021739130434782608,0.03,1,ANOMALY
ced6d15f71d9479d8a0bc7a55058c67a,3,1,TEST,0.00020080476,0.014850288,154.00479426731457,82.65465708016066,236.65945134747523,0.021739130434782608,0.03,1,ANOMALY
cef9abb585754b4d8e4113970079243f,3,1,TEST,0.00019191933,0.014100082,145.9288848843921,76.58365597031184,222.51254085470393,0.021739130434782608,0.03,1,ANOMALY
cef9efe4b1bd4fba91038ad769c70171,3,1,TEST,0.00025362402,0.0137621425,202.01187523391062,73.84889901080773,275.86077424471836,0.021739130434782608,0.03,1,ANOMALY
cefe2317bdf940e3b15b715d913dd684,3,1,TEST,0.00017917086,0.020519985,134.34188363730493,128.53637060885342,262.87825424615835,0.021739130434782608,0.03,1,ANOMALY
cf1d46eb6c2c4728be21068ce8d5e9ef,3,1,TEST,0.00015994016,0.018339664,116.8632258154362,110.89224191509906,227.75546773053526,0.021739130434782608,0.03,1,ANOMALY
cf38663fc36545c5809669b9f8d68855,3,1,TEST,0.00086052343,0.091840774,753.6187912423774,705.6959630065321,1459.3147542489096,0.021739130434782608,0.03,1,ANOMALY
cf70f6854d364e10ba9dfd9d8e326c33,3,1,TEST,0.00026611314,0.014899163,213.36315495728297,83.05017535013432,296.4133303074173,0.021739130434782608,0.03,1,ANOMALY
cf75b2be75394568bb67cec0118fc04a,3,1,TEST,0.00015012297,0.021070251,107.94044584475019,132.98936818113634,240.92981402588651,0.021739130434782608,0.03,1,ANOMALY
cf8aac618f35417f9bb19bf1eeb30fb4,3,1,TEST,0.00016000398,0.021750128,116.92123139725025,138.49123569693955,255.41246709418982,0.021739130434782608,0.03,1,ANOMALY
cf9570387b3541759ab539e66108c37c,3,1,TEST,0.00042851525,0.050644048,360.96937367212365,372.31370630885516,733.2830799809788,0.021739130434782608,0.03,1,ANOMALY
cfa02e5e854c4994bf47e797c9b5c0b7,3,1,TEST,0.0002812639,0.018926179,227.13358191944533,115.63858254146434,342.77216446090966,0.021739130434782608,0.03,1,ANOMALY
cfb053f9fb5f4e29a0510041417a219c,4,1,TEST,0.004264109,0.075987495,3847.1155201955653,577.4041679479178,4424.519688143483,0.021739130434782608,0.03,1,ANOMALY
cfb6c99ef6554d7bbbc1d43cdb4002b5,3,1,TEST,0.00022602145,0.018645946,176.92407936406812,113.37081228367346,290.29489164774157,0.021739130434782608,0.03,1,ANOMALY
cfc878e0d81c4f3c8a84b0ea03b12ec0,3,1,TEST,0.00021844776,0.02345876,170.04040191296605,152.31824690229274,322.3586488152588,0.021739130434782608,0.03,1,ANOMALY
cfcafdd8b15149cd9befea414b9f709f,3,1,TEST,0.00025979636,0.021944124,207.6218748085612,140.0611377389203,347.6830125474815,0.021739130434782608,0.03,1,ANOMALY
cfff5a05a772459c879a5b2465dd4d4e,3,1,TEST,0.00015363157,0.01891014,111.1293895043054,115.50878780934958,226.63817731365498,0.021739130434782608,0.03,1,ANOMALY
d03ddec1d0da41d9bd66993d00125811,3,1,TEST,0.0005373873,0.083742864,459.92246993567016,640.1640683036695,1100.0865382393397,0.021739130434782608,0.03,1,ANOMALY
d043de8528f247ca836771fe08f503c8,4,1,TEST,0.00093130645,0.10639931,817.9530165268699,823.5101210028344,1641.4631375297042,0.021739130434782608,0.03,1,ANOMALY
d04ae81629644ed4b4ff95923113e19e,3,1,TEST,0.0002695216,0.014775873,216.4610820238758,82.05245775412303,298.51353977799886,0.021739130434782608,0.03,1,ANOMALY
d063ecdd4bd34a80a309a62b48a23cd1,3,1,TEST,0.00044563512,0.031158956,376.52951187223476,214.63166276680647,591.1611746390413,0.021739130434782608,0.03,1,ANOMALY
d0875de30b2c4acbbb7551d22158b192,3,1,TEST,0.00032436097,0.025391564,266.304227795837,167.95935778266454,434.26358557850153,0.021739130434782608,0.03,1,ANOMALY
d0a7c080e46443fa8acc242c0e613d4c,3,1,TEST,0.0003241337,0.017364217,266.0976635749206,102.9984903060761,369.0961538809967,0.021739130434782608,0.03,1,ANOMALY
d0e0ce59c77a45c58ed337ca8a98ef71,3,1,TEST,0.00025957345,0.018639954,207.41927336321223,113.32232235070809,320.74159571392033,0.021739130434782608,0.03,1,ANOMALY
d0e329aec082449aacd3aa0e3433bd62,3,1,TEST,0.00026900973,0.018075233,215.99584671890617,108.75234847985804,324.7481951987642,0.021739130434782608,0.03,1,ANOMALY
d0e3bed18b55406e8925b5451d5eb764,3,1,TEST,0.00029617184,0.017917354,240.68331136709676,107.474721289164,348.15803265626073,0.021739130434782608,0.03,1,ANOMALY
d0ff490d75d8442bbbe90854c6a35ed3,3,1,TEST,0.00045066228,0.034036133,381.09866481288617,237.91506060717498,619.0137254200612,0.021739130434782608,0.03,1,ANOMALY
d1147ea97bb0410487f432a49def8265,1,1,TEST,0.0003077732,0.02293284,251.22771181577076,148.0622680062406,399.28997982201133,0.021739130434782608,0.03,1,ANOMALY
d114ebff28064b549c23b592646aa9f2,3,1,TEST,0.0002806966,0.021814873,226.6179666489484,139.0151810757517,365.6331477247001,0.021739130434782608,0.03,1,ANOMALY
d139d35fc24e4a47a37df14203daf357,3,1,TEST,0.00046198288,0.04571247,391.3878843284653,332.4051805022021,723.7930648306674,0.021739130434782608,0.03,1,ANOMALY
d14b91e1bca94551941d61beca2515d4,3,1,TEST,0.0002515724,0.0335213,200.14717119502996,233.74880265351047,433.8959738485404,0.021739130434782608,0.03,1,ANOMALY
d14f616ae84f4cf99766018ccd959d85,3,1,TEST,0.00022736384,0.02226965,178.14416888101232,142.69543912718518,320.8396080081975,0.021739130434782608,0.03,1,ANOMALY
d1721c95aacd42d28f71b4864707635a,3,1,TEST,0.00018520492,0.013702266,139.82620142171348,73.36435170252992,213.1905531242434,0.021739130434782608,0.03,1,ANOMALY
d17e1805d5fc4c08948f7f94a1c9cfbb,3,1,TEST,0.00022321459,0.013595501,174.37294261429355,72.50036176710816,246.8733043814017,0.021739130434782608,0.03,1,ANOMALY
d186176a979445e18dfb80c762e903ae,3,1,TEST,0.0002031973,0.016371075,156.17935827097193,94.96154287532043,251.14090114629238,0.021739130434782608,0.03,1,ANOMALY
d18e1ec2441545a18d1ceaed4e21daec,3,1,TEST,0.00036765443,0.022635086,305.65337126252103,145.65271001222038,451.3060812747414,0.021739130434782608,0.03,1,ANOMALY
d1af9a70fd37452bb465d21d34cef401,3,1,TEST,0.000312744,0.03329185,255.7456395199596,231.8919910515574,487.637630571517,0.021739130434782608,0.03,1,ANOMALY
d1b90134022f452cb3138aea440fb20f,3,1,TEST,0.00045447846,0.03312927,384.5671659286365,230.57632127493713,615.1434872035736,0.021739130434782608,0.03,1,ANOMALY
d1c1f45a40da4ad29a92d0ae8888333a,3,1,TEST,0.00015688922,0.014843126,114.09024634536739,82.5966989860522,196.6869453314196,0.021739130434782608,0.03,1,ANOMALY
d1ee580705824a9d9f6c966108e62fda,3,1,TEST,0.0003473375,0.031682204,287.1874460772257,218.86601864869246,506.05346472591816,0.021739130434782608,0.03,1,ANOMALY
d225f60ebf90499d8437756eabe4b2bf,3,1,TEST,0.00030329323,0.01731317,247.15589629775855,102.58539524464702,349.7412915424056,0.021739130434782608,0.03,1,ANOMALY
d24d3b6337eb41309b1850f1cd5d95f0,3,1,TEST,0.00031874888,0.016903985,261.2034357926581,99.27408796486856,360.4775237575267,0.021739130434782608,0.03,1,ANOMALY
d25cb1129ac9452fa3d1908f912f496d,3,1,TEST,0.0003013485,0.025175378,245.38834388282186,166.2098843767817,411.59822825960356,0.021739130434782608,0.03,1,ANOMALY
d2634e09a16b4d768b662607a69ca627,3,1,TEST,0.00018079483,0.013548558,135.8178993799966,72.12047810168878,207.93837748168536,0.021739130434782608,0.03,1,ANOMALY
d287a488e64f45e095e6d3f2a1a39463,3,1,TEST,0.00045831536,0.040173993,388.05449931726656,287.5853576617128,675.6398569789794,0.021739130434782608,0.03,1,ANOMALY
d28e95d21b4e4a499dde0cb0fbb9167c,3,1,TEST,0.00024649448,0.021028811,195.53188282139698,132.6540172428712,328.18590006426814,0.021739130434782608,0.03,1,ANOMALY
d2a74c4450254971ba960ecee27f2fec,3,1,TEST,0.00029781595,0.019371632,242.17763222445046,119.24338663178817,361.4210188562386,0.021739130434782608,0.03,1,ANOMALY
d2a99ff017fc40ffad3bbb26f6df7b78,3,1,TEST,0.0002363698,0.0150384875,186.32962719492897,84.17765126225596,270.50727845718495,0.021739130434782608,0.03,1,ANOMALY
d2af6618a1764e2791b1f27ee3d53a7c,3,1,TEST,0.00021127268,0.015578793,163.51901849142996,88.55004403191846,252.0690625233484,0.021739130434782608,0.03,1,ANOMALY
d2bb798e5f99481f8fd4741b529b10d5,3,1,TEST,0.00016258907,0.01533551,119.27080284024166,86.58128963245038,205.85209247269205,0.021739130434782608,0.03,1,ANOMALY
d2c6e0aae9c24020bf66fdca5600c3bd,3,1,TEST,0.00021614265,0.02269759,167.9453024661561,146.1585202208431,314.1038226869992,0.021739130434782608,0.03,1,ANOMALY
d2de07f50cf8475d8f4e7553eae1d402,3,1,TEST,0.00018695419,0.013108324,141.41610151729296,68.5579084840195,209.97401000131248,0.021739130434782608,0.03,1,ANOMALY
d2e24654d72d4660a385bed623aa96c8,3,1,TEST,0.000998602,0.077456355,879.1175030710133,589.2908373296776,1468.408340400691,0.021739130434782608,0.03,1,ANOMALY
d2fab8e63bef4752a664b7c1570dc651,3,1,TEST,0.0003343139,0.10777316,275.35038096732904,834.6279271451017,1109.9783081124308,0.021739130434782608,0.03,1,ANOMALY
d301c74b596c43ca8a01f5147d8bb643,3,1,TEST,0.00025466474,0.025484234,202.95777885511916,168.7092846998709,371.66706355499,0.021739130434782608,0.03,1,ANOMALY
d339323f764f4da99e8209cef2a85f4b,3,1,TEST,0.00027541525,0.058073387,221.81778207493255,432.4352266838496,654.2530087587821,0.021739130434782608,0.03,1,ANOMALY
d3418035f3da4ae2be271ee38e8a7592,3,1,TEST,0.00034616038,0.02468412,286.1175693855151,162.23440582392806,448.35197520944314,0.021739130434782608,0.03,1,ANOMALY
d3544e4e23034fa5be4f3c1521c19132,3,1,TEST,0.00040374434,0.034083307,338.4552551103289,238.2968136274867,576.7520687378155,0.021739130434782608,0.03,1,ANOMALY
d3d7c468ae684a268bae434fd2e5b3fc,3,1,TEST,0.00027294728,0.024867611,219.5746602361728,163.71929672675645,383.29395696292926,0.021739130434782608,0.03,1,ANOMALY
d3d9c425c80d4b5f9f642d72f8e9cda4,3,1,TEST,0.00029803405,0.016971571,242.37586189216665,99.82102398112309,342.1968858732897,0.021739130434782608,0.03,1,ANOMALY
d3f963b1ddd742fdb638de4d53db3e9a,3,1,TEST,0.00025530267,0.018211666,203.53758927202048,109.85642508604356,313.39401435806406,0.021739130434782608,0.03,1,ANOMALY
d431bd279f7c4e10b205e2cc8ce8f117,3,1,TEST,0.00022897955,0.015924262,179.61267716356946,91.34573305922345,270.9584102227929,0.021739130434782608,0.03,1,ANOMALY
d459a7f1ef30407f86ec64fa96e34ac2,3,1,TEST,0.00027077453,0.02053846,217.59986193021066,128.68587853801483,346.2857404682255,0.021739130434782608,0.03,1,ANOMALY
d4654b75da454e018320835834684cf6,3,1,TEST,0.0002664707,0.021311307,213.68813890954615,134.94010070465083,348.628239614197,0.021739130434782608,0.03,1,ANOMALY
d475f12cc4644ed48ff7fce2cd90f539,3,1,TEST,0.0002785187,0.03578104,224.63848754157067,252.03562527019145,476.67411281176214,0.021739130434782608,0.03,1,ANOMALY
d485205c7b3d4b6988872c598c0ed361,3,1,TEST,0.00015573646,0.022835424,113.04251029879927,147.27393434306404,260.3164446418633,0.021739130434782608,0.03,1,ANOMALY
d486804badf74150b420e582d7a866f2,3,1,TEST,0.00027734856,0.020090556,223.57495492634183,125.06123986396298,348.6361947903048,0.021739130434782608,0.03,1,ANOMALY
d48a3ad15edd4ba6bc3c3d81c2e9568e,3,1,TEST,0.0007808595,0.02645531,681.2127647734864,176.56766422995668,857.780429003443,0.021739130434782608,0.03,1,ANOMALY
d4a401e3ac8d420ea4fbb3263a6e7293,3,1,TEST,0.00018024463,0.019673761,135.3178261879863,121.68834907452725,257.0061752625136,0.021739130434782608,0.03,1,ANOMALY
d4d3013ce7ad47a98b8d4e328b128958,3,1,TEST,0.00042463565,0.046181858,357.4432305319508,336.20367727368847,693.6469078056393,0.021739130434782608,0.03,1,ANOMALY
d4df8cb89a974e628c7d94cfcadb72b5,3,1,TEST,0.00023681458,0.020135539,186.73388483640903,125.42526233635635,312.1591471727654,0.021739130434782608,0.03,1,ANOMALY
d4e6bebc8dc54eb8bebbd0b43afb611d,3,1,TEST,0.00035169043,0.03724264,291.143795767697,263.8635434981915,555.0073392658885,0.021739130434782608,0.03,1,ANOMALY
d50be3a1c05d45ae96b8316057d22360,3,1,TEST,0.0001615909,0.013460942,118.36357263655408,71.41145040364246,189.77502304019654,0.021739130434782608,0.03,1,ANOMALY
d510881b8e1345fba58f9809bd25a007,3,1,TEST,0.00029252813,0.034199227,237.37156710962708,239.23488990074188,476.60645701036896,0.021739130434782608,0.03,1,ANOMALY
d53ff9f71a5048f5ad8f82425ddc80f1,3,1,TEST,0.00023784043,0.01924192,187.66627321158853,118.19369935128026,305.8599725628688,0.021739130434782608,0.03,1,ANOMALY
d558aa664ff3410db9dcaf2b0d98d129,3,1,TEST,0.00023236354,0.021157088,182.6883636067372,133.69209186419928,316.38045547093645,0.021739130434782608,0.03,1,ANOMALY
d587fad7734a41e28fb20f2158b9bb19,3,1,TEST,0.0002396071,0.020090869,189.27198805369832,125.06377279937992,314.3357608530782,0.021739130434782608,0.03,1,ANOMALY
d59f2a3ab90e4b429ae4a94b295662fd,6,0,TEST,3.1585107e-05,0.0046354453,0.20215517865092342,-0.008399958347471969,0.19375522030345144,0.6739130434782609,0.03,0,REFERENCE
d5ac728058754ab6a33d0eb1da287e16,3,1,TEST,0.00022445795,0.01744592,175.50302441003674,103.6596673743453,279.16269178438205,0.021739130434782608,0.03,1,ANOMALY
d5c74238a2284c0782d445b6a52ba762,3,1,TEST,0.00027973286,0.022297848,225.74202964773428,142.9236299031794,368.6656595509137,0.021739130434782608,0.03,1,ANOMALY
d5cd2a606f444d7c9454a36e04bdc370,3,1,TEST,0.00026225837,0.029792404,209.8595796421876,203.57291529122494,413.43249493341256,0.021739130434782608,0.03,1,ANOMALY
d648531b26b14b698f981eba434e2275,3,1,TEST,0.000426885,0.023793545,359.48765007838546,155.02747624271487,514.5151263211003,0.021739130434782608,0.03,1,ANOMALY
d6485d4357264e40826870f751a3bc18,3,1,TEST,0.0001583275,0.021152437,115.39748965798925,133.6544539005441,249.05194355853337,0.021739130434782608,0.03,1,ANOMALY
d6553fcaca0e4ddfb55d41dd688f4f49,3,1,TEST,0.00019155201,0.015312079,145.5950301317763,86.39167554378024,231.98670567555655,0.021739130434782608,0.03,1,ANOMALY
d656df4a5840468ba3715ef988e7acb2,3,1,TEST,0.00022105542,0.013809368,172.4104870817729,74.23106879205871,246.64155587383163,0.021739130434782608,0.03,1,ANOMALY
d680c9b1c22e44e5a6f528d0dd77d5af,3,1,TEST,0.00013157044,0.014562593,91.07817231336783,80.3265009946349,171.4046733080027,0.021739130434782608,0.03,1,ANOMALY
d6906020b449456eb7e5c07b2866c4c8,3,1,TEST,0.0008396157,0.14739145,734.6158917898342,1155.2367766615173,1889.8526684513515,0.021739130434782608,0.03,1,ANOMALY
d6921a4533bb4bd382d6b89ba7946f37,3,1,TEST,0.00023126445,0.027799655,181.6894078731738,187.44670277006392,369.1361106432377,0.021739130434782608,0.03,1,ANOMALY
d6cc019c6acd46fb8c99da29eee10c81,3,1,TEST,0.00030171673,0.019150125,245.72302572850333,117.45085332381771,363.173879052321,0.021739130434782608,0.03,1,ANOMALY
d6d99e9f30ac4c20bf76c8e45ff04dbd,4,1,TEST,0.0005682665,0.06633209,487.98837344480137,499.2683299633644,987.2567034081658,0.021739130434782608,0.03,1,ANOMALY
d6e6631fc998444fa2e9129c91d3978e,3,1,TEST,0.00030955035,0.06570833,252.8429518615379,494.220586207277,747.0635380688149,0.021739130434782608,0.03,1,ANOMALY
d6f4c1504990485899362160c85f5ef1,3,1,TEST,0.00032642437,0.02486976,268.1796385998974,163.73668739196714,431.9163259918645,0.021739130434782608,0.03,1,ANOMALY
d72e9ce8f05a40b894ea89f693df9d9c,3,1,TEST,0.00023911997,0.0231629,188.82923877339303,149.92401599990077,338.7532547732938,0.021739130434782608,0.03,1,ANOMALY
d7648d41475e46768dd5174e3f7d0d67,3,1,TEST,0.000691838,0.05074104,600.3017039546139,373.09860877517303,973.400312729787,0.021739130434782608,0.03,1,ANOMALY
d77f8476a3a5494bbfbb499c565e59df,3,1,TEST,0.00032091164,0.028736485,263.16915425276744,195.02794841424654,458.19710266701395,0.021739130434782608,0.03,1,ANOMALY
d7873478ed584082897a3a7b351bf730,3,1,TEST,0.00026788376,0.033095997,214.97245992863387,230.307061338429,445.2795212670629,0.021739130434782608,0.03,1,ANOMALY
d79f606e9a4f4d5bb18360b9077ee8ee,3,1,TEST,0.00025494187,0.035701834,203.20966050488616,251.3946550381396,454.6043155430258,0.021739130434782608,0.03,1,ANOMALY
d7aa2837d3064a75b9e18b34c9034e46,3,1,TEST,0.00031316892,0.018354505,256.1318465369517,111.0123418975989,367.1441884345506,0.021739130434782608,0.03,1,ANOMALY
d7b2afec60c34956a862828057322a3c,3,1,TEST,0.00017964409,0.021274224,134.77199929825557,134.64000855108696,269.41200784934256,0.021739130434782608,0.03,1,ANOMALY
d7b3ce37868a48e3ac80f793e69f66e0,3,1,TEST,0.00018517951,0.022683877,139.80310643841833,146.04754851677868,285.850654955197,0.021739130434782608,0.03,1,ANOMALY
d7c34007dc7848ceb649ca94bf3f7669,3,1,TEST,0.00025998137,0.018214721,207.7900291910654,109.88114750680609,317.6711766978715,0.021739130434782608,0.03,1,ANOMALY
d7d6b397c6384c71b66bd82f9f10d271,3,1,TEST,0.0002744888,0.0152503755,220.97573771154117,85.89234333771743,306.8680810492586,0.021739130434782608,0.03,1,ANOMALY
d7f0ba2cd8684ac4b9da122657d7beef,3,1,TEST,0.00022233783,0.014197041,173.57606116786147,77.3682913859308,250.94435255379227,0.021739130434782608,0.03,1,ANOMALY
d82096130cb54c598d15ba1c368755cf,3,1,TEST,0.0003086378,0.015908448,252.0135411175012,91.21775912732852,343.23130024482975,0.021739130434782608,0.03,1,ANOMALY
d82b982e41884e4a83e4c9bf57c54310,3,1,TEST,0.00025837254,0.03049484,206.3277740956421,209.25734028329077,415.5851143789329,0.021739130434782608,0.03,1,ANOMALY
d84a495ce10d40e8aa600b1cc3920bbe,3,1,TEST,0.00046830927,0.01778097,397.1378989435179,106.37104121280414,503.508940156322,0.021739130434782608,0.03,1,ANOMALY
d8511f8a2fe64842bb7408e29ef9504f,3,1,TEST,0.00019574369,0.013012096,149.40482074879858,67.77918864600363,217.18400939480222,0.021739130434782608,0.03,1,ANOMALY
d8572657c12f4e5198b670a1a5ccb1fe,3,1,TEST,0.00033081413,0.024959283,272.1694628371912,164.46114738343215,436.63061022062334,0.021739130434782608,0.03,1,ANOMALY
d864237c904c406f9f7cc9b66b5fd7f7,3,1,TEST,0.00050561863,0.076742925,431.04813294399196,583.5174439926483,1014.5655769366402,0.021739130434782608,0.03,1,ANOMALY
d867654af06f468581246c07861ec0b1,3,1,TEST,0.00026508095,0.023779279,212.4250041974482,154.9120294163324,367.3370336137806,0.021739130434782608,0.03,1,ANOMALY
d87e66362c8a4483be6a506745bcd8e4,3,1,TEST,0.00023887056,0.02106833,188.60255165085707,132.97382259348169,321.57637424433875,0.021739130434782608,0.03,1,ANOMALY
d89f603440304f93b5676fa472594be5,3,1,TEST,0.00019285595,0.01354829,146.78017269446238,72.11830932631581,218.8984820207782,0.021739130434782608,0.03,1,ANOMALY
d8ae450800b44a1a9f0036b52db058e2,3,1,TEST,0.00038117505,0.025914447,317.94217460922783,172.19075992197173,490.13293453119957,0.021739130434782608,0.03,1,ANOMALY
d8bbf1f870e84759a6449f7ad45de321,3,1,TEST,0.00062528567,0.06896588,539.8127252217498,520.5821317899411,1060.3948570116909,0.021739130434782608,0.03,1,ANOMALY
d8be88566f154a17a3d23901f53705cb,3,1,TEST,0.0004203011,0.074616976,353.503586303619,566.3133177413494,919.8169040449684,0.021739130434782608,0.03,1,ANOMALY
d8bf554db9b14430a56f19667fa76e32,3,1,TEST,0.00041097842,0.01807435,345.03026324711146,108.7452028505509,453.7754660976624,0.021739130434782608,0.03,1,ANOMALY
d8cb4232dca0449ea27700da369f0944,3,1,TEST,0.00032390328,0.020412415,265.8882363395462,127.6658662548674,393.5541025944136,0.021739130434782608,0.03,1,ANOMALY
d8dcb76a641646688058df334560ace6,3,1,TEST,0.00028958422,0.026532691,234.6958665085893,177.19386574911437,411.88973225770366,0.021739130434782608,0.03,1,ANOMALY
d8e4c59e56e44ed68b786fcc016049c7,3,1,TEST,0.0002731915,0.021648198,219.79663020155402,137.66637273513055,357.4630029366846,0.021739130434782608,0.03,1,ANOMALY
d8e79bce1e594027872140ef94ca1e1e,3,1,TEST,0.0001603632,0.019347144,117.24772411268816,119.04521882830755,236.29294294099572,0.021739130434782608,0.03,1,ANOMALY
d8e8a57d81234a6cb1e65f1153c3cea3,3,1,TEST,0.00019316483,0.015005275,147.06091171217983,83.90888091869587,230.9697926308757,0.021739130434782608,0.03,1,ANOMALY
d8f62b95003846608527b8132ae468dc,3,1,TEST,0.00035115943,0.016462078,290.6611733304788,95.69797968600922,386.359153016488,0.021739130434782608,0.03,1,ANOMALY
d9242a0f39204522b2d082532b335ce0,3,1,TEST,0.0002578408,0.02013934,205.84447907724964,125.45602172140329,331.30050079865293,0.021739130434782608,0.03,1,ANOMALY
d929f5ed0f1b4016bec6d0de232615d1,6,0,TEST,3.243088e-05,0.0045625824,0.9708727428568723,-0.5980389998464759,0.3728337430103964,0.5869565217391305,0.03,0,REFERENCE
d94b08d328c14d4c91dea134d8523d41,3,1,TEST,0.00067300705,0.041360617,583.186376300877,297.1880476175026,880.3744239183795,0.021739130434782608,0.03,1,ANOMALY
d9524ee341c6439991922b497984b9f7,3,1,TEST,0.00033052667,0.02150802,271.90819231778863,136.53198992084168,408.4401822386303,0.021739130434782608,0.03,1,ANOMALY
d97a05b523324268a0af4a5fee80c59a,3,1,TEST,0.00027028366,0.022725357,217.15371338829485,146.38322315286067,363.5369365411555,0.021739130434782608,0.03,1,ANOMALY
d9a4c554076241188301b66c399f7481,3,1,TEST,0.00018937758,0.013353093,143.61870488476987,70.53868825738385,214.15739314215372,0.021739130434782608,0.03,1,ANOMALY
d9d272a339ff40c7a7b71bae1e95307d,3,1,TEST,0.0002714457,0.022073794,218.2098839663458,141.11048513672054,359.32036910306635,0.021739130434782608,0.03,1,ANOMALY
d9dfd9ba1c074eed81b24e9c3719a07a,3,1,TEST,0.00032574573,0.026461573,267.562827129476,176.61834721563125,444.18117434510725,0.021739130434782608,0.03,1,ANOMALY
d9e1027df53d47d3a9cb2e44ad7453a8,3,1,TEST,0.00026805678,0.025147144,215.1297166783278,165.9814022727523,381.11111895108013,0.021739130434782608,0.03,1,ANOMALY
d9f087eef509470bb966a83938ab9300,3,1,TEST,0.00027332103,0.017814906,219.914359173857,106.64566644062666,326.56002561448366,0.021739130434782608,0.03,1,ANOMALY
d9f4b209997244b3aa9695c197ed0dd8,3,1,TEST,0.0002217622,0.017422155,173.05287481468648,103.46735040890442,276.5202252235909,0.021739130434782608,0.03,1,ANOMALY
d9f518b1c8c74aaa99968d5067a365ac,3,1,TEST,0.00015613547,0.019667972,113.40516788575678,121.64150190798243,235.04666979373923,0.021739130434782608,0.03,1,ANOMALY
da0c55e7e7cf4cb68125e6ec839fe995,3,1,TEST,0.00037675767,0.06668215,313.92724673405087,502.1011714075993,816.0284181416501,0.021739130434782608,0.03,1,ANOMALY
da1361ca577749529e55d3d0244e0f1b,3,1,TEST,0.0003391534,0.015390111,279.74897095775754,87.02314524490731,366.77211620266485,0.021739130434782608,0.03,1,ANOMALY
da2ae0aa90d848219c48de346f9af25a,3,1,TEST,0.0025170082,0.24281007,2259.1869963501963,1927.406751202166,4186.593747552362,0.021739130434782608,0.03,1,ANOMALY
da3e29bb2f394ebd9705c11bdae456c6,3,1,TEST,0.00023205894,0.023198277,182.4115146531088,150.2103024415756,332.6218170946844,0.021739130434782608,0.03,1,ANOMALY
da4b12cd68a04f359df02af4647b80f8,3,1,TEST,0.00026304976,0.04861929,210.5788688523385,355.92846270219883,566.5073315545374,0.021739130434782608,0.03,1,ANOMALY
da4bd7f6e0704459886a64117d92bd05,3,1,TEST,0.00050340896,0.026232418,429.03977829079423,174.7639228850775,603.8037011758718,0.021739130434782608,0.03,1,ANOMALY
da56d2b1122d4150ba0545f29ed422d5,3,1,TEST,0.00032603362,0.017926453,267.8244884730743,107.54835445005381,375.37284292312813,0.021739130434782608,0.03,1,ANOMALY
da77f45e161d42ff9ff4c262b1b791b4,3,1,TEST,0.00045532675,0.06375301,385.33817117772844,478.3972658257957,863.7354370035241,0.021739130434782608,0.03,1,ANOMALY
da81abedcddf4640bb31ed2a8097e51f,3,1,TEST,0.0003169083,0.024509592,259.5305446335337,160.8220475094122,420.35259214294587,0.021739130434782608,0.03,1,ANOMALY
da8fe9529cb347ba88ff782bbdfe6d2a,3,1,TEST,0.00056473527,0.066188775,484.778861525822,498.1085611477885,982.8874226736104,0.021739130434782608,0.03,1,ANOMALY
da93bc5d02c74819bae0a4bb3f2a9c0f,3,1,TEST,0.00020660562,0.013231976,159.27715809247772,69.55855554527336,228.8357136377511,0.021739130434782608,0.03,1,ANOMALY
da993a7b974c45cdb5cd64c640987e10,3,1,TEST,0.00024080368,0.0151516525,190.35955181250543,85.09343284837504,275.4529846608805,0.021739130434782608,0.03,1,ANOMALY
da9e0fcdb8664837979cacfd411414a7,3,1,TEST,0.00029328195,0.01900026,238.0567091917812,116.23807899073122,354.29478818251243,0.021739130434782608,0.03,1,ANOMALY
da9ed71711094053b3d4e06c0c4dd4bf,3,1,TEST,0.00031313743,0.016388437,256.1032254813057,95.10204391272775,351.20526939403345,0.021739130434782608,0.03,1,ANOMALY
daab9d51befc4885ad18790b64fb8575,3,1,TEST,0.0003124007,0.018304722,255.4336163887035,110.60947568718255,366.0430920758861,0.021739130434782608,0.03,1,ANOMALY
dab1ca291746445084b63ea98ff70b35,3,1,TEST,0.0002572595,0.014971042,205.31613929805008,83.63185223458315,288.94799153263324,0.021739130434782608,0.03,1,ANOMALY
dab1fa48321c4b26b3448d4bdaabd879,3,1,TEST,0.00018316193,0.017307242,137.96934113355445,102.53742322818864,240.50676436174308,0.021739130434782608,0.03,1,ANOMALY
dab79a5484ea4444a2e1d8580f8b9546,3,1,TEST,0.00030171176,0.024016608,245.71850852791394,156.83260139576112,402.5511099236751,0.021739130434782608,0.03,1,ANOMALY
dab9e6b7143b4c64858e17a480d499e2,3,1,TEST,0.00025700213,0.016239138,205.08221738342326,93.89384990374981,298.97606728717307,0.021739130434782608,0.03,1,ANOMALY
dad2e8a2168948d8acf2eccda24bd892,3,1,TEST,0.00022527385,0.01587679,176.24459059935188,90.96156849017609,267.206159089528,0.021739130434782608,0.03,1,ANOMALY
dad671e9f15d410c8068e5d841ae3941,3,1,TEST,0.00021335408,0.018122494,165.41078937810792,109.13480554292147,274.5455949210294,0.021739130434782608,0.03,1,ANOMALY
db074cb030704b709fd9dbb1e2c3e373,3,1,TEST,0.0002665045,0.017150741,213.718859509128,101.27094742728535,314.98980693641334,0.021739130434782608,0.03,1,ANOMALY
db0b243be80c4b5289806191ae45955b,3,1,TEST,0.00026096107,0.021472877,208.6804721322004,136.24759711139546,344.92806924359587,0.021739130434782608,0.03,1,ANOMALY
db185fcee35847ea95c8403ca20589d9,3,1,TEST,0.00018132286,0.014231713,136.29782240358287,77.64887265358352,213.94669505716638,0.021739130434782608,0.03,1,ANOMALY
db409e4f4da745d7b7d59f78b26fe208,3,1,TEST,0.00019997932,0.019030584,153.25455723421211,116.48347430569144,269.73803153990355,0.021739130434782608,0.03,1,ANOMALY
db4888e692154b6589a67b4f7c9ac75d,3,1,TEST,0.00016942111,0.019811193,125.48039944282607,122.8005100336888,248.28090947651486,0.021739130434782608,0.03,1,ANOMALY
db65252fc4d3458faedb157e9f9ec09c,3,1,TEST,0.00033892132,0.021214204,279.5380349592084,134.15429997689117,413.69233493609954,0.021739130434782608,0.03,1,ANOMALY
db7a97edaeb1480f922e96a6d7aa233d,3,1,TEST,0.00023416436,0.017140526,184.3251171611464,101.18828309730517,285.5134002584516,0.021739130434782608,0.03,1,ANOMALY
db9050a0981046d0a07f6724f0cf7f6d,3,1,TEST,0.00038299986,0.056315627,319.6007325181924,418.21064981983113,737.8113823380236,0.021739130434782608,0.03,1,ANOMALY
db952a0b8fb349bba04573f32e743fac,3,1,TEST,0.00027137587,0.018391246,218.14641593472444,111.30966643482861,329.4560823695531,0.021739130434782608,0.03,1,ANOMALY
dbd4d5db28f2450bbb319b0e7f48854a,3,1,TEST,0.00026177836,0.016232716,209.42330168345106,93.84188021925323,303.2651819027043,0.021739130434782608,0.03,1,ANOMALY
dbd57803221a483f99833b15e5ffcd1e,3,1,TEST,0.00013773443,0.017553136,96.68058262747084,104.52730700265214,201.20788963012296,0.021739130434782608,0.03,1,ANOMALY
dbf0de7a50cb4d2daf9de3b0dfe53690,3,1,TEST,0.0002795108,0.01583919,225.54020076184224,90.65729254232933,316.1974933041716,0.021739130434782608,0.03,1,ANOMALY
dc0229919aaa4d3fb871283e23b1b568,3,1,TEST,0.00017661545,0.021773284,132.01928815276293,138.6786243631188,270.69791251588174,0.021739130434782608,0.03,1,ANOMALY
dc04647adcb64f359e13c8edcdaec113,3,1,TEST,0.00045974902,0.07215217,389.3575435420166,546.3670097118721,935.7245532538886,0.021739130434782608,0.03,1,ANOMALY
dc05052524e24a8ba5a6d656c0eb92ad,4,1,TEST,0.0006376817,0.06858014,551.0793960511851,517.4605518930687,1068.5399479442538,0.021739130434782608,0.03,1,ANOMALY
dc13990695cc4ba983927ae576246bef,3,1,TEST,0.00022715275,0.023983084,177.9523105565822,156.56131025545224,334.51362081203445,0.021739130434782608,0.03,1,ANOMALY
dc3d961932e44b25a16a59496c7c9e30,3,1,TEST,0.00015030333,0.020458763,108.1043738725782,128.04093491526103,236.1453087878392,0.021739130434782608,0.03,1,ANOMALY
dc428a053a1c4c75ba0cc9c7494c8264,3,1,TEST,0.0002685299,0.025821092,215.55973236099578,171.4352896796517,386.9950220406475,0.021739130434782608,0.03,1,ANOMALY
dc4d60a7da8c42e2a43936bb2fc1d90b,3,1,TEST,0.00030742591,0.031326927,250.91206219953438,215.9909589166938,466.90302111622816,0.021739130434782608,0.03,1,ANOMALY
dc4dc5e2c83348729545ace533316a57,3,1,TEST,0.00027379795,0.01785487,220.34782865174418,106.96907292944972,327.3169015811939,0.021739130434782608,0.03,1,ANOMALY
dc5d5fd1b3d44f6ea5566f85c115d5d2,6,0,TEST,3.191091e-05,0.004754366,0.4982754007093123,0.9539593158838731,1.4522347165931855,0.2826086956521739,0.03,0,REFERENCE
dc7244bab2f94af9a53c0edcc5ae7be2,3,1,TEST,0.00024196575,0.026178174,191.41574965736072,174.32495627563605,365.7407059329968,0.021739130434782608,0.03,1,ANOMALY
dc778b378cc94f329287804ecb19476b,1,1,TEST,0.0002631478,0.022415442,210.6679767689955,143.87525293007013,354.5432296990656,0.021739130434782608,0.03,1,ANOMALY
dc8eb75a200543d298f3b4413db357a6,3,1,TEST,0.00020269566,0.016580572,155.7234209462899,96.65688591377919,252.38030686006908,0.021739130434782608,0.03,1,ANOMALY
dc912352f15f4fc5a2d19b1275eda76a,3,1,TEST,0.00035511254,0.018990237,294.2541292302748,116.15696841027196,410.4110976405468,0.021739130434782608,0.03,1,ANOMALY
dc99446ee70a497a85a290ade8fca734,3,1,TEST,0.00021687479,0.019350747,168.61073973769084,119.07437590916106,287.6851156468519,0.021739130434782608,0.03,1,ANOMALY
dca5f4bba5214708af19e339083f13b0,3,1,TEST,0.00032956147,0.023535578,271.0309283320956,152.93989237467815,423.97082070677374,0.021739130434782608,0.03,1,ANOMALY
dce4f0e6a03e452fb5c295460ef30bba,3,1,TEST,0.00034220208,0.019418787,282.51989632856436,119.62498589563693,402.1448822242013,0.021739130434782608,0.03,1,ANOMALY
dce9e0917d054a2d8c1125e130283469,3,1,TEST,0.0002026862,0.016213667,155.71482281398093,93.68772722641991,249.40255004040085,0.021739130434782608,0.03,1,ANOMALY
dcf6af4fa5c0498d91b95b64947f3dea,3,1,TEST,0.0002445479,0.039747052,193.76264895352458,284.13036092103096,477.89300987455556,0.021739130434782608,0.03,1,ANOMALY
dcfd2abedf3a4ec993715b371a7aec04,3,1,TEST,0.0002677925,0.022525048,214.8895143097628,144.7622335029342,359.651747812697,0.021739130434782608,0.03,1,ANOMALY
dd0aeec4af724a4ea3724ec6c250ad7e,3,1,TEST,0.00027299623,0.021735175,219.6191505719578,138.3702293605525,357.9893799325103,0.021739130434782608,0.03,1,ANOMALY
dd0e380cd59e420a955f8163da3bb22e,3,1,TEST,0.00026118523,0.015704362,208.88420969439784,89.56620431104525,298.4504140054431,0.021739130434782608,0.03,1,ANOMALY
dd0ee108612e40aea6d30ff2de89f9d2,3,1,TEST,0.000224479,0.016581746,175.5221566177645,96.66638644470402,272.1885430624685,0.021739130434782608,0.03,1,ANOMALY
dd245569a8674922946e94fd6cff8f00,3,1,TEST,0.0003124829,0.026626755,255.508327432657,177.9550735352382,433.4634009678952,0.021739130434782608,0.03,1,ANOMALY
dd6a26d5fa144dbf977b790fff6a0faf,6,0,TEST,3.3851247e-05,0.0051596574,2.2618350465938266,4.233757850169358,6.495592896763185,0.2391304347826087,0.03,0,REFERENCE
dd8d6ee0a1e740ea9bf341a65861d09b,3,1,TEST,0.00025758002,0.01831799,205.60745783586023,110.71684625303443,316.3243040888947,0.021739130434782608,0.03,1,ANOMALY
dd8f6622c59543bd8902036690bd1811,3,1,TEST,0.00031522388,0.020469528,257.99958628005135,128.128050090223,386.12763637027433,0.021739130434782608,0.03,1,ANOMALY
ddc92f4716994d06a2a5fe1f6f2da525,3,1,TEST,0.00033429818,0.02413739,275.336093161843,157.81002313865542,433.1461163004984,0.021739130434782608,0.03,1,ANOMALY
ddd15b6f7c4f492e8afa356adb45b2e6,3,1,TEST,0.00040103437,0.015835393,335.9921810497108,90.62656552706406,426.6187465767748,0.021739130434782608,0.03,1,ANOMALY
ddd80f80c8e34336bef614cb5a620402,3,1,TEST,0.0002825592,0.016783454,228.310871642475,98.29869742577505,326.60956906825004,0.021739130434782608,0.03,1,ANOMALY
dde3dc7a582f4ed1b5b5fad10d0ab191,3,1,TEST,0.00033510235,0.033289574,276.06699803065237,231.8735726457782,507.9405706764306,0.021739130434782608,0.03,1,ANOMALY
dde6928a71b4429d8dda8a5629326b75,3,1,TEST,0.0001496201,0.018251292,107.48339058108931,110.17709632831415,217.66048690940346,0.021739130434782608,0.03,1,ANOMALY
ddf18e59aae346cc8f8eb60a88a79c4f,3,1,TEST,0.00023715143,0.032089192,187.04004560472723,222.15954682588003,409.19959243060725,0.021739130434782608,0.03,1,ANOMALY
ddf1bf5a8cb44a429499318b946346da,3,1,TEST,0.00019993502,0.014416522,153.2142932531033,79.14442939947739,232.3587226525807,0.021739130434782608,0.03,1,ANOMALY
de2140e46e0b472faa08db84b03c0835,3,1,TEST,0.00033841137,0.0172466,279.0745447297179,102.0466811529407,381.1212258826586,0.021739130434782608,0.03,1,ANOMALY
de398ccf5de340a5a1aef6da70f88819,3,1,TEST,0.00055749883,0.020042047,478.20170840042954,124.66868342901358,602.8703918294432,0.021739130434782608,0.03,1,ANOMALY
de4d62af2e204a82991d09b4d85de0ec,3,1,TEST,0.00025424856,0.021832334,202.5795155671314,139.15648326525576,341.73599883238717,0.021739130434782608,0.03,1,ANOMALY
de4f1c8e8a7e4cadb07ac64a9f94027d,3,1,TEST,0.00013365943,0.01623729,92.97684170154952,93.87889506461097,186.85573676616048,0.021739130434782608,0.03,1,ANOMALY
de5729d1d71749c4bac182930c659acf,3,1,TEST,0.00015849822,0.016765358,115.55265595268207,98.15225653342839,213.70491248611046,0.021739130434782608,0.03,1,ANOMALY
de69795148e24a2c820a47e10e771860,3,1,TEST,0.00013617934,0.01477365,95.26717146759574,82.03446824795111,177.30163971554686,0.021739130434782608,0.03,1,ANOMALY
de7961b2e42245008e73505bb1205acc,3,1,TEST,0.00044417847,0.06358315,375.2055721864082,477.02268304650727,852.2282552329154,0.021739130434782608,0.03,1,ANOMALY
de86898eaf0847bb81435b1590ab1af2,3,1,TEST,0.0002216956,0.022208715,172.99234250900147,142.2023259654288,315.1946684744303,0.021739130434782608,0.03,1,ANOMALY
de9b9aa86f4f4893ab41aa66862535f0,3,1,TEST,0.00036145392,0.03278584,300.0177681585739,227.79713274384645,527.8149009024204,0.021739130434782608,0.03,1,ANOMALY
de9cfd8e288e4f999e31ab49bdc11ddf,3,1,TEST,0.00033802757,0.016236046,278.72571141257225,93.86882806250667,372.59453947507893,0.021739130434782608,0.03,1,ANOMALY
de9eef32b0fa4105a5d667717c444d9b,3,1,TEST,0.0004368591,0.025656013,368.55304452482267,170.09939688192316,538.6524414067458,0.021739130434782608,0.03,1,ANOMALY
dec81d01c23144f7a3a885e77be7bc57,4,1,TEST,0.0024921678,0.13754654,2236.609718780563,1075.567379807371,3312.177098587934,0.021739130434782608,0.03,1,ANOMALY
dee770f8be4f4c96bf7d8a11c7cc9784,4,1,TEST,0.00036050985,0.0421042,299.1597090920869,303.20545246132514,602.365161553412,0.021739130434782608,0.03,1,ANOMALY
def3b33127e44753b0dd5d55e2e5a7a4,3,1,TEST,0.00068711815,0.04951254,596.0118630689183,363.1570395749144,959.1689026438327,0.021739130434782608,0.03,1,ANOMALY
df0aaf59702e489e96bcc768ef94d3af,4,1,TEST,0.0024226047,0.12840453,2173.3842708286716,1001.586162839966,3174.9704336686377,0.021739130434782608,0.03,1,ANOMALY
df1bcd136b2d41da925b666187615c82,3,1,TEST,0.00015207342,0.018440982,109.71319713038532,111.71215230031017,221.4253494306955,0.021739130434782608,0.03,1,ANOMALY
df356a2814d240d8836e83d971612e64,3,1,TEST,0.000267739,0.013287703,214.8408885086495,70.00952325127486,284.8504117599243,0.021739130434782608,0.03,1,ANOMALY
df3685cb551d4e7d9aa058e835292a9b,3,1,TEST,0.00026030888,0.022854052,208.08770089429206,147.42468041637494,355.512381310667,0.021739130434782608,0.03,1,ANOMALY
df57b4ff3359416ca6987332ae24d0fd,3,1,TEST,0.00035416053,0.028446637,293.38885354956653,192.68236929372839,486.0712228432949,0.021739130434782608,0.03,1,ANOMALY
df57d7b9131241b287ed76bdbb49b161,3,1,TEST,0.0011863878,0.027152171,1049.7947920935596,182.20697383879792,1232.0017659323576,0.021739130434782608,0.03,1,ANOMALY
df623ba07820407bbfe91afb0c24661a,3,1,TEST,0.0002269914,0.016257852,177.8056605937853,94.04529192736693,271.85095252115224,0.021739130434782608,0.03,1,ANOMALY
df664b38539e46c8bb5b6c21de9a4782,3,1,TEST,0.0002528308,0.016873617,201.2909227486936,99.02833658230979,300.31925933100337,0.021739130434782608,0.03,1,ANOMALY
df75520e84d94060a08981800d318f73,3,1,TEST,0.00042171415,0.035580806,354.7878982337719,250.41524255367162,605.2031407874435,0.021739130434782608,0.03,1,ANOMALY
df85d527b2df46deb74c8f433ae3efc7,3,1,TEST,0.00033832953,0.040957466,279.0001608874167,293.9255701533972,572.9257310408138,0.021739130434782608,0.03,1,ANOMALY
df934255d1c84c319f0f3d77d6cb5fa6,3,1,TEST,0.00026312927,0.03670565,210.6511349728342,259.51798123132386,470.16911620415806,0.021739130434782608,0.03,1,ANOMALY
df946057eceb4b4fb920cf728fb06f97,3,1,TEST,0.00035759492,0.016555488,296.5103482240634,96.45389501282742,392.96424323689087,0.021739130434782608,0.03,1,ANOMALY
dfb2ec667c0c443d8df581b336ad7639,3,1,TEST,0.00022168024,0.014154899,172.9783819051678,77.02725955097982,250.0056414561476,0.021739130434782608,0.03,1,ANOMALY
dfb5444cdd7344ceb47b4cd644f712ed,3,1,TEST,0.00046859024,0.057212837,397.3932707442433,425.4712727764157,822.864543520659,0.021739130434782608,0.03,1,ANOMALY
dfbc2e5b87584113b379bfb013068404,3,1,TEST,0.00034536046,0.023247126,285.39052731399045,150.60561030796833,435.9961376219588,0.021739130434782608,0.03,1,ANOMALY
dfbf3d0a394e49f688d44369247a5e30,4,1,TEST,0.00069364195,0.09464058,601.9413023456117,728.3532402521972,1330.294542597809,0.021739130434782608,0.03,1,ANOMALY
dfcbebe2c8824e0a8cbae185ab4aa98f,3,1,TEST,0.00032945804,0.037921693,270.9369214795881,269.3587428389675,540.2956643185555,0.021739130434782608,0.03,1,ANOMALY
dfe775d1ed244e5fac5371f2e919e5de,3,1,TEST,0.00035008727,0.056624815,289.68669409829823,420.7127368348003,710.3994309330985,0.021739130434782608,0.03,1,ANOMALY
dfe7d08011b0451ea5fb9b0d57cf7353,3,1,TEST,0.0004217553,0.05735386,354.8252992004226,426.61249370708566,781.4377929075083,0.021739130434782608,0.03,1,ANOMALY
dfeb17e5e6be45feac1572748e430ac9,3,1,TEST,0.0004153463,0.0757059,349.0002008950902,575.125375779463,924.1255766745531,0.021739130434782608,0.03,1,ANOMALY
dfebe19f6602402996dce8de6fb516f8,3,1,TEST,0.0005813447,0.062127527,499.87506413863804,465.2431333647912,965.1181975034292,0.021739130434782608,0.03,1,ANOMALY
dff0ad01034f41b492249f6ae9756265,3,1,TEST,0.0009567466,0.12896748,841.0754029603858,1006.1418049899747,1847.2172079503605,0.021739130434782608,0.03,1,ANOMALY
dfffdaeb4f3e4862ab7824ea177b6e8c,3,1,TEST,0.00027757772,0.020460656,223.783236955933,128.05625391444386,351.83949087037684,0.021739130434782608,0.03,1,ANOMALY
e000c039c9df419c9d8fa26a3ff7c520,3,1,TEST,0.000348155,0.022670846,287.9304664961068,145.9420958604917,433.8725623565985,0.021739130434782608,0.03,1,ANOMALY
e01e978d0a6a4498be51f1e890a7d124,4,1,TEST,0.0016247104,0.1142462,1448.1833448239254,887.0106500560032,2335.1939948799286,0.021739130434782608,0.03,1,ANOMALY
e0353c3f8896464f8076390aaf647002,3,1,TEST,0.00034483479,0.017724216,284.912749279014,105.91176256535483,390.8245118443688,0.021739130434782608,0.03,1,ANOMALY
e0409f9f29bd4023998e8c77b15b0bae,3,1,TEST,0.00030577602,0.019783612,249.4124879378734,122.5773122965196,371.989800234393,0.021739130434782608,0.03,1,ANOMALY
e084eed64edc4571836a1d0f98e532db,3,1,TEST,0.0002570385,0.016136918,205.11527383924556,93.06664013276858,298.1819139720142,0.021739130434782608,0.03,1,ANOMALY
e08b5ac0424a48e88a29c04ac0230d18,3,1,TEST,0.00032872078,0.020839173,270.2668306734421,131.1193820780371,401.3862127514792,0.021739130434782608,0.03,1,ANOMALY
e09969d0829546c7876ef3b1a60e1b24,3,1,TEST,0.00018813231,0.014242936,142.48688710248226,77.73969416854852,220.2265812710308,0.021739130434782608,0.03,1,ANOMALY
e0b23f0e54ba42e3a613750d7a6e2597,3,1,TEST,0.00035366535,0.02377933,292.9387876767572,154.9124421310489,447.85122980780613,0.021739130434782608,0.03,1,ANOMALY
e0b7529d273a4fbaa4afc46624616115,3,1,TEST,0.0004039288,0.028111288,338.62290960141985,189.96857581408855,528.5914854155084,0.021739130434782608,0.03,1,ANOMALY
e0e8c22c7b87466b8f0b20d8b112a75b,3,1,TEST,0.00034820806,0.03654336,287.97869238408947,258.20465826387573,546.1833506479652,0.021739130434782608,0.03,1,ANOMALY
e0efd249f90343ae8053645d36a8e00b,3,1,TEST,0.00023422175,0.024376627,184.37727855789208,159.7460355039483,344.12331406184035,0.021739130434782608,0.03,1,ANOMALY
e0f1765685bc4bbeb9fbddedba34cdad,3,1,TEST,0.00026420917,0.015520125,211.6326490405403,88.07527644393247,299.70792548447275,0.021739130434782608,0.03,1,ANOMALY
e10ff1135b4d4ff385bae66932ec2e69,3,1,TEST,0.00036818208,0.037448704,306.1329489065854,265.53110517151845,571.6640540781038,0.021739130434782608,0.03,1,ANOMALY
e11858967e35496e92d60a77f9b04fe2,3,1,TEST,0.00026169384,0.01906086,209.3464820066268,116.72848118327144,326.0749631898982,0.021739130434782608,0.03,1,ANOMALY
e118742e3db34c2bb30a9e78e4021329,4,1,TEST,0.0003855402,0.051409498,321.90963097800955,378.50806865670864,700.4176996347182,0.021739130434782608,0.03,1,ANOMALY
e11b7463f8c84e758f79fd64d56c3bc7,3,1,TEST,0.00023019107,0.016553106,180.71381979094915,96.43461880783352,277.14843859878266,0.021739130434782608,0.03,1,ANOMALY
e14b43cb9d114ac2b6daccf3da366e5e,3,1,TEST,0.00032723014,0.030890157,268.9119976982727,212.45642152996453,481.36841922823726,0.021739130434782608,0.03,1,ANOMALY
e15a7d85191342c590d3d04a320f6c51,3,1,TEST,0.00024526898,0.015937407,194.41803386318432,91.45210825428848,285.8701421174728,0.021739130434782608,0.03,1,ANOMALY
e15ddc091b1d44d09187be67578b27a6,3,1,TEST,0.0001901722,0.016071487,144.34092982085713,92.53714333639728,236.8780731572544,0.021739130434782608,0.03,1,ANOMALY
e15eea0769644571bb66a4a011bb7c61,3,1,TEST,0.00043038948,0.090038024,362.67284909680825,691.1073070230024,1053.7801561198107,0.021739130434782608,0.03,1,ANOMALY
e165bcded1b64857aec146b3701da9fd,3,1,TEST,0.0002713453,0.01670132,218.1186310610789,97.63403251352916,315.75266357460805,0.021739130434782608,0.03,1,ANOMALY
e1bdfbb430dd41d296c3b06df0cf6a0e,3,1,TEST,0.00029686902,0.02061024,241.31697372261422,129.2667542703669,370.58372799298115,0.021739130434782608,0.03,1,ANOMALY
e1d2b721284e4787a2665c49379b9e7c,3,1,TEST,0.00022954983,0.015929474,180.13100093663311,91.38791088476005,271.51891182139315,0.021739130434782608,0.03,1,ANOMALY
e1de4ea9f9f7442191505ae65de80f14,4,1,TEST,0.0003736045,0.046536207,311.061351083649,339.071227216336,650.132578299985,0.021739130434782608,0.03,1,ANOMALY
e1e58beedf6d4ae29a071b9304199b0d,3,1,TEST,0.00046585736,0.049111668,394.9093739340269,359.9130047939244,754.8223787279513,0.021739130434782608,0.03,1,ANOMALY
e1ecf670707f4ef68fd5ffb42ee8e242,3,1,TEST,0.00022911016,0.014298782,179.73138774082946,78.19162487555515,257.9230126163846,0.021739130434782608,0.03,1,ANOMALY
e24a28809a6d4855b0baccfe15f3ee0b,3,1,TEST,0.00029045335,0.019677794,235.4858130977785,121.72098590691196,357.2067990046905,0.021739130434782608,0.03,1,ANOMALY
e24d0c030e334b7193274c6868b9a593,3,1,TEST,0.0002208046,0.0216554,172.18251841943191,137.7246545270559,309.9071729464878,0.021739130434782608,0.03,1,ANOMALY
e252ceec9ba14c27894bcf6b042e7306,3,1,TEST,0.0001913771,0.027707556,145.43605557340746,186.70139663919326,332.1374522126007,0.021739130434782608,0.03,1,ANOMALY
e2595734a5074b5481784508966fcbad,3,1,TEST,0.00046697987,0.025237504,395.9296159528627,166.71263564103506,562.6422515938978,0.021739130434782608,0.03,1,ANOMALY
e25da8b4b4e4471099915092ff8f3a01,4,1,TEST,0.0007953606,0.08797475,694.3927199982415,674.4103747884932,1368.8030947867346,0.021739130434782608,0.03,1,ANOMALY
e272332d1326457280a6773bfe48cbb2,1,1,TEST,0.00021962984,0.0143510895,171.11478671633122,78.61492046443796,249.7297071807692,0.021739130434782608,0.03,1,ANOMALY
e285d8ca09ab4b8fa052a9db36e791e6,3,1,TEST,0.0002923992,0.052339464,237.2543834734114,386.03376775551845,623.2881512289298,0.021739130434782608,0.03,1,ANOMALY
e2876cc94bbd49298c7dc591203787bc,3,1,TEST,0.00027561653,0.021572925,222.00072415433607,137.05723009092128,359.05795424525735,0.021739130434782608,0.03,1,ANOMALY
e2890ee6d80d48868c3122e098852a69,3,1,TEST,0.00024821193,0.046703663,197.0928619264825,340.4263557568313,537.5192176833139,0.021739130434782608,0.03,1,ANOMALY
e2a5a9f7c3264092ad27dbe758cd88d3,3,1,TEST,0.00026215462,0.014932922,209.76528194376687,83.32336821511726,293.0886501588841,0.021739130434782608,0.03,1,ANOMALY
e2aa96e8766642b19ea346713c1b3e71,3,1,TEST,0.00016842574,0.015551786,124.57571414087901,88.3314913584212,212.90720549930023,0.021739130434782608,0.03,1,ANOMALY
e2b4328bffc64acebc6a4cc4e49f9b22,3,1,TEST,0.00062187004,0.034293763,536.7082813889144,239.99991732110462,776.708198710019,0.021739130434782608,0.03,1,ANOMALY
e2cc351cbea84ecbb6d3a4845e9fbd3d,3,1,TEST,0.00045679725,0.0776441,386.6746990382357,590.8101534953288,977.4848525335644,0.021739130434782608,0.03,1,ANOMALY
e31d8d758acd4ec691a6074dcb107ece,3,1,TEST,0.00016289653,0.023244848,119.55025122921926,150.58717571729824,270.1374269465175,0.021739130434782608,0.03,1,ANOMALY
e32eb7804e5a4ac9b6d0f52d0971208b,3,1,TEST,0.00029295744,0.037383378,237.76176416899088,265.0024580819164,502.7642222509073,0.021739130434782608,0.03,1,ANOMALY
e3314dd24d274c9a90895b513815ff1a,4,1,TEST,0.0012489896,0.091538265,1106.693159871803,703.2479254345328,1809.9410853063357,0.021739130434782608,0.03,1,ANOMALY
e3527e628d4b4829ac0036f8e84c62c9,3,1,TEST,0.00019063332,0.019735705,144.76003878178005,122.1896275137139,266.94966629549396,0.021739130434782608,0.03,1,ANOMALY
e356eb020a34464ead84685292add4eb,3,1,TEST,0.00024790954,0.053551104,196.81802162744216,395.83889832597134,592.6569199534135,0.021739130434782608,0.03,1,ANOMALY
e35ff66f14104b178779006c11ce2083,3,1,TEST,0.00014305688,0.01882558,101.51812272346346,114.82449062451128,216.34261334797475,0.021739130434782608,0.03,1,ANOMALY
e390fddc3f03444eacbb6ab7add79250,3,1,TEST,0.00025847525,0.016408976,206.42112654484492,95.26825464923904,301.689381194084,0.021739130434782608,0.03,1,ANOMALY
e392d329a0584f5dba3d93a47328b2c2,3,1,TEST,0.00035714702,0.02074614,296.10325483492966,130.3665176031428,426.4697724380725,0.021739130434782608,0.03,1,ANOMALY
e3947852abf144b9b97f006e8c473bda,3,1,TEST,0.0005023086,0.035514966,428.03966826251286,249.88243594712299,677.9221042096358,0.021739130434782608,0.03,1,ANOMALY
e3952c590d654a08acba6ccad4982895,3,1,TEST,0.00023818637,0.017438836,187.9806958216286,103.60234049097971,291.58303631260833,0.021739130434782608,0.03,1,ANOMALY
e39bb5a902484bde88318d86ee7ddef9,3,1,TEST,0.000320601,0.015975064,262.88681558252745,91.75684547152424,354.6436610540517,0.021739130434782608,0.03,1,ANOMALY
e3b7e8af02924cc9949e0b066b708263,3,1,TEST,0.000237504,0.023642803,187.3604941785314,153.80760483499375,341.1680990135252,0.021739130434782608,0.03,1,ANOMALY
e3ba74ac5cdc44469a7355c2ad9013ae,3,1,TEST,0.00027939858,0.023397448,225.43820473565648,151.82208288861244,377.2602876242689,0.021739130434782608,0.03,1,ANOMALY
e3c8abd941744841aa95cf63b41bc25e,3,1,TEST,0.00019730606,0.023446465,150.82484865319898,152.21875028583594,303.04359893903495,0.021739130434782608,0.03,1,ANOMALY
e3cbdc00afc544058c3ff04dc04aca43,1,1,TEST,0.0007849132,0.015117332,684.8971462683102,84.81569607528796,769.7128423435981,0.021739130434782608,0.03,1,ANOMALY
e3d00816a3e84d42b856960191747347,6,0,TEST,3.7952523e-05,0.0055554225,5.989458057562879,7.436465321636428,13.425923379199308,0.13043478260869565,0.03,0,REFERENCE
e3da0fdb02f8460a9e8b3889d7a742a7,3,1,TEST,0.00025247104,0.043378815,200.96393923077716,313.52020478219424,514.4841440129715,0.021739130434782608,0.03,1,ANOMALY
e40071c34c424bddb41652fd98472562,3,1,TEST,0.00024656203,0.0166948,195.59327857588679,97.58126976938128,293.1745483452681,0.021739130434782608,0.03,1,ANOMALY
e406461b78994e3883ab5776b0123112,3,1,TEST,0.00021108301,0.029268486,163.34662866531474,199.33313747090656,362.6797661362213,0.021739130434782608,0.03,1,ANOMALY
e41692eb1a6542a7b97efde21e8b9dff,3,1,TEST,0.00021105008,0.01932904,163.3166988030594,118.8987131963975,282.21541199945693,0.021739130434782608,0.03,1,ANOMALY
e43985ffcbba4ae98f91d4c6b1d9c167,3,1,TEST,0.000261863,0.01728376,209.50023042749274,102.347396424802,311.84762685229475,0.021739130434782608,0.03,1,ANOMALY
e44d4a660db843fdbafcd54618db9a59,3,1,TEST,0.00025772734,0.017148534,205.74135602315025,101.2530874002402,306.99444342339046,0.021739130434782608,0.03,1,ANOMALY
e45b736fa795471b94454a39639a03a2,1,1,TEST,0.000487259,0.034233928,414.36118496466116,239.51570584931181,653.876890813973,0.021739130434782608,0.03,1,ANOMALY
e45e25b6b95945cd9655ab469b4d9a61,3,1,TEST,0.00031879736,0.021010024,261.2474989485081,132.50198447073828,393.7494834192464,0.021739130434782608,0.03,1,ANOMALY
e45ebe6a1c9444768a83fa81ef17a217,3,1,TEST,0.00024820093,0.01635801,197.0828640982162,94.85581507588911,291.9386791741053,0.021739130434782608,0.03,1,ANOMALY
e45ff2f197d8489899689de2685e1637,3,1,TEST,0.00019246768,0.016646449,146.4272766234667,97.18999194080847,243.61726856427515,0.021739130434782608,0.03,1,ANOMALY
e48d8b48c2ae4e13bbb54f4c02ca5453,3,1,TEST,0.00028451666,0.015698854,230.0899942713962,89.52163112166389,319.6116253930601,0.021739130434782608,0.03,1,ANOMALY
e49432f3f56a4326bf48f3ff1b863ef2,3,1,TEST,0.00018782068,0.024501115,142.20364862769824,160.7534478495745,302.9570964772728,0.021739130434782608,0.03,1,ANOMALY
e4972d26b6af4c5b94b3c3ff15be8a28,3,1,TEST,0.0003167805,0.0376606,259.41438804694894,267.2458619865433,526.6602500334923,0.021739130434782608,0.03,1,ANOMALY
e4bb13d89cdc46a5b92a1cd8caf3398e,3,1,TEST,0.0003323084,0.028223513,273.52759509568847,190.87675050151142,464.4043455971999,0.021739130434782608,0.03,1,ANOMALY
e4ee05e67e65460b831e6ae5df5076d4,4,1,TEST,0.0014628633,0.13980384,1301.0815710787276,1093.8344568572236,2394.916027935951,0.021739130434782608,0.03,1,ANOMALY
e4f6fd4f2dd34c1792a23371021e2ab4,3,1,TEST,0.00024327725,0.018085293,192.6077634547462,108.83375848079788,301.4415219355441,0.021739130434782608,0.03,1,ANOMALY
e500dcd49ad44bb48bdc57bb0b31333f,3,1,TEST,0.00017042333,0.015517961,126.39131066510258,88.05776439204044,214.44907505714303,0.021739130434782608,0.03,1,ANOMALY
e5207ad51cc34deab16e9f76cb33e7ae,3,1,TEST,0.00032397703,0.016458666,265.9552672336043,95.67036826223121,361.62563549583547,0.021739130434782608,0.03,1,ANOMALY
e538d757b22342ee8521e42a9902b1ef,3,1,TEST,0.00031469585,0.017696999,257.51966325646504,105.69151047831907,363.2111737347841,0.021739130434782608,0.03,1,ANOMALY
e54670b5563e411d9456859e583dbab0,4,1,TEST,0.0009349605,0.0903538,821.2741587429099,693.662707068408,1514.936865811318,0.021739130434782608,0.03,1,ANOMALY
e54d1d1576d24f56ba56d88034ff86a9,3,1,TEST,0.00032725628,0.01926777,268.93575617380736,118.4028890654249,387.3386452392323,0.021739130434782608,0.03,1,ANOMALY
e54e54ee9cac4c209cde6a72ceae9f96,3,1,TEST,0.00019125243,0.014032774,145.32274382341126,76.0389696538845,221.36171347729575,0.021739130434782608,0.03,1,ANOMALY
e55b32a4850a4b608e939bf4ba02bd3d,3,1,TEST,0.00027458993,0.01910729,221.06765410904757,117.10421342418964,338.1718675332372,0.021739130434782608,0.03,1,ANOMALY
e580e90ba2ff4d0e89d36c40f32d2372,3,1,TEST,0.0012481939,0.11061051,1105.9699533307585,857.5890271616697,1963.5589804924282,0.021739130434782608,0.03,1,ANOMALY
e5b635d0e22444e8940051c2212f1a09,3,1,TEST,0.0002445032,0.025450999,193.72202141502427,168.44033227628879,362.16235369131306,0.021739130434782608,0.03,1,ANOMALY
e5b76411bad44dccb1c4528b3beb8af2,3,1,TEST,0.00022236918,0.022041315,173.60455497842037,140.84765060187704,314.4522055802974,0.021739130434782608,0.03,1,ANOMALY
e5bc681d14b54e94a8e16a1f13c0b200,3,1,TEST,0.00038603647,0.026527854,322.36068754471063,177.1547225906108,499.5154101353214,0.021739130434782608,0.03,1,ANOMALY
e5c9e764a02344a7aadc34fac61d0f3a,1,1,TEST,0.0001790681,0.021692414,134.2484857434282,138.02418830188563,272.2726740453138,0.021739130434782608,0.03,1,ANOMALY
e5e0a1acc49a46af9fccc25e8580088d,3,1,TEST,0.00021285727,0.015945073,164.9592420089283,91.51414494088935,256.47338694981767,0.021739130434782608,0.03,1,ANOMALY
e5e1e05097cc47c6a631f640365134d3,1,1,TEST,0.00019130585,0.018491091,145.37129691304628,112.1176566479339,257.4889535609802,0.021739130434782608,0.03,1,ANOMALY
e5ed637d76ae4e1abc163df32e467e37,3,1,TEST,0.00074153463,0.05692932,645.4706468776494,423.1769269278607,1068.64757380551,0.021739130434782608,0.03,1,ANOMALY
e5f7d79314db4b6681e0763a616d7c3d,3,1,TEST,0.00028904394,0.022659902,234.20480953988823,145.85353213779925,380.0583416776875,0.021739130434782608,0.03,1,ANOMALY
e5f8c9ac3ac14b428055f5d7f9d4ca7c,3,1,TEST,0.00025544286,0.024107624,203.66500704880698,157.56914340824036,361.23415045704735,0.021739130434782608,0.03,1,ANOMALY
e6286e6e331b41a5b4d2c2d470195a6a,3,1,TEST,0.00036890066,0.021535771,306.78606158254826,136.7565633737325,443.54262495628075,0.021739130434782608,0.03,1,ANOMALY
e629317eb9434e1d8de5883c36aa2686,3,1,TEST,0.00021181797,0.015565188,164.01462901645957,88.43994631195955,252.4545753284191,0.021739130434782608,0.03,1,ANOMALY
e63944ab996444bcad7280ddb4bc1dca,3,1,TEST,0.00027001245,0.030520743,216.90721238792207,209.46695889704276,426.37417128496486,0.021739130434782608,0.03,1,ANOMALY
e64018a4a9b74582a4f86862d7a10670,3,1,TEST,0.0002733867,0.026493417,219.97404620860672,176.8760430476321,396.8500892562388,0.021739130434782608,0.03,1,ANOMALY
e648516d92b442888c0414b03af11626,3,1,TEST,0.00021925697,0.01586315,170.77588760490832,90.85118753462741,261.62707513953575,0.021739130434782608,0.03,1,ANOMALY
e6751a6decc04c45b38dc35ca40d4935,6,0,TEST,3.5129022e-05,0.0052511375,3.423196411408334,4.974055566568695,8.397251977977028,0.17391304347826086,0.03,0,REFERENCE
e675cdb06a9b4dc2a7f8fe1a1cb98928,3,1,TEST,0.00029606614,0.027665183,240.58724132639244,186.3584954493499,426.9457367757424,0.021739130434782608,0.03,1,ANOMALY
e67ceed1c569463e90a2de6144bf8945,3,1,TEST,0.00020486166,0.017427977,157.69208422127042,103.51446462614813,261.20654884741856,0.021739130434782608,0.03,1,ANOMALY
e68101f3a81e4b08b3cace324003b033,3,1,TEST,0.00024553816,0.024404617,194.66268980979524,159.97254305129485,354.6352328610901,0.021739130434782608,0.03,1,ANOMALY
e686105491cd4d11b0b9773f942b3047,3,1,TEST,0.00054457854,0.045742154,466.45854107582295,332.6453966520926,799.1039377279155,0.021739130434782608,0.03,1,ANOMALY
e69b67ead23b49958bf6ed286a9914af,3,1,TEST,0.00022291855,0.015385226,174.1038737888433,86.9836136490235,261.0874874378668,0.021739130434782608,0.03,1,ANOMALY
e6b52545fbb141ae984be041eb863688,3,1,TEST,0.00022461488,0.027112339,175.64565706365755,181.88463555277048,357.530292616428,0.021739130434782608,0.03,1,ANOMALY
e7304ba3aee848d9aab11d71565b86fa,3,1,TEST,0.00031303623,0.021603711,256.0112454612558,137.30636411566624,393.317609576922,0.021739130434782608,0.03,1,ANOMALY
e7310af02e974a03b5c207a3301f085a,3,1,TEST,0.00030087476,0.020676656,244.9577646861971,129.80422212547836,374.76198681167546,0.021739130434782608,0.03,1,ANOMALY
e74040120d7f443bb2b5812c9e3c36b7,3,1,TEST,0.0002887438,0.04130713,233.93201425117513,296.75520698924515,530.6872212404203,0.021739130434782608,0.03,1,ANOMALY
e74f7b1bc0954bdab11eab869e6bee05,3,1,TEST,0.0002384393,0.031622082,188.21058224920975,218.3794846450637,406.5900668942735,0.021739130434782608,0.03,1,ANOMALY
e78abca290d64fbb9fb44c8508871eed,3,1,TEST,0.00032729603,0.029398784,268.9718846895878,200.38756692443144,469.35945161401924,0.021739130434782608,0.03,1,ANOMALY
e78debacab844601a7b39fb3e7f6d9e8,3,1,TEST,0.0005768549,0.08635641,495.79431419772965,661.314046665134,1157.1083608628637,0.021739130434782608,0.03,1,ANOMALY
e7bcab92dee547f588d4bf449a4fee30,3,1,TEST,0.0005633176,0.16466653,483.49035050779725,1295.0344187128032,1778.5247692206005,0.021739130434782608,0.03,1,ANOMALY
e7c8805ef870486091056988a7e16f5b,3,1,TEST,0.00033134877,0.027111769,272.65539364667205,181.88002285888027,454.53541650555235,0.021739130434782608,0.03,1,ANOMALY
e7dab22e175b41d39c05efe1ba2197e0,3,1,TEST,0.00027446053,0.023878917,220.95004329289682,155.7183444932354,376.66838778613226,0.021739130434782608,0.03,1,ANOMALY
e7e17f1104f64ef7ae64aa609eebc3d6,4,1,TEST,0.0016188796,0.07266414,1442.8837687280081,550.5100989942949,1993.3938677223032,0.021739130434782608,0.03,1,ANOMALY
e7feaa19b9f244a99d0156798fe66c36,3,1,TEST,0.00027511106,0.018727357,221.54130576763046,114.02962635787961,335.57093212551007,0.021739130434782608,0.03,1,ANOMALY
e809c313eb1f43919c173ec52ebf8c65,3,1,TEST,0.00038831332,0.02465315,324.430101661811,161.98378278922556,486.41388445103655,0.021739130434782608,0.03,1,ANOMALY
e81c33c2dd3247a4bb31c5d825ebf2a8,3,1,TEST,0.00033176132,0.022510849,273.0303576513319,144.64732887039497,417.67768652172686,0.021739130434782608,0.03,1,ANOMALY
e828872099014b7caa880e3a998b6548,3,1,TEST,0.00031625835,0.026930084,258.93980931701765,180.40974691248303,439.34955622950065,0.021739130434782608,0.03,1,ANOMALY
e8493b5904db41d6aae6777cda94fe54,3,1,TEST,0.00020005828,0.013915385,153.3263234632945,75.0890055783052,228.4153290415997,0.021739130434782608,0.03,1,ANOMALY
e858a036248047a9b822085cf27cd2e5,3,1,TEST,0.00018828297,0.016534427,142.6238209939913,96.28346001980613,238.90728101379744,0.021739130434782608,0.03,1,ANOMALY
e881ef84b5f8405b99c1ee78a987369c,3,1,TEST,0.00042448431,0.020375095,357.30567859287623,127.36385619173865,484.6695347846149,0.021739130434782608,0.03,1,ANOMALY
e8d8a0d9b6c047d1a032d88b5636a1ad,3,1,TEST,0.00017218932,0.026339391,127.99640745964683,175.62959604914693,303.62600350879376,0.021739130434782608,0.03,1,ANOMALY
e8e16612085849e9a7dbd6906534039e,3,1,TEST,0.00041131396,0.03662969,345.3352333649725,258.9032790771101,604.2385124420825,0.021739130434782608,0.03,1,ANOMALY
e8fcd404923b4bfab850c3f4d4dbfdfa,6,0,TEST,9.7701835e-05,0.0137309,60.29521809438295,73.59607078472789,133.89128887911085,0.021739130434782608,0.03,1,ANOMALY
e92300e24cbb4a9399d41bf93db93938,3,1,TEST,0.00026845786,0.015709314,215.49425567478633,89.6062781007723,305.10053377555863,0.021739130434782608,0.03,1,ANOMALY
e92606eaffe34240b122cf0dd5ff88e6,3,1,TEST,0.0003915454,0.043035742,327.3677180966213,310.74390525411906,638.1116233507403,0.021739130434782608,0.03,1,ANOMALY
e956c6853e844c42a535415d9c1ca59b,3,1,TEST,0.00024518964,0.013292292,194.34592225457996,70.04665948331392,264.39258173789386,0.021739130434782608,0.03,1,ANOMALY
e97d6d98c9fb4efcbab7731b5adf010d,6,0,TEST,3.1226566e-05,0.0046992754,-0.12372039811491128,0.5081416421486095,0.38442124403369815,0.5869565217391305,0.03,0,REFERENCE
e9bc9b59969a48418a3523bac64f1350,3,1,TEST,0.00023799264,0.01824553,187.80461588798963,110.13046765779573,297.93508354578535,0.021739130434782608,0.03,1,ANOMALY
e9c71a9844be472ab8d28bbf7a820d9f,3,1,TEST,0.00025909618,0.019497547,206.98548577260743,120.2623468970308,327.2478326696382,0.021739130434782608,0.03,1,ANOMALY
e9cca73be4e742c4848e54622a87907a,5,1,TEST,0.00025068573,0.014327783,199.34128261422342,78.4263138852228,277.7675964994462,0.021739130434782608,0.03,1,ANOMALY
e9d7890da7fb4ead953aaa01be988793,3,1,TEST,0.00020839671,0.021528423,160.9050681133387,136.69710008477566,297.6021681981143,0.021739130434782608,0.03,1,ANOMALY
e9dd3f6a915c4330a53494e78a9a62ed,3,1,TEST,0.00036370358,0.026488774,302.062469461987,176.8384698235403,478.90093928552733,0.021739130434782608,0.03,1,ANOMALY
e9fd44d4504e44c48fffea743fb14960,3,1,TEST,0.0004590074,0.03639216,388.68348996030323,256.9810805161516,645.6645704764549,0.021739130434782608,0.03,1,ANOMALY
ea17d422815942a1b77dc2f7eb93c52b,3,1,TEST,0.00019786932,0.015440148,151.33679199404182,87.4280669364607,238.7648589305025,0.021739130434782608,0.03,1,ANOMALY
ea248040df1840a595eac9089264c901,3,1,TEST,0.00030231552,0.036003232,246.26726205464624,253.83370190327562,500.10096395792186,0.021739130434782608,0.03,1,ANOMALY
ea388bebcabc406b868f99057988f4a0,4,1,TEST,0.0014177577,0.08560867,1260.0853853834549,655.2630015256946,1915.3483869091494,0.021739130434782608,0.03,1,ANOMALY
ea3a8e72a3a24fbc9e0ccf3d66eede2a,3,1,TEST,0.00024104655,0.015907966,190.58029477169032,91.21385856863537,281.7941533403257,0.021739130434782608,0.03,1,ANOMALY
ea482bd6c5c84ec49692d011874f052a,4,1,TEST,0.0005642815,0.0661426,484.3664329319679,497.73489248045274,982.1013254124207,0.021739130434782608,0.03,1,ANOMALY
ea6e6b76123b4ca9a9ef3a8bc47289f5,3,1,TEST,0.00048437584,0.04371558,411.7406996424577,316.2454571645508,727.9861568070085,0.021739130434782608,0.03,1,ANOMALY
ea89502eddaa4e95ad34867fc870392e,3,1,TEST,0.00027864907,0.021620603,224.7569799843958,137.44306170372545,362.20004168812125,0.021739130434782608,0.03,1,ANOMALY
eab83ea215084af69d33ecb1da2cfa69,3,1,TEST,0.00023928384,0.025513759,188.9781791477564,168.94821415093938,357.92639329869576,0.021739130434782608,0.03,1,ANOMALY
eab89eacef324c859fe721386cf12a0a,3,1,TEST,0.00024708928,0.014549182,196.07249266255965,80.21797320908773,276.29046587164737,0.021739130434782608,0.03,1,ANOMALY
eac80f93ed8b4900a31b149636e2d25d,3,1,TEST,0.00020535744,0.015028057,158.14269543016695,84.09324301028748,242.23593844045445,0.021739130434782608,0.03,1,ANOMALY
eacd4b554e66444fb12f579662424570,3,1,TEST,0.00023149897,0.026418496,181.9025615718111,176.2697489442112,358.1723105160223,0.021739130434782608,0.03,1,ANOMALY
eadbf118bc284bdcaf562b9ec3ff80e3,3,1,TEST,0.00019982483,0.019548299,153.11414228067943,120.67305468706054,273.78719696774,0.021739130434782608,0.03,1,ANOMALY
eae0c5f9d941436db1d399e3a9a4dced,3,1,TEST,0.00031923776,0.034757737,261.6477756365512,243.75460159307923,505.4023772296305,0.021739130434782608,0.03,1,ANOMALY
eb0be55a15434a39a8e7f66039266447,3,1,TEST,0.0002391645,0.013920255,188.86971180000194,75.12841578750768,263.9981275875096,0.021739130434782608,0.03,1,ANOMALY
eb1dbf6beebe497db2f713be42fde4f7,3,1,TEST,0.0002158455,0.0130389305,167.67522476894445,67.99634537266569,235.67157014161012,0.021739130434782608,0.03,1,ANOMALY
eb240b48430046399f98bba8ad1f4d8c,3,1,TEST,0.00033130485,0.03335316,272.6154750450852,232.38813888034687,505.0036139254321,0.021739130434782608,0.03,1,ANOMALY
eb49551a34074c37931f2949c881e3de,3,1,TEST,0.00045959622,0.03205512,389.218664618463,221.88382102548013,611.102485643943,0.021739130434782608,0.03,1,ANOMALY
eb5f0c24a019478fa5979f7039342fbd,3,1,TEST,0.0002467254,0.01605397,195.74176450351078,92.39538796994965,288.13715247346045,0.021739130434782608,0.03,1,ANOMALY
eb6af3ae5cf64d719f443171d82c5491,3,1,TEST,0.00015799984,0.019769983,115.09968162074082,122.4670203578706,237.56670197861143,0.021739130434782608,0.03,1,ANOMALY
eb8170310b2b4dffbc1f2a4e2e356ca1,3,1,TEST,0.0001398249,0.015769657,98.58059717800107,90.09460053483923,188.67519771284032,0.021739130434782608,0.03,1,ANOMALY
eb91a97191304c6a9636f8374d55664c,4,1,TEST,0.0018705416,0.13559034,1671.6177193781214,1059.7369380739187,2731.35465745204,0.021739130434782608,0.03,1,ANOMALY
eba660a94d2f468b9d8edc8cfab9f5bd,3,1,TEST,0.0002699493,0.022155134,216.84981576473876,141.76872464730175,358.6185404120405,0.021739130434782608,0.03,1,ANOMALY
ebac43d8b3b746c4ade19d2aaf50a1b9,3,1,TEST,0.00025635512,0.034388326,204.49415421373482,240.76516323749377,445.2593174512286,0.021739130434782608,0.03,1,ANOMALY
ebd0a940cf92452ba584faff836a11be,3,1,TEST,0.0004296333,0.050705433,361.98556202604425,372.8104610710513,734.7960230970955,0.021739130434782608,0.03,1,ANOMALY
ebd862e405a44c4da38f2e7a54d99f4e,3,1,TEST,0.00021386018,0.013748934,165.87078036770515,73.74200994545842,239.61279031316357,0.021739130434782608,0.03,1,ANOMALY
ebe4602597134368815053ddd61eabc7,3,1,TEST,0.00022089612,0.015013815,172.26570035060746,83.97799040259508,256.24369075320254,0.021739130434782608,0.03,1,ANOMALY
ebeab2dd2c05493d8781c1d81af8d529,3,1,TEST,0.00015642337,0.016927226,113.66683831828998,99.46216448890861,213.1290028071986,0.021739130434782608,0.03,1,ANOMALY
ebf8689ee31748599e9f8070b2558a73,3,1,TEST,0.00038299858,0.0430678,319.5995691345396,311.0033328694401,630.6029020039797,0.021739130434782608,0.03,1,ANOMALY
ec02b94a3a7e45398cbdfe2972456ffe,3,1,TEST,0.00030639046,0.039063033,249.97094844695883,278.594974496292,528.5659229432508,0.021739130434782608,0.03,1,ANOMALY
ec11cf4353f1413c8d358915fda99501,3,1,TEST,0.00029005285,0.018245874,235.12180125953768,110.1332514590207,345.2550527185584,0.021739130434782608,0.03,1,ANOMALY
ec2e8c0580a24e7a9162df477576e494,3,1,TEST,0.0008758425,0.20871043,767.5421940659488,1651.4572756108687,2418.9994696768176,0.021739130434782608,0.03,1,ANOMALY
ec85e842dba043c7bac46fd017de0b74,3,1,TEST,0.0002470707,0.028246706,196.05560542172444,191.06443858817127,387.1200440098957,0.021739130434782608,0.03,1,ANOMALY
ec8cfd045f284786af7274ae171bfabd,3,1,TEST,0.00022057838,0.017111108,171.97690853666825,100.95021953789679,272.927128074565,0.021739130434782608,0.03,1,ANOMALY
ec8f9ada29604970955c09573f48df1a,3,1,TEST,0.00026648125,0.034868523,213.69772773574698,244.65113125154068,458.34885898728766,0.021739130434782608,0.03,1,ANOMALY
ec96dde237b64acdaca69b90ef4c6753,3,1,TEST,0.00019396277,0.01645404,147.78615417461654,95.63293260971155,243.4190867843281,0.021739130434782608,0.03,1,ANOMALY
ec9db265d9b8410e8ac766724cef0478,3,1,TEST,0.00023838753,0.037301563,188.16352883381467,264.34037465976,452.5039034935747,0.021739130434782608,0.03,1,ANOMALY
ecaef297d1ba4d838f9bac8aaa8bcbc1,3,1,TEST,0.00033491984,0.01511784,275.901115881845,84.81980703756206,360.72092291940703,0.021739130434782608,0.03,1,ANOMALY
ecb7036347f74911bfb58d8b674e6de4,3,1,TEST,0.00023601032,0.022802921,186.0028981671866,147.01090558953047,333.01380375671704,0.021739130434782608,0.03,1,ANOMALY
ecb9b243a4444993b01a27b0a83d1154,3,1,TEST,0.00018460944,0.023804605,139.28497353298522,155.11697868907618,294.40195222206137,0.021739130434782608,0.03,1,ANOMALY
ecc48e2e1dd84b299916bd9f4db26dae,3,1,TEST,0.00032556342,0.0157664,267.39712675936437,90.06824344010154,357.4653701994659,0.021739130434782608,0.03,1,ANOMALY
ecc6ebc6e9b54ba6802647282503f0b1,3,1,TEST,0.0004244302,0.01955452,357.2564983667409,120.7233977900274,477.9798961567683,0.021739130434782608,0.03,1,ANOMALY
ecd01fe521324fe094b28d39eecff086,3,1,TEST,0.00037650787,0.023995096,313.70020514305816,156.65851670985475,470.35872185291294,0.021739130434782608,0.03,1,ANOMALY
ecdfaca162ef4ef9ac064322a0575586,3,1,TEST,0.00047887102,0.056545768,406.73740464274476,420.07305330157044,826.8104579443152,0.021739130434782608,0.03,1,ANOMALY
ecf4ec3ac8f34f0ea0f2ea94069a4978,3,1,TEST,0.00030196688,0.028056825,245.95038543221355,189.52783695909977,435.47822239131335,0.021739130434782608,0.03,1,ANOMALY
ed06cd938fca46d58ea64bbce8ffdd8a,3,1,TEST,0.0002937268,0.01692967,238.4610304558048,99.48194242551867,337.9429728813235,0.021739130434782608,0.03,1,ANOMALY
ed11de8d30a443328f589c582a43d972,3,1,TEST,0.0005726423,0.04183815,491.96550952913185,301.0524573569467,793.0179668860785,0.021739130434782608,0.03,1,ANOMALY
ed40307511424b4e968e72ab7a4cad38,3,1,TEST,0.00015888872,0.016777402,115.90757885613542,98.24972194608439,214.15730080221982,0.021739130434782608,0.03,1,ANOMALY
ed7eefef090f4cbfbc2ff92c6e17f51e,4,1,TEST,0.00060080487,0.06710281,517.5622857470763,505.505339498589,1023.0676252456653,0.021739130434782608,0.03,1,ANOMALY
ed8e683ec32a4ff1b721bfef5f1d4910,3,1,TEST,0.00020535682,0.016518414,158.1421319162101,96.15387569127233,254.29600760748244,0.021739130434782608,0.03,1,ANOMALY
edbb23275c6941b691857d5e4e96a48c,3,1,TEST,0.00024850824,0.017095927,197.36217615317202,100.82736812395366,298.18954427712566,0.021739130434782608,0.03,1,ANOMALY
edbf806816184442b44d2f65f67426c2,3,1,TEST,0.00022360987,0.01802216,174.7322100285753,108.3228581240051,283.0550681525804,0.021739130434782608,0.03,1,ANOMALY
eded453ce59f4fc5b6cb86ba59a6e7ef,3,1,TEST,0.000772593,0.18597165,673.6993968313689,1467.4449395103736,2141.1443363417425,0.021739130434782608,0.03,1,ANOMALY
ee03cc8998b84c9e95d811a3268010a2,3,1,TEST,0.0002769099,0.015075882,223.17625971295175,84.48026421256861,307.65652392552033,0.021739130434782608,0.03,1,ANOMALY
ee1ab3bed90f4abbb8cdd55bd9cf4669,3,1,TEST,0.0003810405,0.048991706,317.81988299166153,358.94221885627576,676.7621018479373,0.021739130434782608,0.03,1,ANOMALY
ee3e691683f24fbea6685026ccb7c33c,3,1,TEST,0.0002921436,0.020784292,237.02207030024195,130.6752605808622,367.6973308811041,0.021739130434782608,0.03,1,ANOMALY
ee5c134577d54c739a9e12bb4bc83032,3,1,TEST,0.00027200935,0.016545344,218.7221817756453,96.37180524647216,315.09398702211746,0.021739130434782608,0.03,1,ANOMALY
ee7da9b646be41a8a9861aac3d3d331e,4,1,TEST,0.0024274443,0.056837313,2177.7829517084483,422.43236530196884,2600.215317010417,0.021739130434782608,0.03,1,ANOMALY
ee8335d83cf74381867101c6762a66a0,3,1,TEST,0.00038137974,0.020463573,318.12821601539395,128.07985957773823,446.2080755931322,0.021739130434782608,0.03,1,ANOMALY
ee8866d456c94376a046376c21ff549c,3,1,TEST,0.00023631276,0.025353124,186.27778391090087,167.6482841806638,353.9260680915647,0.021739130434782608,0.03,1,ANOMALY
eebdbb4ec35e4f13910e76568088698a,3,1,TEST,0.00023628038,0.022380374,186.24835394005882,143.59146705403052,329.83982099408934,0.021739130434782608,0.03,1,ANOMALY
ef1c198aa32f4935b1cb0e439d929dbc,3,1,TEST,0.00018137458,0.01487412,136.34483037430402,82.8475162394448,219.19234661374884,0.021739130434782608,0.03,1,ANOMALY
ef1ddc79b1ca4a48b3ad9194dd653499,3,1,TEST,0.00024265968,0.021604352,192.04645810907226,137.31155137318137,329.35800948225364,0.021739130434782608,0.03,1,ANOMALY
ef3722583c7043f984dad85b92d4db89,3,1,TEST,0.0004860789,0.04683656,413.288599770384,341.5018174760066,754.7904172463906,0.021739130434782608,0.03,1,ANOMALY
ef3a94a2231d410aa67eeb24f7765f19,3,1,TEST,0.00022369146,0.013068779,174.8063666475068,68.23789272982803,243.0442593773348,0.021739130434782608,0.03,1,ANOMALY
ef585238883c495fac57f2e24cfacc0a,3,1,TEST,0.00016448498,0.020643456,120.99398307554557,129.53555293748602,250.5295360130316,0.021739130434782608,0.03,1,ANOMALY
ef64df8774524a88adcdf0337979045a,3,1,TEST,0.00014058387,0.014717504,99.27042006157077,81.58010980731804,180.85052986888883,0.021739130434782608,0.03,1,ANOMALY
ef8830af84e3404fa4aeb36315be0927,3,1,TEST,0.0002901659,0.023473904,235.22455166731075,152.44079889575528,387.665350563066,0.021739130434782608,0.03,1,ANOMALY
ef8e4faf45a54fcbb88e16be4569c680,3,1,TEST,0.00046592782,0.020195996,394.9734145685399,125.91450730920131,520.8879218777412,0.021739130434782608,0.03,1,ANOMALY
efa11374ffd847e0b66f1d1926a0f26a,3,1,TEST,0.00027260874,0.016636116,219.26696343787552,97.10637270226856,316.3733361401441,0.021739130434782608,0.03,1,ANOMALY
efba5df59bf644f18a8c3190f7434c7f,3,1,TEST,0.00017998069,0.013574103,135.07793284320405,72.32719961997985,207.40513246318392,0.021739130434782608,0.03,1,ANOMALY
efd48f285bc941bdaede8bea6652c556,3,1,TEST,0.0004253514,0.03778056,358.0937710393688,268.21663173930114,626.3104027786699,0.021739130434782608,0.03,1,ANOMALY
efec83f6402e4a4cbbae0e595c86b33b,3,1,TEST,0.0008250241,0.05247134,721.3536817052518,387.1009670879183,1108.4546487931702,0.021739130434782608,0.03,1,ANOMALY
eff3a0a5f4764992bb2f7483925d06c3,3,1,TEST,0.0002562709,0.018135875,204.41760720495418,109.24309055510597,313.66069776006015,0.021739130434782608,0.03,1,ANOMALY
effe0da1bc094e949e699e69139b63a0,3,1,TEST,0.00030262006,0.03779191,246.54405647466592,268.3084809948346,514.8525374695005,0.021739130434782608,0.03,1,ANOMALY
f000c11e3b284f829d8466e9377084f2,3,1,TEST,0.00016341002,0.017640501,120.01695894162451,105.23430349689764,225.25126243852213,0.021739130434782608,0.03,1,ANOMALY
f0050615359d469ba903bf7ef7c55715,3,1,TEST,0.00025346637,0.02095559,201.86858817698507,132.06148029666676,333.93006847365183,0.021739130434782608,0.03,1,ANOMALY
f044f55e6a95498fb7024af0fda35ee8,3,1,TEST,0.00024021394,0.02026979,189.82354097234523,126.51168122663223,316.3352221989775,0.021739130434782608,0.03,1,ANOMALY
f0836bfd9bde4f888fa2cc049509c8e4,3,1,TEST,0.00019940174,0.014149781,152.72959853875355,76.98584241531279,229.71544095406634,0.021739130434782608,0.03,1,ANOMALY
f097bb42a2d6485ca68e815ecf2b420b,3,1,TEST,0.00024501188,0.017809784,194.18435734979673,106.60421693517796,300.7885742849747,0.021739130434782608,0.03,1,ANOMALY
f09c9662e21845abb526f925ababf282,3,1,TEST,0.00029334417,0.01750319,238.11326054402926,104.12312172363208,342.2363822676613,0.021739130434782608,0.03,1,ANOMALY
f0aa8c53b98d42619b5c96957d197d46,3,1,TEST,0.00022681609,0.018849384,177.64632247802498,115.01712319532362,292.66344567334863,0.021739130434782608,0.03,1,ANOMALY
f0cba88c23c941ecac6d39897b835df7,3,1,TEST,0.00015796044,0.021000244,115.06387121767791,132.42284035451647,247.4867115721944,0.021739130434782608,0.03,1,ANOMALY
f0e8ae1f20cd4c8fb0eb5953c2893eae,3,1,TEST,0.00032319088,0.019579908,265.24074062528206,120.92884879438733,386.16958941966936,0.021739130434782608,0.03,1,ANOMALY
f10dd7e1923e4d8f902520d98d9acfec,3,1,TEST,0.00027241546,0.022095688,219.09129250630198,141.28766113677787,360.37895364307985,0.021739130434782608,0.03,1,ANOMALY
f1123c42655e41e4bd059c63a5dfb643,3,1,TEST,0.00027461894,0.016972309,221.0940211088662,99.82699620584413,320.9210173147103,0.021739130434782608,0.03,1,ANOMALY
f147cc8282c048249a10b695a85e33e8,3,1,TEST,0.0002272643,0.014615678,178.05369762413716,80.75608845983287,258.80978608397004,0.021739130434782608,0.03,1,ANOMALY
f1497b2e6e744a6eb2347a3bfedbb7d6,3,1,TEST,0.00026935712,0.020627124,216.31158722449044,129.40338711886278,345.7149743433532,0.021739130434782608,0.03,1,ANOMALY
f16b3772bdba4c6d91e6f822b283528d,3,1,TEST,0.0002633917,0.017626012,210.88965588846352,105.11705205518616,316.0067079436497,0.021739130434782608,0.03,1,ANOMALY
f170322daf57474785de9234d3ae4ca8,3,1,TEST,0.00028932083,0.040721085,234.45647305522039,292.01266981222795,526.4691428674483,0.021739130434782608,0.03,1,ANOMALY
f1bda9214cd048288058022a833c5850,4,1,TEST,0.00048408052,0.040701967,411.47228522031213,291.8579584406606,703.3302436609727,0.021739130434782608,0.03,1,ANOMALY
f1cd367817734b29a804d5578d166740,4,1,TEST,0.0028358116,0.11533364,2548.9453276147033,895.8106989051113,3444.7560265198144,0.021739130434782608,0.03,1,ANOMALY
f1f2b9a237294f40b194e29b5800722c,3,1,TEST,0.00017809623,0.028077977,133.36515943823187,189.69900836465442,323.0641678028863,0.021739130434782608,0.03,1,ANOMALY
f1f9032e2e804b4da1b93d8a4e8cea99,3,1,TEST,0.00022219622,0.018429661,173.44735276233513,111.62053772569385,285.067890488029,0.021739130434782608,0.03,1,ANOMALY
f232379f09fa4383a1f268c00be02bf7,3,1,TEST,0.00022298844,0.0149526205,174.1673963540734,83.4827772512518,257.6501736053252,0.021739130434782608,0.03,1,ANOMALY
f232fea13cef4a32843eec28647dff2f,3,1,TEST,0.00023753494,0.028405944,187.38861534276407,192.35306341219305,379.7416787549571,0.021739130434782608,0.03,1,ANOMALY
f2357956eb044dfba70031ac3af2ee80,3,1,TEST,0.00024145617,0.022663563,190.95259571845742,145.88315858048722,336.8357542989446,0.021739130434782608,0.03,1,ANOMALY
f2360dc4f5524e818d74725be6306d35,4,1,TEST,0.00089041836,0.09937526,780.7900981671756,766.6683797402565,1547.458477907432,0.021739130434782608,0.03,1,ANOMALY
f238d1336c0d4a3992f704bc8b82645f,3,1,TEST,0.00014909264,0.021123936,107.00398562678588,133.42381111358716,240.42779674037303,0.021739130434782608,0.03,1,ANOMALY
f24c43df9e9c415b9c167ff3fff63e75,3,1,TEST,0.00028161687,0.025273968,227.454394050641,167.00771857088304,394.46211262152406,0.021739130434782608,0.03,1,ANOMALY
f25c7ffa9f654a3b9fa0664108c8938a,3,1,TEST,0.0004010039,0.047052044,335.96448706541315,343.2456099852036,679.2100970506167,0.021739130434782608,0.03,1,ANOMALY
f26dd596fe3c41acaa858ad8fc341240,3,1,TEST,0.00022173571,0.01520042,173.02879822643428,85.48808118046588,258.51687940690016,0.021739130434782608,0.03,1,ANOMALY
f283f67dc1184bb382b65f6a966617d1,3,1,TEST,0.0002556907,0.016349874,203.8902672085813,94.78997493994017,298.6802421485215,0.021739130434782608,0.03,1,ANOMALY
f2a12c851a9641e2b1f392cfb12acc8a,3,1,TEST,0.00014750028,0.015436546,105.55670000695764,87.39891794805263,192.95561795501027,0.021739130434782608,0.03,1,ANOMALY
f2a802b200cc48e29169ff963cab3781,3,1,TEST,0.00017725825,0.013298622,132.6035248809058,70.09788466283173,202.70140954373755,0.021739130434782608,0.03,1,ANOMALY
f2c8b45d57c54cceaef3a63f7543ba72,3,1,TEST,0.0002905344,0.023323718,235.55947891423148,151.22542688768849,386.78490580192,0.021739130434782608,0.03,1,ANOMALY
f2ceb8f9823a458991cfee9d43ab6985,3,1,TEST,0.00022322299,0.015947768,174.38057731951506,91.53595408130019,265.91653140081524,0.021739130434782608,0.03,1,ANOMALY
f2d0e909f8a34a29b6d5ba8632d14118,3,1,TEST,0.00021304261,0.013916818,165.1276963262805,75.10060205259414,240.22829837887463,0.021739130434782608,0.03,1,ANOMALY
f3317c0669d34f488307acb087c81f2f,3,1,TEST,0.00023101128,0.023535449,181.45930331115773,152.93884844921877,334.3981517603765,0.021739130434782608,0.03,1,ANOMALY
f35e6f9e423c4bb8a94b030dee2753d3,4,1,TEST,0.00045757034,0.057349894,387.3773554977255,426.5803990685441,813.9577545662696,0.021739130434782608,0.03,1,ANOMALY
f3754125bcc54ee38d5333ef7ace758a,3,1,TEST,0.00027251698,0.016417218,219.18356337226504,95.3349525844027,314.5185159566677,0.021739130434782608,0.03,1,ANOMALY
f3c3c24ad7df4ea29b91fc49b5b2544f,3,1,TEST,0.00016807887,0.016458338,124.2604462599037,95.66771394013296,219.92816020003664,0.021739130434782608,0.03,1,ANOMALY
f3d60d9e668e4c0fb4b7caa26d925e3c,3,1,TEST,0.00035097916,0.037447255,290.49732710306387,265.5193792181027,556.0167063211666,0.021739130434782608,0.03,1,ANOMALY
f3d9e9f9968c4c2681265a0a6663e0a2,3,1,TEST,0.0002216794,0.013729735,172.97761843464565,73.58664308581189,246.56426152045753,0.021739130434782608,0.03,1,ANOMALY
f3f81fac97e24a848ac48001c41abbd4,3,1,TEST,0.00024786073,0.014739323,196.7736585367442,81.75667887396881,278.530337410713,0.021739130434782608,0.03,1,ANOMALY
f3fe8dfde5024f9293b105649f2a8bb6,3,1,TEST,0.00023274639,0.01873261,183.03633347507804,114.07213597367851,297.1084694487565,0.021739130434782608,0.03,1,ANOMALY
f40ab4e5696c4813b600a28b8278ed06,3,1,TEST,0.00022553743,0.02426403,176.4841567424818,158.8348504268286,335.3190071693104,0.021739130434782608,0.03,1,ANOMALY
f41690547bc9431882eda6dff1eee133,3,1,TEST,0.0002719286,0.030704886,218.64878862723594,210.95712607428595,429.6059147015219,0.021739130434782608,0.03,1,ANOMALY
f41c24b89d7d4060a5640869939e0009,3,1,TEST,0.0002809701,0.021916559,226.8665490153875,139.8380694808779,366.7046184962654,0.021739130434782608,0.03,1,ANOMALY
f41c83ac6c8841b59e086387a0489036,3,1,TEST,0.0002184948,0.016263207,170.08315626220661,94.08862697259882,264.17178323480545,0.021739130434782608,0.03,1,ANOMALY
f4228b928ebe4887aa13256a5d0d248e,3,1,TEST,0.00017720672,0.01593641,132.55668959994566,91.44404008620329,224.00072968614893,0.021739130434782608,0.03,1,ANOMALY
f42c3d4127cd4fa192f625f89b49165e,2,1,TEST,0.00016122214,0.014600046,118.02840907732885,80.62958735300468,198.65799643033353,0.021739130434782608,0.03,1,ANOMALY
f43d7d22dfdd424a82d3feb0202a537d,3,1,TEST,0.0002146574,0.014164105,166.59536842683718,77.10175860352972,243.69712703036691,0.021739130434782608,0.03,1,ANOMALY
f457008add6541c195348cb1c3155595,4,1,TEST,0.00084882556,0.05580296,742.9866734840689,414.06192010294956,1157.0485935870183,0.021739130434782608,0.03,1,ANOMALY
f460f359fa00452a8e7ce6e471128ef3,3,1,TEST,0.00048462182,0.06700464,411.9642692603615,504.7109041315647,916.6751733919261,0.021739130434782608,0.03,1,ANOMALY
f484cb5ad1dc487586d79aa9f8acc81e,3,1,TEST,0.0002690464,0.017331347,216.02917584277208,102.73249162507284,318.7616674678449,0.021739130434782608,0.03,1,ANOMALY
f484e6b3b6d54c83b9a9cc8f99c7ed21,4,1,TEST,0.0010383318,0.051092908,915.2276592032022,375.9460813607299,1291.1737405639321,0.021739130434782608,0.03,1,ANOMALY
f496b431cc2e4e28b5b556ee581036aa,3,1,TEST,0.00038315362,0.026305115,319.7404839794856,175.3522193898811,495.0927033693667,0.021739130434782608,0.03,1,ANOMALY
f4b1143960794846a276057065dbfaf2,1,1,TEST,0.00016953322,0.014304977,125.58229549072914,78.24175757494108,203.82405306567023,0.021739130434782608,0.03,1,ANOMALY
f4c4b726bce6487c9c826bcd2363a702,3,1,TEST,0.00022104703,0.018262401,172.40286146548618,110.26699530450112,282.6698567699873,0.021739130434782608,0.03,1,ANOMALY
f510471132224860af599e249e6d4f2c,3,1,TEST,0.0002338438,0.017302752,184.03376226759713,102.50108814824631,286.53485041584344,0.021739130434782608,0.03,1,ANOMALY
f517936cf0924d3691e1351e5d51db18,3,1,TEST,0.00019424266,0.017359378,148.04054437038494,102.95933096268168,250.9998753330666,0.021739130434782608,0.03,1,ANOMALY
f5495de2765440c5b976c074ba4b59aa,3,1,TEST,0.00015432239,0.018357722,111.75727129729802,111.03837529451972,222.79564659181773,0.021739130434782608,0.03,1,ANOMALY
f552d28035cf47b59feadf2a8ddb4ec5,3,1,TEST,0.00020555555,0.014781208,158.32275631724283,82.09563095044648,240.4183872676893,0.021739130434782608,0.03,1,ANOMALY
f562420f14114e2f89d4b5c9b1a5b997,3,1,TEST,0.0002764621,0.028562045,222.76925721316582,193.6163022349278,416.3855594480936,0.021739130434782608,0.03,1,ANOMALY
f5680a882dd8430a8452e6b9f3e5acfc,3,1,TEST,0.00042780826,0.031122308,360.32679507157957,214.33509082700095,574.6618858985805,0.021739130434782608,0.03,1,ANOMALY
f5771566302448cc9727220971e65bc4,3,1,TEST,0.00032260944,0.015398908,264.7122736009955,87.09433448727984,351.8066080882753,0.021739130434782608,0.03,1,ANOMALY
f5885b62a38245d2b7f5edf4f0071f2d,3,1,TEST,0.0001379576,0.01566652,96.88342038512431,89.25996999140652,186.14339037653082,0.021739130434782608,0.03,1,ANOMALY
f596af0c62b7453ba7fb38dd7c700b33,3,1,TEST,0.0003061281,0.017540565,249.73249115387304,104.42557687125903,354.1580680251321,0.021739130434782608,0.03,1,ANOMALY
f59764aea32449c79db6b4c182f8289a,3,1,TEST,0.0002526035,0.018510515,201.0843312609729,112.27484430780027,313.35917556877314,0.021739130434782608,0.03,1,ANOMALY
f5bd2bd338b74ec58530c48baae582a0,3,1,TEST,0.00032175542,0.017516142,263.9360603922703,104.22793507673077,368.16399546900107,0.021739130434782608,0.03,1,ANOMALY
f5c09852b28c4361b4c188008a9303fc,3,1,TEST,0.00030455447,0.01583359,248.30222910890183,90.6119748479692,338.914203956871,0.021739130434782608,0.03,1,ANOMALY
f60965b4f2194390a23a6b9dd03e08b4,3,1,TEST,0.00023045678,0.01737818,180.9553218771888,103.11148512149587,284.0668069986847,0.021739130434782608,0.03,1,ANOMALY
f62dfa03d2a54d7f91ee831229978fe7,3,1,TEST,0.0002614088,0.022267068,209.0874110094428,142.67454443310703,351.76195544254983,0.021739130434782608,0.03,1,ANOMALY
f63a7df2e95548f09c452a81e87dc3db,3,1,TEST,0.00015649154,0.013012256,113.7287975867366,67.78048343727106,181.50928102400766,0.021739130434782608,0.03,1,ANOMALY
f63f69f30b6943d2bc66cb486e82c55a,3,1,TEST,0.00020534846,0.01585066,158.13453356672773,90.75011289131342,248.88464645804115,0.021739130434782608,0.03,1,ANOMALY
f63ffe75c5e649daa5abceb26c3b80af,1,1,TEST,0.00051679485,0.014864521,441.20612641910856,82.76983685584426,523.9759632749528,0.021739130434782608,0.03,1,ANOMALY
f656cb485c3646278729b92754b5af5c,3,1,TEST,0.00039777643,0.02003895,333.0310606295399,124.64362112554333,457.67468175508327,0.021739130434782608,0.03,1,ANOMALY
f669cd131753406e939dd92bed43ba67,3,1,TEST,0.00026757343,0.020845737,214.69040301537225,131.17250088978355,345.8629039051558,0.021739130434782608,0.03,1,ANOMALY
f66a3c503dee484787eacb2ac99dcec3,3,1,TEST,0.0002922595,0.040021334,237.1274110544295,286.34997303611874,523.4773840905482,0.021739130434782608,0.03,1,ANOMALY
f66b352bf7b64075865e19f5b6a3b7dc,3,1,TEST,0.00038948073,0.021076672,325.49115299784285,133.0413297731875,458.53248277103035,0.021739130434782608,0.03,1,ANOMALY
f67fcd74886949d49b9ee7592237a9ea,3,1,TEST,0.00022241047,0.018717924,173.6420831901581,113.95329032021901,287.5953735103771,0.021739130434782608,0.03,1,ANOMALY
f6ab020602014d81a1c4345a921c25cd,3,1,TEST,0.00016445295,0.025524536,120.96487121742108,169.03542643524642,290.0002976526675,0.021739130434782608,0.03,1,ANOMALY
f6aec95bcb6d41b1b6ba5f7dad031ceb,3,1,TEST,0.0004024456,0.069005206,337.27483879373233,520.9003752985852,858.1752140923176,0.021739130434782608,0.03,1,ANOMALY
f6c82427085f4c3d822e2170fd43d409,3,1,TEST,0.00017336632,0.02337136,129.06617508413993,151.6109671724575,280.67714225659745,0.021739130434782608,0.03,1,ANOMALY
f70155c9f04f427d9aca3916e4d70f87,3,1,TEST,0.00022772892,0.024448853,178.4759877122357,160.33052046695835,338.80650817919405,0.021739130434782608,0.03,1,ANOMALY
f705c696e1cd447d825edb43a6627c6d,4,1,TEST,0.0004552085,0.03687617,385.2306945238658,260.89790502459056,646.1285995484564,0.021739130434782608,0.03,1,ANOMALY
f71f836780e54f48914115a281c742a8,3,1,TEST,0.00024414313,0.035622045,193.39475614012946,250.74896691040703,444.1437230505365,0.021739130434782608,0.03,1,ANOMALY
f7266108a843440083088c4d47022ab6,3,1,TEST,0.0003275282,0.016067777,269.18290248855004,92.50712036388367,361.6900228524337,0.021739130434782608,0.03,1,ANOMALY
f72dec3bf7474c4b8d02c415a7a2517b,3,1,TEST,0.0002754218,0.021662774,221.82373532721837,137.78432821959368,359.60806354681205,0.021739130434782608,0.03,1,ANOMALY
f742f77edff94ff9a0383e04ac53594c,3,1,TEST,0.00030293496,0.01655362,246.83026703112543,96.43877832478015,343.2690453559056,0.021739130434782608,0.03,1,ANOMALY
f74e449141a9416dadd6b0ce4b604985,3,1,TEST,0.00026421403,0.015220498,211.63706626284707,85.6505612996379,297.287627562485,0.021739130434782608,0.03,1,ANOMALY
f75eaf1714534404a8f930431f64d867,3,1,TEST,0.00015942525,0.017685695,116.39522747429112,105.60003347527493,221.99526094956605,0.021739130434782608,0.03,1,ANOMALY
f770368ecdf44223a54e3a9e63563e1e,4,1,TEST,0.0016040571,0.08432233,1429.4116951391813,644.8533652822589,2074.2650604214405,0.021739130434782608,0.03,1,ANOMALY
f79fb66de5bf400f81ae8f25bccdc8b8,3,1,TEST,0.00026747532,0.024487438,214.6012314761717,160.64276747354523,375.2439989497169,0.021739130434782608,0.03,1,ANOMALY
f7a8a8fe31dc45838ff6a379b600f37f,4,1,TEST,0.00041070988,0.041821472,344.7861889923269,300.91749155220765,645.7036805445346,0.021739130434782608,0.03,1,ANOMALY
f7b2f4c336cc41ddaeb284c4fc9e8780,4,1,TEST,0.00039505045,0.04387128,330.55343518432693,317.5054509166715,648.0588861009985,0.021739130434782608,0.03,1,ANOMALY
f7c86c5c773044b99e5b0f6cd21a2e80,3,1,TEST,0.00031778112,0.028786808,260.32384503965943,195.43518454519048,455.75902958484994,0.021739130434782608,0.03,1,ANOMALY
f7f707fdb38b4810a550d3b05801574f,3,1,TEST,0.00022867274,0.01838264,179.33381955535302,111.24002284953156,290.57384240488454,0.021739130434782608,0.03,1,ANOMALY
f7f8cf5c3a814c43814062b92698f029,3,1,TEST,0.00021365884,0.013590638,165.6877837546929,72.46100820502363,238.14879195971653,0.021739130434782608,0.03,1,ANOMALY
f813ce367cd04d4a821089f72d8e346b,3,1,TEST,0.00036619225,0.020981668,304.32440539575697,132.27251508836747,436.59692048412444,0.021739130434782608,0.03,1,ANOMALY
f8568d75b63142de99dc58827606bf4d,3,1,TEST,0.00054163835,0.035371877,463.7862215585261,248.72449602421227,712.5107175827384,0.021739130434782608,0.03,1,ANOMALY
f860acfd1abb410e9d6d29d6a5881b3c,3,1,TEST,0.00037467538,0.0534889,312.0346669321768,395.33551585097507,707.3701827831519,0.021739130434782608,0.03,1,ANOMALY
f8693b9e8fcd461f89cd8919f111b18d,4,1,TEST,0.001058699,0.0985991,933.7392744636744,760.387347301939,1694.1266217656134,0.021739130434782608,0.03,1,ANOMALY
f87b5f7528594ac88ac2474f07417fb2,3,1,TEST,0.00019382164,0.017708492,147.65788203796004,105.78451695354785,253.4423989915079,0.021739130434782608,0.03,1,ANOMALY
f8b23ed9b1814787b8d56bd4c8c7b99f,4,1,TEST,0.0006971761,0.08698712,605.1534682335491,666.4180329169006,1271.5715011504499,0.021739130434782608,0.03,1,ANOMALY
f8b5ef8f9b0c44c1a4196cf07c789383,3,1,TEST,0.00022797694,0.022550503,178.7014114728362,144.96822670113738,323.66963817397357,0.021739130434782608,0.03,1,ANOMALY
f8c79cebebe04ba68ec22affe2ef57f8,3,1,TEST,0.00045433204,0.049208716,384.4340857454774,360.6983604371859,745.1324461826632,0.021739130434782608,0.03,1,ANOMALY
f8cad4d7ecf743f9b1ad9d0d1de3db6d,4,1,TEST,0.0007455671,0.08941909,649.1357325639192,686.098617408519,1335.2343499724382,0.021739130434782608,0.03,1,ANOMALY
f8d02ee84ab74f7995bccfabad3b79fa,3,1,TEST,0.00029775,0.014676456,242.11769069952666,81.24793110765813,323.36562180718477,0.021739130434782608,0.03,1,ANOMALY
f8d6c8cd1bab4da5881a880ead12b0c7,1,1,TEST,0.00021549128,0.01551487,167.35327652090032,88.03275064324272,255.38602716414306,0.021739130434782608,0.03,1,ANOMALY
f8e96d0d096549408338dfc71a8be89f,3,1,TEST,0.00021517937,0.0145192575,167.06978355594225,79.97581082607337,247.04559438201562,0.021739130434782608,0.03,1,ANOMALY
f919a0abcb0a487783b313063eb6597a,3,1,TEST,0.00036644086,0.023661628,304.5503654035099,153.95994512005268,458.51031052356257,0.021739130434782608,0.03,1,ANOMALY
f92b4b95129c4750b6620ac0647158b7,3,1,TEST,0.00028568186,0.025076648,231.14903695284002,165.41091724032134,396.5599541931614,0.021739130434782608,0.03,1,ANOMALY
f92b53bea5554e87aef6ca9701776d48,3,1,TEST,0.0003610558,0.032117866,299.65591948681254,222.39158960589484,522.0475090927074,0.021739130434782608,0.03,1,ANOMALY
f93a268d03d34f67befab0061ea0007d,3,1,TEST,0.00025806215,0.023802875,206.04566264877172,155.10297875849707,361.14864140726877,0.021739130434782608,0.03,1,ANOMALY
f94cf65e94a6440bae2521c931581d94,3,1,TEST,0.00023824579,0.013731298,188.03470227213612,73.59929157800562,261.63399385014174,0.021739130434782608,0.03,1,ANOMALY
f9505a433d864c419c1c931ba72ccf9e,3,1,TEST,0.0006173124,0.051590554,532.5658721144074,379.9732544549358,912.5391265693431,0.021739130434782608,0.03,1,ANOMALY
f967c9ce2d6f4b509596a7d626b0d6ab,3,1,TEST,0.0003567411,0.022738602,295.734316794034,146.49040759246785,442.22472438650186,0.021739130434782608,0.03,1,ANOMALY
f98467602d1e4d87960ff470ccb50394,3,1,TEST,0.00039332366,0.020938715,328.9839670141498,131.9249202801797,460.9088872943295,0.021739130434782608,0.03,1,ANOMALY
f99d4777bd5f4f84bdb40d2bd720f7e4,4,1,TEST,0.0014358901,0.11899189,1276.5658054976084,925.4148873681527,2201.980692865761,0.021739130434782608,0.03,1,ANOMALY
f9a5bf8e41d24db4907581ff1948b4db,3,1,TEST,0.00029797814,0.04302871,242.32504565776955,310.68699917791537,553.012044835685,0.021739130434782608,0.03,1,ANOMALY
f9d266c9944d40f0b5938be59abdfee1,4,1,TEST,0.000828869,0.09747437,724.8482862417119,751.285531163065,1476.133817404777,0.021739130434782608,0.03,1,ANOMALY
fa257318f80e4f088cb57a8f00124fda,3,1,TEST,0.00048317856,0.02238038,410.65249965821545,143.59151560870302,554.2440152669185,0.021739130434782608,0.03,1,ANOMALY
fa47647d70414bedbf5ba3cfba39f8db,3,1,TEST,0.00014208822,0.01613511,100.6377139663339,93.0520089914466,193.6897229577805,0.021739130434782608,0.03,1,ANOMALY
fa47a733f7e24c6796eea9fef6463c23,3,1,TEST,0.00022205865,0.015680943,173.32231628646298,89.37668733172018,262.69900361818316,0.021739130434782608,0.03,1,ANOMALY
fa54c966248541e180755322cf54a228,3,1,TEST,0.00025880666,0.014036202,206.72234293263867,76.06671055678925,282.78905348942794,0.021739130434782608,0.03,1,ANOMALY
fa5e916128c944f980cc596cf37657fa,3,1,TEST,0.0002525737,0.022690827,201.057246235306,146.10379101245778,347.1610372477638,0.021739130434782608,0.03,1,ANOMALY
fa8664e4474c424f9418c2ff898dfb3b,3,1,TEST,0.00058117276,0.058779042,499.7187889939011,438.1457012577271,937.8644902516282,0.021739130434782608,0.03,1,ANOMALY
fad8e639e85d4f78bf4e38b5b9d4fd22,3,1,TEST,0.0001959666,0.022428563,149.60742219414755,143.98143390644503,293.5888561005926,0.021739130434782608,0.03,1,ANOMALY
fad93bd857f345e2a9e7696ecba03199,3,1,TEST,0.00022835014,0.05309134,179.0406105191071,392.11828324922107,571.1588937683282,0.021739130434782608,0.03,1,ANOMALY
faf0f5b0d35d4a0ba4a9c8033b0777f6,3,1,TEST,0.0002702852,0.019917151,217.15511308425215,123.65796936565542,340.8130824499076,0.021739130434782608,0.03,1,ANOMALY
fb0c12ea27e544398583f9016be02015,3,1,TEST,0.00024692217,0.019163027,195.9206074733251,117.55526205464533,313.4758695279704,0.021739130434782608,0.03,1,ANOMALY
fb1e5af13ee94c2eb69fd64f12e10e82,3,1,TEST,0.00030189625,0.026250353,245.8861902858092,174.90906089371134,420.7952511795205,0.021739130434782608,0.03,1,ANOMALY
fb23e633d0f340f68de8fe7fcede76bd,3,1,TEST,0.0001571555,0.019645939,114.33226650088993,121.4632010580115,235.79546755890144,0.021739130434782608,0.03,1,ANOMALY
fb3b6073e5964836b2125c04c49739a4,3,1,TEST,0.0006054879,0.12801653,521.8186611748843,998.4462940164411,1520.2649551913255,0.021739130434782608,0.03,1,ANOMALY
fb3c14e32622405a9b35e0542cf65cdd,3,1,TEST,0.00019274249,0.015817732,146.67704964036298,90.48364484847573,237.16069448883871,0.021739130434782608,0.03,1,ANOMALY
fb431b68a5d54b2fb4703ac8ab57838f,3,1,TEST,0.00033087618,0.03557273,272.2258596775479,250.34988796444793,522.5757476419958,0.021739130434782608,0.03,1,ANOMALY
fb4ec86c4dab4d7aa082ea387a907e93,3,1,TEST,0.00018968471,0.013592582,143.8978533388995,72.47673991892295,216.37459325782243,0.021739130434782608,0.03,1,ANOMALY
fb601ff54c834fddaf3b14c44709c836,3,1,TEST,0.00021031521,0.023782175,162.64878025232767,154.93546513827292,317.5842453906006,0.021739130434782608,0.03,1,ANOMALY
fb62484cb9794a87817b24a972063568,3,1,TEST,0.00020678912,0.01762915,159.44394004582904,105.1424461489187,264.5863861947477,0.021739130434782608,0.03,1,ANOMALY
fb6a4f0480b442a0a8522706250c7c7f,1,1,TEST,0.00017336587,0.014404419,129.0657660820745,79.04648653254151,208.112252614616,0.021739130434782608,0.03,1,ANOMALY
fb7549d237fe49b393d69116c9f88f6f,3,1,TEST,0.0006783164,0.0703109,588.012009892298,531.4666327307077,1119.4786426230057,0.021739130434782608,0.03,1,ANOMALY
fbab4356c4b14614956f71ac187ed36a,3,1,TEST,0.0003176566,0.015439097,260.2106696236851,87.41956177632275,347.6302314000078,0.021739130434782608,0.03,1,ANOMALY
fbae032d67fd470d86dc61485d2351fe,3,1,TEST,0.0002792331,0.04504507,225.28780104279235,327.00428242792236,552.2920834707147,0.021739130434782608,0.03,1,ANOMALY
fbaf54ada59e4ae0a43d942742285e99,3,1,TEST,0.00020394585,0.014316472,156.859710484493,78.3347802350607,235.1944907195537,0.021739130434782608,0.03,1,ANOMALY
fbc71576c9c849b68a194c3a27da375f,3,1,TEST,0.00022900775,0.020713333,179.6383079596703,130.10102874620108,309.7393367058714,0.021739130434782608,0.03,1,ANOMALY
fc17e792ddc948768fb1bc323350b793,3,1,TEST,0.0004848836,0.057220377,412.2021993952297,425.53228981489343,837.7344892101231,0.021739130434782608,0.03,1,ANOMALY
fc25436d0fa64af996c2af743247ab69,4,1,TEST,0.0008739497,0.07443099,765.8218404893637,564.8082361871944,1330.630076676558,0.021739130434782608,0.03,1,ANOMALY
fc34ee060ec0430f83c5e8f7e19183d1,3,1,TEST,0.0002558567,0.015985917,204.0411435260544,91.84467278168329,295.8858163077377,0.021739130434782608,0.03,1,ANOMALY
fc38763ec64141e79dc4c034ea15ba28,3,1,TEST,0.00020484842,0.015893597,157.68005047161174,91.09757822037447,248.7776286919862,0.021739130434782608,0.03,1,ANOMALY
fc51ad730570433c86e65de1745e16e9,3,1,TEST,0.0004391449,0.031490184,370.63059323855794,217.31210727886446,587.9427005174224,0.021739130434782608,0.03,1,ANOMALY
fc6aaa9a869a410db44e93f2c53b53de,3,1,TEST,0.00030170858,0.025189072,245.71561824665147,166.3207023243831,412.0363205710346,0.021739130434782608,0.03,1,ANOMALY
fc718cf942854cd8a9610e53db675162,3,1,TEST,0.00019527297,0.01771527,148.97698641047964,105.83936754861449,254.81635395909413,0.021739130434782608,0.03,1,ANOMALY
fc7ebdee91024e6bb798ee930e3e8867,3,1,TEST,0.00035279858,0.023933038,292.1509860761779,156.15631573189003,448.3073018080679,0.021739130434782608,0.03,1,ANOMALY
fc81143e92ce46aaab8663ae72896f0d,3,1,TEST,0.0002745877,0.020606032,221.0656272765899,129.23270126003342,350.29832853662333,0.021739130434782608,0.03,1,ANOMALY
fcb90e2c4b2c43f5a2ef453df5e31490,3,1,TEST,0.00015901893,0.014870011,116.02592587600392,82.81426438120805,198.840190257212,0.021739130434782608,0.03,1,ANOMALY
fcd6adf4637d41b584a1ffa00fee9f6a,3,1,TEST,0.00040659317,0.025150327,341.0445381194068,166.0071605265288,507.05169864593563,0.021739130434782608,0.03,1,ANOMALY
fceef2d1a79e43efa7796438cc82993c,3,1,TEST,0.0002328481,0.024931028,183.12877703080207,164.23249533804892,347.361272368851,0.021739130434782608,0.03,1,ANOMALY
fd320e746e2743fc9cf032eca49d59b3,3,1,TEST,0.0003710559,0.035012446,308.74494516369737,245.81582027393293,554.5607654376303,0.021739130434782608,0.03,1,ANOMALY
fd4e99edaf9442468ac58e8752322462,3,1,TEST,0.0004176107,0.08243504,351.05829928838,629.5805739627992,980.6388732511792,0.021739130434782608,0.03,1,ANOMALY
fd58c1a62a3844deb2bee8622a4b8a95,3,1,TEST,0.00033273763,0.016312657,273.91771944357396,94.48879839868984,368.4065178422638,0.021739130434782608,0.03,1,ANOMALY
fd5b0e3e19d146a1bc9c7cb770972123,3,1,TEST,0.00022535436,0.016321361,176.31776561332634,94.55923504363818,270.8770006569645,0.021739130434782608,0.03,1,ANOMALY
fd5ccdecce1f4630888e6186c8d37186,3,1,TEST,0.0001460324,0.01602491,104.22255344736465,92.16022150600213,196.38277495336678,0.021739130434782608,0.03,1,ANOMALY
fd68c06480c8439083905562353b6456,3,1,TEST,0.0002477626,0.01746461,196.6844688196741,103.81091517927231,300.4953839989464,0.021739130434782608,0.03,1,ANOMALY
fd752c6883944f3e895b2ed9cc4cc60b,3,1,TEST,0.00021244865,0.015400346,164.58784995563994,87.1059714237959,251.69382137943586,0.021739130434782608,0.03,1,ANOMALY
fd884b2e467b459eb9a56ab83fe5eb12,3,1,TEST,0.00040022744,0.02512877,335.25876763490004,165.83271168057846,501.0914793154785,0.021739130434782608,0.03,1,ANOMALY
fd93c29ef8e14f44a85bddbb7d52a386,3,1,TEST,0.0002786855,0.028955638,224.79009097382678,196.8014321056949,421.59152307952166,0.021739130434782608,0.03,1,ANOMALY
fdb4fa23d40a4c31bca5a5de33899547,3,1,TEST,0.00031195354,0.026153134,255.027195580744,174.1223214422828,429.1495170230268,0.021739130434782608,0.03,1,ANOMALY
fdb82a69f3a540e2a5ff4931061339fd,3,1,TEST,0.00033048287,0.04599916,271.86838278341924,334.7252036800793,606.5935864634985,0.021739130434782608,0.03,1,ANOMALY
fdc25c25f46d47e8b55d2c119bebc479,3,1,TEST,0.0005005819,0.049903717,426.47028189274886,366.3226180975432,792.7928999902921,0.021739130434782608,0.03,1,ANOMALY
fdc611c3cb98407190ce20856a66df97,3,1,TEST,0.0004496308,0.06496162,380.1611593674213,488.17787628662165,868.339035654043,0.021739130434782608,0.03,1,ANOMALY
fdf640ef10f24896bdb342f759456ee5,3,1,TEST,0.00031584338,0.024980452,258.56264579013924,164.63245636055896,423.1951021506982,0.021739130434782608,0.03,1,ANOMALY
fe10e9547d6d45da904ef1a0f63e612f,4,1,TEST,0.00077447656,0.05437798,675.4113522322101,402.5303472262832,1077.9416994584933,0.021739130434782608,0.03,1,ANOMALY
fe19919a42504b40ae96ccadc103687a,3,1,TEST,0.00028513797,0.0155577585,230.65469887868068,88.37982348870085,319.03452236738156,0.021739130434782608,0.03,1,ANOMALY
fe1c37a0ee374eb1a0653680eae87cf3,3,1,TEST,0.00021434898,0.015734676,166.31504750011996,89.81151870155128,256.12656620167127,0.021739130434782608,0.03,1,ANOMALY
fe24e08a751644f9bbdf58621b11e634,3,1,TEST,0.00036124606,0.033843666,299.8288455600802,236.3575319142436,536.1863774743238,0.021739130434782608,0.03,1,ANOMALY
fe2ce51319004e83be5745d3b17657ef,3,1,TEST,0.00043995603,0.049190685,371.3678240059794,360.55244555379164,731.920269559771,0.021739130434782608,0.03,1,ANOMALY
fe48f88585e441d090a87a86a9799259,3,1,TEST,0.00012989095,0.014904246,89.55169480473577,83.09130925021158,172.64300405494737,0.021739130434782608,0.03,1,ANOMALY
fe49bf686adf409b85fc16a83893dde0,3,1,TEST,0.00027274335,0.032618314,219.38930958905053,226.44143773217166,445.8307473212222,0.021739130434782608,0.03,1,ANOMALY
fe5676e2b834428f904021d1a8391d50,3,1,TEST,0.00017219121,0.019893195,127.99812526832169,123.46410674313901,251.46223201146069,0.021739130434782608,0.03,1,ANOMALY
fe99c8d9d856433aab6171c1cd0bf418,3,1,TEST,0.00031267706,0.05153121,255.68479819049185,379.4930163738449,635.1778145643368,0.021739130434782608,0.03,1,ANOMALY
feb00cbdf48042be8f7831566f963df8,1,1,TEST,0.00020152802,0.015505478,154.66216056475795,87.9567463958444,242.61890696060237,0.021739130434782608,0.03,1,ANOMALY
feba1b0bf403490ba43d3e00e8f22eca,3,1,TEST,0.0004885608,0.016622666,415.5443824953028,96.99752931135,512.5419118066528,0.021739130434782608,0.03,1,ANOMALY
fee0403aa43d42eda00b7dd127f06369,3,1,TEST,0.000332052,0.025299039,273.294554807736,167.21060427004434,440.5051590777804,0.021739130434782608,0.03,1,ANOMALY
fefce71a42e44b8d9a1c6ecc1df9199e,3,1,TEST,0.00024988316,0.01793937,198.61183197498005,107.65288456756277,306.2647165425428,0.021739130434782608,0.03,1,ANOMALY
ff0a4bc786734c419e75350ddde023ae,6,0,TEST,9.82841e-05,0.013747945,60.82443495578947,73.7340065169366,134.5584414727261,0.021739130434782608,0.03,1,ANOMALY
ff247724d52c4c719fa1d09550f7c4e7,3,1,TEST,0.0002465584,0.015520423,195.5899792925589,88.07768799266809,283.66766728522697,0.021739130434782608,0.03,1,ANOMALY
ff278b646dc9409c9b00f77e24dc2c96,3,1,TEST,0.0005699262,0.029746896,489.4968639514889,203.2046442849853,692.7015082364742,0.021739130434782608,0.03,1,ANOMALY
ff2a08094da0441d894adcf6298aa7b5,3,1,TEST,0.00015151902,0.014575075,109.20930658576428,80.42751089838549,189.6368174841498,0.021739130434782608,0.03,1,ANOMALY
ff2faf8abd084710a697b1a96a85b68a,3,1,TEST,0.00038119368,0.017215485,317.959107294737,101.7948847136521,419.7539920083891,0.021739130434782608,0.03,1,ANOMALY
ff3858bf4410435997c3d43edb36b3d7,3,1,TEST,0.00026892248,0.015656266,215.91654576288488,89.1769900560549,305.0935358189398,0.021739130434782608,0.03,1,ANOMALY
ff387c726cc74d3faef6fce1874b1e7a,3,1,TEST,0.00015769227,0.017827975,114.82013325348055,106.75142660983967,221.5715598633202,0.021739130434782608,0.03,1,ANOMALY
ffc314df4cd84106a8e072608d4ad79d,3,1,TEST,0.00026491826,0.027797416,212.27713631738976,187.4285837847653,399.70572010215506,0.021739130434782608,0.03,1,ANOMALY
ffe2d02e63964af0b82827b58248a4f7,3,1,TEST,0.00041424847,0.016114188,348.00239036731,92.88269884833889,440.8850892156489,0.021739130434782608,0.03,1,ANOMALY
ffe80ac0346244b1a6eb9f19be289e5c,3,1,TEST,0.00025767044,0.01855029,205.68963998420915,112.59672132443866,318.2863613086478,0.021739130434782608,0.03,1,ANOMALY
fff6bf9142994e9fb224b373829b021e,3,1,TEST,0.00024810428,0.014664144,196.99501954349466,81.14829691962916,278.1433164631238,0.021739130434782608,0.03,1,ANOMALY
fffb18909bc54ae690acd92a67043067,3,1,TEST,0.00020994275,0.021496875,162.31025378723106,136.44179961661953,298.7520534038506,0.021739130434782608,0.03,1,ANOMALY
