image_path,mask_path,filename,label
images/2661734b21874fdf9e35a4319a9e7462.jpg,masks/2661734b21874fdf9e35a4319a9e7462.png,2661734b21874fdf9e35a4319a9e7462,6
images/0c8af9b8e62f4cb498392e806236e5e0.jpg,masks/0c8af9b8e62f4cb498392e806236e5e0.png,0c8af9b8e62f4cb498392e806236e5e0,6
images/ecb33a23f90b47fe8ee1dfe3e4d5f0df.jpg,masks/ecb33a23f90b47fe8ee1dfe3e4d5f0df.png,ecb33a23f90b47fe8ee1dfe3e4d5f0df,6
images/adc88a3f9fb34ae79142ba9f12a6f1e1.jpg,masks/adc88a3f9fb34ae79142ba9f12a6f1e1.png,adc88a3f9fb34ae79142ba9f12a6f1e1,6
images/bc228459f662459f80fbce99bedd9d20.jpg,masks/bc228459f662459f80fbce99bedd9d20.png,bc228459f662459f80fbce99bedd9d20,6
images/2f33d7aaa7684ad9a96e21845c8c7126.jpg,masks/2f33d7aaa7684ad9a96e21845c8c7126.png,2f33d7aaa7684ad9a96e21845c8c7126,6
images/61b90b63dcb9479c9a7064c07a4d6645.jpg,masks/61b90b63dcb9479c9a7064c07a4d6645.png,61b90b63dcb9479c9a7064c07a4d6645,6
images/a6805b35d09d4b1ea3f0b1b51de6e32e.jpg,masks/a6805b35d09d4b1ea3f0b1b51de6e32e.png,a6805b35d09d4b1ea3f0b1b51de6e32e,6
images/518889521019455a857729f9f1b9ab7e.jpg,masks/518889521019455a857729f9f1b9ab7e.png,518889521019455a857729f9f1b9ab7e,6
images/02e7fc0869664405961d6183c9650c09.jpg,masks/02e7fc0869664405961d6183c9650c09.png,02e7fc0869664405961d6183c9650c09,6
images/c3ad636657c341e0bf1dc79329a2f37f.jpg,masks/c3ad636657c341e0bf1dc79329a2f37f.png,c3ad636657c341e0bf1dc79329a2f37f,6
images/97d9007f618b4df8ab0f55148ecc44d1.jpg,masks/97d9007f618b4df8ab0f55148ecc44d1.png,97d9007f618b4df8ab0f55148ecc44d1,6
images/c8b405b8b87347d68f60fd37ac6a09c7.jpg,masks/c8b405b8b87347d68f60fd37ac6a09c7.png,c8b405b8b87347d68f60fd37ac6a09c7,6
images/7787cd8a9a0d4aeeb242234207b7ea3b.jpg,masks/7787cd8a9a0d4aeeb242234207b7ea3b.png,7787cd8a9a0d4aeeb242234207b7ea3b,6
images/a3ee280613e14c5a9b154f4d5e4eb529.jpg,masks/a3ee280613e14c5a9b154f4d5e4eb529.png,a3ee280613e14c5a9b154f4d5e4eb529,6
images/5f8b5a183ed3492cb81d3734cd47c29c.jpg,masks/5f8b5a183ed3492cb81d3734cd47c29c.png,5f8b5a183ed3492cb81d3734cd47c29c,6
images/c4741969737e4dca92334649d1fe33e9.jpg,masks/c4741969737e4dca92334649d1fe33e9.png,c4741969737e4dca92334649d1fe33e9,6
images/ea0ccf9087aa4cd8995288cc0ab6d2ba.jpg,masks/ea0ccf9087aa4cd8995288cc0ab6d2ba.png,ea0ccf9087aa4cd8995288cc0ab6d2ba,6
images/c0f92babdecf4146a78a702be6ff5506.jpg,masks/c0f92babdecf4146a78a702be6ff5506.png,c0f92babdecf4146a78a702be6ff5506,6
images/768694b934864218b8f8b706084e6bdf.jpg,masks/768694b934864218b8f8b706084e6bdf.png,768694b934864218b8f8b706084e6bdf,6
images/27178f1195704f789f5a6679413297f9.jpg,masks/27178f1195704f789f5a6679413297f9.png,27178f1195704f789f5a6679413297f9,6
images/12359f9dbf1347f6bf42e2eb6e9823d1.jpg,masks/12359f9dbf1347f6bf42e2eb6e9823d1.png,12359f9dbf1347f6bf42e2eb6e9823d1,6
images/e43cce40f446493dab61d3ff30b17fbc.jpg,masks/e43cce40f446493dab61d3ff30b17fbc.png,e43cce40f446493dab61d3ff30b17fbc,6
images/19cdf32e6b4d4ec183c261e637a318b3.jpg,masks/19cdf32e6b4d4ec183c261e637a318b3.png,19cdf32e6b4d4ec183c261e637a318b3,6
images/bae89a7543b14dcc97ff1f860893a6fa.jpg,masks/bae89a7543b14dcc97ff1f860893a6fa.png,bae89a7543b14dcc97ff1f860893a6fa,6
images/a24634e910564e9ca283d23cc4dde1ff.jpg,masks/a24634e910564e9ca283d23cc4dde1ff.png,a24634e910564e9ca283d23cc4dde1ff,6
images/cce2916b05d44ccc84688cf0e40d2054.jpg,masks/cce2916b05d44ccc84688cf0e40d2054.png,cce2916b05d44ccc84688cf0e40d2054,6
images/be6e1331dd024f0681c7d3058d8042cc.jpg,masks/be6e1331dd024f0681c7d3058d8042cc.png,be6e1331dd024f0681c7d3058d8042cc,6
images/fa116888c4574c1db72ea0a08a74bb91.jpg,masks/fa116888c4574c1db72ea0a08a74bb91.png,fa116888c4574c1db72ea0a08a74bb91,6
images/94b8ee5684b94756ad18bf07f1015da8.jpg,masks/94b8ee5684b94756ad18bf07f1015da8.png,94b8ee5684b94756ad18bf07f1015da8,6
images/662673f5bf06427aaba1cf91b6dbaaf7.jpg,masks/662673f5bf06427aaba1cf91b6dbaaf7.png,662673f5bf06427aaba1cf91b6dbaaf7,6
images/c9c1df9795fa4a8a9293c4077ceb430f.jpg,masks/c9c1df9795fa4a8a9293c4077ceb430f.png,c9c1df9795fa4a8a9293c4077ceb430f,6
images/dc5d5fd1b3d44f6ea5566f85c115d5d2.jpg,masks/dc5d5fd1b3d44f6ea5566f85c115d5d2.png,dc5d5fd1b3d44f6ea5566f85c115d5d2,6
images/235fe18f458b4a83846f1c2909c51c87.jpg,masks/235fe18f458b4a83846f1c2909c51c87.png,235fe18f458b4a83846f1c2909c51c87,6
images/b716c9abfa8c4fb99cb2a0ba56ca1c98.jpg,masks/b716c9abfa8c4fb99cb2a0ba56ca1c98.png,b716c9abfa8c4fb99cb2a0ba56ca1c98,6
images/164a13c438a14ca4926fcf2da984ec6a.jpg,masks/164a13c438a14ca4926fcf2da984ec6a.png,164a13c438a14ca4926fcf2da984ec6a,6
images/7ebb6d69768c484aa48a4d5e6a3f88af.jpg,masks/7ebb6d69768c484aa48a4d5e6a3f88af.png,7ebb6d69768c484aa48a4d5e6a3f88af,6
images/8a0a3492db88428d998390d3b6deff7f.jpg,masks/8a0a3492db88428d998390d3b6deff7f.png,8a0a3492db88428d998390d3b6deff7f,6
images/239d76cf5529467ca6f254ab9bbd17b0.jpg,masks/239d76cf5529467ca6f254ab9bbd17b0.png,239d76cf5529467ca6f254ab9bbd17b0,6
images/6478e7b02e6c40ccb834649038d8be88.jpg,masks/6478e7b02e6c40ccb834649038d8be88.png,6478e7b02e6c40ccb834649038d8be88,6
images/9d5ba933c3f9410cbb20dc9a0a62ced4.jpg,masks/9d5ba933c3f9410cbb20dc9a0a62ced4.png,9d5ba933c3f9410cbb20dc9a0a62ced4,6
images/e2bf824ac30c4e7e97f495c82fbd4a22.jpg,masks/e2bf824ac30c4e7e97f495c82fbd4a22.png,e2bf824ac30c4e7e97f495c82fbd4a22,6
images/26a6e36078e24f9e90d8fbeb1af19c16.jpg,masks/26a6e36078e24f9e90d8fbeb1af19c16.png,26a6e36078e24f9e90d8fbeb1af19c16,6
images/01fb0133824e4afd8cbba5e3854f08d8.jpg,masks/01fb0133824e4afd8cbba5e3854f08d8.png,01fb0133824e4afd8cbba5e3854f08d8,6
images/a7e2f2dca935477994967dc028598b9f.jpg,masks/a7e2f2dca935477994967dc028598b9f.png,a7e2f2dca935477994967dc028598b9f,6
images/85228ffbec764b838b319e42d78ab96e.jpg,masks/85228ffbec764b838b319e42d78ab96e.png,85228ffbec764b838b319e42d78ab96e,6
images/7734aee0f4004a8d9ef4c56a341073a1.jpg,masks/7734aee0f4004a8d9ef4c56a341073a1.png,7734aee0f4004a8d9ef4c56a341073a1,6
images/a7060e5f32b34a9eb716d6a64cb5431b.jpg,masks/a7060e5f32b34a9eb716d6a64cb5431b.png,a7060e5f32b34a9eb716d6a64cb5431b,6
images/47f2559af3ff4ae695c8d0785425056f.jpg,masks/47f2559af3ff4ae695c8d0785425056f.png,47f2559af3ff4ae695c8d0785425056f,6
images/1ff80466c4bf487c83deca973d4a8f87.jpg,masks/1ff80466c4bf487c83deca973d4a8f87.png,1ff80466c4bf487c83deca973d4a8f87,6
images/69ae681b7af5445794c3c333951bf315.jpg,masks/69ae681b7af5445794c3c333951bf315.png,69ae681b7af5445794c3c333951bf315,6
images/1400ca17a643423eaa706c16f1799881.jpg,masks/1400ca17a643423eaa706c16f1799881.png,1400ca17a643423eaa706c16f1799881,6
images/9e0b20d337d448f98d59edc25e849d44.jpg,masks/9e0b20d337d448f98d59edc25e849d44.png,9e0b20d337d448f98d59edc25e849d44,6
images/f09e8ea2fdb04b4cb0f7bc671e040de3.jpg,masks/f09e8ea2fdb04b4cb0f7bc671e040de3.png,f09e8ea2fdb04b4cb0f7bc671e040de3,6
images/4380a84094d0462fabcd0ed36153016f.jpg,masks/4380a84094d0462fabcd0ed36153016f.png,4380a84094d0462fabcd0ed36153016f,6
images/80128a65381d4febb98b434b8c2da852.jpg,masks/80128a65381d4febb98b434b8c2da852.png,80128a65381d4febb98b434b8c2da852,6
images/d59f2a3ab90e4b429ae4a94b295662fd.jpg,masks/d59f2a3ab90e4b429ae4a94b295662fd.png,d59f2a3ab90e4b429ae4a94b295662fd,6
images/879ddb3b6f2a4c1aa715d2354899dc0d.jpg,masks/879ddb3b6f2a4c1aa715d2354899dc0d.png,879ddb3b6f2a4c1aa715d2354899dc0d,6
images/ef99f30e83b2420b941d3e1c8184b1b4.jpg,masks/ef99f30e83b2420b941d3e1c8184b1b4.png,ef99f30e83b2420b941d3e1c8184b1b4,6
images/27c3e6c9659948ef8b13505aaff8dac2.jpg,masks/27c3e6c9659948ef8b13505aaff8dac2.png,27c3e6c9659948ef8b13505aaff8dac2,6
images/90262194cd4a4cb0b9dd90d0f3f3de33.jpg,masks/90262194cd4a4cb0b9dd90d0f3f3de33.png,90262194cd4a4cb0b9dd90d0f3f3de33,6
images/d6f7d2e0fbfd4781b073b5c7dc642619.jpg,masks/d6f7d2e0fbfd4781b073b5c7dc642619.png,d6f7d2e0fbfd4781b073b5c7dc642619,6
images/e0c78648376643a2964c703f6d529c3d.jpg,masks/e0c78648376643a2964c703f6d529c3d.png,e0c78648376643a2964c703f6d529c3d,6
images/8a6e2d61a997472880fd7388ec107d96.jpg,masks/8a6e2d61a997472880fd7388ec107d96.png,8a6e2d61a997472880fd7388ec107d96,6
images/5468074d963d44828dbcbb9300aaa3cf.jpg,masks/5468074d963d44828dbcbb9300aaa3cf.png,5468074d963d44828dbcbb9300aaa3cf,6
images/4690e1b7a86f456a869fad39d45f22a5.jpg,masks/4690e1b7a86f456a869fad39d45f22a5.png,4690e1b7a86f456a869fad39d45f22a5,6
images/8382d49e32164cc0b513ce23c6949c04.jpg,masks/8382d49e32164cc0b513ce23c6949c04.png,8382d49e32164cc0b513ce23c6949c04,6
images/39bb56b413014a2d9df5f01e6ad577d2.jpg,masks/39bb56b413014a2d9df5f01e6ad577d2.png,39bb56b413014a2d9df5f01e6ad577d2,6
images/0b28dd48210e47ecb0180bca3a89fec9.jpg,masks/0b28dd48210e47ecb0180bca3a89fec9.png,0b28dd48210e47ecb0180bca3a89fec9,6
images/48c1abd802f440e0b1d0d5f2181bf79a.jpg,masks/48c1abd802f440e0b1d0d5f2181bf79a.png,48c1abd802f440e0b1d0d5f2181bf79a,6
images/e449eb0976554d9287fb26bb32b80a4f.jpg,masks/e449eb0976554d9287fb26bb32b80a4f.png,e449eb0976554d9287fb26bb32b80a4f,6
images/a36250cb15d84befa25371f8d230be79.jpg,masks/a36250cb15d84befa25371f8d230be79.png,a36250cb15d84befa25371f8d230be79,6
images/f6ede391e3b84eeb99dfcab8bcb452b2.jpg,masks/f6ede391e3b84eeb99dfcab8bcb452b2.png,f6ede391e3b84eeb99dfcab8bcb452b2,6
images/266a8e0227a943d3beb7b68d5153a452.jpg,masks/266a8e0227a943d3beb7b68d5153a452.png,266a8e0227a943d3beb7b68d5153a452,6
images/3871caebb64b44ca8cbe86e3e6845a1d.jpg,masks/3871caebb64b44ca8cbe86e3e6845a1d.png,3871caebb64b44ca8cbe86e3e6845a1d,6
images/054a778d210c41e09ce8c9a8822ddb3d.jpg,masks/054a778d210c41e09ce8c9a8822ddb3d.png,054a778d210c41e09ce8c9a8822ddb3d,6
images/42bbee913ffe4e1aaeb4f704dfb1e7c7.jpg,masks/42bbee913ffe4e1aaeb4f704dfb1e7c7.png,42bbee913ffe4e1aaeb4f704dfb1e7c7,6
images/d2ce130eae3c404b9f86a81878b2cd3c.jpg,masks/d2ce130eae3c404b9f86a81878b2cd3c.png,d2ce130eae3c404b9f86a81878b2cd3c,6
images/ef54ca31c7814ce590cd16bee1e9bc73.jpg,masks/ef54ca31c7814ce590cd16bee1e9bc73.png,ef54ca31c7814ce590cd16bee1e9bc73,6
images/b6b2b4ac7bc74b78b771849d25dcbfa0.jpg,masks/b6b2b4ac7bc74b78b771849d25dcbfa0.png,b6b2b4ac7bc74b78b771849d25dcbfa0,6
images/bc1dc8bbaf30474d92864269d239ac10.jpg,masks/bc1dc8bbaf30474d92864269d239ac10.png,bc1dc8bbaf30474d92864269d239ac10,6
images/914fb20844ac470da0f8ea22b2d5d7ae.jpg,masks/914fb20844ac470da0f8ea22b2d5d7ae.png,914fb20844ac470da0f8ea22b2d5d7ae,6
images/ffa2c032bbd7419ca83f6303c08d3de0.jpg,masks/ffa2c032bbd7419ca83f6303c08d3de0.png,ffa2c032bbd7419ca83f6303c08d3de0,6
images/e164dd09cd3e4ee5872166facccc9c4c.jpg,masks/e164dd09cd3e4ee5872166facccc9c4c.png,e164dd09cd3e4ee5872166facccc9c4c,6
images/baa90f2aea23447abf282afee2349706.jpg,masks/baa90f2aea23447abf282afee2349706.png,baa90f2aea23447abf282afee2349706,6
images/58d6a8fce74a4778a6ca0e6cf2ddbe6d.jpg,masks/58d6a8fce74a4778a6ca0e6cf2ddbe6d.png,58d6a8fce74a4778a6ca0e6cf2ddbe6d,6
images/8bf7ff957a2340ff9542ecc4443f261b.jpg,masks/8bf7ff957a2340ff9542ecc4443f261b.png,8bf7ff957a2340ff9542ecc4443f261b,6
images/2fffcffd06e945b6a9d3dc40c0b4ed7f.jpg,masks/2fffcffd06e945b6a9d3dc40c0b4ed7f.png,2fffcffd06e945b6a9d3dc40c0b4ed7f,6
images/e97d6d98c9fb4efcbab7731b5adf010d.jpg,masks/e97d6d98c9fb4efcbab7731b5adf010d.png,e97d6d98c9fb4efcbab7731b5adf010d,6
images/bc2d5f7eb8424eae8aed66d93401dd6b.jpg,masks/bc2d5f7eb8424eae8aed66d93401dd6b.png,bc2d5f7eb8424eae8aed66d93401dd6b,6
images/5beb5a1bc2c340d0b359e772b641a7e0.jpg,masks/5beb5a1bc2c340d0b359e772b641a7e0.png,5beb5a1bc2c340d0b359e772b641a7e0,6
images/73180449b0914603ad20c928361adedb.jpg,masks/73180449b0914603ad20c928361adedb.png,73180449b0914603ad20c928361adedb,6
images/529004b1d3ef4b208884146922534cfe.jpg,masks/529004b1d3ef4b208884146922534cfe.png,529004b1d3ef4b208884146922534cfe,6
images/9b68fee0aabf4837a0ccf0bd98a57aea.jpg,masks/9b68fee0aabf4837a0ccf0bd98a57aea.png,9b68fee0aabf4837a0ccf0bd98a57aea,6
images/26746d4b3e3f4a16acaab2a8d010d320.jpg,masks/26746d4b3e3f4a16acaab2a8d010d320.png,26746d4b3e3f4a16acaab2a8d010d320,6
images/b7ade80d4706456baec44a68e9af55ee.jpg,masks/b7ade80d4706456baec44a68e9af55ee.png,b7ade80d4706456baec44a68e9af55ee,6
images/f43100e854a74db7acefa766066cf053.jpg,masks/f43100e854a74db7acefa766066cf053.png,f43100e854a74db7acefa766066cf053,6
images/63da041f0de64cd0a17802ce7d28a6df.jpg,masks/63da041f0de64cd0a17802ce7d28a6df.png,63da041f0de64cd0a17802ce7d28a6df,6
images/0db903e71742497485ddd1aa17ba39cb.jpg,masks/0db903e71742497485ddd1aa17ba39cb.png,0db903e71742497485ddd1aa17ba39cb,6
images/34de809578a44af193e2650c9f0c588d.jpg,masks/34de809578a44af193e2650c9f0c588d.png,34de809578a44af193e2650c9f0c588d,6
images/16e3b35528f94e4c81fa84871f873057.jpg,masks/16e3b35528f94e4c81fa84871f873057.png,16e3b35528f94e4c81fa84871f873057,6
images/4597694c47224a7f9316d7524c043972.jpg,masks/4597694c47224a7f9316d7524c043972.png,4597694c47224a7f9316d7524c043972,6
images/9e01e4ad99534ed9b781071c04511489.jpg,masks/9e01e4ad99534ed9b781071c04511489.png,9e01e4ad99534ed9b781071c04511489,6
images/416ab4817dda4438af775a6241064c80.jpg,masks/416ab4817dda4438af775a6241064c80.png,416ab4817dda4438af775a6241064c80,6
images/04d7633633d14cf890619f97449c1fb0.jpg,masks/04d7633633d14cf890619f97449c1fb0.png,04d7633633d14cf890619f97449c1fb0,6
images/33e1b4bce9ff45f88b17f3cbcc9c5ffd.jpg,masks/33e1b4bce9ff45f88b17f3cbcc9c5ffd.png,33e1b4bce9ff45f88b17f3cbcc9c5ffd,6
images/4817f8bb26f1473d932e9bf22919da1c.jpg,masks/4817f8bb26f1473d932e9bf22919da1c.png,4817f8bb26f1473d932e9bf22919da1c,6
images/e3d00816a3e84d42b856960191747347.jpg,masks/e3d00816a3e84d42b856960191747347.png,e3d00816a3e84d42b856960191747347,6
images/37d61156974c4936b75dd0a760e85417.jpg,masks/37d61156974c4936b75dd0a760e85417.png,37d61156974c4936b75dd0a760e85417,6
images/88965bce1a804cd6b754de7f50c43471.jpg,masks/88965bce1a804cd6b754de7f50c43471.png,88965bce1a804cd6b754de7f50c43471,6
images/1db95315659048118a94b35fc838daa8.jpg,masks/1db95315659048118a94b35fc838daa8.png,1db95315659048118a94b35fc838daa8,6
images/1ad16dcea4a8456696c9078b934bcc15.jpg,masks/1ad16dcea4a8456696c9078b934bcc15.png,1ad16dcea4a8456696c9078b934bcc15,6
images/9397b2ed084b49738c6dfb90db0bcf85.jpg,masks/9397b2ed084b49738c6dfb90db0bcf85.png,9397b2ed084b49738c6dfb90db0bcf85,6
images/c3e76bd3c56347c7a9123e506fffc2d5.jpg,masks/c3e76bd3c56347c7a9123e506fffc2d5.png,c3e76bd3c56347c7a9123e506fffc2d5,6
images/93edc7845ccc44df8a9d7a9e9d2d49bf.jpg,masks/93edc7845ccc44df8a9d7a9e9d2d49bf.png,93edc7845ccc44df8a9d7a9e9d2d49bf,6
images/60f0b92978674580980844257ef37a18.jpg,masks/60f0b92978674580980844257ef37a18.png,60f0b92978674580980844257ef37a18,6
images/5cc1a08f75614d82944afdb2dc8b36f8.jpg,masks/5cc1a08f75614d82944afdb2dc8b36f8.png,5cc1a08f75614d82944afdb2dc8b36f8,6
images/2c009edb15844e5f8ba1e2c38fab0c82.jpg,masks/2c009edb15844e5f8ba1e2c38fab0c82.png,2c009edb15844e5f8ba1e2c38fab0c82,6
images/0037f2474b034ca384a3d3ef1911fe1d.jpg,masks/0037f2474b034ca384a3d3ef1911fe1d.png,0037f2474b034ca384a3d3ef1911fe1d,6
images/8092b7b5a5f748999eeb7b21ddef91d1.jpg,masks/8092b7b5a5f748999eeb7b21ddef91d1.png,8092b7b5a5f748999eeb7b21ddef91d1,6
images/c1ab77105e5e4d96a990d9941909a24f.jpg,masks/c1ab77105e5e4d96a990d9941909a24f.png,c1ab77105e5e4d96a990d9941909a24f,6
images/e6751a6decc04c45b38dc35ca40d4935.jpg,masks/e6751a6decc04c45b38dc35ca40d4935.png,e6751a6decc04c45b38dc35ca40d4935,6
images/c1a4b65364a44ed7be3e722f373d87e0.jpg,masks/c1a4b65364a44ed7be3e722f373d87e0.png,c1a4b65364a44ed7be3e722f373d87e0,6
images/5afaecda8efd424ab55fa9336f32d29a.jpg,masks/5afaecda8efd424ab55fa9336f32d29a.png,5afaecda8efd424ab55fa9336f32d29a,6
images/2ff8d1029d3a4c258aff8f7738d1d39d.jpg,masks/2ff8d1029d3a4c258aff8f7738d1d39d.png,2ff8d1029d3a4c258aff8f7738d1d39d,6
images/2548285043aa4624a16e398b1fc64cc8.jpg,masks/2548285043aa4624a16e398b1fc64cc8.png,2548285043aa4624a16e398b1fc64cc8,6
images/67d65eeacd19403da7b0a587153fb973.jpg,masks/67d65eeacd19403da7b0a587153fb973.png,67d65eeacd19403da7b0a587153fb973,6
images/2d961b942512493bb5b51db56e43d5e9.jpg,masks/2d961b942512493bb5b51db56e43d5e9.png,2d961b942512493bb5b51db56e43d5e9,6
images/2b3e54826db841f2aac0013e48ae65dc.jpg,masks/2b3e54826db841f2aac0013e48ae65dc.png,2b3e54826db841f2aac0013e48ae65dc,6
images/9fd5c5e7a489426fa8eb264702f92a1d.jpg,masks/9fd5c5e7a489426fa8eb264702f92a1d.png,9fd5c5e7a489426fa8eb264702f92a1d,6
images/c72071e4789c4c13bcf3fbd80b32e987.jpg,masks/c72071e4789c4c13bcf3fbd80b32e987.png,c72071e4789c4c13bcf3fbd80b32e987,6
images/1ea3ef3e02454d5db68382a1cde89074.jpg,masks/1ea3ef3e02454d5db68382a1cde89074.png,1ea3ef3e02454d5db68382a1cde89074,6
images/47603bb08a3c41c0830d3ad1d0bb7994.jpg,masks/47603bb08a3c41c0830d3ad1d0bb7994.png,47603bb08a3c41c0830d3ad1d0bb7994,6
images/822d37feaed748b1a24dcafa0e3bfa97.jpg,masks/822d37feaed748b1a24dcafa0e3bfa97.png,822d37feaed748b1a24dcafa0e3bfa97,6
images/d0b796def98543e2a0357bed29fd83fd.jpg,masks/d0b796def98543e2a0357bed29fd83fd.png,d0b796def98543e2a0357bed29fd83fd,6
images/19039a43b1644180be98e8c39f5fa5bd.jpg,masks/19039a43b1644180be98e8c39f5fa5bd.png,19039a43b1644180be98e8c39f5fa5bd,6
images/3e5ead12d4024c6793871f2bf042d045.jpg,masks/3e5ead12d4024c6793871f2bf042d045.png,3e5ead12d4024c6793871f2bf042d045,6
images/97f0afb6d8484bd2859fac4b791afabd.jpg,masks/97f0afb6d8484bd2859fac4b791afabd.png,97f0afb6d8484bd2859fac4b791afabd,6
images/4c4943bf9639447790f204ac01158a68.jpg,masks/4c4943bf9639447790f204ac01158a68.png,4c4943bf9639447790f204ac01158a68,6
images/a6978c966724486787fd3b8286a785b6.jpg,masks/a6978c966724486787fd3b8286a785b6.png,a6978c966724486787fd3b8286a785b6,6
images/37f6ae3b291046d4bdfcdba59d85b03e.jpg,masks/37f6ae3b291046d4bdfcdba59d85b03e.png,37f6ae3b291046d4bdfcdba59d85b03e,6
images/3ab1f1301e0f41d8b4633b15bfd0c5e4.jpg,masks/3ab1f1301e0f41d8b4633b15bfd0c5e4.png,3ab1f1301e0f41d8b4633b15bfd0c5e4,6
images/093a6884654e453d92d57234fc6762e0.jpg,masks/093a6884654e453d92d57234fc6762e0.png,093a6884654e453d92d57234fc6762e0,6
images/42b97bd57c4f4714a3bebe66f371e08e.jpg,masks/42b97bd57c4f4714a3bebe66f371e08e.png,42b97bd57c4f4714a3bebe66f371e08e,6
images/c862dbe74f234f1b850370a956767b8a.jpg,masks/c862dbe74f234f1b850370a956767b8a.png,c862dbe74f234f1b850370a956767b8a,6
images/685809c617cd42548e7bff8f60265ad4.jpg,masks/685809c617cd42548e7bff8f60265ad4.png,685809c617cd42548e7bff8f60265ad4,6
images/efd7d80a4e88405e995cfccd50468d76.jpg,masks/efd7d80a4e88405e995cfccd50468d76.png,efd7d80a4e88405e995cfccd50468d76,6
images/1b8652f8d95e4a44b742b2a855730016.jpg,masks/1b8652f8d95e4a44b742b2a855730016.png,1b8652f8d95e4a44b742b2a855730016,6
images/985d0649d2b04c8a87c3b16f6383ed97.jpg,masks/985d0649d2b04c8a87c3b16f6383ed97.png,985d0649d2b04c8a87c3b16f6383ed97,6
images/2ffc9100cc724ea09175b3e94590e75d.jpg,masks/2ffc9100cc724ea09175b3e94590e75d.png,2ffc9100cc724ea09175b3e94590e75d,6
images/a1a5c448a58d4c399ffb768bda5c08bc.jpg,masks/a1a5c448a58d4c399ffb768bda5c08bc.png,a1a5c448a58d4c399ffb768bda5c08bc,6
images/d929f5ed0f1b4016bec6d0de232615d1.jpg,masks/d929f5ed0f1b4016bec6d0de232615d1.png,d929f5ed0f1b4016bec6d0de232615d1,6
images/e87896ca64034386a5a58a3f98cc6706.jpg,masks/e87896ca64034386a5a58a3f98cc6706.png,e87896ca64034386a5a58a3f98cc6706,6
images/1467e53941aa4100a62585e62fa8b4cc.jpg,masks/1467e53941aa4100a62585e62fa8b4cc.png,1467e53941aa4100a62585e62fa8b4cc,6
images/9640344c9b0d432cab2250473b5857db.jpg,masks/9640344c9b0d432cab2250473b5857db.png,9640344c9b0d432cab2250473b5857db,6
images/4fe4d7d83d8446bab63dddd52be86f2b.jpg,masks/4fe4d7d83d8446bab63dddd52be86f2b.png,4fe4d7d83d8446bab63dddd52be86f2b,6
images/17d8458adbd0417d8f06b90f83e028f8.jpg,masks/17d8458adbd0417d8f06b90f83e028f8.png,17d8458adbd0417d8f06b90f83e028f8,6
images/d3c4d79ded4a4092a6498c91da64fc7f.jpg,masks/d3c4d79ded4a4092a6498c91da64fc7f.png,d3c4d79ded4a4092a6498c91da64fc7f,6
images/7aefe948765045c0a51360e7805de06f.jpg,masks/7aefe948765045c0a51360e7805de06f.png,7aefe948765045c0a51360e7805de06f,6
images/6099031a01c74cbbb015ecc88831d9f9.jpg,masks/6099031a01c74cbbb015ecc88831d9f9.png,6099031a01c74cbbb015ecc88831d9f9,6
images/9da8fa4203a94025b364100bea0ada2e.jpg,masks/9da8fa4203a94025b364100bea0ada2e.png,9da8fa4203a94025b364100bea0ada2e,6
images/551b3bc1694c44699da642f0f6a97e2b.jpg,masks/551b3bc1694c44699da642f0f6a97e2b.png,551b3bc1694c44699da642f0f6a97e2b,6
images/2e12988c39e2472f9ff1d497a4064afb.jpg,masks/2e12988c39e2472f9ff1d497a4064afb.png,2e12988c39e2472f9ff1d497a4064afb,6
images/c6d925db5e524638966496a523b18c5c.jpg,masks/c6d925db5e524638966496a523b18c5c.png,c6d925db5e524638966496a523b18c5c,6
images/c9fa8d8afe1b49dc95f4091080601e21.jpg,masks/c9fa8d8afe1b49dc95f4091080601e21.png,c9fa8d8afe1b49dc95f4091080601e21,6
images/4a35dba8302d462a8f28176cddcb92d5.jpg,masks/4a35dba8302d462a8f28176cddcb92d5.png,4a35dba8302d462a8f28176cddcb92d5,6
images/79ccf39e51144b95b4a3dc50f611bd98.jpg,masks/79ccf39e51144b95b4a3dc50f611bd98.png,79ccf39e51144b95b4a3dc50f611bd98,6
images/9c4dd7fb2c4a46a585e6d05245e7c209.jpg,masks/9c4dd7fb2c4a46a585e6d05245e7c209.png,9c4dd7fb2c4a46a585e6d05245e7c209,6
images/2ab96952ebb243f791b7fadbb29bf28d.jpg,masks/2ab96952ebb243f791b7fadbb29bf28d.png,2ab96952ebb243f791b7fadbb29bf28d,6
images/6f838e804c0c4ef4a1a79962e559a832.jpg,masks/6f838e804c0c4ef4a1a79962e559a832.png,6f838e804c0c4ef4a1a79962e559a832,6
images/30b6db2efc9f4da3aac9223f8fa95f52.jpg,masks/30b6db2efc9f4da3aac9223f8fa95f52.png,30b6db2efc9f4da3aac9223f8fa95f52,6
images/9beccc7d137b436a9eddb4aec101ed55.jpg,masks/9beccc7d137b436a9eddb4aec101ed55.png,9beccc7d137b436a9eddb4aec101ed55,6
images/1f4c6982086b4e9a9f40f49fd8b467d8.jpg,masks/1f4c6982086b4e9a9f40f49fd8b467d8.png,1f4c6982086b4e9a9f40f49fd8b467d8,6
images/fbe7b2e783974b369411efef846534fb.jpg,masks/fbe7b2e783974b369411efef846534fb.png,fbe7b2e783974b369411efef846534fb,6
images/f3517241b6414013abe798cd97354341.jpg,masks/f3517241b6414013abe798cd97354341.png,f3517241b6414013abe798cd97354341,6
images/b858554d324b43f38db46dcd243b9c79.jpg,masks/b858554d324b43f38db46dcd243b9c79.png,b858554d324b43f38db46dcd243b9c79,6
images/75de489a0dd540c9a58256e5b02c27af.jpg,masks/75de489a0dd540c9a58256e5b02c27af.png,75de489a0dd540c9a58256e5b02c27af,6
images/43d8d11eb97b4e619348c4a79a8110b7.jpg,masks/43d8d11eb97b4e619348c4a79a8110b7.png,43d8d11eb97b4e619348c4a79a8110b7,6
images/30b275ef76f44e788dcd147b4a5a899b.jpg,masks/30b275ef76f44e788dcd147b4a5a899b.png,30b275ef76f44e788dcd147b4a5a899b,6
images/bd6f29ebe7584435a3bb21daa8d9842a.jpg,masks/bd6f29ebe7584435a3bb21daa8d9842a.png,bd6f29ebe7584435a3bb21daa8d9842a,6
images/8040e35e1e3b4207bd9ec827e13295ff.jpg,masks/8040e35e1e3b4207bd9ec827e13295ff.png,8040e35e1e3b4207bd9ec827e13295ff,6
images/c25cbea31cba4819b59bdfbc05cfdfbf.jpg,masks/c25cbea31cba4819b59bdfbc05cfdfbf.png,c25cbea31cba4819b59bdfbc05cfdfbf,6
images/95af59a89fe24d188f78a254ac5b3817.jpg,masks/95af59a89fe24d188f78a254ac5b3817.png,95af59a89fe24d188f78a254ac5b3817,6
images/f9e418ed83dc4093a96fa5c1e991cae4.jpg,masks/f9e418ed83dc4093a96fa5c1e991cae4.png,f9e418ed83dc4093a96fa5c1e991cae4,6
images/bc73032d4fac4ddfbfc3c6b676fc4d40.jpg,masks/bc73032d4fac4ddfbfc3c6b676fc4d40.png,bc73032d4fac4ddfbfc3c6b676fc4d40,6
images/fcfa9ba42433420b9f21e88b59cee0db.jpg,masks/fcfa9ba42433420b9f21e88b59cee0db.png,fcfa9ba42433420b9f21e88b59cee0db,6
images/e8c7ced090e540499dc0774cfa183424.jpg,masks/e8c7ced090e540499dc0774cfa183424.png,e8c7ced090e540499dc0774cfa183424,6
images/404e77708f1649dcb94ce4e692741ed4.jpg,masks/404e77708f1649dcb94ce4e692741ed4.png,404e77708f1649dcb94ce4e692741ed4,6
images/7942dbe142cd423fb4f615cdc383b35a.jpg,masks/7942dbe142cd423fb4f615cdc383b35a.png,7942dbe142cd423fb4f615cdc383b35a,6
images/b67ba0002de44870992e49a4b6f1ea03.jpg,masks/b67ba0002de44870992e49a4b6f1ea03.png,b67ba0002de44870992e49a4b6f1ea03,6
images/7d38d4502e47416d95aecce6fd2e8df3.jpg,masks/7d38d4502e47416d95aecce6fd2e8df3.png,7d38d4502e47416d95aecce6fd2e8df3,6
images/c872b0d0955544c8b1e928fbc1a66434.jpg,masks/c872b0d0955544c8b1e928fbc1a66434.png,c872b0d0955544c8b1e928fbc1a66434,6
images/1635499b793145a2a6e494824ce0055a.jpg,masks/1635499b793145a2a6e494824ce0055a.png,1635499b793145a2a6e494824ce0055a,6
images/c0acbd2fe8f1460589a221608fb0f3db.jpg,masks/c0acbd2fe8f1460589a221608fb0f3db.png,c0acbd2fe8f1460589a221608fb0f3db,6
images/58fa584bcc9c4e75815f0b0c02410607.jpg,masks/58fa584bcc9c4e75815f0b0c02410607.png,58fa584bcc9c4e75815f0b0c02410607,6
images/cc7fe90fae47487d928704fd11a3c593.jpg,masks/cc7fe90fae47487d928704fd11a3c593.png,cc7fe90fae47487d928704fd11a3c593,6
images/2e34361c89124ca394ba02c4dde1e0df.jpg,masks/2e34361c89124ca394ba02c4dde1e0df.png,2e34361c89124ca394ba02c4dde1e0df,6
images/38ec757fc04842cebb0dfd136302bd06.jpg,masks/38ec757fc04842cebb0dfd136302bd06.png,38ec757fc04842cebb0dfd136302bd06,6
images/dd6a26d5fa144dbf977b790fff6a0faf.jpg,masks/dd6a26d5fa144dbf977b790fff6a0faf.png,dd6a26d5fa144dbf977b790fff6a0faf,6
images/7a4e7f02391a49169c2774e4cdc92a0e.jpg,masks/7a4e7f02391a49169c2774e4cdc92a0e.png,7a4e7f02391a49169c2774e4cdc92a0e,6
images/a6f00f4e77aa40d897bb83d9b1039e55.jpg,masks/a6f00f4e77aa40d897bb83d9b1039e55.png,a6f00f4e77aa40d897bb83d9b1039e55,6
images/e10a7fd39e234c42a244ab82a0afd725.jpg,masks/e10a7fd39e234c42a244ab82a0afd725.png,e10a7fd39e234c42a244ab82a0afd725,6
images/456283871c304938ba2319531a074510.jpg,masks/456283871c304938ba2319531a074510.png,456283871c304938ba2319531a074510,6
images/95763d016afa439a823343c8bb912504.jpg,masks/95763d016afa439a823343c8bb912504.png,95763d016afa439a823343c8bb912504,6
images/91231e76d1044d54a124315e6f71ad60.jpg,masks/91231e76d1044d54a124315e6f71ad60.png,91231e76d1044d54a124315e6f71ad60,6
images/04f7c30c807f4dee841e3d7dca0f3f71.jpg,masks/04f7c30c807f4dee841e3d7dca0f3f71.png,04f7c30c807f4dee841e3d7dca0f3f71,6
images/40a9d08b70d947b68f79d0d67a1d0238.jpg,masks/40a9d08b70d947b68f79d0d67a1d0238.png,40a9d08b70d947b68f79d0d67a1d0238,6
images/f03e3a11bf744bf192bd6e9382dbb450.jpg,masks/f03e3a11bf744bf192bd6e9382dbb450.png,f03e3a11bf744bf192bd6e9382dbb450,6
images/7e9ce51b811d4398b991349ce7b2e90d.jpg,masks/7e9ce51b811d4398b991349ce7b2e90d.png,7e9ce51b811d4398b991349ce7b2e90d,6
images/e51cd4a074d3456b9587f2bd545b4c52.jpg,masks/e51cd4a074d3456b9587f2bd545b4c52.png,e51cd4a074d3456b9587f2bd545b4c52,6
images/0ee653a4f5434716a1de5efd6c2723fc.jpg,masks/0ee653a4f5434716a1de5efd6c2723fc.png,0ee653a4f5434716a1de5efd6c2723fc,6
images/ad9bec2920724e4ca29315e0b7c0ff15.jpg,masks/ad9bec2920724e4ca29315e0b7c0ff15.png,ad9bec2920724e4ca29315e0b7c0ff15,6
images/3bb223fa42914c5098ff70e5d1e27d1e.jpg,masks/3bb223fa42914c5098ff70e5d1e27d1e.png,3bb223fa42914c5098ff70e5d1e27d1e,6
images/8b782473c99742e394df74b430412232.jpg,masks/8b782473c99742e394df74b430412232.png,8b782473c99742e394df74b430412232,6
images/a86d0bba33db48f59446266b9a30e2b7.jpg,masks/a86d0bba33db48f59446266b9a30e2b7.png,a86d0bba33db48f59446266b9a30e2b7,6
images/ba5195396ffd4e46bf18679754c28408.jpg,masks/ba5195396ffd4e46bf18679754c28408.png,ba5195396ffd4e46bf18679754c28408,6
images/3d193b2057fc409eb83cdc5faa4ad3fc.jpg,masks/3d193b2057fc409eb83cdc5faa4ad3fc.png,3d193b2057fc409eb83cdc5faa4ad3fc,6
images/5764ca59412b428594de2135d996c38a.jpg,masks/5764ca59412b428594de2135d996c38a.png,5764ca59412b428594de2135d996c38a,6
images/7ad3c37c844341f6991f0c5c47dae639.jpg,masks/7ad3c37c844341f6991f0c5c47dae639.png,7ad3c37c844341f6991f0c5c47dae639,6
images/8631b03f1c824be2918c370deff952e3.jpg,masks/8631b03f1c824be2918c370deff952e3.png,8631b03f1c824be2918c370deff952e3,6
images/3387d383ebc44b209225c9732fb57c5a.jpg,masks/3387d383ebc44b209225c9732fb57c5a.png,3387d383ebc44b209225c9732fb57c5a,6
images/ff0a4bc786734c419e75350ddde023ae.jpg,masks/ff0a4bc786734c419e75350ddde023ae.png,ff0a4bc786734c419e75350ddde023ae,6
images/b4c5a36308f744299ac0630934c02588.jpg,masks/b4c5a36308f744299ac0630934c02588.png,b4c5a36308f744299ac0630934c02588,6
images/e8fcd404923b4bfab850c3f4d4dbfdfa.jpg,masks/e8fcd404923b4bfab850c3f4d4dbfdfa.png,e8fcd404923b4bfab850c3f4d4dbfdfa,6
images/cbf1211e252d4f05aa434c1a23a57c0b.jpg,masks/cbf1211e252d4f05aa434c1a23a57c0b.png,cbf1211e252d4f05aa434c1a23a57c0b,6
images/1a4dad74c9fd4cbca7bbed11ede36901.jpg,masks/1a4dad74c9fd4cbca7bbed11ede36901.png,1a4dad74c9fd4cbca7bbed11ede36901,6
images/e29bce10b1c941b7b82b1190754db361.jpg,masks/e29bce10b1c941b7b82b1190754db361.png,e29bce10b1c941b7b82b1190754db361,6
images/1079519b735f41aabc8e7c642cb5e487.jpg,masks/1079519b735f41aabc8e7c642cb5e487.png,1079519b735f41aabc8e7c642cb5e487,1
images/a957d7c6b94a4575af8120fb89572f7a.jpg,masks/a957d7c6b94a4575af8120fb89572f7a.png,a957d7c6b94a4575af8120fb89572f7a,1
images/6e73f1c79c9b48688541c6a01dc2ab13.jpg,masks/6e73f1c79c9b48688541c6a01dc2ab13.png,6e73f1c79c9b48688541c6a01dc2ab13,1
images/fb6a4f0480b442a0a8522706250c7c7f.jpg,masks/fb6a4f0480b442a0a8522706250c7c7f.png,fb6a4f0480b442a0a8522706250c7c7f,1
images/c3c3280055d247029d8338100c629602.jpg,masks/c3c3280055d247029d8338100c629602.png,c3c3280055d247029d8338100c629602,1
images/1343a6294b7d42c79f319f7abbac94f3.jpg,masks/1343a6294b7d42c79f319f7abbac94f3.png,1343a6294b7d42c79f319f7abbac94f3,1
images/4a3f8f2eb2874387ac51913819153f6b.jpg,masks/4a3f8f2eb2874387ac51913819153f6b.png,4a3f8f2eb2874387ac51913819153f6b,1
images/4beeb8dfc4df4dceb7eb1d850a87923e.jpg,masks/4beeb8dfc4df4dceb7eb1d850a87923e.png,4beeb8dfc4df4dceb7eb1d850a87923e,1
images/635b1718b3f64a89a865dbd2f61e00f0.jpg,masks/635b1718b3f64a89a865dbd2f61e00f0.png,635b1718b3f64a89a865dbd2f61e00f0,1
images/e45b736fa795471b94454a39639a03a2.jpg,masks/e45b736fa795471b94454a39639a03a2.png,e45b736fa795471b94454a39639a03a2,1
images/6942283e03ad493fb8ed048e3033fcfe.jpg,masks/6942283e03ad493fb8ed048e3033fcfe.png,6942283e03ad493fb8ed048e3033fcfe,1
images/f63ffe75c5e649daa5abceb26c3b80af.jpg,masks/f63ffe75c5e649daa5abceb26c3b80af.png,f63ffe75c5e649daa5abceb26c3b80af,1
images/34afa0677bd440a5aaab92708f4feaff.jpg,masks/34afa0677bd440a5aaab92708f4feaff.png,34afa0677bd440a5aaab92708f4feaff,1
images/ca4dfbc65eff4912a98bcc754c6523cc.jpg,masks/ca4dfbc65eff4912a98bcc754c6523cc.png,ca4dfbc65eff4912a98bcc754c6523cc,1
images/39c90ffde2ff46e782a909b27362abff.jpg,masks/39c90ffde2ff46e782a909b27362abff.png,39c90ffde2ff46e782a909b27362abff,1
images/8620228ce4ba44028b3cac12ad40a3a5.jpg,masks/8620228ce4ba44028b3cac12ad40a3a5.png,8620228ce4ba44028b3cac12ad40a3a5,1
images/c4d3868a9b784cf7acc4407e3ec652c4.jpg,masks/c4d3868a9b784cf7acc4407e3ec652c4.png,c4d3868a9b784cf7acc4407e3ec652c4,1
images/c067c3081f9f47b6b40b1f6a0fcf0041.jpg,masks/c067c3081f9f47b6b40b1f6a0fcf0041.png,c067c3081f9f47b6b40b1f6a0fcf0041,1
images/0e84963d88c8455883718e26e1023e7b.jpg,masks/0e84963d88c8455883718e26e1023e7b.png,0e84963d88c8455883718e26e1023e7b,1
images/ea72806fc07c48a5a88a21b3f36ed865.jpg,masks/ea72806fc07c48a5a88a21b3f36ed865.png,ea72806fc07c48a5a88a21b3f36ed865,1
images/e5e1e05097cc47c6a631f640365134d3.jpg,masks/e5e1e05097cc47c6a631f640365134d3.png,e5e1e05097cc47c6a631f640365134d3,1
images/bfba5a30d1e74d5e841a0a619ab4ba43.jpg,masks/bfba5a30d1e74d5e841a0a619ab4ba43.png,bfba5a30d1e74d5e841a0a619ab4ba43,1
images/78a1c469a2cb40a9af0ea0c59c68f405.jpg,masks/78a1c469a2cb40a9af0ea0c59c68f405.png,78a1c469a2cb40a9af0ea0c59c68f405,1
images/0c15addfbe4742b9839ee18abc3b2d5e.jpg,masks/0c15addfbe4742b9839ee18abc3b2d5e.png,0c15addfbe4742b9839ee18abc3b2d5e,1
images/a50d07ada0434445be101016e4fe33c6.jpg,masks/a50d07ada0434445be101016e4fe33c6.png,a50d07ada0434445be101016e4fe33c6,1
images/0149a2fcc66647119759fddb9ec44061.jpg,masks/0149a2fcc66647119759fddb9ec44061.png,0149a2fcc66647119759fddb9ec44061,1
images/44b691ece9644c99bfcc153bc0a9864d.jpg,masks/44b691ece9644c99bfcc153bc0a9864d.png,44b691ece9644c99bfcc153bc0a9864d,1
images/d1147ea97bb0410487f432a49def8265.jpg,masks/d1147ea97bb0410487f432a49def8265.png,d1147ea97bb0410487f432a49def8265,1
images/e5c9e764a02344a7aadc34fac61d0f3a.jpg,masks/e5c9e764a02344a7aadc34fac61d0f3a.png,e5c9e764a02344a7aadc34fac61d0f3a,1
images/39046b8e96ed4c2eafc28a4f1f622666.jpg,masks/39046b8e96ed4c2eafc28a4f1f622666.png,39046b8e96ed4c2eafc28a4f1f622666,1
images/e272332d1326457280a6773bfe48cbb2.jpg,masks/e272332d1326457280a6773bfe48cbb2.png,e272332d1326457280a6773bfe48cbb2,1
images/ac2b8b1530214c5bbee802f6d57b58c2.jpg,masks/ac2b8b1530214c5bbee802f6d57b58c2.png,ac2b8b1530214c5bbee802f6d57b58c2,1
images/a388040b307b4184a532d3e5dda02ffc.jpg,masks/a388040b307b4184a532d3e5dda02ffc.png,a388040b307b4184a532d3e5dda02ffc,1
images/96e16114c7c74c748c7873d132aa8d7e.jpg,masks/96e16114c7c74c748c7873d132aa8d7e.png,96e16114c7c74c748c7873d132aa8d7e,1
images/4a7b822d5e1646f5a8566dfd83f157a1.jpg,masks/4a7b822d5e1646f5a8566dfd83f157a1.png,4a7b822d5e1646f5a8566dfd83f157a1,1
images/aab1993c0a7e434182f5423965e7839b.jpg,masks/aab1993c0a7e434182f5423965e7839b.png,aab1993c0a7e434182f5423965e7839b,1
images/65dec6457eb447ce9f34d51834cf7e94.jpg,masks/65dec6457eb447ce9f34d51834cf7e94.png,65dec6457eb447ce9f34d51834cf7e94,1
images/c8f6ce1edd5741b6867562c7d2a7f80e.jpg,masks/c8f6ce1edd5741b6867562c7d2a7f80e.png,c8f6ce1edd5741b6867562c7d2a7f80e,1
images/164c6e90e400436781243fc9bff0ec66.jpg,masks/164c6e90e400436781243fc9bff0ec66.png,164c6e90e400436781243fc9bff0ec66,1
images/79f56519acd14e66a8a9a7ebdff3860c.jpg,masks/79f56519acd14e66a8a9a7ebdff3860c.png,79f56519acd14e66a8a9a7ebdff3860c,1
images/f4b1143960794846a276057065dbfaf2.jpg,masks/f4b1143960794846a276057065dbfaf2.png,f4b1143960794846a276057065dbfaf2,1
images/066175ba993a43bf84007494066c3565.jpg,masks/066175ba993a43bf84007494066c3565.png,066175ba993a43bf84007494066c3565,1
images/b9af1dc66f1242e59aac685436078def.jpg,masks/b9af1dc66f1242e59aac685436078def.png,b9af1dc66f1242e59aac685436078def,1
images/4d653436c00e460ebbc75f44416bed7b.jpg,masks/4d653436c00e460ebbc75f44416bed7b.png,4d653436c00e460ebbc75f44416bed7b,1
images/434a4fab1a67484f81e929a5f37c5300.jpg,masks/434a4fab1a67484f81e929a5f37c5300.png,434a4fab1a67484f81e929a5f37c5300,1
images/e3cbdc00afc544058c3ff04dc04aca43.jpg,masks/e3cbdc00afc544058c3ff04dc04aca43.png,e3cbdc00afc544058c3ff04dc04aca43,1
images/06c0ca868a9a4fce93afdbaa3dadce50.jpg,masks/06c0ca868a9a4fce93afdbaa3dadce50.png,06c0ca868a9a4fce93afdbaa3dadce50,1
images/feb00cbdf48042be8f7831566f963df8.jpg,masks/feb00cbdf48042be8f7831566f963df8.png,feb00cbdf48042be8f7831566f963df8,1
images/dc778b378cc94f329287804ecb19476b.jpg,masks/dc778b378cc94f329287804ecb19476b.png,dc778b378cc94f329287804ecb19476b,1
images/14ae6c06e5cc4dc68ef31c27abc620d0.jpg,masks/14ae6c06e5cc4dc68ef31c27abc620d0.png,14ae6c06e5cc4dc68ef31c27abc620d0,1
images/603981d116e24661b39d83cb7743276b.jpg,masks/603981d116e24661b39d83cb7743276b.png,603981d116e24661b39d83cb7743276b,1
images/8ec28f8dec32414b9a02af4499854fb9.jpg,masks/8ec28f8dec32414b9a02af4499854fb9.png,8ec28f8dec32414b9a02af4499854fb9,1
images/f8d6c8cd1bab4da5881a880ead12b0c7.jpg,masks/f8d6c8cd1bab4da5881a880ead12b0c7.png,f8d6c8cd1bab4da5881a880ead12b0c7,1
images/99649bce22cc4d0ab996afa48298b74e.jpg,masks/99649bce22cc4d0ab996afa48298b74e.png,99649bce22cc4d0ab996afa48298b74e,1
images/c5f116c34bd54299ac3b3d341cfaab51.jpg,masks/c5f116c34bd54299ac3b3d341cfaab51.png,c5f116c34bd54299ac3b3d341cfaab51,1
images/2326638fa4b8488da13180531ba50db4.jpg,masks/2326638fa4b8488da13180531ba50db4.png,2326638fa4b8488da13180531ba50db4,2
images/811a6499bd844091aecd4000549aa060.jpg,masks/811a6499bd844091aecd4000549aa060.png,811a6499bd844091aecd4000549aa060,2
images/90c6f13b7d224c579ac0de7dfb47b924.jpg,masks/90c6f13b7d224c579ac0de7dfb47b924.png,90c6f13b7d224c579ac0de7dfb47b924,2
images/f42c3d4127cd4fa192f625f89b49165e.jpg,masks/f42c3d4127cd4fa192f625f89b49165e.png,f42c3d4127cd4fa192f625f89b49165e,2
images/736ddd62ac72463ab0c1013bb1723377.jpg,masks/736ddd62ac72463ab0c1013bb1723377.png,736ddd62ac72463ab0c1013bb1723377,2
images/2328a26fb16a49b5b2964a1735454eb0.jpg,masks/2328a26fb16a49b5b2964a1735454eb0.png,2328a26fb16a49b5b2964a1735454eb0,2
images/20cc9526c58743019f12544ca3f6ffee.jpg,masks/20cc9526c58743019f12544ca3f6ffee.png,20cc9526c58743019f12544ca3f6ffee,2
images/386f945dfd944c6caae354d3a06de243.jpg,masks/386f945dfd944c6caae354d3a06de243.png,386f945dfd944c6caae354d3a06de243,2
images/0ef66cd9512e4feaa62e4ec3cb75cdc1.jpg,masks/0ef66cd9512e4feaa62e4ec3cb75cdc1.png,0ef66cd9512e4feaa62e4ec3cb75cdc1,5
images/4085455e942a4d3fb413638a5d04d0f7.jpg,masks/4085455e942a4d3fb413638a5d04d0f7.png,4085455e942a4d3fb413638a5d04d0f7,5
images/75e64833559e418b8ee5a3760b0b6f21.jpg,masks/75e64833559e418b8ee5a3760b0b6f21.png,75e64833559e418b8ee5a3760b0b6f21,5
images/e9cca73be4e742c4848e54622a87907a.jpg,masks/e9cca73be4e742c4848e54622a87907a.png,e9cca73be4e742c4848e54622a87907a,5
images/c76e9b5c674f43cfb0f02361af01a33c.jpg,masks/c76e9b5c674f43cfb0f02361af01a33c.png,c76e9b5c674f43cfb0f02361af01a33c,4
images/0ced545c26d74244818914502372e71e.jpg,masks/0ced545c26d74244818914502372e71e.png,0ced545c26d74244818914502372e71e,4
images/947e5159d35e44d0bf035874f8da9cd1.jpg,masks/947e5159d35e44d0bf035874f8da9cd1.png,947e5159d35e44d0bf035874f8da9cd1,4
images/ecce676ae3bd411d8e6aee3210a497b3.jpg,masks/ecce676ae3bd411d8e6aee3210a497b3.png,ecce676ae3bd411d8e6aee3210a497b3,4
images/d6d99e9f30ac4c20bf76c8e45ff04dbd.jpg,masks/d6d99e9f30ac4c20bf76c8e45ff04dbd.png,d6d99e9f30ac4c20bf76c8e45ff04dbd,4
images/27787478f9ed4760b00579252e90600f.jpg,masks/27787478f9ed4760b00579252e90600f.png,27787478f9ed4760b00579252e90600f,4
images/54e144271cc148a2b7c8396060895a80.jpg,masks/54e144271cc148a2b7c8396060895a80.png,54e144271cc148a2b7c8396060895a80,4
images/81ec631aa48e4866aadd05e59e9eada7.jpg,masks/81ec631aa48e4866aadd05e59e9eada7.png,81ec631aa48e4866aadd05e59e9eada7,4
images/5092bf446ef14bb1a5600985a1588c79.jpg,masks/5092bf446ef14bb1a5600985a1588c79.png,5092bf446ef14bb1a5600985a1588c79,4
images/5621d234d68346848cadf6bd84f60712.jpg,masks/5621d234d68346848cadf6bd84f60712.png,5621d234d68346848cadf6bd84f60712,4
images/a60885b100dd4f71a6d08375dd4069ca.jpg,masks/a60885b100dd4f71a6d08375dd4069ca.png,a60885b100dd4f71a6d08375dd4069ca,4
images/ce981191a4c24efdb0560c01b6d488cb.jpg,masks/ce981191a4c24efdb0560c01b6d488cb.png,ce981191a4c24efdb0560c01b6d488cb,4
images/2d709f7d5ab044ea977eb03bbf9e97a4.jpg,masks/2d709f7d5ab044ea977eb03bbf9e97a4.png,2d709f7d5ab044ea977eb03bbf9e97a4,4
images/7a1badd7539042a093673d6b5a9146a7.jpg,masks/7a1badd7539042a093673d6b5a9146a7.png,7a1badd7539042a093673d6b5a9146a7,4
images/ee7da9b646be41a8a9861aac3d3d331e.jpg,masks/ee7da9b646be41a8a9861aac3d3d331e.png,ee7da9b646be41a8a9861aac3d3d331e,4
images/b8c10ce9679f460f84b1547bd0210329.jpg,masks/b8c10ce9679f460f84b1547bd0210329.png,b8c10ce9679f460f84b1547bd0210329,4
images/c298966a88024867964d6df232f3aeea.jpg,masks/c298966a88024867964d6df232f3aeea.png,c298966a88024867964d6df232f3aeea,4
images/f2360dc4f5524e818d74725be6306d35.jpg,masks/f2360dc4f5524e818d74725be6306d35.png,f2360dc4f5524e818d74725be6306d35,4
images/40e9f401a8ec418aa9a661b95b33c1f3.jpg,masks/40e9f401a8ec418aa9a661b95b33c1f3.png,40e9f401a8ec418aa9a661b95b33c1f3,4
images/c1c82129dfbf4699b73386fe1b8ccd7a.jpg,masks/c1c82129dfbf4699b73386fe1b8ccd7a.png,c1c82129dfbf4699b73386fe1b8ccd7a,4
images/08bf19e64a2d4194b05512ff6b22f42d.jpg,masks/08bf19e64a2d4194b05512ff6b22f42d.png,08bf19e64a2d4194b05512ff6b22f42d,4
images/0ec4d7d348804340baf2ec6e59169dc8.jpg,masks/0ec4d7d348804340baf2ec6e59169dc8.png,0ec4d7d348804340baf2ec6e59169dc8,4
images/ea2b81e0932f4d7a8147b394bcc06905.jpg,masks/ea2b81e0932f4d7a8147b394bcc06905.png,ea2b81e0932f4d7a8147b394bcc06905,4
images/956044bc616a4472963275f5b3ce069a.jpg,masks/956044bc616a4472963275f5b3ce069a.png,956044bc616a4472963275f5b3ce069a,4
images/121295f178be4d9bb3cd1395dd4424bc.jpg,masks/121295f178be4d9bb3cd1395dd4424bc.png,121295f178be4d9bb3cd1395dd4424bc,4
images/4e7b728bd71d460fa07006d1814f5980.jpg,masks/4e7b728bd71d460fa07006d1814f5980.png,4e7b728bd71d460fa07006d1814f5980,4
images/79c7271884fe4d7d911cbd1c52ed9da9.jpg,masks/79c7271884fe4d7d911cbd1c52ed9da9.png,79c7271884fe4d7d911cbd1c52ed9da9,4
images/203c683dcd8e458dbacae861ec1afb01.jpg,masks/203c683dcd8e458dbacae861ec1afb01.png,203c683dcd8e458dbacae861ec1afb01,4
images/587cbcf1bda1420e95a39f9bd235b8bc.jpg,masks/587cbcf1bda1420e95a39f9bd235b8bc.png,587cbcf1bda1420e95a39f9bd235b8bc,4
images/577609cfecac438f8a91b1e31a751e7b.jpg,masks/577609cfecac438f8a91b1e31a751e7b.png,577609cfecac438f8a91b1e31a751e7b,4
images/607a20e4a92d4d93916a93905dc47e71.jpg,masks/607a20e4a92d4d93916a93905dc47e71.png,607a20e4a92d4d93916a93905dc47e71,4
images/ae43659ccb7b48bb9c469cbbd62cad89.jpg,masks/ae43659ccb7b48bb9c469cbbd62cad89.png,ae43659ccb7b48bb9c469cbbd62cad89,4
images/933dd58f431147479755ca1d7e86f5e9.jpg,masks/933dd58f431147479755ca1d7e86f5e9.png,933dd58f431147479755ca1d7e86f5e9,4
images/dc05052524e24a8ba5a6d656c0eb92ad.jpg,masks/dc05052524e24a8ba5a6d656c0eb92ad.png,dc05052524e24a8ba5a6d656c0eb92ad,4
images/f484e6b3b6d54c83b9a9cc8f99c7ed21.jpg,masks/f484e6b3b6d54c83b9a9cc8f99c7ed21.png,f484e6b3b6d54c83b9a9cc8f99c7ed21,4
images/935e0ad54dc44738af5242c45e5c8f06.jpg,masks/935e0ad54dc44738af5242c45e5c8f06.png,935e0ad54dc44738af5242c45e5c8f06,4
images/b76d4358973643b383a9ed741dc75eef.jpg,masks/b76d4358973643b383a9ed741dc75eef.png,b76d4358973643b383a9ed741dc75eef,4
images/9c642e02ecd14342a5e2a09d3af1609c.jpg,masks/9c642e02ecd14342a5e2a09d3af1609c.png,9c642e02ecd14342a5e2a09d3af1609c,4
images/ad810d76fe9a4856ad3e8063b8c099b5.jpg,masks/ad810d76fe9a4856ad3e8063b8c099b5.png,ad810d76fe9a4856ad3e8063b8c099b5,4
images/43f01fcfed684b458c2d9e99b83f2e70.jpg,masks/43f01fcfed684b458c2d9e99b83f2e70.png,43f01fcfed684b458c2d9e99b83f2e70,4
images/fdda6d5b0e234966b6046182ac0a7750.jpg,masks/fdda6d5b0e234966b6046182ac0a7750.png,fdda6d5b0e234966b6046182ac0a7750,4
images/17ef47785352460c9cff9c8fc4e026e8.jpg,masks/17ef47785352460c9cff9c8fc4e026e8.png,17ef47785352460c9cff9c8fc4e026e8,4
images/c60224d0f4e64574908dcb72f0f32d17.jpg,masks/c60224d0f4e64574908dcb72f0f32d17.png,c60224d0f4e64574908dcb72f0f32d17,4
images/33ab2240d739475986f364e3751ae956.jpg,masks/33ab2240d739475986f364e3751ae956.png,33ab2240d739475986f364e3751ae956,4
images/33d93d7870a441809ddbac1f9c929cb8.jpg,masks/33d93d7870a441809ddbac1f9c929cb8.png,33d93d7870a441809ddbac1f9c929cb8,4
images/d043de8528f247ca836771fe08f503c8.jpg,masks/d043de8528f247ca836771fe08f503c8.png,d043de8528f247ca836771fe08f503c8,4
images/08062d58604e4bdc9d154dc0a0f9b9c3.jpg,masks/08062d58604e4bdc9d154dc0a0f9b9c3.png,08062d58604e4bdc9d154dc0a0f9b9c3,4
images/8a61a83b2387416a99518fd2c0b8e731.jpg,masks/8a61a83b2387416a99518fd2c0b8e731.png,8a61a83b2387416a99518fd2c0b8e731,4
images/dee770f8be4f4c96bf7d8a11c7cc9784.jpg,masks/dee770f8be4f4c96bf7d8a11c7cc9784.png,dee770f8be4f4c96bf7d8a11c7cc9784,4
images/3b575399b74f4ec4a1c8e6a84746f971.jpg,masks/3b575399b74f4ec4a1c8e6a84746f971.png,3b575399b74f4ec4a1c8e6a84746f971,4
images/44d26375c3134c2aaf25b0c8cb37d85e.jpg,masks/44d26375c3134c2aaf25b0c8cb37d85e.png,44d26375c3134c2aaf25b0c8cb37d85e,4
images/667193f2213d45758e7aaf471bad9bfe.jpg,masks/667193f2213d45758e7aaf471bad9bfe.png,667193f2213d45758e7aaf471bad9bfe,4
images/ab60f1db263341bc9d031552506b1b9e.jpg,masks/ab60f1db263341bc9d031552506b1b9e.png,ab60f1db263341bc9d031552506b1b9e,4
images/2861db9465c54e11bcdf4a6fa98302dc.jpg,masks/2861db9465c54e11bcdf4a6fa98302dc.png,2861db9465c54e11bcdf4a6fa98302dc,4
images/c418924732d34329a1e60d674a920ece.jpg,masks/c418924732d34329a1e60d674a920ece.png,c418924732d34329a1e60d674a920ece,4
images/0585fe823ff048978f56a00b4383fd1f.jpg,masks/0585fe823ff048978f56a00b4383fd1f.png,0585fe823ff048978f56a00b4383fd1f,4
images/cab55589041a4d12847c2658d54a3569.jpg,masks/cab55589041a4d12847c2658d54a3569.png,cab55589041a4d12847c2658d54a3569,4
images/a89781a84c4c4a2eb33107d108dea5d1.jpg,masks/a89781a84c4c4a2eb33107d108dea5d1.png,a89781a84c4c4a2eb33107d108dea5d1,4
images/23fe35684d09482abe733a50e40045b8.jpg,masks/23fe35684d09482abe733a50e40045b8.png,23fe35684d09482abe733a50e40045b8,4
images/10109b8ba0794af7a16d831dd604cce0.jpg,masks/10109b8ba0794af7a16d831dd604cce0.png,10109b8ba0794af7a16d831dd604cce0,4
images/f0c447fc3e1f459f9da0fd8bef1a9206.jpg,masks/f0c447fc3e1f459f9da0fd8bef1a9206.png,f0c447fc3e1f459f9da0fd8bef1a9206,4
images/07a7a3d049694efdb69d6b37f8600d46.jpg,masks/07a7a3d049694efdb69d6b37f8600d46.png,07a7a3d049694efdb69d6b37f8600d46,4
images/28c17b6d765f4517ac455d774b258d8c.jpg,masks/28c17b6d765f4517ac455d774b258d8c.png,28c17b6d765f4517ac455d774b258d8c,4
images/abd21e94a4d44725867af02b7be4c90e.jpg,masks/abd21e94a4d44725867af02b7be4c90e.png,abd21e94a4d44725867af02b7be4c90e,4
images/4235146d0e244eb6b99421ef2a7705a4.jpg,masks/4235146d0e244eb6b99421ef2a7705a4.png,4235146d0e244eb6b99421ef2a7705a4,4
images/cec8bb53b46a4959932f716056855b9c.jpg,masks/cec8bb53b46a4959932f716056855b9c.png,cec8bb53b46a4959932f716056855b9c,4
images/bdc04b42c49c4ceab2543b56b2a441af.jpg,masks/bdc04b42c49c4ceab2543b56b2a441af.png,bdc04b42c49c4ceab2543b56b2a441af,4
images/ee5df12c9df2444886ca025171b3bffa.jpg,masks/ee5df12c9df2444886ca025171b3bffa.png,ee5df12c9df2444886ca025171b3bffa,4
images/024941bf3b384906af07865223caf327.jpg,masks/024941bf3b384906af07865223caf327.png,024941bf3b384906af07865223caf327,4
images/c8d89d9303dc4c8593bd8743023b065e.jpg,masks/c8d89d9303dc4c8593bd8743023b065e.png,c8d89d9303dc4c8593bd8743023b065e,4
images/c7dca8eda6a24bcb8e58d2acaae49e66.jpg,masks/c7dca8eda6a24bcb8e58d2acaae49e66.png,c7dca8eda6a24bcb8e58d2acaae49e66,4
images/c0e874c9bc4c4a45bdafd627aa9b0b72.jpg,masks/c0e874c9bc4c4a45bdafd627aa9b0b72.png,c0e874c9bc4c4a45bdafd627aa9b0b72,4
images/22e4c1a4e8aa4599ab8d5b52a42b68b2.jpg,masks/22e4c1a4e8aa4599ab8d5b52a42b68b2.png,22e4c1a4e8aa4599ab8d5b52a42b68b2,4
images/d93fd87a79d9411e8bbe5b2de5c7b79d.jpg,masks/d93fd87a79d9411e8bbe5b2de5c7b79d.png,d93fd87a79d9411e8bbe5b2de5c7b79d,4
images/43fc47fc44fd40a6a480ad7409f9e174.jpg,masks/43fc47fc44fd40a6a480ad7409f9e174.png,43fc47fc44fd40a6a480ad7409f9e174,4
images/65b9a2287c434fd1943b95ca9e950a07.jpg,masks/65b9a2287c434fd1943b95ca9e950a07.png,65b9a2287c434fd1943b95ca9e950a07,4
images/fe10e9547d6d45da904ef1a0f63e612f.jpg,masks/fe10e9547d6d45da904ef1a0f63e612f.png,fe10e9547d6d45da904ef1a0f63e612f,4
images/4036acf371364f998a6506aeffbbd1d1.jpg,masks/4036acf371364f998a6506aeffbbd1d1.png,4036acf371364f998a6506aeffbbd1d1,4
images/02caa4e7e23841378d76292a6ebdc0d2.jpg,masks/02caa4e7e23841378d76292a6ebdc0d2.png,02caa4e7e23841378d76292a6ebdc0d2,4
images/007184cb72454f63b3fccd5024bd9b0f.jpg,masks/007184cb72454f63b3fccd5024bd9b0f.png,007184cb72454f63b3fccd5024bd9b0f,4
images/9a64396347b34ef2aae7b9d6b418a1a9.jpg,masks/9a64396347b34ef2aae7b9d6b418a1a9.png,9a64396347b34ef2aae7b9d6b418a1a9,4
images/7a15b8926b8e49e49925fca9a76ba87c.jpg,masks/7a15b8926b8e49e49925fca9a76ba87c.png,7a15b8926b8e49e49925fca9a76ba87c,4
images/cf040de2681f448eacd8df5937cd85e3.jpg,masks/cf040de2681f448eacd8df5937cd85e3.png,cf040de2681f448eacd8df5937cd85e3,4
images/4536a96222b0458c909895ee7a49ccc6.jpg,masks/4536a96222b0458c909895ee7a49ccc6.png,4536a96222b0458c909895ee7a49ccc6,4
images/2a536888dea540acbcf66f179e6fb31c.jpg,masks/2a536888dea540acbcf66f179e6fb31c.png,2a536888dea540acbcf66f179e6fb31c,4
images/a5b6242e4cd14f08a6dfc73f977aad2d.jpg,masks/a5b6242e4cd14f08a6dfc73f977aad2d.png,a5b6242e4cd14f08a6dfc73f977aad2d,4
images/e01e978d0a6a4498be51f1e890a7d124.jpg,masks/e01e978d0a6a4498be51f1e890a7d124.png,e01e978d0a6a4498be51f1e890a7d124,4
images/1bf20f9c19b642438dc547aa16f09207.jpg,masks/1bf20f9c19b642438dc547aa16f09207.png,1bf20f9c19b642438dc547aa16f09207,4
images/2dcc54a283874021af6c1457083fa839.jpg,masks/2dcc54a283874021af6c1457083fa839.png,2dcc54a283874021af6c1457083fa839,4
images/883faed2b4c84f9fa2fcdf6035f2ea88.jpg,masks/883faed2b4c84f9fa2fcdf6035f2ea88.png,883faed2b4c84f9fa2fcdf6035f2ea88,4
images/79025f854b6a4954bc7692b08598c89f.jpg,masks/79025f854b6a4954bc7692b08598c89f.png,79025f854b6a4954bc7692b08598c89f,4
images/55d6eaf3d71640d68af86ae76f06e1b3.jpg,masks/55d6eaf3d71640d68af86ae76f06e1b3.png,55d6eaf3d71640d68af86ae76f06e1b3,4
images/ed7eefef090f4cbfbc2ff92c6e17f51e.jpg,masks/ed7eefef090f4cbfbc2ff92c6e17f51e.png,ed7eefef090f4cbfbc2ff92c6e17f51e,4
images/5bb0c6246d604da196a4f3ee9908cae3.jpg,masks/5bb0c6246d604da196a4f3ee9908cae3.png,5bb0c6246d604da196a4f3ee9908cae3,4
images/e3314dd24d274c9a90895b513815ff1a.jpg,masks/e3314dd24d274c9a90895b513815ff1a.png,e3314dd24d274c9a90895b513815ff1a,4
images/18f1deb1155640f2b7aaa064610feeae.jpg,masks/18f1deb1155640f2b7aaa064610feeae.png,18f1deb1155640f2b7aaa064610feeae,4
images/c070b68865bc42279703ca13858eb1f4.jpg,masks/c070b68865bc42279703ca13858eb1f4.png,c070b68865bc42279703ca13858eb1f4,4
images/e7aff514925a4299b3c3f7705f03a524.jpg,masks/e7aff514925a4299b3c3f7705f03a524.png,e7aff514925a4299b3c3f7705f03a524,4
images/c0da3bdb2eb04abb934d194af465a436.jpg,masks/c0da3bdb2eb04abb934d194af465a436.png,c0da3bdb2eb04abb934d194af465a436,4
images/62d5c33d124842b7bf77ba9712dada2f.jpg,masks/62d5c33d124842b7bf77ba9712dada2f.png,62d5c33d124842b7bf77ba9712dada2f,4
images/f8693b9e8fcd461f89cd8919f111b18d.jpg,masks/f8693b9e8fcd461f89cd8919f111b18d.png,f8693b9e8fcd461f89cd8919f111b18d,4
images/08d6aad123fc4acbac8a44ee35781194.jpg,masks/08d6aad123fc4acbac8a44ee35781194.png,08d6aad123fc4acbac8a44ee35781194,4
images/bba156eaa3704c5587d29a548f7ff572.jpg,masks/bba156eaa3704c5587d29a548f7ff572.png,bba156eaa3704c5587d29a548f7ff572,4
images/34ee4aa3fe70414c924b6249ad7cb291.jpg,masks/34ee4aa3fe70414c924b6249ad7cb291.png,34ee4aa3fe70414c924b6249ad7cb291,4
images/36cd836b693a46fd8b125ede93c2fbfc.jpg,masks/36cd836b693a46fd8b125ede93c2fbfc.png,36cd836b693a46fd8b125ede93c2fbfc,4
images/e9b2d72b82ea4f07bbe27285e0d8c26d.jpg,masks/e9b2d72b82ea4f07bbe27285e0d8c26d.png,e9b2d72b82ea4f07bbe27285e0d8c26d,4
images/6ddf21099de54f2b9f07591fccb85c9f.jpg,masks/6ddf21099de54f2b9f07591fccb85c9f.png,6ddf21099de54f2b9f07591fccb85c9f,4
images/91ee51a8bcd44d2fb2cd48b8de817a2a.jpg,masks/91ee51a8bcd44d2fb2cd48b8de817a2a.png,91ee51a8bcd44d2fb2cd48b8de817a2a,4
images/f35e6f9e423c4bb8a94b030dee2753d3.jpg,masks/f35e6f9e423c4bb8a94b030dee2753d3.png,f35e6f9e423c4bb8a94b030dee2753d3,4
images/3c3462423db94ad7b57a5d8b7e35e0c4.jpg,masks/3c3462423db94ad7b57a5d8b7e35e0c4.png,3c3462423db94ad7b57a5d8b7e35e0c4,4
images/7d023547875749278b50952c3f33a882.jpg,masks/7d023547875749278b50952c3f33a882.png,7d023547875749278b50952c3f33a882,4
images/84b83904bd7e48c18c8c41682ac6ffc1.jpg,masks/84b83904bd7e48c18c8c41682ac6ffc1.png,84b83904bd7e48c18c8c41682ac6ffc1,4
images/9878925e816e45eabb5e6d34473c1dd9.jpg,masks/9878925e816e45eabb5e6d34473c1dd9.png,9878925e816e45eabb5e6d34473c1dd9,4
images/e25da8b4b4e4471099915092ff8f3a01.jpg,masks/e25da8b4b4e4471099915092ff8f3a01.png,e25da8b4b4e4471099915092ff8f3a01,4
images/2c8a17cd3bc8489797872a86a2fd4f45.jpg,masks/2c8a17cd3bc8489797872a86a2fd4f45.png,2c8a17cd3bc8489797872a86a2fd4f45,4
images/415067fbbce24f109b8bd73ee86d15e1.jpg,masks/415067fbbce24f109b8bd73ee86d15e1.png,415067fbbce24f109b8bd73ee86d15e1,4
images/44b4b61853254538ae3bce421d869ae3.jpg,masks/44b4b61853254538ae3bce421d869ae3.png,44b4b61853254538ae3bce421d869ae3,4
images/a779fd0eb0254c05b1bac1d73213417e.jpg,masks/a779fd0eb0254c05b1bac1d73213417e.png,a779fd0eb0254c05b1bac1d73213417e,4
images/221778c5db6d443581cf9b75c684f2df.jpg,masks/221778c5db6d443581cf9b75c684f2df.png,221778c5db6d443581cf9b75c684f2df,4
images/7232281f874646f6a7c2fcd0c8858224.jpg,masks/7232281f874646f6a7c2fcd0c8858224.png,7232281f874646f6a7c2fcd0c8858224,4
images/2a04b2982fad4580be5468e5876f27ec.jpg,masks/2a04b2982fad4580be5468e5876f27ec.png,2a04b2982fad4580be5468e5876f27ec,4
images/3ab764a6a9314b68b66a55f81d6b0d6e.jpg,masks/3ab764a6a9314b68b66a55f81d6b0d6e.png,3ab764a6a9314b68b66a55f81d6b0d6e,4
images/456582b69a964dbaa009c74f1e80ccc9.jpg,masks/456582b69a964dbaa009c74f1e80ccc9.png,456582b69a964dbaa009c74f1e80ccc9,4
images/6fb78d2911b848fda797464491541ef2.jpg,masks/6fb78d2911b848fda797464491541ef2.png,6fb78d2911b848fda797464491541ef2,4
images/68c2f118564c4893a616b4f48172dce3.jpg,masks/68c2f118564c4893a616b4f48172dce3.png,68c2f118564c4893a616b4f48172dce3,4
images/b2e512cda495480c8a1466266160a99f.jpg,masks/b2e512cda495480c8a1466266160a99f.png,b2e512cda495480c8a1466266160a99f,4
images/7c2a91bac1a54ac494d63214bf294b0d.jpg,masks/7c2a91bac1a54ac494d63214bf294b0d.png,7c2a91bac1a54ac494d63214bf294b0d,4
images/25b72864ecc1452ca32536df6e13a177.jpg,masks/25b72864ecc1452ca32536df6e13a177.png,25b72864ecc1452ca32536df6e13a177,4
images/7aa89dd1607b4a0091c686fb7912d0ba.jpg,masks/7aa89dd1607b4a0091c686fb7912d0ba.png,7aa89dd1607b4a0091c686fb7912d0ba,4
images/044e34c2b23e42919679a6011421ad1b.jpg,masks/044e34c2b23e42919679a6011421ad1b.png,044e34c2b23e42919679a6011421ad1b,4
images/674a77db1c0848ccbb818f6f63ca948c.jpg,masks/674a77db1c0848ccbb818f6f63ca948c.png,674a77db1c0848ccbb818f6f63ca948c,4
images/09f4f176806947609ee0fcb5ae1cd7e2.jpg,masks/09f4f176806947609ee0fcb5ae1cd7e2.png,09f4f176806947609ee0fcb5ae1cd7e2,4
images/5f60208a6fb34cf9ae299447daa077cc.jpg,masks/5f60208a6fb34cf9ae299447daa077cc.png,5f60208a6fb34cf9ae299447daa077cc,4
images/3aeb2de5fb6245a188541ec4b263824c.jpg,masks/3aeb2de5fb6245a188541ec4b263824c.png,3aeb2de5fb6245a188541ec4b263824c,4
images/df99cabbb4c346b68a332e12e74268b2.jpg,masks/df99cabbb4c346b68a332e12e74268b2.png,df99cabbb4c346b68a332e12e74268b2,4
images/b621e09e12144c31a2846515ef43b91a.jpg,masks/b621e09e12144c31a2846515ef43b91a.png,b621e09e12144c31a2846515ef43b91a,4
images/60ba1bbd79d744bf90a25bc23b9b0346.jpg,masks/60ba1bbd79d744bf90a25bc23b9b0346.png,60ba1bbd79d744bf90a25bc23b9b0346,4
images/f1cd367817734b29a804d5578d166740.jpg,masks/f1cd367817734b29a804d5578d166740.png,f1cd367817734b29a804d5578d166740,4
images/516adca4733e4d1ead1fb70abea8e172.jpg,masks/516adca4733e4d1ead1fb70abea8e172.png,516adca4733e4d1ead1fb70abea8e172,4
images/ebbac231ee4e4c2e860e44f61523e1f4.jpg,masks/ebbac231ee4e4c2e860e44f61523e1f4.png,ebbac231ee4e4c2e860e44f61523e1f4,4
images/e7e17f1104f64ef7ae64aa609eebc3d6.jpg,masks/e7e17f1104f64ef7ae64aa609eebc3d6.png,e7e17f1104f64ef7ae64aa609eebc3d6,4
images/dd5bd2d3cdab4169a686e850f5f307a7.jpg,masks/dd5bd2d3cdab4169a686e850f5f307a7.png,dd5bd2d3cdab4169a686e850f5f307a7,4
images/1e2fe01bd8164087a8a595f429beaad7.jpg,masks/1e2fe01bd8164087a8a595f429beaad7.png,1e2fe01bd8164087a8a595f429beaad7,4
images/6da5020f1e1a48c2ad3ac5c0ef8011c7.jpg,masks/6da5020f1e1a48c2ad3ac5c0ef8011c7.png,6da5020f1e1a48c2ad3ac5c0ef8011c7,4
images/47619558f8be4c98a9dda6de457c4615.jpg,masks/47619558f8be4c98a9dda6de457c4615.png,47619558f8be4c98a9dda6de457c4615,4
images/57db8c9e51a74d85a75b81c8bb7f3e28.jpg,masks/57db8c9e51a74d85a75b81c8bb7f3e28.png,57db8c9e51a74d85a75b81c8bb7f3e28,4
images/7e076e79dcc5478cb9b47d76d590dac7.jpg,masks/7e076e79dcc5478cb9b47d76d590dac7.png,7e076e79dcc5478cb9b47d76d590dac7,4
images/43584efec0894a2491049e483e6ea5c7.jpg,masks/43584efec0894a2491049e483e6ea5c7.png,43584efec0894a2491049e483e6ea5c7,4
images/5a16593cb588468cb4c7425c89dc283a.jpg,masks/5a16593cb588468cb4c7425c89dc283a.png,5a16593cb588468cb4c7425c89dc283a,4
images/cfb053f9fb5f4e29a0510041417a219c.jpg,masks/cfb053f9fb5f4e29a0510041417a219c.png,cfb053f9fb5f4e29a0510041417a219c,4
images/cd030e62dafa43b5b184685aa3cbe750.jpg,masks/cd030e62dafa43b5b184685aa3cbe750.png,cd030e62dafa43b5b184685aa3cbe750,4
images/b7cb30ce31f34ac586d682469756c1f4.jpg,masks/b7cb30ce31f34ac586d682469756c1f4.png,b7cb30ce31f34ac586d682469756c1f4,4
images/f1bda9214cd048288058022a833c5850.jpg,masks/f1bda9214cd048288058022a833c5850.png,f1bda9214cd048288058022a833c5850,4
images/d49c7095cc2e4ab9a6ad4ef0581fe11f.jpg,masks/d49c7095cc2e4ab9a6ad4ef0581fe11f.png,d49c7095cc2e4ab9a6ad4ef0581fe11f,4
images/a294f4fc1d8a493aa5e4b2080ff5a200.jpg,masks/a294f4fc1d8a493aa5e4b2080ff5a200.png,a294f4fc1d8a493aa5e4b2080ff5a200,4
images/39e62d8be7694dbb8aed5d4f3abb8f36.jpg,masks/39e62d8be7694dbb8aed5d4f3abb8f36.png,39e62d8be7694dbb8aed5d4f3abb8f36,4
images/6c3c891a09f04c218aea3e44cbdb6baa.jpg,masks/6c3c891a09f04c218aea3e44cbdb6baa.png,6c3c891a09f04c218aea3e44cbdb6baa,4
images/48c8e8781738448cb69800e6ef3e1f27.jpg,masks/48c8e8781738448cb69800e6ef3e1f27.png,48c8e8781738448cb69800e6ef3e1f27,4
images/f7a8a8fe31dc45838ff6a379b600f37f.jpg,masks/f7a8a8fe31dc45838ff6a379b600f37f.png,f7a8a8fe31dc45838ff6a379b600f37f,4
images/682f70d142da471c88b940b2c4068553.jpg,masks/682f70d142da471c88b940b2c4068553.png,682f70d142da471c88b940b2c4068553,4
images/6e619eb421a04956a760923bd0aa5a52.jpg,masks/6e619eb421a04956a760923bd0aa5a52.png,6e619eb421a04956a760923bd0aa5a52,4
images/27e4226aa73f43368f123c1459b8c245.jpg,masks/27e4226aa73f43368f123c1459b8c245.png,27e4226aa73f43368f123c1459b8c245,4
images/5fe0a834387b43f0972178e926fe63ff.jpg,masks/5fe0a834387b43f0972178e926fe63ff.png,5fe0a834387b43f0972178e926fe63ff,4
images/8f281e8936234bab91c8ed3a4509e42d.jpg,masks/8f281e8936234bab91c8ed3a4509e42d.png,8f281e8936234bab91c8ed3a4509e42d,4
images/c7c53b63c2944825bd06027ed0fb3a5a.jpg,masks/c7c53b63c2944825bd06027ed0fb3a5a.png,c7c53b63c2944825bd06027ed0fb3a5a,4
images/7942c97593e94a7d908d957001060b4f.jpg,masks/7942c97593e94a7d908d957001060b4f.png,7942c97593e94a7d908d957001060b4f,4
images/00d9ab943ec6421ebcc94138e67aa404.jpg,masks/00d9ab943ec6421ebcc94138e67aa404.png,00d9ab943ec6421ebcc94138e67aa404,4
images/f9098406f115417eb680fada5b430e64.jpg,masks/f9098406f115417eb680fada5b430e64.png,f9098406f115417eb680fada5b430e64,4
images/f705c696e1cd447d825edb43a6627c6d.jpg,masks/f705c696e1cd447d825edb43a6627c6d.png,f705c696e1cd447d825edb43a6627c6d,4
images/f457008add6541c195348cb1c3155595.jpg,masks/f457008add6541c195348cb1c3155595.png,f457008add6541c195348cb1c3155595,4
images/76e809c460984c7e8bd0990d5635dbb9.jpg,masks/76e809c460984c7e8bd0990d5635dbb9.png,76e809c460984c7e8bd0990d5635dbb9,4
images/8bd1529b1e5f421e9b2a5cfa7f173109.jpg,masks/8bd1529b1e5f421e9b2a5cfa7f173109.png,8bd1529b1e5f421e9b2a5cfa7f173109,4
images/f99d4777bd5f4f84bdb40d2bd720f7e4.jpg,masks/f99d4777bd5f4f84bdb40d2bd720f7e4.png,f99d4777bd5f4f84bdb40d2bd720f7e4,4
images/e1de4ea9f9f7442191505ae65de80f14.jpg,masks/e1de4ea9f9f7442191505ae65de80f14.png,e1de4ea9f9f7442191505ae65de80f14,4
images/b0c7fce5e8b242c1878b03e008a7d7b9.jpg,masks/b0c7fce5e8b242c1878b03e008a7d7b9.png,b0c7fce5e8b242c1878b03e008a7d7b9,4
images/15a87fe2eb3c451e885b9cf1b7d849ac.jpg,masks/15a87fe2eb3c451e885b9cf1b7d849ac.png,15a87fe2eb3c451e885b9cf1b7d849ac,4
images/a5bab5b4a7944247b1ebc0c15f789a03.jpg,masks/a5bab5b4a7944247b1ebc0c15f789a03.png,a5bab5b4a7944247b1ebc0c15f789a03,4
images/c30135b402a84b6ea450678fd8d6059c.jpg,masks/c30135b402a84b6ea450678fd8d6059c.png,c30135b402a84b6ea450678fd8d6059c,4
images/53e67a10382945b9a7603bcce37857f9.jpg,masks/53e67a10382945b9a7603bcce37857f9.png,53e67a10382945b9a7603bcce37857f9,4
images/f7b2f4c336cc41ddaeb284c4fc9e8780.jpg,masks/f7b2f4c336cc41ddaeb284c4fc9e8780.png,f7b2f4c336cc41ddaeb284c4fc9e8780,4
images/ea482bd6c5c84ec49692d011874f052a.jpg,masks/ea482bd6c5c84ec49692d011874f052a.png,ea482bd6c5c84ec49692d011874f052a,4
images/6597aba611a74275bfb445bee214db62.jpg,masks/6597aba611a74275bfb445bee214db62.png,6597aba611a74275bfb445bee214db62,4
images/e118742e3db34c2bb30a9e78e4021329.jpg,masks/e118742e3db34c2bb30a9e78e4021329.png,e118742e3db34c2bb30a9e78e4021329,4
images/0135cd16ac2f41b1a9a932d5d1255313.jpg,masks/0135cd16ac2f41b1a9a932d5d1255313.png,0135cd16ac2f41b1a9a932d5d1255313,4
images/cb0f956d238f486a8891a3c7cab2c108.jpg,masks/cb0f956d238f486a8891a3c7cab2c108.png,cb0f956d238f486a8891a3c7cab2c108,4
images/fc25436d0fa64af996c2af743247ab69.jpg,masks/fc25436d0fa64af996c2af743247ab69.png,fc25436d0fa64af996c2af743247ab69,4
images/9756f4cb10b14a3b942f7ab2ccf8f4d3.jpg,masks/9756f4cb10b14a3b942f7ab2ccf8f4d3.png,9756f4cb10b14a3b942f7ab2ccf8f4d3,4
images/ee18b9aa12e0495a8dfdfc6e38bc4d4a.jpg,masks/ee18b9aa12e0495a8dfdfc6e38bc4d4a.png,ee18b9aa12e0495a8dfdfc6e38bc4d4a,4
images/6589a6097f8642c1bf8747f7b1c5334d.jpg,masks/6589a6097f8642c1bf8747f7b1c5334d.png,6589a6097f8642c1bf8747f7b1c5334d,4
images/d7d89e6b038342d7a3550bfbb6498ea2.jpg,masks/d7d89e6b038342d7a3550bfbb6498ea2.png,d7d89e6b038342d7a3550bfbb6498ea2,4
images/3f63c1da37cd45fa91e9c4d927494c26.jpg,masks/3f63c1da37cd45fa91e9c4d927494c26.png,3f63c1da37cd45fa91e9c4d927494c26,4
images/c3d63f3cdaa74ab2a82ae9fe9e76d02f.jpg,masks/c3d63f3cdaa74ab2a82ae9fe9e76d02f.png,c3d63f3cdaa74ab2a82ae9fe9e76d02f,4
images/b40cb4c962d44215b05a159dbbac2774.jpg,masks/b40cb4c962d44215b05a159dbbac2774.png,b40cb4c962d44215b05a159dbbac2774,4
images/1f482fcd9a02477db01dcb536f7b79fb.jpg,masks/1f482fcd9a02477db01dcb536f7b79fb.png,1f482fcd9a02477db01dcb536f7b79fb,4
images/e54670b5563e411d9456859e583dbab0.jpg,masks/e54670b5563e411d9456859e583dbab0.png,e54670b5563e411d9456859e583dbab0,4
images/1e595669e1c4483b9cad25f1a5aee121.jpg,masks/1e595669e1c4483b9cad25f1a5aee121.png,1e595669e1c4483b9cad25f1a5aee121,4
images/dfbf3d0a394e49f688d44369247a5e30.jpg,masks/dfbf3d0a394e49f688d44369247a5e30.png,dfbf3d0a394e49f688d44369247a5e30,4
images/f9d266c9944d40f0b5938be59abdfee1.jpg,masks/f9d266c9944d40f0b5938be59abdfee1.png,f9d266c9944d40f0b5938be59abdfee1,4
images/025b735547dc42469c92621953850f8b.jpg,masks/025b735547dc42469c92621953850f8b.png,025b735547dc42469c92621953850f8b,4
images/e666805285fd4f018dc0473199c9e175.jpg,masks/e666805285fd4f018dc0473199c9e175.png,e666805285fd4f018dc0473199c9e175,4
images/b9a963c72444462687111092837f8844.jpg,masks/b9a963c72444462687111092837f8844.png,b9a963c72444462687111092837f8844,4
images/45b755ed753e4cdc8910c476bd9396af.jpg,masks/45b755ed753e4cdc8910c476bd9396af.png,45b755ed753e4cdc8910c476bd9396af,4
images/2929ad282a194ac382a0a1b98d8b950a.jpg,masks/2929ad282a194ac382a0a1b98d8b950a.png,2929ad282a194ac382a0a1b98d8b950a,4
images/510f7539eebc44b680af69a3a681b6cf.jpg,masks/510f7539eebc44b680af69a3a681b6cf.png,510f7539eebc44b680af69a3a681b6cf,4
images/5f1c135b0a8e401ba85e606c6f643984.jpg,masks/5f1c135b0a8e401ba85e606c6f643984.png,5f1c135b0a8e401ba85e606c6f643984,4
images/f214a29403e041ddbf227a0147bd2d63.jpg,masks/f214a29403e041ddbf227a0147bd2d63.png,f214a29403e041ddbf227a0147bd2d63,4
images/279696fcf1ba46a5a8cd8e1c026343b5.jpg,masks/279696fcf1ba46a5a8cd8e1c026343b5.png,279696fcf1ba46a5a8cd8e1c026343b5,4
images/5842600c51de49d8bfb36b49eb953fef.jpg,masks/5842600c51de49d8bfb36b49eb953fef.png,5842600c51de49d8bfb36b49eb953fef,4
images/d97261dd1693460ca27a08482dc92db7.jpg,masks/d97261dd1693460ca27a08482dc92db7.png,d97261dd1693460ca27a08482dc92db7,4
images/84e8de49346a45068d0b18dabaa3df97.jpg,masks/84e8de49346a45068d0b18dabaa3df97.png,84e8de49346a45068d0b18dabaa3df97,4
images/bfe42a82beb946ed8462b2b28b81957b.jpg,masks/bfe42a82beb946ed8462b2b28b81957b.png,bfe42a82beb946ed8462b2b28b81957b,4
images/2efea7a24d684a84acde1db1a9b94aec.jpg,masks/2efea7a24d684a84acde1db1a9b94aec.png,2efea7a24d684a84acde1db1a9b94aec,4
images/e4ee05e67e65460b831e6ae5df5076d4.jpg,masks/e4ee05e67e65460b831e6ae5df5076d4.png,e4ee05e67e65460b831e6ae5df5076d4,4
images/79cc8b5ffc044335be94921c52b39dbc.jpg,masks/79cc8b5ffc044335be94921c52b39dbc.png,79cc8b5ffc044335be94921c52b39dbc,4
images/2b8dedc5e83e4019ba17e99ed8a0ca60.jpg,masks/2b8dedc5e83e4019ba17e99ed8a0ca60.png,2b8dedc5e83e4019ba17e99ed8a0ca60,4
images/f770368ecdf44223a54e3a9e63563e1e.jpg,masks/f770368ecdf44223a54e3a9e63563e1e.png,f770368ecdf44223a54e3a9e63563e1e,4
images/c664187b704a4defa92a69099d80bbd1.jpg,masks/c664187b704a4defa92a69099d80bbd1.png,c664187b704a4defa92a69099d80bbd1,4
images/b4224d1ea6e64b7ead3dda7e6dceb4b8.jpg,masks/b4224d1ea6e64b7ead3dda7e6dceb4b8.png,b4224d1ea6e64b7ead3dda7e6dceb4b8,4
images/b0bcd805ef644b3295836dece8310469.jpg,masks/b0bcd805ef644b3295836dece8310469.png,b0bcd805ef644b3295836dece8310469,4
images/df0aaf59702e489e96bcc768ef94d3af.jpg,masks/df0aaf59702e489e96bcc768ef94d3af.png,df0aaf59702e489e96bcc768ef94d3af,4
images/879bb6e9d96741f985665c9b8519c2c8.jpg,masks/879bb6e9d96741f985665c9b8519c2c8.png,879bb6e9d96741f985665c9b8519c2c8,4
images/50b9d2eb0e694d939f41f11becac0639.jpg,masks/50b9d2eb0e694d939f41f11becac0639.png,50b9d2eb0e694d939f41f11becac0639,4
images/706f2f20bd914ec58828a78c89c41685.jpg,masks/706f2f20bd914ec58828a78c89c41685.png,706f2f20bd914ec58828a78c89c41685,4
images/6f6aa790fed4456db6ff8bf687e48eb0.jpg,masks/6f6aa790fed4456db6ff8bf687e48eb0.png,6f6aa790fed4456db6ff8bf687e48eb0,4
images/c5f37a9ccd2d4427bb85042a55cf7306.jpg,masks/c5f37a9ccd2d4427bb85042a55cf7306.png,c5f37a9ccd2d4427bb85042a55cf7306,4
images/588a007bcdd247b4b73fabe061aae05b.jpg,masks/588a007bcdd247b4b73fabe061aae05b.png,588a007bcdd247b4b73fabe061aae05b,4
images/cee2ee40f6ed4aa6aa5219ae8e030bcd.jpg,masks/cee2ee40f6ed4aa6aa5219ae8e030bcd.png,cee2ee40f6ed4aa6aa5219ae8e030bcd,4
images/4d49fb2e85cb48b89b7b8592a26450f0.jpg,masks/4d49fb2e85cb48b89b7b8592a26450f0.png,4d49fb2e85cb48b89b7b8592a26450f0,4
images/7132f72085f14788a89ef946ead0950c.jpg,masks/7132f72085f14788a89ef946ead0950c.png,7132f72085f14788a89ef946ead0950c,4
images/99f570e1504e4eb78b6c198adbca6c98.jpg,masks/99f570e1504e4eb78b6c198adbca6c98.png,99f570e1504e4eb78b6c198adbca6c98,4
images/34bb79f7b6d04f50a7c476c1ac68444d.jpg,masks/34bb79f7b6d04f50a7c476c1ac68444d.png,34bb79f7b6d04f50a7c476c1ac68444d,4
images/52e6ba774e1c422c83f4a8e134ccc608.jpg,masks/52e6ba774e1c422c83f4a8e134ccc608.png,52e6ba774e1c422c83f4a8e134ccc608,4
images/37a85a4ab6964b3589ba70b61d3b9aef.jpg,masks/37a85a4ab6964b3589ba70b61d3b9aef.png,37a85a4ab6964b3589ba70b61d3b9aef,4
images/e9f5d2dc669c49c18061bda570a4022d.jpg,masks/e9f5d2dc669c49c18061bda570a4022d.png,e9f5d2dc669c49c18061bda570a4022d,4
images/55b487b6a34c411abc6f8b8aecf88ae8.jpg,masks/55b487b6a34c411abc6f8b8aecf88ae8.png,55b487b6a34c411abc6f8b8aecf88ae8,4
images/f8cad4d7ecf743f9b1ad9d0d1de3db6d.jpg,masks/f8cad4d7ecf743f9b1ad9d0d1de3db6d.png,f8cad4d7ecf743f9b1ad9d0d1de3db6d,4
images/3fc1c00f1d4d45b8870392831bd49e95.jpg,masks/3fc1c00f1d4d45b8870392831bd49e95.png,3fc1c00f1d4d45b8870392831bd49e95,4
images/4cb85ad65a544513bda659195839c7bc.jpg,masks/4cb85ad65a544513bda659195839c7bc.png,4cb85ad65a544513bda659195839c7bc,4
images/55e9879ffc584a8682215eafb2f95dff.jpg,masks/55e9879ffc584a8682215eafb2f95dff.png,55e9879ffc584a8682215eafb2f95dff,4
images/171eff67647543c7a4fa40ea325c8325.jpg,masks/171eff67647543c7a4fa40ea325c8325.png,171eff67647543c7a4fa40ea325c8325,4
images/dec81d01c23144f7a3a885e77be7bc57.jpg,masks/dec81d01c23144f7a3a885e77be7bc57.png,dec81d01c23144f7a3a885e77be7bc57,4
images/15cf04d7ec3d4928a018e1f859fc5aab.jpg,masks/15cf04d7ec3d4928a018e1f859fc5aab.png,15cf04d7ec3d4928a018e1f859fc5aab,4
images/0f6c4766b6d04d098436acedc6eddc41.jpg,masks/0f6c4766b6d04d098436acedc6eddc41.png,0f6c4766b6d04d098436acedc6eddc41,4
images/018adb945ea34603bf28da457150815a.jpg,masks/018adb945ea34603bf28da457150815a.png,018adb945ea34603bf28da457150815a,4
images/153ff670a57e44d480d53461804c57ea.jpg,masks/153ff670a57e44d480d53461804c57ea.png,153ff670a57e44d480d53461804c57ea,4
images/37aef6ef5d2347a4bdc8e3000768159f.jpg,masks/37aef6ef5d2347a4bdc8e3000768159f.png,37aef6ef5d2347a4bdc8e3000768159f,4
images/337edf795fff48948161e2d0b33d0f48.jpg,masks/337edf795fff48948161e2d0b33d0f48.png,337edf795fff48948161e2d0b33d0f48,4
images/94e2bf1ba215430b80caadfad0e69207.jpg,masks/94e2bf1ba215430b80caadfad0e69207.png,94e2bf1ba215430b80caadfad0e69207,4
images/5ad29b9b04fe4b75b2a7c2b9c292ea0b.jpg,masks/5ad29b9b04fe4b75b2a7c2b9c292ea0b.png,5ad29b9b04fe4b75b2a7c2b9c292ea0b,4
images/6d3a1ffd8b8c48c798c224c3b8c0f34c.jpg,masks/6d3a1ffd8b8c48c798c224c3b8c0f34c.png,6d3a1ffd8b8c48c798c224c3b8c0f34c,4
images/cbc805ec59fa447aa99c81b95979dbc2.jpg,masks/cbc805ec59fa447aa99c81b95979dbc2.png,cbc805ec59fa447aa99c81b95979dbc2,4
images/8f18df2ecfca474ab822b8dd5c287754.jpg,masks/8f18df2ecfca474ab822b8dd5c287754.png,8f18df2ecfca474ab822b8dd5c287754,4
images/584e889594ef450cbec79afb3784984b.jpg,masks/584e889594ef450cbec79afb3784984b.png,584e889594ef450cbec79afb3784984b,4
images/170378e4664f4ed2b51efbba8545e65e.jpg,masks/170378e4664f4ed2b51efbba8545e65e.png,170378e4664f4ed2b51efbba8545e65e,4
images/9744080b7daa4f94baebcaed92fb1eec.jpg,masks/9744080b7daa4f94baebcaed92fb1eec.png,9744080b7daa4f94baebcaed92fb1eec,4
images/eb91a97191304c6a9636f8374d55664c.jpg,masks/eb91a97191304c6a9636f8374d55664c.png,eb91a97191304c6a9636f8374d55664c,4
images/9f644743b2f84c39a86dacb494fff3d1.jpg,masks/9f644743b2f84c39a86dacb494fff3d1.png,9f644743b2f84c39a86dacb494fff3d1,4
images/d489a01f199647398f24f606a48bb451.jpg,masks/d489a01f199647398f24f606a48bb451.png,d489a01f199647398f24f606a48bb451,4
images/1b88f607a7ee4f8492830030e3de6ee8.jpg,masks/1b88f607a7ee4f8492830030e3de6ee8.png,1b88f607a7ee4f8492830030e3de6ee8,4
images/78525b38c9b84cc1a0ef5b889181de25.jpg,masks/78525b38c9b84cc1a0ef5b889181de25.png,78525b38c9b84cc1a0ef5b889181de25,4
images/9e129b8f5db44318992bface9ac4e805.jpg,masks/9e129b8f5db44318992bface9ac4e805.png,9e129b8f5db44318992bface9ac4e805,4
images/24ef9b2cfd854b168ea26cf3948e908b.jpg,masks/24ef9b2cfd854b168ea26cf3948e908b.png,24ef9b2cfd854b168ea26cf3948e908b,4
images/266afd36c02d4c0cb5758cee08dfc8e8.jpg,masks/266afd36c02d4c0cb5758cee08dfc8e8.png,266afd36c02d4c0cb5758cee08dfc8e8,4
images/8157e9537a8740f489f8adc67b4d56d4.jpg,masks/8157e9537a8740f489f8adc67b4d56d4.png,8157e9537a8740f489f8adc67b4d56d4,4
images/ea388bebcabc406b868f99057988f4a0.jpg,masks/ea388bebcabc406b868f99057988f4a0.png,ea388bebcabc406b868f99057988f4a0,4
images/96a0334b7245411384556940224aa049.jpg,masks/96a0334b7245411384556940224aa049.png,96a0334b7245411384556940224aa049,4
images/f8b23ed9b1814787b8d56bd4c8c7b99f.jpg,masks/f8b23ed9b1814787b8d56bd4c8c7b99f.png,f8b23ed9b1814787b8d56bd4c8c7b99f,4
images/9f29755b065b49e8a47c06da92fc2d0f.jpg,masks/9f29755b065b49e8a47c06da92fc2d0f.png,9f29755b065b49e8a47c06da92fc2d0f,4
images/b5725afd75e340ffa8142798d3fb0514.jpg,masks/b5725afd75e340ffa8142798d3fb0514.png,b5725afd75e340ffa8142798d3fb0514,4
images/cb2456f7cc044d238f723fa1a1c67e0c.jpg,masks/cb2456f7cc044d238f723fa1a1c67e0c.png,cb2456f7cc044d238f723fa1a1c67e0c,4
images/856ec35c7772457c9da4c43fc3a303de.jpg,masks/856ec35c7772457c9da4c43fc3a303de.png,856ec35c7772457c9da4c43fc3a303de,4
images/641329d064cd41c69446fa7ac5315e4d.jpg,masks/641329d064cd41c69446fa7ac5315e4d.png,641329d064cd41c69446fa7ac5315e4d,4
images/6830f9ceb59a485681c6f5392493edc9.jpg,masks/6830f9ceb59a485681c6f5392493edc9.png,6830f9ceb59a485681c6f5392493edc9,4
images/b76d11f40521489ca4d2bf47804d81d1.jpg,masks/b76d11f40521489ca4d2bf47804d81d1.png,b76d11f40521489ca4d2bf47804d81d1,4
images/7e060c95714a46b08390bd7af1c32fc6.jpg,masks/7e060c95714a46b08390bd7af1c32fc6.png,7e060c95714a46b08390bd7af1c32fc6,4
images/315ead33c75b403b9abcf3e547e0aebc.jpg,masks/315ead33c75b403b9abcf3e547e0aebc.png,315ead33c75b403b9abcf3e547e0aebc,4
images/010cc0a8e2da4ec08991d00a69fb2b9e.jpg,masks/010cc0a8e2da4ec08991d00a69fb2b9e.png,010cc0a8e2da4ec08991d00a69fb2b9e,4
images/0284868bdb954147ae3d5e464aa12d2f.jpg,masks/0284868bdb954147ae3d5e464aa12d2f.png,0284868bdb954147ae3d5e464aa12d2f,4
images/5e8c5b0b0e30458495ac3f0cff3a5518.jpg,masks/5e8c5b0b0e30458495ac3f0cff3a5518.png,5e8c5b0b0e30458495ac3f0cff3a5518,4
images/0f1d78af86ad49fba2944aab56bc9798.jpg,masks/0f1d78af86ad49fba2944aab56bc9798.png,0f1d78af86ad49fba2944aab56bc9798,4
images/2438380d7ff245b6b0c9a59b06736364.jpg,masks/2438380d7ff245b6b0c9a59b06736364.png,2438380d7ff245b6b0c9a59b06736364,4
images/3531e9467b034961b1afe510af96fea1.jpg,masks/3531e9467b034961b1afe510af96fea1.png,3531e9467b034961b1afe510af96fea1,4
images/418a153e7e34450dbf28d919d6775cb7.jpg,masks/418a153e7e34450dbf28d919d6775cb7.png,418a153e7e34450dbf28d919d6775cb7,4
images/77c03b6c5a3347329fc5d24bab3514ab.jpg,masks/77c03b6c5a3347329fc5d24bab3514ab.png,77c03b6c5a3347329fc5d24bab3514ab,4
images/18e1b6e3eef24b998d703550017b4935.jpg,masks/18e1b6e3eef24b998d703550017b4935.png,18e1b6e3eef24b998d703550017b4935,4
images/1b3b5317ac93450c945fdeaeb292660d.jpg,masks/1b3b5317ac93450c945fdeaeb292660d.png,1b3b5317ac93450c945fdeaeb292660d,4
images/b226eeaf18294f8e889bd9b74f7970be.jpg,masks/b226eeaf18294f8e889bd9b74f7970be.png,b226eeaf18294f8e889bd9b74f7970be,4
images/b5065d8a724043a5bb07d9502feab098.jpg,masks/b5065d8a724043a5bb07d9502feab098.png,b5065d8a724043a5bb07d9502feab098,4
images/7c58d468907e45c18b52691d104935f2.jpg,masks/7c58d468907e45c18b52691d104935f2.png,7c58d468907e45c18b52691d104935f2,4
images/46efd26612ce4e0385b80982a8c35cc6.jpg,masks/46efd26612ce4e0385b80982a8c35cc6.png,46efd26612ce4e0385b80982a8c35cc6,3
images/eb8170310b2b4dffbc1f2a4e2e356ca1.jpg,masks/eb8170310b2b4dffbc1f2a4e2e356ca1.png,eb8170310b2b4dffbc1f2a4e2e356ca1,3
images/87fd611deb5a42b9a85187e9ce807706.jpg,masks/87fd611deb5a42b9a85187e9ce807706.png,87fd611deb5a42b9a85187e9ce807706,3
images/f919a0abcb0a487783b313063eb6597a.jpg,masks/f919a0abcb0a487783b313063eb6597a.png,f919a0abcb0a487783b313063eb6597a,3
images/4bcb840b38b247a28c74c696327e4ca2.jpg,masks/4bcb840b38b247a28c74c696327e4ca2.png,4bcb840b38b247a28c74c696327e4ca2,3
images/6fa79cc963614f238e189d881cfb1199.jpg,masks/6fa79cc963614f238e189d881cfb1199.png,6fa79cc963614f238e189d881cfb1199,3
images/f39b60ee9c0745128ace117c849fa5eb.jpg,masks/f39b60ee9c0745128ace117c849fa5eb.png,f39b60ee9c0745128ace117c849fa5eb,3
images/66578eccaf1c4ccba06840c5503e4165.jpg,masks/66578eccaf1c4ccba06840c5503e4165.png,66578eccaf1c4ccba06840c5503e4165,3
images/f6ab020602014d81a1c4345a921c25cd.jpg,masks/f6ab020602014d81a1c4345a921c25cd.png,f6ab020602014d81a1c4345a921c25cd,3
images/331094b2ee794c7e96f1dd3aad243edb.jpg,masks/331094b2ee794c7e96f1dd3aad243edb.png,331094b2ee794c7e96f1dd3aad243edb,3
images/02611b4294234d37ac2e369cfb807449.jpg,masks/02611b4294234d37ac2e369cfb807449.png,02611b4294234d37ac2e369cfb807449,3
images/538a50a575874322ba9e50341a5e5e69.jpg,masks/538a50a575874322ba9e50341a5e5e69.png,538a50a575874322ba9e50341a5e5e69,3
images/daab9d51befc4885ad18790b64fb8575.jpg,masks/daab9d51befc4885ad18790b64fb8575.png,daab9d51befc4885ad18790b64fb8575,3
images/f9a5bf8e41d24db4907581ff1948b4db.jpg,masks/f9a5bf8e41d24db4907581ff1948b4db.png,f9a5bf8e41d24db4907581ff1948b4db,3
images/db409e4f4da745d7b7d59f78b26fe208.jpg,masks/db409e4f4da745d7b7d59f78b26fe208.png,db409e4f4da745d7b7d59f78b26fe208,3
images/a7fb1f7ef1774e86943b579e4d9d1d5b.jpg,masks/a7fb1f7ef1774e86943b579e4d9d1d5b.png,a7fb1f7ef1774e86943b579e4d9d1d5b,3
images/01c94b4d87874d22bfa9b7811b067f27.jpg,masks/01c94b4d87874d22bfa9b7811b067f27.png,01c94b4d87874d22bfa9b7811b067f27,3
images/cdae785aec484a25a06a98f42a1e1941.jpg,masks/cdae785aec484a25a06a98f42a1e1941.png,cdae785aec484a25a06a98f42a1e1941,3
images/3eeaf752bc5d4bcbae8f4580a0d45f33.jpg,masks/3eeaf752bc5d4bcbae8f4580a0d45f33.png,3eeaf752bc5d4bcbae8f4580a0d45f33,3
images/b343c783f41d41f99bea81a90fd5e8a8.jpg,masks/b343c783f41d41f99bea81a90fd5e8a8.png,b343c783f41d41f99bea81a90fd5e8a8,3
images/e828872099014b7caa880e3a998b6548.jpg,masks/e828872099014b7caa880e3a998b6548.png,e828872099014b7caa880e3a998b6548,3
images/2d844431bcdd4d8ca94fcbe3ea3fd0c3.jpg,masks/2d844431bcdd4d8ca94fcbe3ea3fd0c3.png,2d844431bcdd4d8ca94fcbe3ea3fd0c3,3
images/59ff065c1a104b88a1c3d64e5d49828a.jpg,masks/59ff065c1a104b88a1c3d64e5d49828a.png,59ff065c1a104b88a1c3d64e5d49828a,3
images/c0f80243b76048a3b2ff8018f3832acc.jpg,masks/c0f80243b76048a3b2ff8018f3832acc.png,c0f80243b76048a3b2ff8018f3832acc,3
images/9e112cefbefb47368a4d0a8a981bf4de.jpg,masks/9e112cefbefb47368a4d0a8a981bf4de.png,9e112cefbefb47368a4d0a8a981bf4de,3
images/5fd4d5b960424cf19f3095d91da33d9b.jpg,masks/5fd4d5b960424cf19f3095d91da33d9b.png,5fd4d5b960424cf19f3095d91da33d9b,3
images/0a633fcabbdd46b9a3884d7cfc491468.jpg,masks/0a633fcabbdd46b9a3884d7cfc491468.png,0a633fcabbdd46b9a3884d7cfc491468,3
images/f67fcd74886949d49b9ee7592237a9ea.jpg,masks/f67fcd74886949d49b9ee7592237a9ea.png,f67fcd74886949d49b9ee7592237a9ea,3
images/d14f616ae84f4cf99766018ccd959d85.jpg,masks/d14f616ae84f4cf99766018ccd959d85.png,d14f616ae84f4cf99766018ccd959d85,3
images/b229fffecb9a4b8d96d87ad6da9c9aaf.jpg,masks/b229fffecb9a4b8d96d87ad6da9c9aaf.png,b229fffecb9a4b8d96d87ad6da9c9aaf,3
images/7260a296cbab4e4aab95fb6fd24266ee.jpg,masks/7260a296cbab4e4aab95fb6fd24266ee.png,7260a296cbab4e4aab95fb6fd24266ee,3
images/47674d9073c640c3adfe19c6b46d5c91.jpg,masks/47674d9073c640c3adfe19c6b46d5c91.png,47674d9073c640c3adfe19c6b46d5c91,3
images/77579e860baa4c09a61f1c02fbcdfbda.jpg,masks/77579e860baa4c09a61f1c02fbcdfbda.png,77579e860baa4c09a61f1c02fbcdfbda,3
images/86ea32bb0f9242a6bc7e9db80d4495c3.jpg,masks/86ea32bb0f9242a6bc7e9db80d4495c3.png,86ea32bb0f9242a6bc7e9db80d4495c3,3
images/31ce6ec5c2c3438f8f6c26d90c0147fd.jpg,masks/31ce6ec5c2c3438f8f6c26d90c0147fd.png,31ce6ec5c2c3438f8f6c26d90c0147fd,3
images/d1b3d9197fbb462eb16e89af0bae29c9.jpg,masks/d1b3d9197fbb462eb16e89af0bae29c9.png,d1b3d9197fbb462eb16e89af0bae29c9,3
images/ca22251479174f4f8908246392c8b712.jpg,masks/ca22251479174f4f8908246392c8b712.png,ca22251479174f4f8908246392c8b712,3
images/23f2d211943043ed8d524f5695a0734f.jpg,masks/23f2d211943043ed8d524f5695a0734f.png,23f2d211943043ed8d524f5695a0734f,3
images/ccf1cdf9d6404c47b05bd0af0f287364.jpg,masks/ccf1cdf9d6404c47b05bd0af0f287364.png,ccf1cdf9d6404c47b05bd0af0f287364,3
images/4e52a8e935694027b754be306c406e44.jpg,masks/4e52a8e935694027b754be306c406e44.png,4e52a8e935694027b754be306c406e44,3
images/a408052c04cd4f6491020b36c993756e.jpg,masks/a408052c04cd4f6491020b36c993756e.png,a408052c04cd4f6491020b36c993756e,3
images/0e383d9aa8fd432a9fb1d3fe155088eb.jpg,masks/0e383d9aa8fd432a9fb1d3fe155088eb.png,0e383d9aa8fd432a9fb1d3fe155088eb,3
images/c71ca0c0361b4b67b22ca934507deab0.jpg,masks/c71ca0c0361b4b67b22ca934507deab0.png,c71ca0c0361b4b67b22ca934507deab0,3
images/d2af6618a1764e2791b1f27ee3d53a7c.jpg,masks/d2af6618a1764e2791b1f27ee3d53a7c.png,d2af6618a1764e2791b1f27ee3d53a7c,3
images/3b76af4c9d704d82a3a218c6a0841d90.jpg,masks/3b76af4c9d704d82a3a218c6a0841d90.png,3b76af4c9d704d82a3a218c6a0841d90,3
images/eacd4b554e66444fb12f579662424570.jpg,masks/eacd4b554e66444fb12f579662424570.png,eacd4b554e66444fb12f579662424570,3
images/14c63ab2aa204abcb5f8cfdbd5b1acd9.jpg,masks/14c63ab2aa204abcb5f8cfdbd5b1acd9.png,14c63ab2aa204abcb5f8cfdbd5b1acd9,3
images/a4955b671e1141b1a364e7a3811975bc.jpg,masks/a4955b671e1141b1a364e7a3811975bc.png,a4955b671e1141b1a364e7a3811975bc,3
images/3a9df001ec054300b5855bab464cb647.jpg,masks/3a9df001ec054300b5855bab464cb647.png,3a9df001ec054300b5855bab464cb647,3
images/024fc42dbf2c4a3ab3c1a41bca780acb.jpg,masks/024fc42dbf2c4a3ab3c1a41bca780acb.png,024fc42dbf2c4a3ab3c1a41bca780acb,3
images/6aa50a5c1a71494aad103a90b71b8df0.jpg,masks/6aa50a5c1a71494aad103a90b71b8df0.png,6aa50a5c1a71494aad103a90b71b8df0,3
images/a8d1cffcc326404e8299598c9c208002.jpg,masks/a8d1cffcc326404e8299598c9c208002.png,a8d1cffcc326404e8299598c9c208002,3
images/f3c3c24ad7df4ea29b91fc49b5b2544f.jpg,masks/f3c3c24ad7df4ea29b91fc49b5b2544f.png,f3c3c24ad7df4ea29b91fc49b5b2544f,3
images/d186176a979445e18dfb80c762e903ae.jpg,masks/d186176a979445e18dfb80c762e903ae.png,d186176a979445e18dfb80c762e903ae,3
images/eb6af3ae5cf64d719f443171d82c5491.jpg,masks/eb6af3ae5cf64d719f443171d82c5491.png,eb6af3ae5cf64d719f443171d82c5491,3
images/1e6fbce91cdd49609c60dbd11e274333.jpg,masks/1e6fbce91cdd49609c60dbd11e274333.png,1e6fbce91cdd49609c60dbd11e274333,3
images/697fe2a1a7564a59a816f66dc8e35f8d.jpg,masks/697fe2a1a7564a59a816f66dc8e35f8d.png,697fe2a1a7564a59a816f66dc8e35f8d,3
images/2cd85ba4f7b943ec8b59801613349b2d.jpg,masks/2cd85ba4f7b943ec8b59801613349b2d.png,2cd85ba4f7b943ec8b59801613349b2d,3
images/adde90fe1007401b90e23e9468bac888.jpg,masks/adde90fe1007401b90e23e9468bac888.png,adde90fe1007401b90e23e9468bac888,3
images/e3ba74ac5cdc44469a7355c2ad9013ae.jpg,masks/e3ba74ac5cdc44469a7355c2ad9013ae.png,e3ba74ac5cdc44469a7355c2ad9013ae,3
images/4a16f025058741a0a821502f0698de4d.jpg,masks/4a16f025058741a0a821502f0698de4d.png,4a16f025058741a0a821502f0698de4d,3
images/24ad8026ff184c3f899954bc8fc50924.jpg,masks/24ad8026ff184c3f899954bc8fc50924.png,24ad8026ff184c3f899954bc8fc50924,3
images/93f5cc460c3a4fd6b3245f923dc4b5ff.jpg,masks/93f5cc460c3a4fd6b3245f923dc4b5ff.png,93f5cc460c3a4fd6b3245f923dc4b5ff,3
images/b650ffe1a562409eb7f955973f261316.jpg,masks/b650ffe1a562409eb7f955973f261316.png,b650ffe1a562409eb7f955973f261316,3
images/d9242a0f39204522b2d082532b335ce0.jpg,masks/d9242a0f39204522b2d082532b335ce0.png,d9242a0f39204522b2d082532b335ce0,3
images/eec52ae7a1a24a47b7a92d2f19b05781.jpg,masks/eec52ae7a1a24a47b7a92d2f19b05781.png,eec52ae7a1a24a47b7a92d2f19b05781,3
images/b2351deb2b1f4105985ee6c8d8653dd0.jpg,masks/b2351deb2b1f4105985ee6c8d8653dd0.png,b2351deb2b1f4105985ee6c8d8653dd0,3
images/561b202c73204c399dc0e8841cfb175b.jpg,masks/561b202c73204c399dc0e8841cfb175b.png,561b202c73204c399dc0e8841cfb175b,3
images/2826fce7ca2d422caaae36269d7fe2e0.jpg,masks/2826fce7ca2d422caaae36269d7fe2e0.png,2826fce7ca2d422caaae36269d7fe2e0,3
images/eded453ce59f4fc5b6cb86ba59a6e7ef.jpg,masks/eded453ce59f4fc5b6cb86ba59a6e7ef.png,eded453ce59f4fc5b6cb86ba59a6e7ef,3
images/f510471132224860af599e249e6d4f2c.jpg,masks/f510471132224860af599e249e6d4f2c.png,f510471132224860af599e249e6d4f2c,3
images/6cbe8db47e4e4cd0a8e08edd8a6c5046.jpg,masks/6cbe8db47e4e4cd0a8e08edd8a6c5046.png,6cbe8db47e4e4cd0a8e08edd8a6c5046,3
images/d615a57864c847ae97b1a045bc0c091f.jpg,masks/d615a57864c847ae97b1a045bc0c091f.png,d615a57864c847ae97b1a045bc0c091f,3
images/82901ed3ebe94b09ba42ca79865be61d.jpg,masks/82901ed3ebe94b09ba42ca79865be61d.png,82901ed3ebe94b09ba42ca79865be61d,3
images/c8adf260c1264da09fc3c6fb85a43800.jpg,masks/c8adf260c1264da09fc3c6fb85a43800.png,c8adf260c1264da09fc3c6fb85a43800,3
images/ad23da92e285491a90ae9bb147d6de80.jpg,masks/ad23da92e285491a90ae9bb147d6de80.png,ad23da92e285491a90ae9bb147d6de80,3
images/d87e66362c8a4483be6a506745bcd8e4.jpg,masks/d87e66362c8a4483be6a506745bcd8e4.png,d87e66362c8a4483be6a506745bcd8e4,3
images/b7654ae02535447293558e5792bd92d1.jpg,masks/b7654ae02535447293558e5792bd92d1.png,b7654ae02535447293558e5792bd92d1,3
images/09a1b64038de42f582b5aeb4379666a1.jpg,masks/09a1b64038de42f582b5aeb4379666a1.png,09a1b64038de42f582b5aeb4379666a1,3
images/d1c1f45a40da4ad29a92d0ae8888333a.jpg,masks/d1c1f45a40da4ad29a92d0ae8888333a.png,d1c1f45a40da4ad29a92d0ae8888333a,3
images/714c15f04438460594cda99897b2c718.jpg,masks/714c15f04438460594cda99897b2c718.png,714c15f04438460594cda99897b2c718,3
images/c48807e1d7914963a272e0288d6004ce.jpg,masks/c48807e1d7914963a272e0288d6004ce.png,c48807e1d7914963a272e0288d6004ce,3
images/40dd81c831974dd5beb7dd52f4475058.jpg,masks/40dd81c831974dd5beb7dd52f4475058.png,40dd81c831974dd5beb7dd52f4475058,3
images/796fe07aba36440586ba9c28e6d1832d.jpg,masks/796fe07aba36440586ba9c28e6d1832d.png,796fe07aba36440586ba9c28e6d1832d,3
images/7f8d773a032f4539b886a9f5e5bd1a95.jpg,masks/7f8d773a032f4539b886a9f5e5bd1a95.png,7f8d773a032f4539b886a9f5e5bd1a95,3
images/de793255f709494d92dcd32c2a69f434.jpg,masks/de793255f709494d92dcd32c2a69f434.png,de793255f709494d92dcd32c2a69f434,3
images/cd6125022560465ca0b7a650d6004d2d.jpg,masks/cd6125022560465ca0b7a650d6004d2d.png,cd6125022560465ca0b7a650d6004d2d,3
images/ca7267f5f3c64991bb0f929bcc35ef7c.jpg,masks/ca7267f5f3c64991bb0f929bcc35ef7c.png,ca7267f5f3c64991bb0f929bcc35ef7c,3
images/37d97014439c49d3a15fd41c6a79e035.jpg,masks/37d97014439c49d3a15fd41c6a79e035.png,37d97014439c49d3a15fd41c6a79e035,3
images/c21182aa46b04b5cb88f3bdea5cb247a.jpg,masks/c21182aa46b04b5cb88f3bdea5cb247a.png,c21182aa46b04b5cb88f3bdea5cb247a,3
images/875fbcf9740a4221aa47249108bc97df.jpg,masks/875fbcf9740a4221aa47249108bc97df.png,875fbcf9740a4221aa47249108bc97df,3
images/19cc89b5779f40acb888206f8a4e60d7.jpg,masks/19cc89b5779f40acb888206f8a4e60d7.png,19cc89b5779f40acb888206f8a4e60d7,3
images/c4ebe6c8ada241259d576908810cbaea.jpg,masks/c4ebe6c8ada241259d576908810cbaea.png,c4ebe6c8ada241259d576908810cbaea,3
images/c4d6e503ca024f739c5265341fd232d7.jpg,masks/c4d6e503ca024f739c5265341fd232d7.png,c4d6e503ca024f739c5265341fd232d7,3
images/9e7c9cdd4d874c2e88b2f22142a99860.jpg,masks/9e7c9cdd4d874c2e88b2f22142a99860.png,9e7c9cdd4d874c2e88b2f22142a99860,3
images/69a369ecdd0a43ac82e4c2c4409eff09.jpg,masks/69a369ecdd0a43ac82e4c2c4409eff09.png,69a369ecdd0a43ac82e4c2c4409eff09,3
images/23f251124b2a4da3b07b11eb79680e0b.jpg,masks/23f251124b2a4da3b07b11eb79680e0b.png,23f251124b2a4da3b07b11eb79680e0b,3
images/2dc0437dad634b79b67b3545e16ba85a.jpg,masks/2dc0437dad634b79b67b3545e16ba85a.png,2dc0437dad634b79b67b3545e16ba85a,3
images/4fc19a60b4604e07a606d96fbbdf03c3.jpg,masks/4fc19a60b4604e07a606d96fbbdf03c3.png,4fc19a60b4604e07a606d96fbbdf03c3,3
images/3b47071422614e59833c4a9b189dd622.jpg,masks/3b47071422614e59833c4a9b189dd622.png,3b47071422614e59833c4a9b189dd622,3
images/661bff3a3c3440598501e91b109e56d9.jpg,masks/661bff3a3c3440598501e91b109e56d9.png,661bff3a3c3440598501e91b109e56d9,3
images/ae19b77672274e16a12569e6533a2db8.jpg,masks/ae19b77672274e16a12569e6533a2db8.png,ae19b77672274e16a12569e6533a2db8,3
images/39480c5fc2774c0d925e5fbef0a74939.jpg,masks/39480c5fc2774c0d925e5fbef0a74939.png,39480c5fc2774c0d925e5fbef0a74939,3
images/8db7a4b6935c49598153aae43cdd1756.jpg,masks/8db7a4b6935c49598153aae43cdd1756.png,8db7a4b6935c49598153aae43cdd1756,3
images/d7c34007dc7848ceb649ca94bf3f7669.jpg,masks/d7c34007dc7848ceb649ca94bf3f7669.png,d7c34007dc7848ceb649ca94bf3f7669,3
images/20e45825d1cc4e059ce5a78714a7daa0.jpg,masks/20e45825d1cc4e059ce5a78714a7daa0.png,20e45825d1cc4e059ce5a78714a7daa0,3
images/b60dc1a0a27f47bcaea727e7f586cbd8.jpg,masks/b60dc1a0a27f47bcaea727e7f586cbd8.png,b60dc1a0a27f47bcaea727e7f586cbd8,3
images/e7ac0aac03b745ffb875ff20fdba68f1.jpg,masks/e7ac0aac03b745ffb875ff20fdba68f1.png,e7ac0aac03b745ffb875ff20fdba68f1,3
images/7bae2554db9b46bc96308762db4e3a86.jpg,masks/7bae2554db9b46bc96308762db4e3a86.png,7bae2554db9b46bc96308762db4e3a86,3
images/2fe714d50b014e569871af28f5e5c1e0.jpg,masks/2fe714d50b014e569871af28f5e5c1e0.png,2fe714d50b014e569871af28f5e5c1e0,3
images/5e17518c84004b4ca5a61e1df05fca6d.jpg,masks/5e17518c84004b4ca5a61e1df05fca6d.png,5e17518c84004b4ca5a61e1df05fca6d,3
images/59595530216f4a1dafbe75dcd5e7367b.jpg,masks/59595530216f4a1dafbe75dcd5e7367b.png,59595530216f4a1dafbe75dcd5e7367b,3
images/473c5c1ead8d4ea6afce7cd29704040d.jpg,masks/473c5c1ead8d4ea6afce7cd29704040d.png,473c5c1ead8d4ea6afce7cd29704040d,3
images/b7c2dcdc8f2642ed8c97a71e9185caa6.jpg,masks/b7c2dcdc8f2642ed8c97a71e9185caa6.png,b7c2dcdc8f2642ed8c97a71e9185caa6,3
images/2fd1e6db482741baa42e98fc7535d524.jpg,masks/2fd1e6db482741baa42e98fc7535d524.png,2fd1e6db482741baa42e98fc7535d524,3
images/2702f9f92a39431faa4ef414e20a23dc.jpg,masks/2702f9f92a39431faa4ef414e20a23dc.png,2702f9f92a39431faa4ef414e20a23dc,3
images/5d64806147874dbba33c06881228d981.jpg,masks/5d64806147874dbba33c06881228d981.png,5d64806147874dbba33c06881228d981,3
images/5aee2a0030e14dd08646cc3dafd3bec1.jpg,masks/5aee2a0030e14dd08646cc3dafd3bec1.png,5aee2a0030e14dd08646cc3dafd3bec1,3
images/85182ff3bcac4ab7a4621364a294a25c.jpg,masks/85182ff3bcac4ab7a4621364a294a25c.png,85182ff3bcac4ab7a4621364a294a25c,3
images/625f6d5baec24414b0c47e3b0621408b.jpg,masks/625f6d5baec24414b0c47e3b0621408b.png,625f6d5baec24414b0c47e3b0621408b,3
images/92bf4705b94a4a5482462a7263dbc6b8.jpg,masks/92bf4705b94a4a5482462a7263dbc6b8.png,92bf4705b94a4a5482462a7263dbc6b8,3
images/0a3a985ba39b47599d9056430a42ffba.jpg,masks/0a3a985ba39b47599d9056430a42ffba.png,0a3a985ba39b47599d9056430a42ffba,3
images/f70155c9f04f427d9aca3916e4d70f87.jpg,masks/f70155c9f04f427d9aca3916e4d70f87.png,f70155c9f04f427d9aca3916e4d70f87,3
images/b9bb7cc95d3d48608972d8498e95b77a.jpg,masks/b9bb7cc95d3d48608972d8498e95b77a.png,b9bb7cc95d3d48608972d8498e95b77a,3
images/641a5618464c415fa630a4c03e4a24dd.jpg,masks/641a5618464c415fa630a4c03e4a24dd.png,641a5618464c415fa630a4c03e4a24dd,3
images/f32dccfb6e424e8e8fdd76d8c94e5bc1.jpg,masks/f32dccfb6e424e8e8fdd76d8c94e5bc1.png,f32dccfb6e424e8e8fdd76d8c94e5bc1,3
images/4e277fc839c24a84a8904b23b80281cf.jpg,masks/4e277fc839c24a84a8904b23b80281cf.png,4e277fc839c24a84a8904b23b80281cf,3
images/988082eeeb7d43b09125fb82c0988c74.jpg,masks/988082eeeb7d43b09125fb82c0988c74.png,988082eeeb7d43b09125fb82c0988c74,3
images/1cd4dadf9dcd4a8081103f348b3103dc.jpg,masks/1cd4dadf9dcd4a8081103f348b3103dc.png,1cd4dadf9dcd4a8081103f348b3103dc,3
images/d5c74238a2284c0782d445b6a52ba762.jpg,masks/d5c74238a2284c0782d445b6a52ba762.png,d5c74238a2284c0782d445b6a52ba762,3
images/d28e95d21b4e4a499dde0cb0fbb9167c.jpg,masks/d28e95d21b4e4a499dde0cb0fbb9167c.png,d28e95d21b4e4a499dde0cb0fbb9167c,3
images/256bc5fab58f4019893143fa702e6118.jpg,masks/256bc5fab58f4019893143fa702e6118.png,256bc5fab58f4019893143fa702e6118,3
images/aa765dec12374d1197574027f352aeb2.jpg,masks/aa765dec12374d1197574027f352aeb2.png,aa765dec12374d1197574027f352aeb2,3
images/40f5f1a622e04291ada4719105062f37.jpg,masks/40f5f1a622e04291ada4719105062f37.png,40f5f1a622e04291ada4719105062f37,3
images/dc428a053a1c4c75ba0cc9c7494c8264.jpg,masks/dc428a053a1c4c75ba0cc9c7494c8264.png,dc428a053a1c4c75ba0cc9c7494c8264,3
images/22b577c1fbad437388fdf6e5285be477.jpg,masks/22b577c1fbad437388fdf6e5285be477.png,22b577c1fbad437388fdf6e5285be477,3
images/e3da0fdb02f8460a9e8b3889d7a742a7.jpg,masks/e3da0fdb02f8460a9e8b3889d7a742a7.png,e3da0fdb02f8460a9e8b3889d7a742a7,3
images/e73b70544adb471e9f8d9661a425cbfc.jpg,masks/e73b70544adb471e9f8d9661a425cbfc.png,e73b70544adb471e9f8d9661a425cbfc,3
images/fd884b2e467b459eb9a56ab83fe5eb12.jpg,masks/fd884b2e467b459eb9a56ab83fe5eb12.png,fd884b2e467b459eb9a56ab83fe5eb12,3
images/89ccdbdc12fa494e89a5707b297d6a0d.jpg,masks/89ccdbdc12fa494e89a5707b297d6a0d.png,89ccdbdc12fa494e89a5707b297d6a0d,3
images/f3317c0669d34f488307acb087c81f2f.jpg,masks/f3317c0669d34f488307acb087c81f2f.png,f3317c0669d34f488307acb087c81f2f,3
images/c949656a4d3f4d5cb342f48dbc21970d.jpg,masks/c949656a4d3f4d5cb342f48dbc21970d.png,c949656a4d3f4d5cb342f48dbc21970d,3
images/afb6e3e3ce3a42e4ab91a9d7352b4614.jpg,masks/afb6e3e3ce3a42e4ab91a9d7352b4614.png,afb6e3e3ce3a42e4ab91a9d7352b4614,3
images/f75eaf1714534404a8f930431f64d867.jpg,masks/f75eaf1714534404a8f930431f64d867.png,f75eaf1714534404a8f930431f64d867,3
images/27acf89a7e5f4cefbef726f49bcb4d94.jpg,masks/27acf89a7e5f4cefbef726f49bcb4d94.png,27acf89a7e5f4cefbef726f49bcb4d94,3
images/738ff2c1dc6940d8ae42646c7da2cc07.jpg,masks/738ff2c1dc6940d8ae42646c7da2cc07.png,738ff2c1dc6940d8ae42646c7da2cc07,3
images/ec11cf4353f1413c8d358915fda99501.jpg,masks/ec11cf4353f1413c8d358915fda99501.png,ec11cf4353f1413c8d358915fda99501,3
images/e4972d26b6af4c5b94b3c3ff15be8a28.jpg,masks/e4972d26b6af4c5b94b3c3ff15be8a28.png,e4972d26b6af4c5b94b3c3ff15be8a28,3
images/de273bd404714067bf0707482d75eed5.jpg,masks/de273bd404714067bf0707482d75eed5.png,de273bd404714067bf0707482d75eed5,3
images/7c049f1afb8f4487afb67f6d460b9de1.jpg,masks/7c049f1afb8f4487afb67f6d460b9de1.png,7c049f1afb8f4487afb67f6d460b9de1,3
images/d475f12cc4644ed48ff7fce2cd90f539.jpg,masks/d475f12cc4644ed48ff7fce2cd90f539.png,d475f12cc4644ed48ff7fce2cd90f539,3
images/e1bdfbb430dd41d296c3b06df0cf6a0e.jpg,masks/e1bdfbb430dd41d296c3b06df0cf6a0e.png,e1bdfbb430dd41d296c3b06df0cf6a0e,3
images/95a86717786f4746af8dae95aecb1ac5.jpg,masks/95a86717786f4746af8dae95aecb1ac5.png,95a86717786f4746af8dae95aecb1ac5,3
images/6db7ae06744b4c1f8968c481d784e479.jpg,masks/6db7ae06744b4c1f8968c481d784e479.png,6db7ae06744b4c1f8968c481d784e479,3
images/9bc6dda417814dd694de76ba0896578e.jpg,masks/9bc6dda417814dd694de76ba0896578e.png,9bc6dda417814dd694de76ba0896578e,3
images/141883efcbfb445aab054e6e2f36d47f.jpg,masks/141883efcbfb445aab054e6e2f36d47f.png,141883efcbfb445aab054e6e2f36d47f,3
images/85cbd89325dd44be822d59d546c24926.jpg,masks/85cbd89325dd44be822d59d546c24926.png,85cbd89325dd44be822d59d546c24926,3
images/09e37a6c371c49d7a5c6c7e11832422a.jpg,masks/09e37a6c371c49d7a5c6c7e11832422a.png,09e37a6c371c49d7a5c6c7e11832422a,3
images/5adf305b0b78406e95919effd88bac03.jpg,masks/5adf305b0b78406e95919effd88bac03.png,5adf305b0b78406e95919effd88bac03,3
images/3ab80b0261714ecbad1bee4b0611caf4.jpg,masks/3ab80b0261714ecbad1bee4b0611caf4.png,3ab80b0261714ecbad1bee4b0611caf4,3
images/e41692eb1a6542a7b97efde21e8b9dff.jpg,masks/e41692eb1a6542a7b97efde21e8b9dff.png,e41692eb1a6542a7b97efde21e8b9dff,3
images/0fd1954b8917425fa0561386c3d5f6b1.jpg,masks/0fd1954b8917425fa0561386c3d5f6b1.png,0fd1954b8917425fa0561386c3d5f6b1,3
images/4e7cbebbc7564af1b08f7c4dd8abc851.jpg,masks/4e7cbebbc7564af1b08f7c4dd8abc851.png,4e7cbebbc7564af1b08f7c4dd8abc851,3
images/76f4c0b402504241a94e6e9521fb182c.jpg,masks/76f4c0b402504241a94e6e9521fb182c.png,76f4c0b402504241a94e6e9521fb182c,3
images/42d51e550ea943fb93f04c03e0baf405.jpg,masks/42d51e550ea943fb93f04c03e0baf405.png,42d51e550ea943fb93f04c03e0baf405,3
images/126df6426f9f4696bf26c64de05f414b.jpg,masks/126df6426f9f4696bf26c64de05f414b.png,126df6426f9f4696bf26c64de05f414b,3
images/f1f2b9a237294f40b194e29b5800722c.jpg,masks/f1f2b9a237294f40b194e29b5800722c.png,f1f2b9a237294f40b194e29b5800722c,3
images/07e121bffe634c94983e7e4640f66d91.jpg,masks/07e121bffe634c94983e7e4640f66d91.png,07e121bffe634c94983e7e4640f66d91,3
images/1739b441f07a41f8a921c125fce0af3f.jpg,masks/1739b441f07a41f8a921c125fce0af3f.png,1739b441f07a41f8a921c125fce0af3f,3
images/4cce1797e3194c3dbdea139dd06e2142.jpg,masks/4cce1797e3194c3dbdea139dd06e2142.png,4cce1797e3194c3dbdea139dd06e2142,3
images/0af2b3c49f7d458fa6cb549c2bc8f100.jpg,masks/0af2b3c49f7d458fa6cb549c2bc8f100.png,0af2b3c49f7d458fa6cb549c2bc8f100,3
images/579128c2b6774515adb73161ec083376.jpg,masks/579128c2b6774515adb73161ec083376.png,579128c2b6774515adb73161ec083376,3
images/0be84ecb837a460f83a23ee69f9affda.jpg,masks/0be84ecb837a460f83a23ee69f9affda.png,0be84ecb837a460f83a23ee69f9affda,3
images/67b2dee631d6440c8ddef0d4319844f3.jpg,masks/67b2dee631d6440c8ddef0d4319844f3.png,67b2dee631d6440c8ddef0d4319844f3,3
images/320a3751ebc44209a31e61fca50c4c3a.jpg,masks/320a3751ebc44209a31e61fca50c4c3a.png,320a3751ebc44209a31e61fca50c4c3a,3
images/f5c09852b28c4361b4c188008a9303fc.jpg,masks/f5c09852b28c4361b4c188008a9303fc.png,f5c09852b28c4361b4c188008a9303fc,3
images/263fde80f8d64ffe80a1e2a290008d5d.jpg,masks/263fde80f8d64ffe80a1e2a290008d5d.png,263fde80f8d64ffe80a1e2a290008d5d,3
images/4da09489e48a4094bc2fdb47ebca5dac.jpg,masks/4da09489e48a4094bc2fdb47ebca5dac.png,4da09489e48a4094bc2fdb47ebca5dac,3
images/5a6b5dfe727746219decd800899d9fe2.jpg,masks/5a6b5dfe727746219decd800899d9fe2.png,5a6b5dfe727746219decd800899d9fe2,3
images/4c1ab8a945ea4974a302e38392a7129e.jpg,masks/4c1ab8a945ea4974a302e38392a7129e.png,4c1ab8a945ea4974a302e38392a7129e,3
images/7179f45002804a138b402bf15fdb6956.jpg,masks/7179f45002804a138b402bf15fdb6956.png,7179f45002804a138b402bf15fdb6956,3
images/b09647392e5a4118b65adfd14aee1887.jpg,masks/b09647392e5a4118b65adfd14aee1887.png,b09647392e5a4118b65adfd14aee1887,3
images/dcf82e0805524055bda81ed511fe4119.jpg,masks/dcf82e0805524055bda81ed511fe4119.png,dcf82e0805524055bda81ed511fe4119,3
images/03e4e5ab0405468a8aa3569cc28013c4.jpg,masks/03e4e5ab0405468a8aa3569cc28013c4.png,03e4e5ab0405468a8aa3569cc28013c4,3
images/85cf6b2c9507485fbe0f59d6a3ac0b1a.jpg,masks/85cf6b2c9507485fbe0f59d6a3ac0b1a.png,85cf6b2c9507485fbe0f59d6a3ac0b1a,3
images/51dafb15090245c7afcebd4a27683a21.jpg,masks/51dafb15090245c7afcebd4a27683a21.png,51dafb15090245c7afcebd4a27683a21,3
images/92e5a070802440969ccae3d5a66d5098.jpg,masks/92e5a070802440969ccae3d5a66d5098.png,92e5a070802440969ccae3d5a66d5098,3
images/35e2bf0bed184ea9a695f92d45b15cfc.jpg,masks/35e2bf0bed184ea9a695f92d45b15cfc.png,35e2bf0bed184ea9a695f92d45b15cfc,3
images/e45ff2f197d8489899689de2685e1637.jpg,masks/e45ff2f197d8489899689de2685e1637.png,e45ff2f197d8489899689de2685e1637,3
images/72f5dbb473cf453b84f71792b71a5c6a.jpg,masks/72f5dbb473cf453b84f71792b71a5c6a.png,72f5dbb473cf453b84f71792b71a5c6a,3
images/dfbd5e4352664c0d9571a2d8fc6cd93a.jpg,masks/dfbd5e4352664c0d9571a2d8fc6cd93a.png,dfbd5e4352664c0d9571a2d8fc6cd93a,3
images/dfbc2e5b87584113b379bfb013068404.jpg,masks/dfbc2e5b87584113b379bfb013068404.png,dfbc2e5b87584113b379bfb013068404,3
images/8bb09cfa9e6043c0a204ae7c78628068.jpg,masks/8bb09cfa9e6043c0a204ae7c78628068.png,8bb09cfa9e6043c0a204ae7c78628068,3
images/b03b14acd170431289c35b176664f128.jpg,masks/b03b14acd170431289c35b176664f128.png,b03b14acd170431289c35b176664f128,3
images/fe2ce51319004e83be5745d3b17657ef.jpg,masks/fe2ce51319004e83be5745d3b17657ef.png,fe2ce51319004e83be5745d3b17657ef,3
images/7ddb2784f1f24c038349e532de15844f.jpg,masks/7ddb2784f1f24c038349e532de15844f.png,7ddb2784f1f24c038349e532de15844f,3
images/b79f1c09464c4685ba85140c12146318.jpg,masks/b79f1c09464c4685ba85140c12146318.png,b79f1c09464c4685ba85140c12146318,3
images/ce828ad169a042d3b951c8a92d998373.jpg,masks/ce828ad169a042d3b951c8a92d998373.png,ce828ad169a042d3b951c8a92d998373,3
images/21d976a76c2d4f2cb5164a7e747881f3.jpg,masks/21d976a76c2d4f2cb5164a7e747881f3.png,21d976a76c2d4f2cb5164a7e747881f3,3
images/52ad6a59f4734e92958d23d6d5a574f5.jpg,masks/52ad6a59f4734e92958d23d6d5a574f5.png,52ad6a59f4734e92958d23d6d5a574f5,3
images/66717f5107f64907a2ae8c4eadd6a0f0.jpg,masks/66717f5107f64907a2ae8c4eadd6a0f0.png,66717f5107f64907a2ae8c4eadd6a0f0,3
images/061753bac2604ff09e03f5233f1af74e.jpg,masks/061753bac2604ff09e03f5233f1af74e.png,061753bac2604ff09e03f5233f1af74e,3
images/32be37df4982474c9862def030310d9c.jpg,masks/32be37df4982474c9862def030310d9c.png,32be37df4982474c9862def030310d9c,3
images/72439b7edf2648fa8b61ca535cfae81b.jpg,masks/72439b7edf2648fa8b61ca535cfae81b.png,72439b7edf2648fa8b61ca535cfae81b,3
images/540f5bb22e30455784e96114c66746f6.jpg,masks/540f5bb22e30455784e96114c66746f6.png,540f5bb22e30455784e96114c66746f6,3
images/f438c058a37644feb48bdd7f7cf59842.jpg,masks/f438c058a37644feb48bdd7f7cf59842.png,f438c058a37644feb48bdd7f7cf59842,3
images/54c86bc77e7e4e5586a26c714c35f754.jpg,masks/54c86bc77e7e4e5586a26c714c35f754.png,54c86bc77e7e4e5586a26c714c35f754,3
images/0c0d65a9284e4ecdb97a069d1ac19a7a.jpg,masks/0c0d65a9284e4ecdb97a069d1ac19a7a.png,0c0d65a9284e4ecdb97a069d1ac19a7a,3
images/b19d40a2c60742de96cb90ea30376886.jpg,masks/b19d40a2c60742de96cb90ea30376886.png,b19d40a2c60742de96cb90ea30376886,3
images/d225f60ebf90499d8437756eabe4b2bf.jpg,masks/d225f60ebf90499d8437756eabe4b2bf.png,d225f60ebf90499d8437756eabe4b2bf,3
images/14f06df300ef431392b355ea2fc1a728.jpg,masks/14f06df300ef431392b355ea2fc1a728.png,14f06df300ef431392b355ea2fc1a728,3
images/61c60c01956e423eaf128cc1ede7351d.jpg,masks/61c60c01956e423eaf128cc1ede7351d.png,61c60c01956e423eaf128cc1ede7351d,3
images/8219e571eee143c38b1812a0d82e65be.jpg,masks/8219e571eee143c38b1812a0d82e65be.png,8219e571eee143c38b1812a0d82e65be,3
images/58e7053e848e4f5ebf2259cde55b98c1.jpg,masks/58e7053e848e4f5ebf2259cde55b98c1.png,58e7053e848e4f5ebf2259cde55b98c1,3
images/ccd84859fb7940458bb70f45331cf2ee.jpg,masks/ccd84859fb7940458bb70f45331cf2ee.png,ccd84859fb7940458bb70f45331cf2ee,3
images/793e794c943d4de8acd0c5000d80e0f1.jpg,masks/793e794c943d4de8acd0c5000d80e0f1.png,793e794c943d4de8acd0c5000d80e0f1,3
images/8f04f1508883453889f75d25cdbce9ae.jpg,masks/8f04f1508883453889f75d25cdbce9ae.png,8f04f1508883453889f75d25cdbce9ae,3
images/cefe2317bdf940e3b15b715d913dd684.jpg,masks/cefe2317bdf940e3b15b715d913dd684.png,cefe2317bdf940e3b15b715d913dd684,3
images/c05183aca41c4a8f9eaced6c5a694abd.jpg,masks/c05183aca41c4a8f9eaced6c5a694abd.png,c05183aca41c4a8f9eaced6c5a694abd,3
images/95de45afdcc94e1ca28b87be5a4472e8.jpg,masks/95de45afdcc94e1ca28b87be5a4472e8.png,95de45afdcc94e1ca28b87be5a4472e8,3
images/db8d42a9527b4b14a8b2f3f57a827196.jpg,masks/db8d42a9527b4b14a8b2f3f57a827196.png,db8d42a9527b4b14a8b2f3f57a827196,3
images/4afc3cab5d354b38b56c2c5d23914bed.jpg,masks/4afc3cab5d354b38b56c2c5d23914bed.png,4afc3cab5d354b38b56c2c5d23914bed,3
images/005f21b91b53404097f1c111e144889d.jpg,masks/005f21b91b53404097f1c111e144889d.png,005f21b91b53404097f1c111e144889d,3
images/137690eb98424156bbfd00c42ab03887.jpg,masks/137690eb98424156bbfd00c42ab03887.png,137690eb98424156bbfd00c42ab03887,3
images/8799452435124a5c9856c684fd4e7909.jpg,masks/8799452435124a5c9856c684fd4e7909.png,8799452435124a5c9856c684fd4e7909,3
images/fd4cc90a64f94208be9790d58597bfa5.jpg,masks/fd4cc90a64f94208be9790d58597bfa5.png,fd4cc90a64f94208be9790d58597bfa5,3
images/4fb50e81509b469993fe6e3d445c3d52.jpg,masks/4fb50e81509b469993fe6e3d445c3d52.png,4fb50e81509b469993fe6e3d445c3d52,3
images/b79ca27c1db0437da4537e9f3552abbb.jpg,masks/b79ca27c1db0437da4537e9f3552abbb.png,b79ca27c1db0437da4537e9f3552abbb,3
images/2e7002f6eb084e5f86a28d0a19be77b0.jpg,masks/2e7002f6eb084e5f86a28d0a19be77b0.png,2e7002f6eb084e5f86a28d0a19be77b0,3
images/4cd989ce3232474896b9f69da35cc1d3.jpg,masks/4cd989ce3232474896b9f69da35cc1d3.png,4cd989ce3232474896b9f69da35cc1d3,3
images/dc4dc5e2c83348729545ace533316a57.jpg,masks/dc4dc5e2c83348729545ace533316a57.png,dc4dc5e2c83348729545ace533316a57,3
images/7734531546a745868229d5024fd58ab2.jpg,masks/7734531546a745868229d5024fd58ab2.png,7734531546a745868229d5024fd58ab2,3
images/5d3356ebae4747ca95cfe8ce97c72d97.jpg,masks/5d3356ebae4747ca95cfe8ce97c72d97.png,5d3356ebae4747ca95cfe8ce97c72d97,3
images/6e56a6c450b44a52a443618a7ce2e91f.jpg,masks/6e56a6c450b44a52a443618a7ce2e91f.png,6e56a6c450b44a52a443618a7ce2e91f,3
images/1d808d089e9e4f798cc57aa9cd72171d.jpg,masks/1d808d089e9e4f798cc57aa9cd72171d.png,1d808d089e9e4f798cc57aa9cd72171d,3
images/1ab51ef778524e9882b25a6f4a80d1cd.jpg,masks/1ab51ef778524e9882b25a6f4a80d1cd.png,1ab51ef778524e9882b25a6f4a80d1cd,3
images/8c7610f9d55b431aae103742355b8043.jpg,masks/8c7610f9d55b431aae103742355b8043.png,8c7610f9d55b431aae103742355b8043,3
images/363aeae0ebc94eb9a67ab75cdd00a867.jpg,masks/363aeae0ebc94eb9a67ab75cdd00a867.png,363aeae0ebc94eb9a67ab75cdd00a867,3
images/a5f4855f25d74ec0831971636c49374e.jpg,masks/a5f4855f25d74ec0831971636c49374e.png,a5f4855f25d74ec0831971636c49374e,3
images/78302e85928c46229ae617a4a9ec03f3.jpg,masks/78302e85928c46229ae617a4a9ec03f3.png,78302e85928c46229ae617a4a9ec03f3,3
images/16d585490cbd4b2895cec117c9715a48.jpg,masks/16d585490cbd4b2895cec117c9715a48.png,16d585490cbd4b2895cec117c9715a48,3
images/9f6c12f5ccd54873bf584f483f21b45d.jpg,masks/9f6c12f5ccd54873bf584f483f21b45d.png,9f6c12f5ccd54873bf584f483f21b45d,3
images/3213ac684e07421c940fc6986dae2cda.jpg,masks/3213ac684e07421c940fc6986dae2cda.png,3213ac684e07421c940fc6986dae2cda,3
images/4fc53f68d8d14f93839f139829fba692.jpg,masks/4fc53f68d8d14f93839f139829fba692.png,4fc53f68d8d14f93839f139829fba692,3
images/705a21448ba54d5ea07af9badead97a9.jpg,masks/705a21448ba54d5ea07af9badead97a9.png,705a21448ba54d5ea07af9badead97a9,3
images/cfa02e5e854c4994bf47e797c9b5c0b7.jpg,masks/cfa02e5e854c4994bf47e797c9b5c0b7.png,cfa02e5e854c4994bf47e797c9b5c0b7,3
images/6f4a28c3eb4f476a8a2f32d7e3924c80.jpg,masks/6f4a28c3eb4f476a8a2f32d7e3924c80.png,6f4a28c3eb4f476a8a2f32d7e3924c80,3
images/ac478cf2cbdc4c389ca97c4e682c076b.jpg,masks/ac478cf2cbdc4c389ca97c4e682c076b.png,ac478cf2cbdc4c389ca97c4e682c076b,3
images/57e6d1b3de444d5daadcb4c1a662da9b.jpg,masks/57e6d1b3de444d5daadcb4c1a662da9b.png,57e6d1b3de444d5daadcb4c1a662da9b,3
images/9b19cb718e3d4aa4bc4defaea37b12d4.jpg,masks/9b19cb718e3d4aa4bc4defaea37b12d4.png,9b19cb718e3d4aa4bc4defaea37b12d4,3
images/33d7616a2f934e78bc49bf91337b80ed.jpg,masks/33d7616a2f934e78bc49bf91337b80ed.png,33d7616a2f934e78bc49bf91337b80ed,3
images/d64e2b0bc0c44337865c2df059c3f3c5.jpg,masks/d64e2b0bc0c44337865c2df059c3f3c5.png,d64e2b0bc0c44337865c2df059c3f3c5,3
images/48a0599f49fa4b1bad009fc3822734c3.jpg,masks/48a0599f49fa4b1bad009fc3822734c3.png,48a0599f49fa4b1bad009fc3822734c3,3
images/593da6d2d5a346aabfdfc24c92915010.jpg,masks/593da6d2d5a346aabfdfc24c92915010.png,593da6d2d5a346aabfdfc24c92915010,3
images/5f8aab1cc2084b8f9bd1ca5703874e12.jpg,masks/5f8aab1cc2084b8f9bd1ca5703874e12.png,5f8aab1cc2084b8f9bd1ca5703874e12,3
images/c7f1ba547fa04fb4abadfea5414909f6.jpg,masks/c7f1ba547fa04fb4abadfea5414909f6.png,c7f1ba547fa04fb4abadfea5414909f6,3
images/09035e9c9032462e971f68ac4a9a6ddb.jpg,masks/09035e9c9032462e971f68ac4a9a6ddb.png,09035e9c9032462e971f68ac4a9a6ddb,3
images/43395e67b78943338b09f03ccc21ce22.jpg,masks/43395e67b78943338b09f03ccc21ce22.png,43395e67b78943338b09f03ccc21ce22,3
images/454d93d01b0d4a9780c88bbef5b28430.jpg,masks/454d93d01b0d4a9780c88bbef5b28430.png,454d93d01b0d4a9780c88bbef5b28430,3
images/44134879d16942b686eb546cc6071271.jpg,masks/44134879d16942b686eb546cc6071271.png,44134879d16942b686eb546cc6071271,3
images/e6286e6e331b41a5b4d2c2d470195a6a.jpg,masks/e6286e6e331b41a5b4d2c2d470195a6a.png,e6286e6e331b41a5b4d2c2d470195a6a,3
images/6dfabcc58a4b4622a3f76aa901940ddb.jpg,masks/6dfabcc58a4b4622a3f76aa901940ddb.png,6dfabcc58a4b4622a3f76aa901940ddb,3
images/9fb4d5d50edd4f928c5e79336dae0a40.jpg,masks/9fb4d5d50edd4f928c5e79336dae0a40.png,9fb4d5d50edd4f928c5e79336dae0a40,3
images/724857d1fb464193ad8992f139e2e6af.jpg,masks/724857d1fb464193ad8992f139e2e6af.png,724857d1fb464193ad8992f139e2e6af,3
images/2bfea735766744898d4b6fa3f2132b08.jpg,masks/2bfea735766744898d4b6fa3f2132b08.png,2bfea735766744898d4b6fa3f2132b08,3
images/014709f9f9324bb98d1b6665ee5cbc69.jpg,masks/014709f9f9324bb98d1b6665ee5cbc69.png,014709f9f9324bb98d1b6665ee5cbc69,3
images/daed72d38d38400c8cd355496d77b865.jpg,masks/daed72d38d38400c8cd355496d77b865.png,daed72d38d38400c8cd355496d77b865,3
images/ea89502eddaa4e95ad34867fc870392e.jpg,masks/ea89502eddaa4e95ad34867fc870392e.png,ea89502eddaa4e95ad34867fc870392e,3
images/97fda71698c54e2da97f8d4f72646204.jpg,masks/97fda71698c54e2da97f8d4f72646204.png,97fda71698c54e2da97f8d4f72646204,3
images/71a73fd56d7b4a0dafc5d280433b2311.jpg,masks/71a73fd56d7b4a0dafc5d280433b2311.png,71a73fd56d7b4a0dafc5d280433b2311,3
images/90e92bdb3c884e218e54e48cfbb0776c.jpg,masks/90e92bdb3c884e218e54e48cfbb0776c.png,90e92bdb3c884e218e54e48cfbb0776c,3
images/121efd5000174104b9ef3afc4cd8472d.jpg,masks/121efd5000174104b9ef3afc4cd8472d.png,121efd5000174104b9ef3afc4cd8472d,3
images/2bbc0d1f267f45a1afecd442f53ff0d4.jpg,masks/2bbc0d1f267f45a1afecd442f53ff0d4.png,2bbc0d1f267f45a1afecd442f53ff0d4,3
images/37c555880cf141bda78a2bbfbbcf22e6.jpg,masks/37c555880cf141bda78a2bbfbbcf22e6.png,37c555880cf141bda78a2bbfbbcf22e6,3
images/2b69921fb0594a578482c3778424fc5f.jpg,masks/2b69921fb0594a578482c3778424fc5f.png,2b69921fb0594a578482c3778424fc5f,3
images/249d801ff929408ea12bdfcca4f1f859.jpg,masks/249d801ff929408ea12bdfcca4f1f859.png,249d801ff929408ea12bdfcca4f1f859,3
images/7a2267e052304e81b29b49dae9aba1a1.jpg,masks/7a2267e052304e81b29b49dae9aba1a1.png,7a2267e052304e81b29b49dae9aba1a1,3
images/ffafa763876740c38a505182566b41af.jpg,masks/ffafa763876740c38a505182566b41af.png,ffafa763876740c38a505182566b41af,3
images/04a3c03184d943c6937721136b204e20.jpg,masks/04a3c03184d943c6937721136b204e20.png,04a3c03184d943c6937721136b204e20,3
images/a234d3bdf6794cb1acc5a20be3e3acc4.jpg,masks/a234d3bdf6794cb1acc5a20be3e3acc4.png,a234d3bdf6794cb1acc5a20be3e3acc4,3
images/0865b12a41a6491083c69fe5c8c755f3.jpg,masks/0865b12a41a6491083c69fe5c8c755f3.png,0865b12a41a6491083c69fe5c8c755f3,3
images/dc912352f15f4fc5a2d19b1275eda76a.jpg,masks/dc912352f15f4fc5a2d19b1275eda76a.png,dc912352f15f4fc5a2d19b1275eda76a,3
images/c0078d07e85d40f9952991b06e0e1cbe.jpg,masks/c0078d07e85d40f9952991b06e0e1cbe.png,c0078d07e85d40f9952991b06e0e1cbe,3
images/77ea2348706b49e0b74920900a4c4e78.jpg,masks/77ea2348706b49e0b74920900a4c4e78.png,77ea2348706b49e0b74920900a4c4e78,3
images/3283a7048633479aabe8c6b14738cff1.jpg,masks/3283a7048633479aabe8c6b14738cff1.png,3283a7048633479aabe8c6b14738cff1,3
images/dd245569a8674922946e94fd6cff8f00.jpg,masks/dd245569a8674922946e94fd6cff8f00.png,dd245569a8674922946e94fd6cff8f00,3
images/ddd2b67c2c5a489cbbbe7ec0b2c05a65.jpg,masks/ddd2b67c2c5a489cbbbe7ec0b2c05a65.png,ddd2b67c2c5a489cbbbe7ec0b2c05a65,3
images/f6cc06421fc9402b94f21eb2896f5c25.jpg,masks/f6cc06421fc9402b94f21eb2896f5c25.png,f6cc06421fc9402b94f21eb2896f5c25,3
images/c5741138d7cf47bbbdd300c1655dd3dc.jpg,masks/c5741138d7cf47bbbdd300c1655dd3dc.png,c5741138d7cf47bbbdd300c1655dd3dc,3
images/4643e84a1cf4424ba5a08f000ab27622.jpg,masks/4643e84a1cf4424ba5a08f000ab27622.png,4643e84a1cf4424ba5a08f000ab27622,3
images/688a65fcaf7a4fffa177cefa6bb497d5.jpg,masks/688a65fcaf7a4fffa177cefa6bb497d5.png,688a65fcaf7a4fffa177cefa6bb497d5,3
images/a1b1a95bc07242238fcc67aa32e442bb.jpg,masks/a1b1a95bc07242238fcc67aa32e442bb.png,a1b1a95bc07242238fcc67aa32e442bb,3
images/2d3ecb54ecdc453e9aa5522f421c1d5c.jpg,masks/2d3ecb54ecdc453e9aa5522f421c1d5c.png,2d3ecb54ecdc453e9aa5522f421c1d5c,3
images/e549698b3ed9495e89f52e5d68316741.jpg,masks/e549698b3ed9495e89f52e5d68316741.png,e549698b3ed9495e89f52e5d68316741,3
images/474fe339a6504a5585bd8a142603cb64.jpg,masks/474fe339a6504a5585bd8a142603cb64.png,474fe339a6504a5585bd8a142603cb64,3
images/d459a7f1ef30407f86ec64fa96e34ac2.jpg,masks/d459a7f1ef30407f86ec64fa96e34ac2.png,d459a7f1ef30407f86ec64fa96e34ac2,3
images/3d6c46427d2a4303bf86c87eb690ed5c.jpg,masks/3d6c46427d2a4303bf86c87eb690ed5c.png,3d6c46427d2a4303bf86c87eb690ed5c,3
images/2acc8cd6071b404689403c4b14393042.jpg,masks/2acc8cd6071b404689403c4b14393042.png,2acc8cd6071b404689403c4b14393042,3
images/8f39a1d31f1d470e928a40de873d82ec.jpg,masks/8f39a1d31f1d470e928a40de873d82ec.png,8f39a1d31f1d470e928a40de873d82ec,3
images/cf1d46eb6c2c4728be21068ce8d5e9ef.jpg,masks/cf1d46eb6c2c4728be21068ce8d5e9ef.png,cf1d46eb6c2c4728be21068ce8d5e9ef,3
images/87bd69c9f8a34eef948f8c6ba3496867.jpg,masks/87bd69c9f8a34eef948f8c6ba3496867.png,87bd69c9f8a34eef948f8c6ba3496867,3
images/f5495de2765440c5b976c074ba4b59aa.jpg,masks/f5495de2765440c5b976c074ba4b59aa.png,f5495de2765440c5b976c074ba4b59aa,3
images/db4888e692154b6589a67b4f7c9ac75d.jpg,masks/db4888e692154b6589a67b4f7c9ac75d.png,db4888e692154b6589a67b4f7c9ac75d,3
images/fb23e633d0f340f68de8fe7fcede76bd.jpg,masks/fb23e633d0f340f68de8fe7fcede76bd.png,fb23e633d0f340f68de8fe7fcede76bd,3
images/7cfd3ce4c5f041e1b757f13fee403c50.jpg,masks/7cfd3ce4c5f041e1b757f13fee403c50.png,7cfd3ce4c5f041e1b757f13fee403c50,3
images/0e6bd5f950514feab738e376d8d67c70.jpg,masks/0e6bd5f950514feab738e376d8d67c70.png,0e6bd5f950514feab738e376d8d67c70,3
images/737405f0c8db4a2caff96d3d3b32b483.jpg,masks/737405f0c8db4a2caff96d3d3b32b483.png,737405f0c8db4a2caff96d3d3b32b483,3
images/a956303ae218424e821fdc345874c674.jpg,masks/a956303ae218424e821fdc345874c674.png,a956303ae218424e821fdc345874c674,3
images/2b6d84571ed24e66949aa42cad2bf311.jpg,masks/2b6d84571ed24e66949aa42cad2bf311.png,2b6d84571ed24e66949aa42cad2bf311,3
images/4b1697345abd42f89313955cdeabe785.jpg,masks/4b1697345abd42f89313955cdeabe785.png,4b1697345abd42f89313955cdeabe785,3
images/84b5a2ed3ef940b091676db19d9053ff.jpg,masks/84b5a2ed3ef940b091676db19d9053ff.png,84b5a2ed3ef940b091676db19d9053ff,3
images/8e56f343cc0a4ecb9e5177d17a2f1eca.jpg,masks/8e56f343cc0a4ecb9e5177d17a2f1eca.png,8e56f343cc0a4ecb9e5177d17a2f1eca,3
images/43e7bb10dd6049e78db60010424b7a94.jpg,masks/43e7bb10dd6049e78db60010424b7a94.png,43e7bb10dd6049e78db60010424b7a94,3
images/5b9026cd433a44a0b65e20b04c27441f.jpg,masks/5b9026cd433a44a0b65e20b04c27441f.png,5b9026cd433a44a0b65e20b04c27441f,3
images/143bc8b4bde4485e8c9dba2aa1e10465.jpg,masks/143bc8b4bde4485e8c9dba2aa1e10465.png,143bc8b4bde4485e8c9dba2aa1e10465,3
images/624a5ba6b9414332ac9a774f77b67361.jpg,masks/624a5ba6b9414332ac9a774f77b67361.png,624a5ba6b9414332ac9a774f77b67361,3
images/bf05e18b66914680a1add0318c5e5f71.jpg,masks/bf05e18b66914680a1add0318c5e5f71.png,bf05e18b66914680a1add0318c5e5f71,3
images/3c227744afff496298f42f6176b12019.jpg,masks/3c227744afff496298f42f6176b12019.png,3c227744afff496298f42f6176b12019,3
images/c8a5bb2ace7b45f89dd6a44d95e693dd.jpg,masks/c8a5bb2ace7b45f89dd6a44d95e693dd.png,c8a5bb2ace7b45f89dd6a44d95e693dd,3
images/1a0d61f4964f4aaf91c72aba2ea3b172.jpg,masks/1a0d61f4964f4aaf91c72aba2ea3b172.png,1a0d61f4964f4aaf91c72aba2ea3b172,3
images/caf4c4c83da24cdf96391cab853831d8.jpg,masks/caf4c4c83da24cdf96391cab853831d8.png,caf4c4c83da24cdf96391cab853831d8,3
images/e68101f3a81e4b08b3cace324003b033.jpg,masks/e68101f3a81e4b08b3cace324003b033.png,e68101f3a81e4b08b3cace324003b033,3
images/3038cd580d404847b70bc78122dac5b0.jpg,masks/3038cd580d404847b70bc78122dac5b0.png,3038cd580d404847b70bc78122dac5b0,3
images/e48d8b48c2ae4e13bbb54f4c02ca5453.jpg,masks/e48d8b48c2ae4e13bbb54f4c02ca5453.png,e48d8b48c2ae4e13bbb54f4c02ca5453,3
images/d03ddec1d0da41d9bd66993d00125811.jpg,masks/d03ddec1d0da41d9bd66993d00125811.png,d03ddec1d0da41d9bd66993d00125811,3
images/ce103bd288624bc7bd730d9229753ea8.jpg,masks/ce103bd288624bc7bd730d9229753ea8.png,ce103bd288624bc7bd730d9229753ea8,3
images/47a60446f589468a8a4ed48d4e7799c8.jpg,masks/47a60446f589468a8a4ed48d4e7799c8.png,47a60446f589468a8a4ed48d4e7799c8,3
images/43da51b9d47b4e0ab9f126870cb3e1b1.jpg,masks/43da51b9d47b4e0ab9f126870cb3e1b1.png,43da51b9d47b4e0ab9f126870cb3e1b1,3
images/c568c5f41eb8425bb0dbc9f5069801d7.jpg,masks/c568c5f41eb8425bb0dbc9f5069801d7.png,c568c5f41eb8425bb0dbc9f5069801d7,3
images/016215bb34a34dd4a87b61e59a70a00a.jpg,masks/016215bb34a34dd4a87b61e59a70a00a.png,016215bb34a34dd4a87b61e59a70a00a,3
images/ed299e15b229488cae5974edeb5d11e1.jpg,masks/ed299e15b229488cae5974edeb5d11e1.png,ed299e15b229488cae5974edeb5d11e1,3
images/f17b43f29d3b47c2803b64300287db96.jpg,masks/f17b43f29d3b47c2803b64300287db96.png,f17b43f29d3b47c2803b64300287db96,3
images/63a54e3ac86746179e57927e77007374.jpg,masks/63a54e3ac86746179e57927e77007374.png,63a54e3ac86746179e57927e77007374,3
images/0958b39ac0ea4869833d76d1e21708d1.jpg,masks/0958b39ac0ea4869833d76d1e21708d1.png,0958b39ac0ea4869833d76d1e21708d1,3
images/859ecaaa60df4a81b89487e569fe0140.jpg,masks/859ecaaa60df4a81b89487e569fe0140.png,859ecaaa60df4a81b89487e569fe0140,3
images/8763644471db47ac9c4b31687fac29ac.jpg,masks/8763644471db47ac9c4b31687fac29ac.png,8763644471db47ac9c4b31687fac29ac,3
images/9bd2774e0d0d4c7286ec9ff2248c5e4c.jpg,masks/9bd2774e0d0d4c7286ec9ff2248c5e4c.png,9bd2774e0d0d4c7286ec9ff2248c5e4c,3
images/1fc06ef6c6ad4370a04b0dbfdc0904a2.jpg,masks/1fc06ef6c6ad4370a04b0dbfdc0904a2.png,1fc06ef6c6ad4370a04b0dbfdc0904a2,3
images/29b25533f5294e76bb6fddcfa82cab88.jpg,masks/29b25533f5294e76bb6fddcfa82cab88.png,29b25533f5294e76bb6fddcfa82cab88,3
images/4210464f773b4d1fb92a1e147a7d4a53.jpg,masks/4210464f773b4d1fb92a1e147a7d4a53.png,4210464f773b4d1fb92a1e147a7d4a53,3
images/efd48f285bc941bdaede8bea6652c556.jpg,masks/efd48f285bc941bdaede8bea6652c556.png,efd48f285bc941bdaede8bea6652c556,3
images/1c7b3799c3d1466e8f258255d0481a68.jpg,masks/1c7b3799c3d1466e8f258255d0481a68.png,1c7b3799c3d1466e8f258255d0481a68,3
images/5155987c8bdf4d63ac726f2d7378cdab.jpg,masks/5155987c8bdf4d63ac726f2d7378cdab.png,5155987c8bdf4d63ac726f2d7378cdab,3
images/1b2cbfe0c19d49c1a232cac2cc0db6e4.jpg,masks/1b2cbfe0c19d49c1a232cac2cc0db6e4.png,1b2cbfe0c19d49c1a232cac2cc0db6e4,3
images/2dade3ad5e1b4ed3a1c43952dd5c9b6c.jpg,masks/2dade3ad5e1b4ed3a1c43952dd5c9b6c.png,2dade3ad5e1b4ed3a1c43952dd5c9b6c,3
images/c091d40298844c04bcc0ccb21c796744.jpg,masks/c091d40298844c04bcc0ccb21c796744.png,c091d40298844c04bcc0ccb21c796744,3
images/4bec7202f68143d390ad394dbc4d6d68.jpg,masks/4bec7202f68143d390ad394dbc4d6d68.png,4bec7202f68143d390ad394dbc4d6d68,3
images/d0e329aec082449aacd3aa0e3433bd62.jpg,masks/d0e329aec082449aacd3aa0e3433bd62.png,d0e329aec082449aacd3aa0e3433bd62,3
images/b81a9650e48245c8b2f379929eaa0f31.jpg,masks/b81a9650e48245c8b2f379929eaa0f31.png,b81a9650e48245c8b2f379929eaa0f31,3
images/4e6fa730d0674a2f8fb8facfb45aaad0.jpg,masks/4e6fa730d0674a2f8fb8facfb45aaad0.png,4e6fa730d0674a2f8fb8facfb45aaad0,3
images/dc0229919aaa4d3fb871283e23b1b568.jpg,masks/dc0229919aaa4d3fb871283e23b1b568.png,dc0229919aaa4d3fb871283e23b1b568,3
images/85882a81fce94e9da171c719038834b2.jpg,masks/85882a81fce94e9da171c719038834b2.png,85882a81fce94e9da171c719038834b2,3
images/bd7a375a223949a2a42fb746c3c372be.jpg,masks/bd7a375a223949a2a42fb746c3c372be.png,bd7a375a223949a2a42fb746c3c372be,3
images/8ccf97d212c04805bf9b8ba07db87138.jpg,masks/8ccf97d212c04805bf9b8ba07db87138.png,8ccf97d212c04805bf9b8ba07db87138,3
images/2c0b76bed65843e6886e747bb16163ef.jpg,masks/2c0b76bed65843e6886e747bb16163ef.png,2c0b76bed65843e6886e747bb16163ef,3
images/e5ed637d76ae4e1abc163df32e467e37.jpg,masks/e5ed637d76ae4e1abc163df32e467e37.png,e5ed637d76ae4e1abc163df32e467e37,3
images/aef69e4736aa494c89c4d18c356aff72.jpg,masks/aef69e4736aa494c89c4d18c356aff72.png,aef69e4736aa494c89c4d18c356aff72,3
images/b9505658b6d041a1853191c1d396e3e5.jpg,masks/b9505658b6d041a1853191c1d396e3e5.png,b9505658b6d041a1853191c1d396e3e5,3
images/9eda8bf9897b4143a8e49d54bb28d2bd.jpg,masks/9eda8bf9897b4143a8e49d54bb28d2bd.png,9eda8bf9897b4143a8e49d54bb28d2bd,3
images/cbb165fee7d84246a9d303e2f87cfe93.jpg,masks/cbb165fee7d84246a9d303e2f87cfe93.png,cbb165fee7d84246a9d303e2f87cfe93,3
images/7047b946a60046018ce08e46cf316fca.jpg,masks/7047b946a60046018ce08e46cf316fca.png,7047b946a60046018ce08e46cf316fca,3
images/b2a8351d18264113b84d7ec1b92188ed.jpg,masks/b2a8351d18264113b84d7ec1b92188ed.png,b2a8351d18264113b84d7ec1b92188ed,3
images/cca61c6206ca4166be9b5092b6846c4e.jpg,masks/cca61c6206ca4166be9b5092b6846c4e.png,cca61c6206ca4166be9b5092b6846c4e,3
images/80ae7895168e4c8bb4539ebbfeb94b18.jpg,masks/80ae7895168e4c8bb4539ebbfeb94b18.png,80ae7895168e4c8bb4539ebbfeb94b18,3
images/f8c79cebebe04ba68ec22affe2ef57f8.jpg,masks/f8c79cebebe04ba68ec22affe2ef57f8.png,f8c79cebebe04ba68ec22affe2ef57f8,3
images/d14b91e1bca94551941d61beca2515d4.jpg,masks/d14b91e1bca94551941d61beca2515d4.png,d14b91e1bca94551941d61beca2515d4,3
images/e28ff3917c664590964d1403ee59a781.jpg,masks/e28ff3917c664590964d1403ee59a781.png,e28ff3917c664590964d1403ee59a781,3
images/99e0e15f84824e85abc608dbbdd7bed2.jpg,masks/99e0e15f84824e85abc608dbbdd7bed2.png,99e0e15f84824e85abc608dbbdd7bed2,3
images/3cc5a10cf0514aadae466b0850fe7833.jpg,masks/3cc5a10cf0514aadae466b0850fe7833.png,3cc5a10cf0514aadae466b0850fe7833,3
images/27624e08c3b744f1bdc036e997fe4d3e.jpg,masks/27624e08c3b744f1bdc036e997fe4d3e.png,27624e08c3b744f1bdc036e997fe4d3e,3
images/746bc132bd594bcf887ceb57aa66ce78.jpg,masks/746bc132bd594bcf887ceb57aa66ce78.png,746bc132bd594bcf887ceb57aa66ce78,3
images/67ad64c53c5e4ab58d192aa3b0ebd68f.jpg,masks/67ad64c53c5e4ab58d192aa3b0ebd68f.png,67ad64c53c5e4ab58d192aa3b0ebd68f,3
images/b678e1800ecf4cda9382cb97377ee61b.jpg,masks/b678e1800ecf4cda9382cb97377ee61b.png,b678e1800ecf4cda9382cb97377ee61b,3
images/06dadc07d14c47119617507e3955017a.jpg,masks/06dadc07d14c47119617507e3955017a.png,06dadc07d14c47119617507e3955017a,3
images/d9dfd9ba1c074eed81b24e9c3719a07a.jpg,masks/d9dfd9ba1c074eed81b24e9c3719a07a.png,d9dfd9ba1c074eed81b24e9c3719a07a,3
images/1b7cf3947f004f038494c20a9aaddac8.jpg,masks/1b7cf3947f004f038494c20a9aaddac8.png,1b7cf3947f004f038494c20a9aaddac8,3
images/805b39a557e747999f6bb30dbb7688e1.jpg,masks/805b39a557e747999f6bb30dbb7688e1.png,805b39a557e747999f6bb30dbb7688e1,3
images/5e23c56ef3c54487bbeb2952f88ac452.jpg,masks/5e23c56ef3c54487bbeb2952f88ac452.png,5e23c56ef3c54487bbeb2952f88ac452,3
images/faf0f5b0d35d4a0ba4a9c8033b0777f6.jpg,masks/faf0f5b0d35d4a0ba4a9c8033b0777f6.png,faf0f5b0d35d4a0ba4a9c8033b0777f6,3
images/7c0740ebd5074e0b88d0eb95d2bea22d.jpg,masks/7c0740ebd5074e0b88d0eb95d2bea22d.png,7c0740ebd5074e0b88d0eb95d2bea22d,3
images/d265698c5e8242828343c5147fa2ab10.jpg,masks/d265698c5e8242828343c5147fa2ab10.png,d265698c5e8242828343c5147fa2ab10,3
images/12605c7f6e1e4c5e875c9cb6b3293586.jpg,masks/12605c7f6e1e4c5e875c9cb6b3293586.png,12605c7f6e1e4c5e875c9cb6b3293586,3
images/b86d13359da64280b2ad5a39fd13bb19.jpg,masks/b86d13359da64280b2ad5a39fd13bb19.png,b86d13359da64280b2ad5a39fd13bb19,3
images/c4642b2ef7a44ff3b21ba6f9a95102d0.jpg,masks/c4642b2ef7a44ff3b21ba6f9a95102d0.png,c4642b2ef7a44ff3b21ba6f9a95102d0,3
images/1b942732cf51410fb40a6f78e13993ff.jpg,masks/1b942732cf51410fb40a6f78e13993ff.png,1b942732cf51410fb40a6f78e13993ff,3
images/785456e5ca2d41069f45e18f9967960d.jpg,masks/785456e5ca2d41069f45e18f9967960d.png,785456e5ca2d41069f45e18f9967960d,3
images/693d56df3b9e4492a72860417ed4fa69.jpg,masks/693d56df3b9e4492a72860417ed4fa69.png,693d56df3b9e4492a72860417ed4fa69,3
images/423c2dc95d0c40eb81e5502adcca9057.jpg,masks/423c2dc95d0c40eb81e5502adcca9057.png,423c2dc95d0c40eb81e5502adcca9057,3
images/3aef449ec410474194da31926c7c303c.jpg,masks/3aef449ec410474194da31926c7c303c.png,3aef449ec410474194da31926c7c303c,3
images/e49432f3f56a4326bf48f3ff1b863ef2.jpg,masks/e49432f3f56a4326bf48f3ff1b863ef2.png,e49432f3f56a4326bf48f3ff1b863ef2,3
images/0fc2541b965149b689b4c421e5892d0f.jpg,masks/0fc2541b965149b689b4c421e5892d0f.png,0fc2541b965149b689b4c421e5892d0f,3
images/a9f39b55f60643969d0284b3dd2214db.jpg,masks/a9f39b55f60643969d0284b3dd2214db.png,a9f39b55f60643969d0284b3dd2214db,3
images/fe7a7846aa0147309b3cd0ab74981edd.jpg,masks/fe7a7846aa0147309b3cd0ab74981edd.png,fe7a7846aa0147309b3cd0ab74981edd,3
images/72c103adf1714b8bbf8199ea80f56f84.jpg,masks/72c103adf1714b8bbf8199ea80f56f84.png,72c103adf1714b8bbf8199ea80f56f84,3
images/8b124883c4e34fec807c3304802284f7.jpg,masks/8b124883c4e34fec807c3304802284f7.png,8b124883c4e34fec807c3304802284f7,3
images/02efa163c5cd4ad681ce317ad38beccb.jpg,masks/02efa163c5cd4ad681ce317ad38beccb.png,02efa163c5cd4ad681ce317ad38beccb,3
images/a7b6c8946e4d4d6c9ac1cd59e01d863e.jpg,masks/a7b6c8946e4d4d6c9ac1cd59e01d863e.png,a7b6c8946e4d4d6c9ac1cd59e01d863e,3
images/a5ae0bc5d82f4575a84d6fccabfdf662.jpg,masks/a5ae0bc5d82f4575a84d6fccabfdf662.png,a5ae0bc5d82f4575a84d6fccabfdf662,3
images/16b03fb9f1c04dbda61638314bf26c70.jpg,masks/16b03fb9f1c04dbda61638314bf26c70.png,16b03fb9f1c04dbda61638314bf26c70,3
images/bc6baa85018f479eac50d5965f11f6ab.jpg,masks/bc6baa85018f479eac50d5965f11f6ab.png,bc6baa85018f479eac50d5965f11f6ab,3
images/69567a98307947dea16611bf83048c1a.jpg,masks/69567a98307947dea16611bf83048c1a.png,69567a98307947dea16611bf83048c1a,3
images/3c27e2af0a4e4bb786ad28add16c552d.jpg,masks/3c27e2af0a4e4bb786ad28add16c552d.png,3c27e2af0a4e4bb786ad28add16c552d,3
images/1b81e240b19b4dc491ae5b89243d62d1.jpg,masks/1b81e240b19b4dc491ae5b89243d62d1.png,1b81e240b19b4dc491ae5b89243d62d1,3
images/fc34ee060ec0430f83c5e8f7e19183d1.jpg,masks/fc34ee060ec0430f83c5e8f7e19183d1.png,fc34ee060ec0430f83c5e8f7e19183d1,3
images/b500e47b56db4db292530fe1367920ae.jpg,masks/b500e47b56db4db292530fe1367920ae.png,b500e47b56db4db292530fe1367920ae,3
images/109f2d98205a457fadc7d214bc7cd68e.jpg,masks/109f2d98205a457fadc7d214bc7cd68e.png,109f2d98205a457fadc7d214bc7cd68e,3
images/e827a84d33fe4c698e998d3ce75ed482.jpg,masks/e827a84d33fe4c698e998d3ce75ed482.png,e827a84d33fe4c698e998d3ce75ed482,3
images/71b5ef9d9c684d1d99d9e9ad08567c64.jpg,masks/71b5ef9d9c684d1d99d9e9ad08567c64.png,71b5ef9d9c684d1d99d9e9ad08567c64,3
images/1c3a0a589e054761b4a6e9d139e34a58.jpg,masks/1c3a0a589e054761b4a6e9d139e34a58.png,1c3a0a589e054761b4a6e9d139e34a58,3
images/bd2556d20865454e91498f566362a1dd.jpg,masks/bd2556d20865454e91498f566362a1dd.png,bd2556d20865454e91498f566362a1dd,3
images/5b942ef380b54cff9415fc8c00cd2f9e.jpg,masks/5b942ef380b54cff9415fc8c00cd2f9e.png,5b942ef380b54cff9415fc8c00cd2f9e,3
images/df57b4ff3359416ca6987332ae24d0fd.jpg,masks/df57b4ff3359416ca6987332ae24d0fd.png,df57b4ff3359416ca6987332ae24d0fd,3
images/bf94b288172d48b0aa84bcc085bcc136.jpg,masks/bf94b288172d48b0aa84bcc085bcc136.png,bf94b288172d48b0aa84bcc085bcc136,3
images/51898cfbe0f7446aae1659e17e8fb441.jpg,masks/51898cfbe0f7446aae1659e17e8fb441.png,51898cfbe0f7446aae1659e17e8fb441,3
images/9ea1de8fe8f649de9253b50c2f7014f8.jpg,masks/9ea1de8fe8f649de9253b50c2f7014f8.png,9ea1de8fe8f649de9253b50c2f7014f8,3
images/920230ffae0b41248b1c21e7c36b9ebe.jpg,masks/920230ffae0b41248b1c21e7c36b9ebe.png,920230ffae0b41248b1c21e7c36b9ebe,3
images/9c1d25d8bbd54dd199250b9ab420163c.jpg,masks/9c1d25d8bbd54dd199250b9ab420163c.png,9c1d25d8bbd54dd199250b9ab420163c,3
images/f9e7cb16140c4552b1534d3d155866d7.jpg,masks/f9e7cb16140c4552b1534d3d155866d7.png,f9e7cb16140c4552b1534d3d155866d7,3
images/0e80319a6dab4354bdb1a7432f51e1eb.jpg,masks/0e80319a6dab4354bdb1a7432f51e1eb.png,0e80319a6dab4354bdb1a7432f51e1eb,3
images/e4d8c2fb61da4eb3a7b1d840799f17e2.jpg,masks/e4d8c2fb61da4eb3a7b1d840799f17e2.png,e4d8c2fb61da4eb3a7b1d840799f17e2,3
images/d8e79bce1e594027872140ef94ca1e1e.jpg,masks/d8e79bce1e594027872140ef94ca1e1e.png,d8e79bce1e594027872140ef94ca1e1e,3
images/cc1a92892c364794bd8abaad61dedb69.jpg,masks/cc1a92892c364794bd8abaad61dedb69.png,cc1a92892c364794bd8abaad61dedb69,3
images/f7266108a843440083088c4d47022ab6.jpg,masks/f7266108a843440083088c4d47022ab6.png,f7266108a843440083088c4d47022ab6,3
images/ae74b3c77da24ee69106ff10791cd661.jpg,masks/ae74b3c77da24ee69106ff10791cd661.png,ae74b3c77da24ee69106ff10791cd661,3
images/df4db9f7be204c739c695779762f9196.jpg,masks/df4db9f7be204c739c695779762f9196.png,df4db9f7be204c739c695779762f9196,3
images/b44233f254ba4cf195a62c21ed2ffc94.jpg,masks/b44233f254ba4cf195a62c21ed2ffc94.png,b44233f254ba4cf195a62c21ed2ffc94,3
images/57d8483579ff48ec9f1c6cdea1626769.jpg,masks/57d8483579ff48ec9f1c6cdea1626769.png,57d8483579ff48ec9f1c6cdea1626769,3
images/dc43451ff65645bf98518d7ef141fb64.jpg,masks/dc43451ff65645bf98518d7ef141fb64.png,dc43451ff65645bf98518d7ef141fb64,3
images/c88fe700da9b401a9b8aa58c73884a0e.jpg,masks/c88fe700da9b401a9b8aa58c73884a0e.png,c88fe700da9b401a9b8aa58c73884a0e,3
images/f991df9793514d8a8d18cdb6530e9e8e.jpg,masks/f991df9793514d8a8d18cdb6530e9e8e.png,f991df9793514d8a8d18cdb6530e9e8e,3
images/323ea5b3701a4ff5b9cb25289e025005.jpg,masks/323ea5b3701a4ff5b9cb25289e025005.png,323ea5b3701a4ff5b9cb25289e025005,3
images/c11da582f5cd4dd081fe6a6fe3a3c6fb.jpg,masks/c11da582f5cd4dd081fe6a6fe3a3c6fb.png,c11da582f5cd4dd081fe6a6fe3a3c6fb,3
images/b26704f378dd4229be1d8c642c508f72.jpg,masks/b26704f378dd4229be1d8c642c508f72.png,b26704f378dd4229be1d8c642c508f72,3
images/cd7b088c6d0844bbadf56c9b825ac6ba.jpg,masks/cd7b088c6d0844bbadf56c9b825ac6ba.png,cd7b088c6d0844bbadf56c9b825ac6ba,3
images/4725b48512b84a26853e9f6d4664cf38.jpg,masks/4725b48512b84a26853e9f6d4664cf38.png,4725b48512b84a26853e9f6d4664cf38,3
images/82e58d376ae34b248f656829ec6a4bfb.jpg,masks/82e58d376ae34b248f656829ec6a4bfb.png,82e58d376ae34b248f656829ec6a4bfb,3
images/6130619f4e8c4d7d9c10fe71b8b4da58.jpg,masks/6130619f4e8c4d7d9c10fe71b8b4da58.png,6130619f4e8c4d7d9c10fe71b8b4da58,3
images/dcec75cf20914891b3580cf1585581d4.jpg,masks/dcec75cf20914891b3580cf1585581d4.png,dcec75cf20914891b3580cf1585581d4,3
images/2c325b9e8e214d0f97b57b462ea61a7a.jpg,masks/2c325b9e8e214d0f97b57b462ea61a7a.png,2c325b9e8e214d0f97b57b462ea61a7a,3
images/cccd548b26db4b0abca6f24dda4fdbe6.jpg,masks/cccd548b26db4b0abca6f24dda4fdbe6.png,cccd548b26db4b0abca6f24dda4fdbe6,3
images/5225e0aa0efd4c599e5c6f06c9c4f6ba.jpg,masks/5225e0aa0efd4c599e5c6f06c9c4f6ba.png,5225e0aa0efd4c599e5c6f06c9c4f6ba,3
images/d7aa2837d3064a75b9e18b34c9034e46.jpg,masks/d7aa2837d3064a75b9e18b34c9034e46.png,d7aa2837d3064a75b9e18b34c9034e46,3
images/3b79276a919d40e6a4abf9d913479da9.jpg,masks/3b79276a919d40e6a4abf9d913479da9.png,3b79276a919d40e6a4abf9d913479da9,3
images/e78abca290d64fbb9fb44c8508871eed.jpg,masks/e78abca290d64fbb9fb44c8508871eed.png,e78abca290d64fbb9fb44c8508871eed,3
images/6bfe8356594b4276a54c7090c3e1717d.jpg,masks/6bfe8356594b4276a54c7090c3e1717d.png,6bfe8356594b4276a54c7090c3e1717d,3
images/11a0a133f9be4271808df2c098c6fbef.jpg,masks/11a0a133f9be4271808df2c098c6fbef.png,11a0a133f9be4271808df2c098c6fbef,3
images/bf2443e6599a4943bf87132fcd364c71.jpg,masks/bf2443e6599a4943bf87132fcd364c71.png,bf2443e6599a4943bf87132fcd364c71,3
images/47c10224ada24fc090c464c4fcec480a.jpg,masks/47c10224ada24fc090c464c4fcec480a.png,47c10224ada24fc090c464c4fcec480a,3
images/4a92864e4b1e4cd9bbb0ff2cc53b7c93.jpg,masks/4a92864e4b1e4cd9bbb0ff2cc53b7c93.png,4a92864e4b1e4cd9bbb0ff2cc53b7c93,3
images/1ef0114c13d94c1cb2bec06d714d6da4.jpg,masks/1ef0114c13d94c1cb2bec06d714d6da4.png,1ef0114c13d94c1cb2bec06d714d6da4,3
images/681fd80838db4b7c87e880bb3849eef8.jpg,masks/681fd80838db4b7c87e880bb3849eef8.png,681fd80838db4b7c87e880bb3849eef8,3
images/7daf38bdf9ba42e9b1f4ebe94c709127.jpg,masks/7daf38bdf9ba42e9b1f4ebe94c709127.png,7daf38bdf9ba42e9b1f4ebe94c709127,3
images/4ce50650cc044f15abea2e57db9b070e.jpg,masks/4ce50650cc044f15abea2e57db9b070e.png,4ce50650cc044f15abea2e57db9b070e,3
images/0ea107df5a7f4a918199dcd840ce3066.jpg,masks/0ea107df5a7f4a918199dcd840ce3066.png,0ea107df5a7f4a918199dcd840ce3066,3
images/937bc9d47ea44c0fa0b1a17fb901d09c.jpg,masks/937bc9d47ea44c0fa0b1a17fb901d09c.png,937bc9d47ea44c0fa0b1a17fb901d09c,3
images/3ff34e18cfb94954bb4982284862e176.jpg,masks/3ff34e18cfb94954bb4982284862e176.png,3ff34e18cfb94954bb4982284862e176,3
images/307dfd458de14c03a06c9633de295f32.jpg,masks/307dfd458de14c03a06c9633de295f32.png,307dfd458de14c03a06c9633de295f32,3
images/6b4bfe6d94af4dda91404d21508cb32f.jpg,masks/6b4bfe6d94af4dda91404d21508cb32f.png,6b4bfe6d94af4dda91404d21508cb32f,3
images/e9dd3f6a915c4330a53494e78a9a62ed.jpg,masks/e9dd3f6a915c4330a53494e78a9a62ed.png,e9dd3f6a915c4330a53494e78a9a62ed,3
images/d4654b75da454e018320835834684cf6.jpg,masks/d4654b75da454e018320835834684cf6.png,d4654b75da454e018320835834684cf6,3
images/ed40307511424b4e968e72ab7a4cad38.jpg,masks/ed40307511424b4e968e72ab7a4cad38.png,ed40307511424b4e968e72ab7a4cad38,3
images/c879f3aec6954847bf0135f476cfd95b.jpg,masks/c879f3aec6954847bf0135f476cfd95b.png,c879f3aec6954847bf0135f476cfd95b,3
images/2b33c20935a74c60b3c333edc483c37d.jpg,masks/2b33c20935a74c60b3c333edc483c37d.png,2b33c20935a74c60b3c333edc483c37d,3
images/0d269ef7fee24d43b7be20982e926a81.jpg,masks/0d269ef7fee24d43b7be20982e926a81.png,0d269ef7fee24d43b7be20982e926a81,3
images/f5bd2bd338b74ec58530c48baae582a0.jpg,masks/f5bd2bd338b74ec58530c48baae582a0.png,f5bd2bd338b74ec58530c48baae582a0,3
images/1a977fea69f0451f8424308081eb46e7.jpg,masks/1a977fea69f0451f8424308081eb46e7.png,1a977fea69f0451f8424308081eb46e7,3
images/e5f8c9ac3ac14b428055f5d7f9d4ca7c.jpg,masks/e5f8c9ac3ac14b428055f5d7f9d4ca7c.png,e5f8c9ac3ac14b428055f5d7f9d4ca7c,3
images/6ffe265835454cd6ac5eea41126b4f20.jpg,masks/6ffe265835454cd6ac5eea41126b4f20.png,6ffe265835454cd6ac5eea41126b4f20,3
images/f0c15603e735404a943a6d425ddc6ab7.jpg,masks/f0c15603e735404a943a6d425ddc6ab7.png,f0c15603e735404a943a6d425ddc6ab7,3
images/e6ccf3a6b4e84124a868d1b0f1de5398.jpg,masks/e6ccf3a6b4e84124a868d1b0f1de5398.png,e6ccf3a6b4e84124a868d1b0f1de5398,3
images/df356a2814d240d8836e83d971612e64.jpg,masks/df356a2814d240d8836e83d971612e64.png,df356a2814d240d8836e83d971612e64,3
images/3bd91b55720b45199e466c47aebead63.jpg,masks/3bd91b55720b45199e466c47aebead63.png,3bd91b55720b45199e466c47aebead63,3
images/387a4fd2ab9d45f29a1ea144319c0fa4.jpg,masks/387a4fd2ab9d45f29a1ea144319c0fa4.png,387a4fd2ab9d45f29a1ea144319c0fa4,3
images/5f8ab8ff2d1040ee97b18a40ac95b521.jpg,masks/5f8ab8ff2d1040ee97b18a40ac95b521.png,5f8ab8ff2d1040ee97b18a40ac95b521,3
images/800a506a9a804cb6bcd701efeef50130.jpg,masks/800a506a9a804cb6bcd701efeef50130.png,800a506a9a804cb6bcd701efeef50130,3
images/72365fd1f5e74176b0b469955088729b.jpg,masks/72365fd1f5e74176b0b469955088729b.png,72365fd1f5e74176b0b469955088729b,3
images/a116d41200fc4eb680f613b751d9f77e.jpg,masks/a116d41200fc4eb680f613b751d9f77e.png,a116d41200fc4eb680f613b751d9f77e,3
images/5de10019436d46b9832df661b3e18908.jpg,masks/5de10019436d46b9832df661b3e18908.png,5de10019436d46b9832df661b3e18908,3
images/ca91b603f7a444b18bb257e6d25275f5.jpg,masks/ca91b603f7a444b18bb257e6d25275f5.png,ca91b603f7a444b18bb257e6d25275f5,3
images/06d3754750804bd888f3ba5d16bb35d9.jpg,masks/06d3754750804bd888f3ba5d16bb35d9.png,06d3754750804bd888f3ba5d16bb35d9,3
images/32bd8348450b41e093c7d625ebf71038.jpg,masks/32bd8348450b41e093c7d625ebf71038.png,32bd8348450b41e093c7d625ebf71038,3
images/d7f0ba2cd8684ac4b9da122657d7beef.jpg,masks/d7f0ba2cd8684ac4b9da122657d7beef.png,d7f0ba2cd8684ac4b9da122657d7beef,3
images/e7304ba3aee848d9aab11d71565b86fa.jpg,masks/e7304ba3aee848d9aab11d71565b86fa.png,e7304ba3aee848d9aab11d71565b86fa,3
images/0ff621d21cb142459a3cff9c7563bedc.jpg,masks/0ff621d21cb142459a3cff9c7563bedc.png,0ff621d21cb142459a3cff9c7563bedc,3
images/55d38275b3f440d78e588f52b3f0ec97.jpg,masks/55d38275b3f440d78e588f52b3f0ec97.png,55d38275b3f440d78e588f52b3f0ec97,3
images/98805a4b48654b4b89d1713aca3f5638.jpg,masks/98805a4b48654b4b89d1713aca3f5638.png,98805a4b48654b4b89d1713aca3f5638,3
images/38ae6c2813ef43df918ccbf053b3cdbb.jpg,masks/38ae6c2813ef43df918ccbf053b3cdbb.png,38ae6c2813ef43df918ccbf053b3cdbb,3
images/3221f42007804ece89b3365608457e9d.jpg,masks/3221f42007804ece89b3365608457e9d.png,3221f42007804ece89b3365608457e9d,3
images/13aed86081bd448a9a95b9bf90464303.jpg,masks/13aed86081bd448a9a95b9bf90464303.png,13aed86081bd448a9a95b9bf90464303,3
images/541e880a71864f6cae315a12c04fdf0b.jpg,masks/541e880a71864f6cae315a12c04fdf0b.png,541e880a71864f6cae315a12c04fdf0b,3
images/490dea453287408684c3fd7b6a9f03d0.jpg,masks/490dea453287408684c3fd7b6a9f03d0.png,490dea453287408684c3fd7b6a9f03d0,3
images/1e41babe77bf47cb8a478a1d982177e0.jpg,masks/1e41babe77bf47cb8a478a1d982177e0.png,1e41babe77bf47cb8a478a1d982177e0,3
images/fbd48c487d3d45098274029ce8ba5ec1.jpg,masks/fbd48c487d3d45098274029ce8ba5ec1.png,fbd48c487d3d45098274029ce8ba5ec1,3
images/3b3c32095c0b4e97be4d21867f76da0c.jpg,masks/3b3c32095c0b4e97be4d21867f76da0c.png,3b3c32095c0b4e97be4d21867f76da0c,3
images/aa0262ac9f444eb080d24bdc24c1663d.jpg,masks/aa0262ac9f444eb080d24bdc24c1663d.png,aa0262ac9f444eb080d24bdc24c1663d,3
images/248a539995f84294b14894349f12106c.jpg,masks/248a539995f84294b14894349f12106c.png,248a539995f84294b14894349f12106c,3
images/9d8760970da24292b321466645711166.jpg,masks/9d8760970da24292b321466645711166.png,9d8760970da24292b321466645711166,3
images/309321eb40db45b4bd58d7a9e523eee6.jpg,masks/309321eb40db45b4bd58d7a9e523eee6.png,309321eb40db45b4bd58d7a9e523eee6,3
images/df1bcd136b2d41da925b666187615c82.jpg,masks/df1bcd136b2d41da925b666187615c82.png,df1bcd136b2d41da925b666187615c82,3
images/85ec159d73454ba191b78c390ec23920.jpg,masks/85ec159d73454ba191b78c390ec23920.png,85ec159d73454ba191b78c390ec23920,3
images/ee8bf11078d64a318b2788290c6fc208.jpg,masks/ee8bf11078d64a318b2788290c6fc208.png,ee8bf11078d64a318b2788290c6fc208,3
images/1a8467f160e04af2a1ec1da134117d9c.jpg,masks/1a8467f160e04af2a1ec1da134117d9c.png,1a8467f160e04af2a1ec1da134117d9c,3
images/2af5bf4b70ba4f2582f498a208862702.jpg,masks/2af5bf4b70ba4f2582f498a208862702.png,2af5bf4b70ba4f2582f498a208862702,3
images/0fcc6da755be47939ceb8cd9d58464da.jpg,masks/0fcc6da755be47939ceb8cd9d58464da.png,0fcc6da755be47939ceb8cd9d58464da,3
images/84eea851ed584a77b5429fd0c212b7fe.jpg,masks/84eea851ed584a77b5429fd0c212b7fe.png,84eea851ed584a77b5429fd0c212b7fe,3
images/e392d329a0584f5dba3d93a47328b2c2.jpg,masks/e392d329a0584f5dba3d93a47328b2c2.png,e392d329a0584f5dba3d93a47328b2c2,3
images/63404d94c4274bd1b4121a282e88d2ac.jpg,masks/63404d94c4274bd1b4121a282e88d2ac.png,63404d94c4274bd1b4121a282e88d2ac,3
images/96a11d97c7dd42f6ba453c54225a572a.jpg,masks/96a11d97c7dd42f6ba453c54225a572a.png,96a11d97c7dd42f6ba453c54225a572a,3
images/904cc795834f40dca87c910af31e5668.jpg,masks/904cc795834f40dca87c910af31e5668.png,904cc795834f40dca87c910af31e5668,3
images/f3d60d9e668e4c0fb4b7caa26d925e3c.jpg,masks/f3d60d9e668e4c0fb4b7caa26d925e3c.png,f3d60d9e668e4c0fb4b7caa26d925e3c,3
images/056d364a9efc44ea961323197dd02c04.jpg,masks/056d364a9efc44ea961323197dd02c04.png,056d364a9efc44ea961323197dd02c04,3
images/93043ffa645d48f6ab7abde1d96c2992.jpg,masks/93043ffa645d48f6ab7abde1d96c2992.png,93043ffa645d48f6ab7abde1d96c2992,3
images/ca6e711e227a4613b00aaf88609288a4.jpg,masks/ca6e711e227a4613b00aaf88609288a4.png,ca6e711e227a4613b00aaf88609288a4,3
images/d9f4b209997244b3aa9695c197ed0dd8.jpg,masks/d9f4b209997244b3aa9695c197ed0dd8.png,d9f4b209997244b3aa9695c197ed0dd8,3
images/8fabf4097a0a43adb8a66997b8e965a1.jpg,masks/8fabf4097a0a43adb8a66997b8e965a1.png,8fabf4097a0a43adb8a66997b8e965a1,3
images/eb7bc0baebd142d8bdac19469f7ca5ce.jpg,masks/eb7bc0baebd142d8bdac19469f7ca5ce.png,eb7bc0baebd142d8bdac19469f7ca5ce,3
images/7707ef40991d4437adf007154e1ba81a.jpg,masks/7707ef40991d4437adf007154e1ba81a.png,7707ef40991d4437adf007154e1ba81a,3
images/ba0d47e6c4f442d59e88a52d0dc26913.jpg,masks/ba0d47e6c4f442d59e88a52d0dc26913.png,ba0d47e6c4f442d59e88a52d0dc26913,3
images/655a317d81644c108523dd608c95e4ad.jpg,masks/655a317d81644c108523dd608c95e4ad.png,655a317d81644c108523dd608c95e4ad,3
images/f2ceb8f9823a458991cfee9d43ab6985.jpg,masks/f2ceb8f9823a458991cfee9d43ab6985.png,f2ceb8f9823a458991cfee9d43ab6985,3
images/030f86dca2eb4fc08219ab0ec8514404.jpg,masks/030f86dca2eb4fc08219ab0ec8514404.png,030f86dca2eb4fc08219ab0ec8514404,3
images/d2a99ff017fc40ffad3bbb26f6df7b78.jpg,masks/d2a99ff017fc40ffad3bbb26f6df7b78.png,d2a99ff017fc40ffad3bbb26f6df7b78,3
images/9c18db809c61455a98cbb6aee7209a51.jpg,masks/9c18db809c61455a98cbb6aee7209a51.png,9c18db809c61455a98cbb6aee7209a51,3
images/7ca754a3aed84c1282853aabb0d01502.jpg,masks/7ca754a3aed84c1282853aabb0d01502.png,7ca754a3aed84c1282853aabb0d01502,3
images/8f40edfc1c03419e9b3cfe7671eb8a01.jpg,masks/8f40edfc1c03419e9b3cfe7671eb8a01.png,8f40edfc1c03419e9b3cfe7671eb8a01,3
images/db074cb030704b709fd9dbb1e2c3e373.jpg,masks/db074cb030704b709fd9dbb1e2c3e373.png,db074cb030704b709fd9dbb1e2c3e373,3
images/5bacdbb0709c4e4bbc80e62d1cfd391a.jpg,masks/5bacdbb0709c4e4bbc80e62d1cfd391a.png,5bacdbb0709c4e4bbc80e62d1cfd391a,3
images/4830d82cc12f4c07b986444fcc5cd7d4.jpg,masks/4830d82cc12f4c07b986444fcc5cd7d4.png,4830d82cc12f4c07b986444fcc5cd7d4,3
images/c21171f44380403e966b4bb44df3b097.jpg,masks/c21171f44380403e966b4bb44df3b097.png,c21171f44380403e966b4bb44df3b097,3
images/db2b3b39d1614654a3b86bb929b75ff1.jpg,masks/db2b3b39d1614654a3b86bb929b75ff1.png,db2b3b39d1614654a3b86bb929b75ff1,3
images/b7d019b0db9142b5a063edefd84be5dd.jpg,masks/b7d019b0db9142b5a063edefd84be5dd.png,b7d019b0db9142b5a063edefd84be5dd,3
images/777eaed1274c46e48e10212415164e95.jpg,masks/777eaed1274c46e48e10212415164e95.png,777eaed1274c46e48e10212415164e95,3
images/6ffde0484e2e4782af36c92b7a3ef9c9.jpg,masks/6ffde0484e2e4782af36c92b7a3ef9c9.png,6ffde0484e2e4782af36c92b7a3ef9c9,3
images/56f84694eb73465388b4620e19a540a5.jpg,masks/56f84694eb73465388b4620e19a540a5.png,56f84694eb73465388b4620e19a540a5,3
images/d9524ee341c6439991922b497984b9f7.jpg,masks/d9524ee341c6439991922b497984b9f7.png,d9524ee341c6439991922b497984b9f7,3
images/98e7c62ebb584e1199f9f8cff18b9690.jpg,masks/98e7c62ebb584e1199f9f8cff18b9690.png,98e7c62ebb584e1199f9f8cff18b9690,3
images/6bb730ce2c9347528cbe4f18e4a896f0.jpg,masks/6bb730ce2c9347528cbe4f18e4a896f0.png,6bb730ce2c9347528cbe4f18e4a896f0,3
images/1c951dfe68904ea6813be21af6456072.jpg,masks/1c951dfe68904ea6813be21af6456072.png,1c951dfe68904ea6813be21af6456072,3
images/85e6be8258e1406e9870a5928cf52c0e.jpg,masks/85e6be8258e1406e9870a5928cf52c0e.png,85e6be8258e1406e9870a5928cf52c0e,3
images/da0c55e7e7cf4cb68125e6ec839fe995.jpg,masks/da0c55e7e7cf4cb68125e6ec839fe995.png,da0c55e7e7cf4cb68125e6ec839fe995,3
images/30fdcf1b96b843f0ace2168b5972c902.jpg,masks/30fdcf1b96b843f0ace2168b5972c902.png,30fdcf1b96b843f0ace2168b5972c902,3
images/8cb247310cd74457a9eaffdb1c6e89c8.jpg,masks/8cb247310cd74457a9eaffdb1c6e89c8.png,8cb247310cd74457a9eaffdb1c6e89c8,3
images/62f0bfa2d2ae4bdaaa6f29571754c8d2.jpg,masks/62f0bfa2d2ae4bdaaa6f29571754c8d2.png,62f0bfa2d2ae4bdaaa6f29571754c8d2,3
images/a21b4c6c481140f08563723c23124f80.jpg,masks/a21b4c6c481140f08563723c23124f80.png,a21b4c6c481140f08563723c23124f80,3
images/199b374677ca46dbbe2fcb99f42e9a1e.jpg,masks/199b374677ca46dbbe2fcb99f42e9a1e.png,199b374677ca46dbbe2fcb99f42e9a1e,3
images/eac80f93ed8b4900a31b149636e2d25d.jpg,masks/eac80f93ed8b4900a31b149636e2d25d.png,eac80f93ed8b4900a31b149636e2d25d,3
images/ecc48e2e1dd84b299916bd9f4db26dae.jpg,masks/ecc48e2e1dd84b299916bd9f4db26dae.png,ecc48e2e1dd84b299916bd9f4db26dae,3
images/c6ed5d1b5bfa4c4a97138c39eccc5b21.jpg,masks/c6ed5d1b5bfa4c4a97138c39eccc5b21.png,c6ed5d1b5bfa4c4a97138c39eccc5b21,3
images/b853201a88b04bbf855360ee3ff4f1be.jpg,masks/b853201a88b04bbf855360ee3ff4f1be.png,b853201a88b04bbf855360ee3ff4f1be,3
images/3af924bd13014b66b2d71badcb57e7b5.jpg,masks/3af924bd13014b66b2d71badcb57e7b5.png,3af924bd13014b66b2d71badcb57e7b5,3
images/c56a4e0a40614312b58e73ffca2b534b.jpg,masks/c56a4e0a40614312b58e73ffca2b534b.png,c56a4e0a40614312b58e73ffca2b534b,3
images/7ec3ff3744a54442ad92e5fc6dc27cd2.jpg,masks/7ec3ff3744a54442ad92e5fc6dc27cd2.png,7ec3ff3744a54442ad92e5fc6dc27cd2,3
images/7f37f4fd977343fba03ba15f2fd0a4e7.jpg,masks/7f37f4fd977343fba03ba15f2fd0a4e7.png,7f37f4fd977343fba03ba15f2fd0a4e7,3
images/efee55a3bac8453cad1ca0f223481da7.jpg,masks/efee55a3bac8453cad1ca0f223481da7.png,efee55a3bac8453cad1ca0f223481da7,3
images/b0992820e9cc4ae4bc6adb8f5476eb7b.jpg,masks/b0992820e9cc4ae4bc6adb8f5476eb7b.png,b0992820e9cc4ae4bc6adb8f5476eb7b,3
images/d43bbb02aeff4ae087aa53b396a12b56.jpg,masks/d43bbb02aeff4ae087aa53b396a12b56.png,d43bbb02aeff4ae087aa53b396a12b56,3
images/0bc8dba8b0f445d7b05b5f662eedc6fa.jpg,masks/0bc8dba8b0f445d7b05b5f662eedc6fa.png,0bc8dba8b0f445d7b05b5f662eedc6fa,3
images/66e71d04d89644bfa472f0b8aad4e281.jpg,masks/66e71d04d89644bfa472f0b8aad4e281.png,66e71d04d89644bfa472f0b8aad4e281,3
images/7ae1cc0130f64d41bb9c7ed0cabdefb8.jpg,masks/7ae1cc0130f64d41bb9c7ed0cabdefb8.png,7ae1cc0130f64d41bb9c7ed0cabdefb8,3
images/57117c99d6c7440ba2a3ccb91ff1d386.jpg,masks/57117c99d6c7440ba2a3ccb91ff1d386.png,57117c99d6c7440ba2a3ccb91ff1d386,3
images/a3cd132837ad47fa877b22c541f2cf6c.jpg,masks/a3cd132837ad47fa877b22c541f2cf6c.png,a3cd132837ad47fa877b22c541f2cf6c,3
images/a542c68344c3464db5f70007039da88d.jpg,masks/a542c68344c3464db5f70007039da88d.png,a542c68344c3464db5f70007039da88d,3
images/820f764455dd45cb8697cfa406a75699.jpg,masks/820f764455dd45cb8697cfa406a75699.png,820f764455dd45cb8697cfa406a75699,3
images/ca28459647734effa0d517cf4fdd9d37.jpg,masks/ca28459647734effa0d517cf4fdd9d37.png,ca28459647734effa0d517cf4fdd9d37,3
images/edbb23275c6941b691857d5e4e96a48c.jpg,masks/edbb23275c6941b691857d5e4e96a48c.png,edbb23275c6941b691857d5e4e96a48c,3
images/1bebb7df839947e7b026040b0143c8ff.jpg,masks/1bebb7df839947e7b026040b0143c8ff.png,1bebb7df839947e7b026040b0143c8ff,3
images/2954abad8f104b9e8f1b0c2b409fc06c.jpg,masks/2954abad8f104b9e8f1b0c2b409fc06c.png,2954abad8f104b9e8f1b0c2b409fc06c,3
images/8cc3c2ad9ebc47ab86663e3b80bbac71.jpg,masks/8cc3c2ad9ebc47ab86663e3b80bbac71.png,8cc3c2ad9ebc47ab86663e3b80bbac71,3
images/cc2b4813dfab44d8865bd016cd15f354.jpg,masks/cc2b4813dfab44d8865bd016cd15f354.png,cc2b4813dfab44d8865bd016cd15f354,3
images/26190accda944b5f9aed2185b95390d9.jpg,masks/26190accda944b5f9aed2185b95390d9.png,26190accda944b5f9aed2185b95390d9,3
images/5cad2f0bcf614c56b27e7d2db29fa038.jpg,masks/5cad2f0bcf614c56b27e7d2db29fa038.png,5cad2f0bcf614c56b27e7d2db29fa038,3
images/5cb74ce053534da0ae6d8a2c66d1f7c3.jpg,masks/5cb74ce053534da0ae6d8a2c66d1f7c3.png,5cb74ce053534da0ae6d8a2c66d1f7c3,3
images/437d817197154efb91bb1b9eaf84840e.jpg,masks/437d817197154efb91bb1b9eaf84840e.png,437d817197154efb91bb1b9eaf84840e,3
images/fd58c1a62a3844deb2bee8622a4b8a95.jpg,masks/fd58c1a62a3844deb2bee8622a4b8a95.png,fd58c1a62a3844deb2bee8622a4b8a95,3
images/6b11175f211b46f8a8ddc0f08e022a62.jpg,masks/6b11175f211b46f8a8ddc0f08e022a62.png,6b11175f211b46f8a8ddc0f08e022a62,3
images/2fc6f52095de41e59bed0cb126fbd679.jpg,masks/2fc6f52095de41e59bed0cb126fbd679.png,2fc6f52095de41e59bed0cb126fbd679,3
images/2958cc4340e44225a5ff8d56791b04e3.jpg,masks/2958cc4340e44225a5ff8d56791b04e3.png,2958cc4340e44225a5ff8d56791b04e3,3
images/ab5f53c1f2b1474e9b6047c4247c660d.jpg,masks/ab5f53c1f2b1474e9b6047c4247c660d.png,ab5f53c1f2b1474e9b6047c4247c660d,3
images/91c00ec1ae5c4e81b6c811210f9b0cdd.jpg,masks/91c00ec1ae5c4e81b6c811210f9b0cdd.png,91c00ec1ae5c4e81b6c811210f9b0cdd,3
images/cc043a46d59e4fd1ac11e351eaf02812.jpg,masks/cc043a46d59e4fd1ac11e351eaf02812.png,cc043a46d59e4fd1ac11e351eaf02812,3
images/e0409f9f29bd4023998e8c77b15b0bae.jpg,masks/e0409f9f29bd4023998e8c77b15b0bae.png,e0409f9f29bd4023998e8c77b15b0bae,3
images/ef8830af84e3404fa4aeb36315be0927.jpg,masks/ef8830af84e3404fa4aeb36315be0927.png,ef8830af84e3404fa4aeb36315be0927,3
images/4058547399cb48d199b675ff3f4ee2ae.jpg,masks/4058547399cb48d199b675ff3f4ee2ae.png,4058547399cb48d199b675ff3f4ee2ae,3
images/e956c6853e844c42a535415d9c1ca59b.jpg,masks/e956c6853e844c42a535415d9c1ca59b.png,e956c6853e844c42a535415d9c1ca59b,3
images/130829f7d1f1475c97cd19e9fc46f067.jpg,masks/130829f7d1f1475c97cd19e9fc46f067.png,130829f7d1f1475c97cd19e9fc46f067,3
images/4af5f442861c4ca2bc0dd9ff0c137ae1.jpg,masks/4af5f442861c4ca2bc0dd9ff0c137ae1.png,4af5f442861c4ca2bc0dd9ff0c137ae1,3
images/a0bdb80fc51d4287938d51914b7e3537.jpg,masks/a0bdb80fc51d4287938d51914b7e3537.png,a0bdb80fc51d4287938d51914b7e3537,3
images/22eed7dcad524c0c87cd33d51d46f233.jpg,masks/22eed7dcad524c0c87cd33d51d46f233.png,22eed7dcad524c0c87cd33d51d46f233,3
images/32276fee5ffc40e99bef57fa98877f06.jpg,masks/32276fee5ffc40e99bef57fa98877f06.png,32276fee5ffc40e99bef57fa98877f06,3
images/e54e54ee9cac4c209cde6a72ceae9f96.jpg,masks/e54e54ee9cac4c209cde6a72ceae9f96.png,e54e54ee9cac4c209cde6a72ceae9f96,3
images/e9bc9b59969a48418a3523bac64f1350.jpg,masks/e9bc9b59969a48418a3523bac64f1350.png,e9bc9b59969a48418a3523bac64f1350,3
images/d8ae450800b44a1a9f0036b52db058e2.jpg,masks/d8ae450800b44a1a9f0036b52db058e2.png,d8ae450800b44a1a9f0036b52db058e2,3
images/31cbaec5011446e6995a0b75efc10771.jpg,masks/31cbaec5011446e6995a0b75efc10771.png,31cbaec5011446e6995a0b75efc10771,3
images/757e9a0a2c2c473c982bf5e8ba4430c5.jpg,masks/757e9a0a2c2c473c982bf5e8ba4430c5.png,757e9a0a2c2c473c982bf5e8ba4430c5,3
images/4b064347fc204813ac9615d511f6517d.jpg,masks/4b064347fc204813ac9615d511f6517d.png,4b064347fc204813ac9615d511f6517d,3
images/1a9c1c1c1ca14292943a3edd0d9d9da1.jpg,masks/1a9c1c1c1ca14292943a3edd0d9d9da1.png,1a9c1c1c1ca14292943a3edd0d9d9da1,3
images/034c8ff787644969a8f3076335681123.jpg,masks/034c8ff787644969a8f3076335681123.png,034c8ff787644969a8f3076335681123,3
images/cb38d0cbcfb34ef58372769821806196.jpg,masks/cb38d0cbcfb34ef58372769821806196.png,cb38d0cbcfb34ef58372769821806196,3
images/2ba317d01f4d4f01a5b7724724e3adfc.jpg,masks/2ba317d01f4d4f01a5b7724724e3adfc.png,2ba317d01f4d4f01a5b7724724e3adfc,3
images/fd5ccdecce1f4630888e6186c8d37186.jpg,masks/fd5ccdecce1f4630888e6186c8d37186.png,fd5ccdecce1f4630888e6186c8d37186,3
images/dc6130bc73214cdb83bf557d59e194e7.jpg,masks/dc6130bc73214cdb83bf557d59e194e7.png,dc6130bc73214cdb83bf557d59e194e7,3
images/7c68599eeabc4a4cb6c2191a8e62963d.jpg,masks/7c68599eeabc4a4cb6c2191a8e62963d.png,7c68599eeabc4a4cb6c2191a8e62963d,3
images/3fbf1dbfe0634f3693596699319d6c1a.jpg,masks/3fbf1dbfe0634f3693596699319d6c1a.png,3fbf1dbfe0634f3693596699319d6c1a,3
images/6425c6d627294d3fbd4d3e8ccd688552.jpg,masks/6425c6d627294d3fbd4d3e8ccd688552.png,6425c6d627294d3fbd4d3e8ccd688552,3
images/ed6b4b9e1a8a43b5821f35524af80ebf.jpg,masks/ed6b4b9e1a8a43b5821f35524af80ebf.png,ed6b4b9e1a8a43b5821f35524af80ebf,3
images/649362e27577460c824a9f279586fa67.jpg,masks/649362e27577460c824a9f279586fa67.png,649362e27577460c824a9f279586fa67,3
images/7416421d65204dbd90afcdbfd3d6fedf.jpg,masks/7416421d65204dbd90afcdbfd3d6fedf.png,7416421d65204dbd90afcdbfd3d6fedf,3
images/247e7a38f610456094c3f9ffd0ee8727.jpg,masks/247e7a38f610456094c3f9ffd0ee8727.png,247e7a38f610456094c3f9ffd0ee8727,3
images/7625596dab724911869e54579f4fd9d4.jpg,masks/7625596dab724911869e54579f4fd9d4.png,7625596dab724911869e54579f4fd9d4,3
images/39101373ea694245a0694d0dcebfd4a9.jpg,masks/39101373ea694245a0694d0dcebfd4a9.png,39101373ea694245a0694d0dcebfd4a9,3
images/d48a3ad15edd4ba6bc3c3d81c2e9568e.jpg,masks/d48a3ad15edd4ba6bc3c3d81c2e9568e.png,d48a3ad15edd4ba6bc3c3d81c2e9568e,3
images/d50ca4b9555f4113988a4828cfcb011e.jpg,masks/d50ca4b9555f4113988a4828cfcb011e.png,d50ca4b9555f4113988a4828cfcb011e,3
images/1083c47d71a94d28a73f9d42eb3fca41.jpg,masks/1083c47d71a94d28a73f9d42eb3fca41.png,1083c47d71a94d28a73f9d42eb3fca41,3
images/b1b035d0a8924bb88b0d759e27c46c9c.jpg,masks/b1b035d0a8924bb88b0d759e27c46c9c.png,b1b035d0a8924bb88b0d759e27c46c9c,3
images/cd63951c700745fa834e3337b41bdf61.jpg,masks/cd63951c700745fa834e3337b41bdf61.png,cd63951c700745fa834e3337b41bdf61,3
images/fdb4fa23d40a4c31bca5a5de33899547.jpg,masks/fdb4fa23d40a4c31bca5a5de33899547.png,fdb4fa23d40a4c31bca5a5de33899547,3
images/79b58ad5f68f4f969d886f6a13b1e506.jpg,masks/79b58ad5f68f4f969d886f6a13b1e506.png,79b58ad5f68f4f969d886f6a13b1e506,3
images/5c17cf3e068e4b558e5bb69142ab7ee4.jpg,masks/5c17cf3e068e4b558e5bb69142ab7ee4.png,5c17cf3e068e4b558e5bb69142ab7ee4,3
images/e64018a4a9b74582a4f86862d7a10670.jpg,masks/e64018a4a9b74582a4f86862d7a10670.png,e64018a4a9b74582a4f86862d7a10670,3
images/19a3056fc02b4196be4f534c91f5138c.jpg,masks/19a3056fc02b4196be4f534c91f5138c.png,19a3056fc02b4196be4f534c91f5138c,3
images/6dc51e2029fe4d95bb16859416dac8a0.jpg,masks/6dc51e2029fe4d95bb16859416dac8a0.png,6dc51e2029fe4d95bb16859416dac8a0,3
images/5ac0289667374782add91ce163986c73.jpg,masks/5ac0289667374782add91ce163986c73.png,5ac0289667374782add91ce163986c73,3
images/e0353c3f8896464f8076390aaf647002.jpg,masks/e0353c3f8896464f8076390aaf647002.png,e0353c3f8896464f8076390aaf647002,3
images/36e6558933b24d5e8c13a5dba9b64c23.jpg,masks/36e6558933b24d5e8c13a5dba9b64c23.png,36e6558933b24d5e8c13a5dba9b64c23,3
images/62da2600c6d6434d84008392d59d74a6.jpg,masks/62da2600c6d6434d84008392d59d74a6.png,62da2600c6d6434d84008392d59d74a6,3
images/54f3699c9fd94f99ae5ab0688189a7a5.jpg,masks/54f3699c9fd94f99ae5ab0688189a7a5.png,54f3699c9fd94f99ae5ab0688189a7a5,3
images/088c67c954914ac4899ef4fbb2371bcb.jpg,masks/088c67c954914ac4899ef4fbb2371bcb.png,088c67c954914ac4899ef4fbb2371bcb,3
images/3990a073c0b64c63916787f7f7ab5e1c.jpg,masks/3990a073c0b64c63916787f7f7ab5e1c.png,3990a073c0b64c63916787f7f7ab5e1c,3
images/4b3c0facf9db409fb4b149132cd78d3a.jpg,masks/4b3c0facf9db409fb4b149132cd78d3a.png,4b3c0facf9db409fb4b149132cd78d3a,3
images/59d510bd4f424096982be7a38b4b66f9.jpg,masks/59d510bd4f424096982be7a38b4b66f9.png,59d510bd4f424096982be7a38b4b66f9,3
images/6ed39af99dae441295cc7ff094a14e9c.jpg,masks/6ed39af99dae441295cc7ff094a14e9c.png,6ed39af99dae441295cc7ff094a14e9c,3
images/d24d3b6337eb41309b1850f1cd5d95f0.jpg,masks/d24d3b6337eb41309b1850f1cd5d95f0.png,d24d3b6337eb41309b1850f1cd5d95f0,3
images/b24f316addee41f89fca51ad466ed5b1.jpg,masks/b24f316addee41f89fca51ad466ed5b1.png,b24f316addee41f89fca51ad466ed5b1,3
images/226a013df62c4cd7ad82d0ad002649f9.jpg,masks/226a013df62c4cd7ad82d0ad002649f9.png,226a013df62c4cd7ad82d0ad002649f9,3
images/39b32ef0ceb04253ac24b47ca7e8dbe8.jpg,masks/39b32ef0ceb04253ac24b47ca7e8dbe8.png,39b32ef0ceb04253ac24b47ca7e8dbe8,3
images/6f7c8d5bb27348c88b776a89c5868be8.jpg,masks/6f7c8d5bb27348c88b776a89c5868be8.png,6f7c8d5bb27348c88b776a89c5868be8,3
images/cab6998b601c43e0868c2f448731b3ca.jpg,masks/cab6998b601c43e0868c2f448731b3ca.png,cab6998b601c43e0868c2f448731b3ca,3
images/84115c975dcc47a39b512b96c7038a64.jpg,masks/84115c975dcc47a39b512b96c7038a64.png,84115c975dcc47a39b512b96c7038a64,3
images/0d902f4f71c74016a2a2e69358983a3d.jpg,masks/0d902f4f71c74016a2a2e69358983a3d.png,0d902f4f71c74016a2a2e69358983a3d,3
images/fee0403aa43d42eda00b7dd127f06369.jpg,masks/fee0403aa43d42eda00b7dd127f06369.png,fee0403aa43d42eda00b7dd127f06369,3
images/5a7d5bc282204eceb0b74d8f2d701927.jpg,masks/5a7d5bc282204eceb0b74d8f2d701927.png,5a7d5bc282204eceb0b74d8f2d701927,3
images/bfb5c1f1253f477cafe0da4bef9c9b0b.jpg,masks/bfb5c1f1253f477cafe0da4bef9c9b0b.png,bfb5c1f1253f477cafe0da4bef9c9b0b,3
images/d78a75b0cf724f2bb27c0783eda0d012.jpg,masks/d78a75b0cf724f2bb27c0783eda0d012.png,d78a75b0cf724f2bb27c0783eda0d012,3
images/9e9c3a062c7c40deac9ec60ed49275a1.jpg,masks/9e9c3a062c7c40deac9ec60ed49275a1.png,9e9c3a062c7c40deac9ec60ed49275a1,3
images/bb49a6ba763344c0849c6effc331f79a.jpg,masks/bb49a6ba763344c0849c6effc331f79a.png,bb49a6ba763344c0849c6effc331f79a,3
images/93170e2c6efb4d169b2185b26c15e3cf.jpg,masks/93170e2c6efb4d169b2185b26c15e3cf.png,93170e2c6efb4d169b2185b26c15e3cf,3
images/ba475139cf6c4b2d810de7d2483ed656.jpg,masks/ba475139cf6c4b2d810de7d2483ed656.png,ba475139cf6c4b2d810de7d2483ed656,3
images/43fe9a25d6824ad88d1831e48db1fdab.jpg,masks/43fe9a25d6824ad88d1831e48db1fdab.png,43fe9a25d6824ad88d1831e48db1fdab,3
images/a49c03dae0c243f5a325fb3af2a0af8d.jpg,masks/a49c03dae0c243f5a325fb3af2a0af8d.png,a49c03dae0c243f5a325fb3af2a0af8d,3
images/5546c582a81f45bf862f52f817592ec2.jpg,masks/5546c582a81f45bf862f52f817592ec2.png,5546c582a81f45bf862f52f817592ec2,3
images/51781eeb8c0641599a4ad418450fd893.jpg,masks/51781eeb8c0641599a4ad418450fd893.png,51781eeb8c0641599a4ad418450fd893,3
images/70ae4d44c5004b17af3f67d0857d299c.jpg,masks/70ae4d44c5004b17af3f67d0857d299c.png,70ae4d44c5004b17af3f67d0857d299c,3
images/f2c8b45d57c54cceaef3a63f7543ba72.jpg,masks/f2c8b45d57c54cceaef3a63f7543ba72.png,f2c8b45d57c54cceaef3a63f7543ba72,3
images/1fd4d7b7d23344139aecb036d89b530b.jpg,masks/1fd4d7b7d23344139aecb036d89b530b.png,1fd4d7b7d23344139aecb036d89b530b,3
images/5d812a8954464ee4b60f57dad1f6058c.jpg,masks/5d812a8954464ee4b60f57dad1f6058c.png,5d812a8954464ee4b60f57dad1f6058c,3
images/e40071c34c424bddb41652fd98472562.jpg,masks/e40071c34c424bddb41652fd98472562.png,e40071c34c424bddb41652fd98472562,3
images/7f81d616bbab448cb58b4993725780eb.jpg,masks/7f81d616bbab448cb58b4993725780eb.png,7f81d616bbab448cb58b4993725780eb,3
images/a40cedc8a5ab4132ad7183603eb34fda.jpg,masks/a40cedc8a5ab4132ad7183603eb34fda.png,a40cedc8a5ab4132ad7183603eb34fda,3
images/5d268c80b3cf43c0bad9f484db914936.jpg,masks/5d268c80b3cf43c0bad9f484db914936.png,5d268c80b3cf43c0bad9f484db914936,3
images/da93bc5d02c74819bae0a4bb3f2a9c0f.jpg,masks/da93bc5d02c74819bae0a4bb3f2a9c0f.png,da93bc5d02c74819bae0a4bb3f2a9c0f,3
images/a130d2e02a7f4af1bdc7bb4d9dbe10fb.jpg,masks/a130d2e02a7f4af1bdc7bb4d9dbe10fb.png,a130d2e02a7f4af1bdc7bb4d9dbe10fb,3
images/d063ecdd4bd34a80a309a62b48a23cd1.jpg,masks/d063ecdd4bd34a80a309a62b48a23cd1.png,d063ecdd4bd34a80a309a62b48a23cd1,3
images/4a568157a3b14258b5ce9180ee9c4c25.jpg,masks/4a568157a3b14258b5ce9180ee9c4c25.png,4a568157a3b14258b5ce9180ee9c4c25,3
images/e10ff1135b4d4ff385bae66932ec2e69.jpg,masks/e10ff1135b4d4ff385bae66932ec2e69.png,e10ff1135b4d4ff385bae66932ec2e69,3
images/36baba0872c94ed483a437bbd5ddce5f.jpg,masks/36baba0872c94ed483a437bbd5ddce5f.png,36baba0872c94ed483a437bbd5ddce5f,3
images/89dad8d504b24d7eb265baab1e707f1b.jpg,masks/89dad8d504b24d7eb265baab1e707f1b.png,89dad8d504b24d7eb265baab1e707f1b,3
images/b2ce8592e034402c9cacd8f1513afd48.jpg,masks/b2ce8592e034402c9cacd8f1513afd48.png,b2ce8592e034402c9cacd8f1513afd48,3
images/f232379f09fa4383a1f268c00be02bf7.jpg,masks/f232379f09fa4383a1f268c00be02bf7.png,f232379f09fa4383a1f268c00be02bf7,3
images/12915122215841bf828d27749f5ffd3e.jpg,masks/12915122215841bf828d27749f5ffd3e.png,12915122215841bf828d27749f5ffd3e,3
images/0aff092f935b46538e047804b888c334.jpg,masks/0aff092f935b46538e047804b888c334.png,0aff092f935b46538e047804b888c334,3
images/e69b67ead23b49958bf6ed286a9914af.jpg,masks/e69b67ead23b49958bf6ed286a9914af.png,e69b67ead23b49958bf6ed286a9914af,3
images/62425ba532ce4ba38e0d4106ae74c31e.jpg,masks/62425ba532ce4ba38e0d4106ae74c31e.png,62425ba532ce4ba38e0d4106ae74c31e,3
images/799a313119a74a1ab1750374c8d9d309.jpg,masks/799a313119a74a1ab1750374c8d9d309.png,799a313119a74a1ab1750374c8d9d309,3
images/0230fe7f891f4862b492299719cd408e.jpg,masks/0230fe7f891f4862b492299719cd408e.png,0230fe7f891f4862b492299719cd408e,3
images/f8568d75b63142de99dc58827606bf4d.jpg,masks/f8568d75b63142de99dc58827606bf4d.png,f8568d75b63142de99dc58827606bf4d,3
images/8be8a9c6fb3349b2ba96c2c1899c4543.jpg,masks/8be8a9c6fb3349b2ba96c2c1899c4543.png,8be8a9c6fb3349b2ba96c2c1899c4543,3
images/c901eb0d115e4ee6bd11fc5cfc75e88b.jpg,masks/c901eb0d115e4ee6bd11fc5cfc75e88b.png,c901eb0d115e4ee6bd11fc5cfc75e88b,3
images/27ba8fb9950e495fa3261c7ad127d3c0.jpg,masks/27ba8fb9950e495fa3261c7ad127d3c0.png,27ba8fb9950e495fa3261c7ad127d3c0,3
images/d431bd279f7c4e10b205e2cc8ce8f117.jpg,masks/d431bd279f7c4e10b205e2cc8ce8f117.png,d431bd279f7c4e10b205e2cc8ce8f117,3
images/a02a98900e1f4f9290e2545bef367011.jpg,masks/a02a98900e1f4f9290e2545bef367011.png,a02a98900e1f4f9290e2545bef367011,3
images/410cea7b92ef48cdaf175d94a9b17f35.jpg,masks/410cea7b92ef48cdaf175d94a9b17f35.png,410cea7b92ef48cdaf175d94a9b17f35,3
images/57326d66465e46e68802140ee91ba087.jpg,masks/57326d66465e46e68802140ee91ba087.png,57326d66465e46e68802140ee91ba087,3
images/563e5ccf3dde4be3b0196882050bff28.jpg,masks/563e5ccf3dde4be3b0196882050bff28.png,563e5ccf3dde4be3b0196882050bff28,3
images/8c6dfe46b3f3469ebdd3a9df56e0e41a.jpg,masks/8c6dfe46b3f3469ebdd3a9df56e0e41a.png,8c6dfe46b3f3469ebdd3a9df56e0e41a,3
images/bf698c8f371245489c9c8626b16433eb.jpg,masks/bf698c8f371245489c9c8626b16433eb.png,bf698c8f371245489c9c8626b16433eb,3
images/904b5567b8c34399915e5f84cbaa861d.jpg,masks/904b5567b8c34399915e5f84cbaa861d.png,904b5567b8c34399915e5f84cbaa861d,3
images/a71767d5d549456aab63c3ae692486f7.jpg,masks/a71767d5d549456aab63c3ae692486f7.png,a71767d5d549456aab63c3ae692486f7,3
images/a02bfe2ca216497a8819cf8fd6e2188b.jpg,masks/a02bfe2ca216497a8819cf8fd6e2188b.png,a02bfe2ca216497a8819cf8fd6e2188b,3
images/646bc33d2d2546c18ae752cc43fa1ae6.jpg,masks/646bc33d2d2546c18ae752cc43fa1ae6.png,646bc33d2d2546c18ae752cc43fa1ae6,3
images/5226fb8efa0c4c56a2e2a70cdda9bb34.jpg,masks/5226fb8efa0c4c56a2e2a70cdda9bb34.png,5226fb8efa0c4c56a2e2a70cdda9bb34,3
images/a2fb392e17a7446cb57bda012519b5d8.jpg,masks/a2fb392e17a7446cb57bda012519b5d8.png,a2fb392e17a7446cb57bda012519b5d8,3
images/1fba4b945a8e4cdbaf9511fb7008839d.jpg,masks/1fba4b945a8e4cdbaf9511fb7008839d.png,1fba4b945a8e4cdbaf9511fb7008839d,3
images/d36ad3df7bb8424c83e91ac8f7a6324f.jpg,masks/d36ad3df7bb8424c83e91ac8f7a6324f.png,d36ad3df7bb8424c83e91ac8f7a6324f,3
images/40fd0126604843dc884e0e0d2ab6d73c.jpg,masks/40fd0126604843dc884e0e0d2ab6d73c.png,40fd0126604843dc884e0e0d2ab6d73c,3
images/90a5386fea9d413f8c6b5e52f82171d4.jpg,masks/90a5386fea9d413f8c6b5e52f82171d4.png,90a5386fea9d413f8c6b5e52f82171d4,3
images/25a9f26927704355a4905e94eba6745b.jpg,masks/25a9f26927704355a4905e94eba6745b.png,25a9f26927704355a4905e94eba6745b,3
images/1685d478d53549239d9d49da60626e86.jpg,masks/1685d478d53549239d9d49da60626e86.png,1685d478d53549239d9d49da60626e86,3
images/36bf4b0dac99454b88a7e2f570851d9e.jpg,masks/36bf4b0dac99454b88a7e2f570851d9e.png,36bf4b0dac99454b88a7e2f570851d9e,3
images/228d5b3ffb7e408eb0279d6bbe3f2276.jpg,masks/228d5b3ffb7e408eb0279d6bbe3f2276.png,228d5b3ffb7e408eb0279d6bbe3f2276,3
images/268518b1fadd470da7ace6369194efee.jpg,masks/268518b1fadd470da7ace6369194efee.png,268518b1fadd470da7ace6369194efee,3
images/9bb3e212a9f4495a952513b3cc5e4af4.jpg,masks/9bb3e212a9f4495a952513b3cc5e4af4.png,9bb3e212a9f4495a952513b3cc5e4af4,3
images/822adb4260c04bffb618731e0c8e583b.jpg,masks/822adb4260c04bffb618731e0c8e583b.png,822adb4260c04bffb618731e0c8e583b,3
images/610c9ce4ecda4fee8dc02ebe3e007266.jpg,masks/610c9ce4ecda4fee8dc02ebe3e007266.png,610c9ce4ecda4fee8dc02ebe3e007266,3
images/9704cb6a6a314b36871955fdb1b1d492.jpg,masks/9704cb6a6a314b36871955fdb1b1d492.png,9704cb6a6a314b36871955fdb1b1d492,3
images/ae8c1dffdbac4b1d9e775447d9c6b5e9.jpg,masks/ae8c1dffdbac4b1d9e775447d9c6b5e9.png,ae8c1dffdbac4b1d9e775447d9c6b5e9,3
images/9ea7c876e0e946999c786e3c4a5a49ff.jpg,masks/9ea7c876e0e946999c786e3c4a5a49ff.png,9ea7c876e0e946999c786e3c4a5a49ff,3
images/a7f17c433ef1404d94305ea98bfcd944.jpg,masks/a7f17c433ef1404d94305ea98bfcd944.png,a7f17c433ef1404d94305ea98bfcd944,3
images/b8ae6e74568045989b5bc98dd23e873d.jpg,masks/b8ae6e74568045989b5bc98dd23e873d.png,b8ae6e74568045989b5bc98dd23e873d,3
images/fe98aa0224964a3ea517bb051cb66095.jpg,masks/fe98aa0224964a3ea517bb051cb66095.png,fe98aa0224964a3ea517bb051cb66095,3
images/90b298248176418882e2d30576e171fb.jpg,masks/90b298248176418882e2d30576e171fb.png,90b298248176418882e2d30576e171fb,3
images/6ecd00742a1244bfb63438d852e0e389.jpg,masks/6ecd00742a1244bfb63438d852e0e389.png,6ecd00742a1244bfb63438d852e0e389,3
images/e979d89d19e44f89bf3dfe673466fc58.jpg,masks/e979d89d19e44f89bf3dfe673466fc58.png,e979d89d19e44f89bf3dfe673466fc58,3
images/9d3dd92470294fc8882fa7085f70029f.jpg,masks/9d3dd92470294fc8882fa7085f70029f.png,9d3dd92470294fc8882fa7085f70029f,3
images/163580685c604ddebe1d9aaf88498014.jpg,masks/163580685c604ddebe1d9aaf88498014.png,163580685c604ddebe1d9aaf88498014,3
images/1b0d9a574c3f4ab78db302076f6e85ed.jpg,masks/1b0d9a574c3f4ab78db302076f6e85ed.png,1b0d9a574c3f4ab78db302076f6e85ed,3
images/fd12f44a06a9459ca05b2e8a3975e634.jpg,masks/fd12f44a06a9459ca05b2e8a3975e634.png,fd12f44a06a9459ca05b2e8a3975e634,3
images/45ca51c9b3b744fe9cafb8db656d7b4f.jpg,masks/45ca51c9b3b744fe9cafb8db656d7b4f.png,45ca51c9b3b744fe9cafb8db656d7b4f,3
images/f08bf90466e24c70b72f9a4bcfb3b248.jpg,masks/f08bf90466e24c70b72f9a4bcfb3b248.png,f08bf90466e24c70b72f9a4bcfb3b248,3
images/3f9a7040c734465e9b44e2bb62b57a11.jpg,masks/3f9a7040c734465e9b44e2bb62b57a11.png,3f9a7040c734465e9b44e2bb62b57a11,3
images/9f537b51e31b41f29335196d0007445e.jpg,masks/9f537b51e31b41f29335196d0007445e.png,9f537b51e31b41f29335196d0007445e,3
images/ff247724d52c4c719fa1d09550f7c4e7.jpg,masks/ff247724d52c4c719fa1d09550f7c4e7.png,ff247724d52c4c719fa1d09550f7c4e7,3
images/ddc92f4716994d06a2a5fe1f6f2da525.jpg,masks/ddc92f4716994d06a2a5fe1f6f2da525.png,ddc92f4716994d06a2a5fe1f6f2da525,3
images/f93a268d03d34f67befab0061ea0007d.jpg,masks/f93a268d03d34f67befab0061ea0007d.png,f93a268d03d34f67befab0061ea0007d,3
images/f92b53bea5554e87aef6ca9701776d48.jpg,masks/f92b53bea5554e87aef6ca9701776d48.png,f92b53bea5554e87aef6ca9701776d48,3
images/299d7af945be441d929e4ce021f923b6.jpg,masks/299d7af945be441d929e4ce021f923b6.png,299d7af945be441d929e4ce021f923b6,3
images/c03c4ab0dfbe4e85aadd565496d7b887.jpg,masks/c03c4ab0dfbe4e85aadd565496d7b887.png,c03c4ab0dfbe4e85aadd565496d7b887,3
images/53ad0106972842528245ea933cc1f791.jpg,masks/53ad0106972842528245ea933cc1f791.png,53ad0106972842528245ea933cc1f791,3
images/87d9f88f2eec4f55a77503194f41eaf6.jpg,masks/87d9f88f2eec4f55a77503194f41eaf6.png,87d9f88f2eec4f55a77503194f41eaf6,3
images/aecb30ce6e414e4491a1ad976255c228.jpg,masks/aecb30ce6e414e4491a1ad976255c228.png,aecb30ce6e414e4491a1ad976255c228,3
images/29b104a6742b43f1b7f6aae909d92b11.jpg,masks/29b104a6742b43f1b7f6aae909d92b11.png,29b104a6742b43f1b7f6aae909d92b11,3
images/3dd4b1c892f54eb7bb163d345ed13610.jpg,masks/3dd4b1c892f54eb7bb163d345ed13610.png,3dd4b1c892f54eb7bb163d345ed13610,3
images/6c3a6971158c4d8dab9e0e4777c05f20.jpg,masks/6c3a6971158c4d8dab9e0e4777c05f20.png,6c3a6971158c4d8dab9e0e4777c05f20,3
images/9b66555bda3e49f79f07250892563441.jpg,masks/9b66555bda3e49f79f07250892563441.png,9b66555bda3e49f79f07250892563441,3
images/ce097becb26847d9b01b45deb056a34e.jpg,masks/ce097becb26847d9b01b45deb056a34e.png,ce097becb26847d9b01b45deb056a34e,3
images/8c1063d344ef42988d97af9ab31d62d8.jpg,masks/8c1063d344ef42988d97af9ab31d62d8.png,8c1063d344ef42988d97af9ab31d62d8,3
images/6fdaf6bf4ed54f31a2e9666e0e21fbb9.jpg,masks/6fdaf6bf4ed54f31a2e9666e0e21fbb9.png,6fdaf6bf4ed54f31a2e9666e0e21fbb9,3
images/b30734d3fc5d493ca6ed43f16059536a.jpg,masks/b30734d3fc5d493ca6ed43f16059536a.png,b30734d3fc5d493ca6ed43f16059536a,3
images/1037783dd4bf476fa4b97d754e608e02.jpg,masks/1037783dd4bf476fa4b97d754e608e02.png,1037783dd4bf476fa4b97d754e608e02,3
images/00b6c17bee1345458384080eb445f1db.jpg,masks/00b6c17bee1345458384080eb445f1db.png,00b6c17bee1345458384080eb445f1db,3
images/abac0e36a21c43d8b3d9f30d42b60c11.jpg,masks/abac0e36a21c43d8b3d9f30d42b60c11.png,abac0e36a21c43d8b3d9f30d42b60c11,3
images/de86898eaf0847bb81435b1590ab1af2.jpg,masks/de86898eaf0847bb81435b1590ab1af2.png,de86898eaf0847bb81435b1590ab1af2,3
images/5f4d53d269d14905a9ccd0e0fd19ba6d.jpg,masks/5f4d53d269d14905a9ccd0e0fd19ba6d.png,5f4d53d269d14905a9ccd0e0fd19ba6d,3
images/4953040282ab4c518851b201a89306b8.jpg,masks/4953040282ab4c518851b201a89306b8.png,4953040282ab4c518851b201a89306b8,3
images/cd4aac50a3a44a3bb34f2dd4311774c0.jpg,masks/cd4aac50a3a44a3bb34f2dd4311774c0.png,cd4aac50a3a44a3bb34f2dd4311774c0,3
images/90e792453d9842f38bbf3810d1195eab.jpg,masks/90e792453d9842f38bbf3810d1195eab.png,90e792453d9842f38bbf3810d1195eab,3
images/6805ae51518f4e479d3971da312700ed.jpg,masks/6805ae51518f4e479d3971da312700ed.png,6805ae51518f4e479d3971da312700ed,3
images/602b11c493ad4631b90d1cc97e0239f8.jpg,masks/602b11c493ad4631b90d1cc97e0239f8.png,602b11c493ad4631b90d1cc97e0239f8,3
images/d5cd2a606f444d7c9454a36e04bdc370.jpg,masks/d5cd2a606f444d7c9454a36e04bdc370.png,d5cd2a606f444d7c9454a36e04bdc370,3
images/28025cfc2b4f447eb6848f1fd57934b6.jpg,masks/28025cfc2b4f447eb6848f1fd57934b6.png,28025cfc2b4f447eb6848f1fd57934b6,3
images/e9987d6599e8463a81726a8f9aed6b94.jpg,masks/e9987d6599e8463a81726a8f9aed6b94.png,e9987d6599e8463a81726a8f9aed6b94,3
images/ee1ffb86f47b41f582665c6368203773.jpg,masks/ee1ffb86f47b41f582665c6368203773.png,ee1ffb86f47b41f582665c6368203773,3
images/a3d574b9c28d48c0aa60cb72428bd604.jpg,masks/a3d574b9c28d48c0aa60cb72428bd604.png,a3d574b9c28d48c0aa60cb72428bd604,3
images/526807f230a84bcf8782128121247284.jpg,masks/526807f230a84bcf8782128121247284.png,526807f230a84bcf8782128121247284,3
images/f4228b928ebe4887aa13256a5d0d248e.jpg,masks/f4228b928ebe4887aa13256a5d0d248e.png,f4228b928ebe4887aa13256a5d0d248e,3
images/fa88c218270047f6b3c1fec4530081db.jpg,masks/fa88c218270047f6b3c1fec4530081db.png,fa88c218270047f6b3c1fec4530081db,3
images/8ee34e036c04441ea319fee903441ea6.jpg,masks/8ee34e036c04441ea319fee903441ea6.png,8ee34e036c04441ea319fee903441ea6,3
images/314c009dd7a242d2aabb0b8bf318b1b1.jpg,masks/314c009dd7a242d2aabb0b8bf318b1b1.png,314c009dd7a242d2aabb0b8bf318b1b1,3
images/49dcbb49b173404cb8d435e25ecb5170.jpg,masks/49dcbb49b173404cb8d435e25ecb5170.png,49dcbb49b173404cb8d435e25ecb5170,3
images/b0865a37a6244b28ae36e8f2570f2b28.jpg,masks/b0865a37a6244b28ae36e8f2570f2b28.png,b0865a37a6244b28ae36e8f2570f2b28,3
images/bfe6e4dfead84d4e9762d6b89c603b56.jpg,masks/bfe6e4dfead84d4e9762d6b89c603b56.png,bfe6e4dfead84d4e9762d6b89c603b56,3
images/af503e3c8b844c5382de9a9679474d47.jpg,masks/af503e3c8b844c5382de9a9679474d47.png,af503e3c8b844c5382de9a9679474d47,3
images/6aafe497af3249ffa9c5aa7ee5aec554.jpg,masks/6aafe497af3249ffa9c5aa7ee5aec554.png,6aafe497af3249ffa9c5aa7ee5aec554,3
images/7b0d58dfaec840b89535e7280c3e4e13.jpg,masks/7b0d58dfaec840b89535e7280c3e4e13.png,7b0d58dfaec840b89535e7280c3e4e13,3
images/7b42e66769c242e38a709ec90dfa3dae.jpg,masks/7b42e66769c242e38a709ec90dfa3dae.png,7b42e66769c242e38a709ec90dfa3dae,3
images/733cf1be36e34252b750a0aeae8f971e.jpg,masks/733cf1be36e34252b750a0aeae8f971e.png,733cf1be36e34252b750a0aeae8f971e,3
images/ce21652cb8c74bcda0cdf56b2647314d.jpg,masks/ce21652cb8c74bcda0cdf56b2647314d.png,ce21652cb8c74bcda0cdf56b2647314d,3
images/ebac43d8b3b746c4ade19d2aaf50a1b9.jpg,masks/ebac43d8b3b746c4ade19d2aaf50a1b9.png,ebac43d8b3b746c4ade19d2aaf50a1b9,3
images/a81e3d8eecf0438fb49e3dae42505934.jpg,masks/a81e3d8eecf0438fb49e3dae42505934.png,a81e3d8eecf0438fb49e3dae42505934,3
images/e2a5a9f7c3264092ad27dbe758cd88d3.jpg,masks/e2a5a9f7c3264092ad27dbe758cd88d3.png,e2a5a9f7c3264092ad27dbe758cd88d3,3
images/1c74b810f468402a98c0577d7e9bc7c4.jpg,masks/1c74b810f468402a98c0577d7e9bc7c4.png,1c74b810f468402a98c0577d7e9bc7c4,3
images/04feae4c0455422d8b13354b602dafb0.jpg,masks/04feae4c0455422d8b13354b602dafb0.png,04feae4c0455422d8b13354b602dafb0,3
images/a5a7738f8f9a44e498243dbc45dd22a0.jpg,masks/a5a7738f8f9a44e498243dbc45dd22a0.png,a5a7738f8f9a44e498243dbc45dd22a0,3
images/c50604d3e62d4838872b8227838f3ade.jpg,masks/c50604d3e62d4838872b8227838f3ade.png,c50604d3e62d4838872b8227838f3ade,3
images/c4676b23b4e144e2bf51683437826d15.jpg,masks/c4676b23b4e144e2bf51683437826d15.png,c4676b23b4e144e2bf51683437826d15,3
images/1e47249cd214481e96d001d96e8a3b22.jpg,masks/1e47249cd214481e96d001d96e8a3b22.png,1e47249cd214481e96d001d96e8a3b22,3
images/d82096130cb54c598d15ba1c368755cf.jpg,masks/d82096130cb54c598d15ba1c368755cf.png,d82096130cb54c598d15ba1c368755cf,3
images/7962d5e7f3bd4b76a9f5527e75b8222b.jpg,masks/7962d5e7f3bd4b76a9f5527e75b8222b.png,7962d5e7f3bd4b76a9f5527e75b8222b,3
images/1c11bf6481c04df7925a3d5e463b4047.jpg,masks/1c11bf6481c04df7925a3d5e463b4047.png,1c11bf6481c04df7925a3d5e463b4047,3
images/cdfd0fb2f8af4cfc8f6a4f91f957ec25.jpg,masks/cdfd0fb2f8af4cfc8f6a4f91f957ec25.png,cdfd0fb2f8af4cfc8f6a4f91f957ec25,3
images/94e0b6c994ea4d57ac0a513fbe62e868.jpg,masks/94e0b6c994ea4d57ac0a513fbe62e868.png,94e0b6c994ea4d57ac0a513fbe62e868,3
images/f552d28035cf47b59feadf2a8ddb4ec5.jpg,masks/f552d28035cf47b59feadf2a8ddb4ec5.png,f552d28035cf47b59feadf2a8ddb4ec5,3
images/bebb8b1879e74768b88574977b2a44db.jpg,masks/bebb8b1879e74768b88574977b2a44db.png,bebb8b1879e74768b88574977b2a44db,3
images/264d32861ab14deb9b08f8378fb3bacc.jpg,masks/264d32861ab14deb9b08f8378fb3bacc.png,264d32861ab14deb9b08f8378fb3bacc,3
images/4b5da27bbac9470ebca0f899a80e47fd.jpg,masks/4b5da27bbac9470ebca0f899a80e47fd.png,4b5da27bbac9470ebca0f899a80e47fd,3
images/290e6e49a3e64f639cddc44a74a2b656.jpg,masks/290e6e49a3e64f639cddc44a74a2b656.png,290e6e49a3e64f639cddc44a74a2b656,3
images/ef3722583c7043f984dad85b92d4db89.jpg,masks/ef3722583c7043f984dad85b92d4db89.png,ef3722583c7043f984dad85b92d4db89,3
images/975c4405258347acbae98637fd5f7cec.jpg,masks/975c4405258347acbae98637fd5f7cec.png,975c4405258347acbae98637fd5f7cec,3
images/355b40c8290f4886a84ccf48424ee998.jpg,masks/355b40c8290f4886a84ccf48424ee998.png,355b40c8290f4886a84ccf48424ee998,3
images/bfa21d97e31647d799c081d4ff18eea0.jpg,masks/bfa21d97e31647d799c081d4ff18eea0.png,bfa21d97e31647d799c081d4ff18eea0,3
images/562fa561308d4676a5cb6e616c2c7a9d.jpg,masks/562fa561308d4676a5cb6e616c2c7a9d.png,562fa561308d4676a5cb6e616c2c7a9d,3
images/3f8a3bca7ad14a4eb569cca4f94f110a.jpg,masks/3f8a3bca7ad14a4eb569cca4f94f110a.png,3f8a3bca7ad14a4eb569cca4f94f110a,3
images/4dfd614337044240b33285eeb34194f5.jpg,masks/4dfd614337044240b33285eeb34194f5.png,4dfd614337044240b33285eeb34194f5,3
images/a9f21455824d4ed6bc0a175fc7d1896a.jpg,masks/a9f21455824d4ed6bc0a175fc7d1896a.png,a9f21455824d4ed6bc0a175fc7d1896a,3
images/a7f5becf4df6499e9e423a40ca21d408.jpg,masks/a7f5becf4df6499e9e423a40ca21d408.png,a7f5becf4df6499e9e423a40ca21d408,3
images/7b34463f89454b4bbdd26ad4b0c5d87a.jpg,masks/7b34463f89454b4bbdd26ad4b0c5d87a.png,7b34463f89454b4bbdd26ad4b0c5d87a,3
images/81c3fcb4751d44eca07ff2818607abea.jpg,masks/81c3fcb4751d44eca07ff2818607abea.png,81c3fcb4751d44eca07ff2818607abea,3
images/1a5ed25f71d343c6a8f93d3b01b074f7.jpg,masks/1a5ed25f71d343c6a8f93d3b01b074f7.png,1a5ed25f71d343c6a8f93d3b01b074f7,3
images/e15ddc091b1d44d09187be67578b27a6.jpg,masks/e15ddc091b1d44d09187be67578b27a6.png,e15ddc091b1d44d09187be67578b27a6,3
images/8705850e4495401f821e13f85330f483.jpg,masks/8705850e4495401f821e13f85330f483.png,8705850e4495401f821e13f85330f483,3
images/6a10b285a1c9432da426d2ed61e95988.jpg,masks/6a10b285a1c9432da426d2ed61e95988.png,6a10b285a1c9432da426d2ed61e95988,3
images/fb0c12ea27e544398583f9016be02015.jpg,masks/fb0c12ea27e544398583f9016be02015.png,fb0c12ea27e544398583f9016be02015,3
images/a4a8a1d915cf44a39c2223ae901d01a3.jpg,masks/a4a8a1d915cf44a39c2223ae901d01a3.png,a4a8a1d915cf44a39c2223ae901d01a3,3
images/6ca314ae58344b3c833ce3ab56c3a593.jpg,masks/6ca314ae58344b3c833ce3ab56c3a593.png,6ca314ae58344b3c833ce3ab56c3a593,3
images/d9e1027df53d47d3a9cb2e44ad7453a8.jpg,masks/d9e1027df53d47d3a9cb2e44ad7453a8.png,d9e1027df53d47d3a9cb2e44ad7453a8,3
images/049dfa9045584e5f93528c331e1fbac6.jpg,masks/049dfa9045584e5f93528c331e1fbac6.png,049dfa9045584e5f93528c331e1fbac6,3
images/c85898e1e67e4c439879f7e1b446dd6b.jpg,masks/c85898e1e67e4c439879f7e1b446dd6b.png,c85898e1e67e4c439879f7e1b446dd6b,3
images/eab89eacef324c859fe721386cf12a0a.jpg,masks/eab89eacef324c859fe721386cf12a0a.png,eab89eacef324c859fe721386cf12a0a,3
images/4d35a8cfe21247769a0348a0d9f34371.jpg,masks/4d35a8cfe21247769a0348a0d9f34371.png,4d35a8cfe21247769a0348a0d9f34371,3
images/056fb85d53a040d99ab6b66ebacde194.jpg,masks/056fb85d53a040d99ab6b66ebacde194.png,056fb85d53a040d99ab6b66ebacde194,3
images/0a5a2a26d999402594efd198dc118aae.jpg,masks/0a5a2a26d999402594efd198dc118aae.png,0a5a2a26d999402594efd198dc118aae,3
images/fd752c6883944f3e895b2ed9cc4cc60b.jpg,masks/fd752c6883944f3e895b2ed9cc4cc60b.png,fd752c6883944f3e895b2ed9cc4cc60b,3
images/39e94991899942529505cbc35e13f959.jpg,masks/39e94991899942529505cbc35e13f959.png,39e94991899942529505cbc35e13f959,3
images/c47a226eaa844535b0fefcc53f8b8f9c.jpg,masks/c47a226eaa844535b0fefcc53f8b8f9c.png,c47a226eaa844535b0fefcc53f8b8f9c,3
images/ec2d3315e4d84987a8a9c4a6edaf3776.jpg,masks/ec2d3315e4d84987a8a9c4a6edaf3776.png,ec2d3315e4d84987a8a9c4a6edaf3776,3
images/c010058b79694bf18bc84da1efb0c031.jpg,masks/c010058b79694bf18bc84da1efb0c031.png,c010058b79694bf18bc84da1efb0c031,3
images/09f6e32bcb364aa7b05667ad72a55449.jpg,masks/09f6e32bcb364aa7b05667ad72a55449.png,09f6e32bcb364aa7b05667ad72a55449,3
images/0024e071a0d547ac8d261f496de039b3.jpg,masks/0024e071a0d547ac8d261f496de039b3.png,0024e071a0d547ac8d261f496de039b3,3
images/ac39a536427b434ea7cdbb71bf448a1c.jpg,masks/ac39a536427b434ea7cdbb71bf448a1c.png,ac39a536427b434ea7cdbb71bf448a1c,3
images/0de5312325234574a9ff258b02b65839.jpg,masks/0de5312325234574a9ff258b02b65839.png,0de5312325234574a9ff258b02b65839,3
images/b5070d8719e34ea8b2cef80585bdb1c6.jpg,masks/b5070d8719e34ea8b2cef80585bdb1c6.png,b5070d8719e34ea8b2cef80585bdb1c6,3
images/06a3125e34e2439bbd2f29a556ed83d5.jpg,masks/06a3125e34e2439bbd2f29a556ed83d5.png,06a3125e34e2439bbd2f29a556ed83d5,3
images/e93478d36ff94458858d0b8ff28de2f3.jpg,masks/e93478d36ff94458858d0b8ff28de2f3.png,e93478d36ff94458858d0b8ff28de2f3,3
images/2c625e0b327b40b7a5004c838c220612.jpg,masks/2c625e0b327b40b7a5004c838c220612.png,2c625e0b327b40b7a5004c838c220612,3
images/def3b33127e44753b0dd5d55e2e5a7a4.jpg,masks/def3b33127e44753b0dd5d55e2e5a7a4.png,def3b33127e44753b0dd5d55e2e5a7a4,3
images/f097bb42a2d6485ca68e815ecf2b420b.jpg,masks/f097bb42a2d6485ca68e815ecf2b420b.png,f097bb42a2d6485ca68e815ecf2b420b,3
images/73207c39aff842a98bd56c304ff6233c.jpg,masks/73207c39aff842a98bd56c304ff6233c.png,73207c39aff842a98bd56c304ff6233c,3
images/fc17e792ddc948768fb1bc323350b793.jpg,masks/fc17e792ddc948768fb1bc323350b793.png,fc17e792ddc948768fb1bc323350b793,3
images/7d8c7c1bfd0e466ebeea12ada45bfe2b.jpg,masks/7d8c7c1bfd0e466ebeea12ada45bfe2b.png,7d8c7c1bfd0e466ebeea12ada45bfe2b,3
images/20b43f2c2cda46a080ea3ce2e257253a.jpg,masks/20b43f2c2cda46a080ea3ce2e257253a.png,20b43f2c2cda46a080ea3ce2e257253a,3
images/5acb6e52310d43daacf50fb3dc7453c7.jpg,masks/5acb6e52310d43daacf50fb3dc7453c7.png,5acb6e52310d43daacf50fb3dc7453c7,3
images/54658d8169aa4527b815bea6fa778212.jpg,masks/54658d8169aa4527b815bea6fa778212.png,54658d8169aa4527b815bea6fa778212,3
images/94bac8de53f14af9b528ebd4b1d296cb.jpg,masks/94bac8de53f14af9b528ebd4b1d296cb.png,94bac8de53f14af9b528ebd4b1d296cb,3
images/e92300e24cbb4a9399d41bf93db93938.jpg,masks/e92300e24cbb4a9399d41bf93db93938.png,e92300e24cbb4a9399d41bf93db93938,3
images/b3e3b2860f4e4f75984c6e3f7afdd29a.jpg,masks/b3e3b2860f4e4f75984c6e3f7afdd29a.png,b3e3b2860f4e4f75984c6e3f7afdd29a,3
images/cf38663fc36545c5809669b9f8d68855.jpg,masks/cf38663fc36545c5809669b9f8d68855.png,cf38663fc36545c5809669b9f8d68855,3
images/76853a545069412094d5107cc0a51d9c.jpg,masks/76853a545069412094d5107cc0a51d9c.png,76853a545069412094d5107cc0a51d9c,3
images/b6a3c4d9de7a430c8c9a60787a143c2b.jpg,masks/b6a3c4d9de7a430c8c9a60787a143c2b.png,b6a3c4d9de7a430c8c9a60787a143c2b,3
images/5ef5d387b3514f42928b5a6adcb7fe10.jpg,masks/5ef5d387b3514f42928b5a6adcb7fe10.png,5ef5d387b3514f42928b5a6adcb7fe10,3
images/079507b4b51b428180afba3051cf6f6e.jpg,masks/079507b4b51b428180afba3051cf6f6e.png,079507b4b51b428180afba3051cf6f6e,3
images/1f671716837e4439b095ab2a47020e43.jpg,masks/1f671716837e4439b095ab2a47020e43.png,1f671716837e4439b095ab2a47020e43,3
images/842862e844d2472ca305e95d8edb82fe.jpg,masks/842862e844d2472ca305e95d8edb82fe.png,842862e844d2472ca305e95d8edb82fe,3
images/4b63a38cf11447de8191d70a73e42a23.jpg,masks/4b63a38cf11447de8191d70a73e42a23.png,4b63a38cf11447de8191d70a73e42a23,3
images/9175ddd7cfe8496d901f2ccc9636eba5.jpg,masks/9175ddd7cfe8496d901f2ccc9636eba5.png,9175ddd7cfe8496d901f2ccc9636eba5,3
images/7c0d16c622a8427a9990a536a9e8ecc5.jpg,masks/7c0d16c622a8427a9990a536a9e8ecc5.png,7c0d16c622a8427a9990a536a9e8ecc5,3
images/65bd70ff28cd4ceb95bd3ee6da2b9a2d.jpg,masks/65bd70ff28cd4ceb95bd3ee6da2b9a2d.png,65bd70ff28cd4ceb95bd3ee6da2b9a2d,3
images/fb046be2ebc24c4393e8c1cbb3a6ae7d.jpg,masks/fb046be2ebc24c4393e8c1cbb3a6ae7d.png,fb046be2ebc24c4393e8c1cbb3a6ae7d,3
images/50607b8599da43b9baae493aafa20225.jpg,masks/50607b8599da43b9baae493aafa20225.png,50607b8599da43b9baae493aafa20225,3
images/9f849a9bf3e445a3b2e47eb00750fb9b.jpg,masks/9f849a9bf3e445a3b2e47eb00750fb9b.png,9f849a9bf3e445a3b2e47eb00750fb9b,3
images/b746abac2b234970b13ef35896a1b2a1.jpg,masks/b746abac2b234970b13ef35896a1b2a1.png,b746abac2b234970b13ef35896a1b2a1,3
images/d8bf554db9b14430a56f19667fa76e32.jpg,masks/d8bf554db9b14430a56f19667fa76e32.png,d8bf554db9b14430a56f19667fa76e32,3
images/ea3a8e72a3a24fbc9e0ccf3d66eede2a.jpg,masks/ea3a8e72a3a24fbc9e0ccf3d66eede2a.png,ea3a8e72a3a24fbc9e0ccf3d66eede2a,3
images/ecc6ebc6e9b54ba6802647282503f0b1.jpg,masks/ecc6ebc6e9b54ba6802647282503f0b1.png,ecc6ebc6e9b54ba6802647282503f0b1,3
images/b1d394453ac84923bbe0be891eae051c.jpg,masks/b1d394453ac84923bbe0be891eae051c.png,b1d394453ac84923bbe0be891eae051c,3
images/a6db6d95a29641e888f9a18e01722ada.jpg,masks/a6db6d95a29641e888f9a18e01722ada.png,a6db6d95a29641e888f9a18e01722ada,3
images/7b32aa04cebf4fec89aebc9c883da480.jpg,masks/7b32aa04cebf4fec89aebc9c883da480.png,7b32aa04cebf4fec89aebc9c883da480,3
images/82061baa98b04a3f8334a9cfd99a44f0.jpg,masks/82061baa98b04a3f8334a9cfd99a44f0.png,82061baa98b04a3f8334a9cfd99a44f0,3
images/6755a8259bb34b799561d81731f713ac.jpg,masks/6755a8259bb34b799561d81731f713ac.png,6755a8259bb34b799561d81731f713ac,3
images/a4a80f07b3cd438089f64d15ad277e6a.jpg,masks/a4a80f07b3cd438089f64d15ad277e6a.png,a4a80f07b3cd438089f64d15ad277e6a,3
images/0bd3a38027524533abff698f08395712.jpg,masks/0bd3a38027524533abff698f08395712.png,0bd3a38027524533abff698f08395712,3
images/4171c134830e4676b40bdf203967e660.jpg,masks/4171c134830e4676b40bdf203967e660.png,4171c134830e4676b40bdf203967e660,3
images/71702769efa041f79f71b2ad44f28f61.jpg,masks/71702769efa041f79f71b2ad44f28f61.png,71702769efa041f79f71b2ad44f28f61,3
images/33b0785d1f324b4ea4ef27a3a3081a73.jpg,masks/33b0785d1f324b4ea4ef27a3a3081a73.png,33b0785d1f324b4ea4ef27a3a3081a73,3
images/d9bbecea697748b3844339bb635c0960.jpg,masks/d9bbecea697748b3844339bb635c0960.png,d9bbecea697748b3844339bb635c0960,3
images/25d51def27b54decadc310448e38e306.jpg,masks/25d51def27b54decadc310448e38e306.png,25d51def27b54decadc310448e38e306,3
images/c66f372bb14d4755a2c0476f00c1f153.jpg,masks/c66f372bb14d4755a2c0476f00c1f153.png,c66f372bb14d4755a2c0476f00c1f153,3
images/2157df93ecfd4f458e8e974f575b1548.jpg,masks/2157df93ecfd4f458e8e974f575b1548.png,2157df93ecfd4f458e8e974f575b1548,3
images/d8511f8a2fe64842bb7408e29ef9504f.jpg,masks/d8511f8a2fe64842bb7408e29ef9504f.png,d8511f8a2fe64842bb7408e29ef9504f,3
images/b4b3599f82cb4a2b8a528446849423bc.jpg,masks/b4b3599f82cb4a2b8a528446849423bc.png,b4b3599f82cb4a2b8a528446849423bc,3
images/4f3b46a715a24aebb6344d58c72fb5a7.jpg,masks/4f3b46a715a24aebb6344d58c72fb5a7.png,4f3b46a715a24aebb6344d58c72fb5a7,3
images/cda3efce69ef43a18f22eccd5dbcece0.jpg,masks/cda3efce69ef43a18f22eccd5dbcece0.png,cda3efce69ef43a18f22eccd5dbcece0,3
images/94ff4618db6b4b6e96f54cf6de7d1538.jpg,masks/94ff4618db6b4b6e96f54cf6de7d1538.png,94ff4618db6b4b6e96f54cf6de7d1538,3
images/c054c5335db54209a2a53ae003eb27ec.jpg,masks/c054c5335db54209a2a53ae003eb27ec.png,c054c5335db54209a2a53ae003eb27ec,3
images/17beb695652c4c99b2e2ec98bb081386.jpg,masks/17beb695652c4c99b2e2ec98bb081386.png,17beb695652c4c99b2e2ec98bb081386,3
images/c653eb446de44abebf5e4b78d17cd715.jpg,masks/c653eb446de44abebf5e4b78d17cd715.png,c653eb446de44abebf5e4b78d17cd715,3
images/f656cb485c3646278729b92754b5af5c.jpg,masks/f656cb485c3646278729b92754b5af5c.png,f656cb485c3646278729b92754b5af5c,3
images/e45ebe6a1c9444768a83fa81ef17a217.jpg,masks/e45ebe6a1c9444768a83fa81ef17a217.png,e45ebe6a1c9444768a83fa81ef17a217,3
images/7332bfdcc2e74e12b474ff749b12f443.jpg,masks/7332bfdcc2e74e12b474ff749b12f443.png,7332bfdcc2e74e12b474ff749b12f443,3
images/99ddedfd13814684aae85b9ed2d4c74b.jpg,masks/99ddedfd13814684aae85b9ed2d4c74b.png,99ddedfd13814684aae85b9ed2d4c74b,3
images/083585c1607b4b8783ca4eb3189a24ef.jpg,masks/083585c1607b4b8783ca4eb3189a24ef.png,083585c1607b4b8783ca4eb3189a24ef,3
images/2604ff5184784fc997b2c36f41a88796.jpg,masks/2604ff5184784fc997b2c36f41a88796.png,2604ff5184784fc997b2c36f41a88796,3
images/de9cfd8e288e4f999e31ab49bdc11ddf.jpg,masks/de9cfd8e288e4f999e31ab49bdc11ddf.png,de9cfd8e288e4f999e31ab49bdc11ddf,3
images/f460b17290a34d838304b980927385de.jpg,masks/f460b17290a34d838304b980927385de.png,f460b17290a34d838304b980927385de,3
images/07547749fb43437e9557eae222ac2ce8.jpg,masks/07547749fb43437e9557eae222ac2ce8.png,07547749fb43437e9557eae222ac2ce8,3
images/195772f16af44f0bb689b17c76325597.jpg,masks/195772f16af44f0bb689b17c76325597.png,195772f16af44f0bb689b17c76325597,3
images/a229f8a476124dc5ac9f610026b5a8ff.jpg,masks/a229f8a476124dc5ac9f610026b5a8ff.png,a229f8a476124dc5ac9f610026b5a8ff,3
images/f94cf65e94a6440bae2521c931581d94.jpg,masks/f94cf65e94a6440bae2521c931581d94.png,f94cf65e94a6440bae2521c931581d94,3
images/e0b23f0e54ba42e3a613750d7a6e2597.jpg,masks/e0b23f0e54ba42e3a613750d7a6e2597.png,e0b23f0e54ba42e3a613750d7a6e2597,3
images/c906a3d1340d4de39d9ae3620d50f5c1.jpg,masks/c906a3d1340d4de39d9ae3620d50f5c1.png,c906a3d1340d4de39d9ae3620d50f5c1,3
images/a63d3080d33a4a47bacad669d6e847fa.jpg,masks/a63d3080d33a4a47bacad669d6e847fa.png,a63d3080d33a4a47bacad669d6e847fa,3
images/a28b66d9c538461b87bfd00da02035f0.jpg,masks/a28b66d9c538461b87bfd00da02035f0.png,a28b66d9c538461b87bfd00da02035f0,3
images/6c04849baab540a696b7e1bda913666c.jpg,masks/6c04849baab540a696b7e1bda913666c.png,6c04849baab540a696b7e1bda913666c,3
images/d3f963b1ddd742fdb638de4d53db3e9a.jpg,masks/d3f963b1ddd742fdb638de4d53db3e9a.png,d3f963b1ddd742fdb638de4d53db3e9a,3
images/01bec076d5264efaa270c77a29760ef6.jpg,masks/01bec076d5264efaa270c77a29760ef6.png,01bec076d5264efaa270c77a29760ef6,3
images/21b3176775944616a91bfd848e54861e.jpg,masks/21b3176775944616a91bfd848e54861e.png,21b3176775944616a91bfd848e54861e,3
images/e5bc681d14b54e94a8e16a1f13c0b200.jpg,masks/e5bc681d14b54e94a8e16a1f13c0b200.png,e5bc681d14b54e94a8e16a1f13c0b200,3
images/5e607231ff40476c824ec75b87761c3c.jpg,masks/5e607231ff40476c824ec75b87761c3c.png,5e607231ff40476c824ec75b87761c3c,3
images/145a9202e9e542f5901ad0530ec97c10.jpg,masks/145a9202e9e542f5901ad0530ec97c10.png,145a9202e9e542f5901ad0530ec97c10,3
images/d510881b8e1345fba58f9809bd25a007.jpg,masks/d510881b8e1345fba58f9809bd25a007.png,d510881b8e1345fba58f9809bd25a007,3
images/1d6ee929586b4ce9a0e39670dbc87969.jpg,masks/1d6ee929586b4ce9a0e39670dbc87969.png,1d6ee929586b4ce9a0e39670dbc87969,3
images/98288f18d65240a7aae384ed1be4d1e8.jpg,masks/98288f18d65240a7aae384ed1be4d1e8.png,98288f18d65240a7aae384ed1be4d1e8,3
images/d8f62b95003846608527b8132ae468dc.jpg,masks/d8f62b95003846608527b8132ae468dc.png,d8f62b95003846608527b8132ae468dc,3
images/2e9a7dbc644043c5b150d45b70b7f102.jpg,masks/2e9a7dbc644043c5b150d45b70b7f102.png,2e9a7dbc644043c5b150d45b70b7f102,3
images/b8b60d5685e8439eaf96648b38263210.jpg,masks/b8b60d5685e8439eaf96648b38263210.png,b8b60d5685e8439eaf96648b38263210,3
images/aa6f5d4f221d49dc91f8900548b8fb4a.jpg,masks/aa6f5d4f221d49dc91f8900548b8fb4a.png,aa6f5d4f221d49dc91f8900548b8fb4a,3
images/e08b5ac0424a48e88a29c04ac0230d18.jpg,masks/e08b5ac0424a48e88a29c04ac0230d18.png,e08b5ac0424a48e88a29c04ac0230d18,3
images/f596af0c62b7453ba7fb38dd7c700b33.jpg,masks/f596af0c62b7453ba7fb38dd7c700b33.png,f596af0c62b7453ba7fb38dd7c700b33,3
images/e084eed64edc4571836a1d0f98e532db.jpg,masks/e084eed64edc4571836a1d0f98e532db.png,e084eed64edc4571836a1d0f98e532db,3
images/8148c0626c474e62810bc6e6356b1d70.jpg,masks/8148c0626c474e62810bc6e6356b1d70.png,8148c0626c474e62810bc6e6356b1d70,3
images/1f6dd80c8d674c5fa778fca06b1d9695.jpg,masks/1f6dd80c8d674c5fa778fca06b1d9695.png,1f6dd80c8d674c5fa778fca06b1d9695,3
images/ad19b6fac62b48e5b5e43d11dca7025a.jpg,masks/ad19b6fac62b48e5b5e43d11dca7025a.png,ad19b6fac62b48e5b5e43d11dca7025a,3
images/10fd8d1c80394a5c9a019cc36e18369c.jpg,masks/10fd8d1c80394a5c9a019cc36e18369c.png,10fd8d1c80394a5c9a019cc36e18369c,3
images/98928d67a666414eb27d034524c54271.jpg,masks/98928d67a666414eb27d034524c54271.png,98928d67a666414eb27d034524c54271,3
images/80846236dd244aad8df645030bb584c6.jpg,masks/80846236dd244aad8df645030bb584c6.png,80846236dd244aad8df645030bb584c6,3
images/4b92050b9f9c40b6a21cf5beb7de0cb1.jpg,masks/4b92050b9f9c40b6a21cf5beb7de0cb1.png,4b92050b9f9c40b6a21cf5beb7de0cb1,3
images/4e294bd61d524ce09a8cc6f2eeb4a6de.jpg,masks/4e294bd61d524ce09a8cc6f2eeb4a6de.png,4e294bd61d524ce09a8cc6f2eeb4a6de,3
images/bde13559631e4f1598b6ccad3fbd4fea.jpg,masks/bde13559631e4f1598b6ccad3fbd4fea.png,bde13559631e4f1598b6ccad3fbd4fea,3
images/8e9359b5a3be44d8829ebec906a93956.jpg,masks/8e9359b5a3be44d8829ebec906a93956.png,8e9359b5a3be44d8829ebec906a93956,3
images/99efa74da9cd4dd2b9694dfd459e9779.jpg,masks/99efa74da9cd4dd2b9694dfd459e9779.png,99efa74da9cd4dd2b9694dfd459e9779,3
images/9ac3e0260e49476cbbfe5e30940542d8.jpg,masks/9ac3e0260e49476cbbfe5e30940542d8.png,9ac3e0260e49476cbbfe5e30940542d8,3
images/5713e8edbe9e4dc694b99653147b4949.jpg,masks/5713e8edbe9e4dc694b99653147b4949.png,5713e8edbe9e4dc694b99653147b4949,3
images/9894d43e0e254d4e859549ec5390a62a.jpg,masks/9894d43e0e254d4e859549ec5390a62a.png,9894d43e0e254d4e859549ec5390a62a,3
images/9f4c20c342bc4845af6a105644312fcb.jpg,masks/9f4c20c342bc4845af6a105644312fcb.png,9f4c20c342bc4845af6a105644312fcb,3
images/61b38bca28be4a779322152da7c5970f.jpg,masks/61b38bca28be4a779322152da7c5970f.png,61b38bca28be4a779322152da7c5970f,3
images/cf9570387b3541759ab539e66108c37c.jpg,masks/cf9570387b3541759ab539e66108c37c.png,cf9570387b3541759ab539e66108c37c,3
images/df75520e84d94060a08981800d318f73.jpg,masks/df75520e84d94060a08981800d318f73.png,df75520e84d94060a08981800d318f73,3
images/5379a74ba8d340f9a2308cbc6f423d50.jpg,masks/5379a74ba8d340f9a2308cbc6f423d50.png,5379a74ba8d340f9a2308cbc6f423d50,3
images/a65920576bf34f24ac76b87c594e8511.jpg,masks/a65920576bf34f24ac76b87c594e8511.png,a65920576bf34f24ac76b87c594e8511,3
images/e9ce9ce44da8425695c421a27c43f2b3.jpg,masks/e9ce9ce44da8425695c421a27c43f2b3.png,e9ce9ce44da8425695c421a27c43f2b3,3
images/00fd7753e29f48539b35dd5741305597.jpg,masks/00fd7753e29f48539b35dd5741305597.png,00fd7753e29f48539b35dd5741305597,3
images/9ffc1eef3442433aa1ce3c44c90dde9c.jpg,masks/9ffc1eef3442433aa1ce3c44c90dde9c.png,9ffc1eef3442433aa1ce3c44c90dde9c,3
images/3f44a09e749749b5830960a194ea01fa.jpg,masks/3f44a09e749749b5830960a194ea01fa.png,3f44a09e749749b5830960a194ea01fa,3
images/546b8bb00fb84b679bdcaf4a791a4ee8.jpg,masks/546b8bb00fb84b679bdcaf4a791a4ee8.png,546b8bb00fb84b679bdcaf4a791a4ee8,3
images/cee441dcd0544f6b87bc653961c99846.jpg,masks/cee441dcd0544f6b87bc653961c99846.png,cee441dcd0544f6b87bc653961c99846,3
images/c56323c7e6d6468fbc567e09250c0d33.jpg,masks/c56323c7e6d6468fbc567e09250c0d33.png,c56323c7e6d6468fbc567e09250c0d33,3
images/342056fb15754757a7865b5dd075d940.jpg,masks/342056fb15754757a7865b5dd075d940.png,342056fb15754757a7865b5dd075d940,3
images/6d2761e3b6284c1d9b5a1fb26832d5a6.jpg,masks/6d2761e3b6284c1d9b5a1fb26832d5a6.png,6d2761e3b6284c1d9b5a1fb26832d5a6,3
images/4d61183378e94eadb66e4427f197abf6.jpg,masks/4d61183378e94eadb66e4427f197abf6.png,4d61183378e94eadb66e4427f197abf6,3
images/05ddc66c5379472a8950244c0b36579f.jpg,masks/05ddc66c5379472a8950244c0b36579f.png,05ddc66c5379472a8950244c0b36579f,3
images/bc7ab98da3f34e889185810acb71d104.jpg,masks/bc7ab98da3f34e889185810acb71d104.png,bc7ab98da3f34e889185810acb71d104,3
images/aa283ccd48324870b831146854db2760.jpg,masks/aa283ccd48324870b831146854db2760.png,aa283ccd48324870b831146854db2760,3
images/387e7002fee24f0e8c04bb9b7257cc68.jpg,masks/387e7002fee24f0e8c04bb9b7257cc68.png,387e7002fee24f0e8c04bb9b7257cc68,3
images/9b63b0d1a6f74ce8b7c9acaaebe18344.jpg,masks/9b63b0d1a6f74ce8b7c9acaaebe18344.png,9b63b0d1a6f74ce8b7c9acaaebe18344,3
images/d18e1ec2441545a18d1ceaed4e21daec.jpg,masks/d18e1ec2441545a18d1ceaed4e21daec.png,d18e1ec2441545a18d1ceaed4e21daec,3
images/532038aba06a49dea35a4bdc811746b9.jpg,masks/532038aba06a49dea35a4bdc811746b9.png,532038aba06a49dea35a4bdc811746b9,3
images/57f14318d91045a08bd5785b47967323.jpg,masks/57f14318d91045a08bd5785b47967323.png,57f14318d91045a08bd5785b47967323,3
images/fbbced5c390a462ab347edb6e2730d62.jpg,masks/fbbced5c390a462ab347edb6e2730d62.png,fbbced5c390a462ab347edb6e2730d62,3
images/40670c33f024430b9de7c6a1d5ff4ab3.jpg,masks/40670c33f024430b9de7c6a1d5ff4ab3.png,40670c33f024430b9de7c6a1d5ff4ab3,3
images/367502071a1640e5a7381a0327d4c107.jpg,masks/367502071a1640e5a7381a0327d4c107.png,367502071a1640e5a7381a0327d4c107,3
images/0fc11828490f493eabf68d54fa36b185.jpg,masks/0fc11828490f493eabf68d54fa36b185.png,0fc11828490f493eabf68d54fa36b185,3
images/170b2bb90f4a4f99919bb9642ac11d65.jpg,masks/170b2bb90f4a4f99919bb9642ac11d65.png,170b2bb90f4a4f99919bb9642ac11d65,3
images/43f8395e9c67402e862d4d694956a786.jpg,masks/43f8395e9c67402e862d4d694956a786.png,43f8395e9c67402e862d4d694956a786,3
images/09d0cca6b30a4def8bbf7df30692bb54.jpg,masks/09d0cca6b30a4def8bbf7df30692bb54.png,09d0cca6b30a4def8bbf7df30692bb54,3
images/ddd80f80c8e34336bef614cb5a620402.jpg,masks/ddd80f80c8e34336bef614cb5a620402.png,ddd80f80c8e34336bef614cb5a620402,3
images/4469a7bcda5549349f23743eb2821901.jpg,masks/4469a7bcda5549349f23743eb2821901.png,4469a7bcda5549349f23743eb2821901,3
images/3d6820f1586440d3a6394320817968f3.jpg,masks/3d6820f1586440d3a6394320817968f3.png,3d6820f1586440d3a6394320817968f3,3
images/5f82619ede854b75accd75cae2512297.jpg,masks/5f82619ede854b75accd75cae2512297.png,5f82619ede854b75accd75cae2512297,3
images/3d95dff3974e43279d7c42b78fd7f8df.jpg,masks/3d95dff3974e43279d7c42b78fd7f8df.png,3d95dff3974e43279d7c42b78fd7f8df,3
images/4854db12aa464ddc9c9b21f2e50c10ce.jpg,masks/4854db12aa464ddc9c9b21f2e50c10ce.png,4854db12aa464ddc9c9b21f2e50c10ce,3
images/9487ff2e307547d4bf6c0edea5600201.jpg,masks/9487ff2e307547d4bf6c0edea5600201.png,9487ff2e307547d4bf6c0edea5600201,3
images/b54a39a17e3745d7be9f064ee3973fb3.jpg,masks/b54a39a17e3745d7be9f064ee3973fb3.png,b54a39a17e3745d7be9f064ee3973fb3,3
images/fc51ad730570433c86e65de1745e16e9.jpg,masks/fc51ad730570433c86e65de1745e16e9.png,fc51ad730570433c86e65de1745e16e9,3
images/6511649571a0452bb1e0d06cef214d5d.jpg,masks/6511649571a0452bb1e0d06cef214d5d.png,6511649571a0452bb1e0d06cef214d5d,3
images/2cb3776b7fcc46bcac4c2b13cb00abcc.jpg,masks/2cb3776b7fcc46bcac4c2b13cb00abcc.png,2cb3776b7fcc46bcac4c2b13cb00abcc,3
images/1c75ebd33d304af19de4d29e09d19ee2.jpg,masks/1c75ebd33d304af19de4d29e09d19ee2.png,1c75ebd33d304af19de4d29e09d19ee2,3
images/336e0e79809d40999c673dfa24fe9648.jpg,masks/336e0e79809d40999c673dfa24fe9648.png,336e0e79809d40999c673dfa24fe9648,3
images/bcfa0bbef3944d819aae4b09c1c6cc14.jpg,masks/bcfa0bbef3944d819aae4b09c1c6cc14.png,bcfa0bbef3944d819aae4b09c1c6cc14,3
images/276e3cf6f43d4d2797a59d11a04fd6cf.jpg,masks/276e3cf6f43d4d2797a59d11a04fd6cf.png,276e3cf6f43d4d2797a59d11a04fd6cf,3
images/5d4e3a757a1a4959a709493cc12c3e1b.jpg,masks/5d4e3a757a1a4959a709493cc12c3e1b.png,5d4e3a757a1a4959a709493cc12c3e1b,3
images/e3527e628d4b4829ac0036f8e84c62c9.jpg,masks/e3527e628d4b4829ac0036f8e84c62c9.png,e3527e628d4b4829ac0036f8e84c62c9,3
images/a4dbab868817444fbb65509a37d70f06.jpg,masks/a4dbab868817444fbb65509a37d70f06.png,a4dbab868817444fbb65509a37d70f06,3
images/dd8f6622c59543bd8902036690bd1811.jpg,masks/dd8f6622c59543bd8902036690bd1811.png,dd8f6622c59543bd8902036690bd1811,3
images/572b87097bd547d58eb31351aaf512e0.jpg,masks/572b87097bd547d58eb31351aaf512e0.png,572b87097bd547d58eb31351aaf512e0,3
images/142daf52ed684996922a07441e7f8d8e.jpg,masks/142daf52ed684996922a07441e7f8d8e.png,142daf52ed684996922a07441e7f8d8e,3
images/dc99446ee70a497a85a290ade8fca734.jpg,masks/dc99446ee70a497a85a290ade8fca734.png,dc99446ee70a497a85a290ade8fca734,3
images/4aa38a8e40be4c95a1f633ccc2ba64f5.jpg,masks/4aa38a8e40be4c95a1f633ccc2ba64f5.png,4aa38a8e40be4c95a1f633ccc2ba64f5,3
images/caa42478a861451e93a2c0fd48e4841c.jpg,masks/caa42478a861451e93a2c0fd48e4841c.png,caa42478a861451e93a2c0fd48e4841c,3
images/e11858967e35496e92d60a77f9b04fe2.jpg,masks/e11858967e35496e92d60a77f9b04fe2.png,e11858967e35496e92d60a77f9b04fe2,3
images/c61903bfad0848e399f5435637b3e991.jpg,masks/c61903bfad0848e399f5435637b3e991.png,c61903bfad0848e399f5435637b3e991,3
images/a4507c1404fb4c2e83415a930809f25d.jpg,masks/a4507c1404fb4c2e83415a930809f25d.png,a4507c1404fb4c2e83415a930809f25d,3
images/d4df8cb89a974e628c7d94cfcadb72b5.jpg,masks/d4df8cb89a974e628c7d94cfcadb72b5.png,d4df8cb89a974e628c7d94cfcadb72b5,3
images/a52d97e5da4348bd8db527ee99c145ea.jpg,masks/a52d97e5da4348bd8db527ee99c145ea.png,a52d97e5da4348bd8db527ee99c145ea,3
images/22bebbdf24da4e8f908f67a147105592.jpg,masks/22bebbdf24da4e8f908f67a147105592.png,22bebbdf24da4e8f908f67a147105592,3
images/9af8a280489a4a23a376d1aec6d88985.jpg,masks/9af8a280489a4a23a376d1aec6d88985.png,9af8a280489a4a23a376d1aec6d88985,3
images/cb9c2369a1714461bfddbbe02351141d.jpg,masks/cb9c2369a1714461bfddbbe02351141d.png,cb9c2369a1714461bfddbbe02351141d,3
images/00efadfd4aaf489ab4a9dda876e5ae5e.jpg,masks/00efadfd4aaf489ab4a9dda876e5ae5e.png,00efadfd4aaf489ab4a9dda876e5ae5e,3
images/81b2594aaeca4d6aa731471167fc2c1e.jpg,masks/81b2594aaeca4d6aa731471167fc2c1e.png,81b2594aaeca4d6aa731471167fc2c1e,3
images/807d9576a06e40518b6d725130ef1f7a.jpg,masks/807d9576a06e40518b6d725130ef1f7a.png,807d9576a06e40518b6d725130ef1f7a,3
images/0092cdbb2c29411ca564fe1fc1002dff.jpg,masks/0092cdbb2c29411ca564fe1fc1002dff.png,0092cdbb2c29411ca564fe1fc1002dff,3
images/6aec95acd23a435a96c8d6feea862268.jpg,masks/6aec95acd23a435a96c8d6feea862268.png,6aec95acd23a435a96c8d6feea862268,3
images/001e80f214374b349cecef0c8e55d815.jpg,masks/001e80f214374b349cecef0c8e55d815.png,001e80f214374b349cecef0c8e55d815,3
images/ffbc945ca0334f9ebcad35ea6da89e53.jpg,masks/ffbc945ca0334f9ebcad35ea6da89e53.png,ffbc945ca0334f9ebcad35ea6da89e53,3
images/d7873478ed584082897a3a7b351bf730.jpg,masks/d7873478ed584082897a3a7b351bf730.png,d7873478ed584082897a3a7b351bf730,3
images/07e9727f53d34a91ad0147b1056e82f4.jpg,masks/07e9727f53d34a91ad0147b1056e82f4.png,07e9727f53d34a91ad0147b1056e82f4,3
images/cc5e1fa2341547d1ac146614a358af03.jpg,masks/cc5e1fa2341547d1ac146614a358af03.png,cc5e1fa2341547d1ac146614a358af03,3
images/a8d110ac78bd4c19be60f5d07407afda.jpg,masks/a8d110ac78bd4c19be60f5d07407afda.png,a8d110ac78bd4c19be60f5d07407afda,3
images/dad2e8a2168948d8acf2eccda24bd892.jpg,masks/dad2e8a2168948d8acf2eccda24bd892.png,dad2e8a2168948d8acf2eccda24bd892,3
images/3d3533d675954b228e2d1b37ceb69f02.jpg,masks/3d3533d675954b228e2d1b37ceb69f02.png,3d3533d675954b228e2d1b37ceb69f02,3
images/85375f3183c74e028e7dcfe20e36efb2.jpg,masks/85375f3183c74e028e7dcfe20e36efb2.png,85375f3183c74e028e7dcfe20e36efb2,3
images/57dc5eddf41f4b338783487e6c02c63a.jpg,masks/57dc5eddf41f4b338783487e6c02c63a.png,57dc5eddf41f4b338783487e6c02c63a,3
images/ee8866d456c94376a046376c21ff549c.jpg,masks/ee8866d456c94376a046376c21ff549c.png,ee8866d456c94376a046376c21ff549c,3
images/59d030ebfaf84fdbbafad4c83d9a2815.jpg,masks/59d030ebfaf84fdbbafad4c83d9a2815.png,59d030ebfaf84fdbbafad4c83d9a2815,3
images/78c070cabe794122bfd865f0f241a0b3.jpg,masks/78c070cabe794122bfd865f0f241a0b3.png,78c070cabe794122bfd865f0f241a0b3,3
images/7480aef2614b4beca7965fa193773654.jpg,masks/7480aef2614b4beca7965fa193773654.png,7480aef2614b4beca7965fa193773654,3
images/8949291cf09b48678a05ad7b62b637f3.jpg,masks/8949291cf09b48678a05ad7b62b637f3.png,8949291cf09b48678a05ad7b62b637f3,3
images/19a874da8985497f87b17fc8e43c9f4f.jpg,masks/19a874da8985497f87b17fc8e43c9f4f.png,19a874da8985497f87b17fc8e43c9f4f,3
images/c7b2b98270cb4173b4e1950cb408338e.jpg,masks/c7b2b98270cb4173b4e1950cb408338e.png,c7b2b98270cb4173b4e1950cb408338e,3
images/5fa18a3635a84b908576b9ec82609b2d.jpg,masks/5fa18a3635a84b908576b9ec82609b2d.png,5fa18a3635a84b908576b9ec82609b2d,3
images/b7ca229dd089430f9f1110cb25ce704b.jpg,masks/b7ca229dd089430f9f1110cb25ce704b.png,b7ca229dd089430f9f1110cb25ce704b,3
images/2b422e2879a44bc8aa4ad551c40abc49.jpg,masks/2b422e2879a44bc8aa4ad551c40abc49.png,2b422e2879a44bc8aa4ad551c40abc49,3
images/18534ff61b4d470787e35d7ee370aeee.jpg,masks/18534ff61b4d470787e35d7ee370aeee.png,18534ff61b4d470787e35d7ee370aeee,3
images/80bcc7f12e56440ca75340890a192fae.jpg,masks/80bcc7f12e56440ca75340890a192fae.png,80bcc7f12e56440ca75340890a192fae,3
images/06eeb779fc0840feb098ebf6e55af2bd.jpg,masks/06eeb779fc0840feb098ebf6e55af2bd.png,06eeb779fc0840feb098ebf6e55af2bd,3
images/dcfd2abedf3a4ec993715b371a7aec04.jpg,masks/dcfd2abedf3a4ec993715b371a7aec04.png,dcfd2abedf3a4ec993715b371a7aec04,3
images/9b0d3fffc8214c13abd8ac5e24e14c62.jpg,masks/9b0d3fffc8214c13abd8ac5e24e14c62.png,9b0d3fffc8214c13abd8ac5e24e14c62,3
images/e54cad1b45e54df89238f4686d85d8fd.jpg,masks/e54cad1b45e54df89238f4686d85d8fd.png,e54cad1b45e54df89238f4686d85d8fd,3
images/54182e05e5eb41948ec3d1824897b98b.jpg,masks/54182e05e5eb41948ec3d1824897b98b.png,54182e05e5eb41948ec3d1824897b98b,3
images/1a1a6f2869d844b1842ca20c0e55e4ce.jpg,masks/1a1a6f2869d844b1842ca20c0e55e4ce.png,1a1a6f2869d844b1842ca20c0e55e4ce,3
images/cd8ad31f2fa44fb29bbc6375afb16601.jpg,masks/cd8ad31f2fa44fb29bbc6375afb16601.png,cd8ad31f2fa44fb29bbc6375afb16601,3
images/ad235cdcfe7c4c07a11a2e6fd08661a2.jpg,masks/ad235cdcfe7c4c07a11a2e6fd08661a2.png,ad235cdcfe7c4c07a11a2e6fd08661a2,3
images/7cfd5348cb1844a6986f8b0afc4005a3.jpg,masks/7cfd5348cb1844a6986f8b0afc4005a3.png,7cfd5348cb1844a6986f8b0afc4005a3,3
images/fe748124a8f24f77b30affdf18f32535.jpg,masks/fe748124a8f24f77b30affdf18f32535.png,fe748124a8f24f77b30affdf18f32535,3
images/668048b325524d2b9aaaa42e76eb6992.jpg,masks/668048b325524d2b9aaaa42e76eb6992.png,668048b325524d2b9aaaa42e76eb6992,3
images/cbd1117653944640a6cf9197570240ee.jpg,masks/cbd1117653944640a6cf9197570240ee.png,cbd1117653944640a6cf9197570240ee,3
images/be79260856dc44ffa7314c409ec187a7.jpg,masks/be79260856dc44ffa7314c409ec187a7.png,be79260856dc44ffa7314c409ec187a7,3
images/0e28f24e52c746a2a27036ce6c539c03.jpg,masks/0e28f24e52c746a2a27036ce6c539c03.png,0e28f24e52c746a2a27036ce6c539c03,3
images/1dee541f04ee43db81984a28850bdbc1.jpg,masks/1dee541f04ee43db81984a28850bdbc1.png,1dee541f04ee43db81984a28850bdbc1,3
images/cbe3cc14298d40e58a66987e9c277a7e.jpg,masks/cbe3cc14298d40e58a66987e9c277a7e.png,cbe3cc14298d40e58a66987e9c277a7e,3
images/3328ddeb1d9c49879f6487b8c245aa3e.jpg,masks/3328ddeb1d9c49879f6487b8c245aa3e.png,3328ddeb1d9c49879f6487b8c245aa3e,3
images/293356d4c3184371aa3962de251acf64.jpg,masks/293356d4c3184371aa3962de251acf64.png,293356d4c3184371aa3962de251acf64,3
images/675250a423a6495a8b1bb9a77b8f6677.jpg,masks/675250a423a6495a8b1bb9a77b8f6677.png,675250a423a6495a8b1bb9a77b8f6677,3
images/9aba60a49426484795246757702f41cf.jpg,masks/9aba60a49426484795246757702f41cf.png,9aba60a49426484795246757702f41cf,3
images/7bc7c3d4e92144559ddfa50f19915f2a.jpg,masks/7bc7c3d4e92144559ddfa50f19915f2a.png,7bc7c3d4e92144559ddfa50f19915f2a,3
images/9ed5f4c3f4d44ec7a1d9ac27bf9b8f30.jpg,masks/9ed5f4c3f4d44ec7a1d9ac27bf9b8f30.png,9ed5f4c3f4d44ec7a1d9ac27bf9b8f30,3
images/80410f028ff54888aaaac09ee1fda0b2.jpg,masks/80410f028ff54888aaaac09ee1fda0b2.png,80410f028ff54888aaaac09ee1fda0b2,3
images/64366186f4cb49adbd8a9beac3f66e39.jpg,masks/64366186f4cb49adbd8a9beac3f66e39.png,64366186f4cb49adbd8a9beac3f66e39,3
images/ba0e374b9ed64a2195cc8ca55ca15efa.jpg,masks/ba0e374b9ed64a2195cc8ca55ca15efa.png,ba0e374b9ed64a2195cc8ca55ca15efa,3
images/ef1ddc79b1ca4a48b3ad9194dd653499.jpg,masks/ef1ddc79b1ca4a48b3ad9194dd653499.png,ef1ddc79b1ca4a48b3ad9194dd653499,3
images/ac694af203f747bc92c7da4f94ed1b9c.jpg,masks/ac694af203f747bc92c7da4f94ed1b9c.png,ac694af203f747bc92c7da4f94ed1b9c,3
images/150fb934ee7e4f829ea5b883cac03d05.jpg,masks/150fb934ee7e4f829ea5b883cac03d05.png,150fb934ee7e4f829ea5b883cac03d05,3
images/0179dfa17f4943abbea2184d18a0a277.jpg,masks/0179dfa17f4943abbea2184d18a0a277.png,0179dfa17f4943abbea2184d18a0a277,3
images/7826cbc9e134476f92e52cb0955a306e.jpg,masks/7826cbc9e134476f92e52cb0955a306e.png,7826cbc9e134476f92e52cb0955a306e,3
images/504ad04e90464096ad71c48c1b683af7.jpg,masks/504ad04e90464096ad71c48c1b683af7.png,504ad04e90464096ad71c48c1b683af7,3
images/9fb1ebc58ed0496bb6eef846e74241f3.jpg,masks/9fb1ebc58ed0496bb6eef846e74241f3.png,9fb1ebc58ed0496bb6eef846e74241f3,3
images/10064c4e0dda4dfa98a06a3fdd0eb7c7.jpg,masks/10064c4e0dda4dfa98a06a3fdd0eb7c7.png,10064c4e0dda4dfa98a06a3fdd0eb7c7,3
images/ad8bff4611dc4c12acc4bbea466881cb.jpg,masks/ad8bff4611dc4c12acc4bbea466881cb.png,ad8bff4611dc4c12acc4bbea466881cb,3
images/5bebfe6351174585b70c5f7045e16700.jpg,masks/5bebfe6351174585b70c5f7045e16700.png,5bebfe6351174585b70c5f7045e16700,3
images/9aae558cd46947db8020cbfadf4a627d.jpg,masks/9aae558cd46947db8020cbfadf4a627d.png,9aae558cd46947db8020cbfadf4a627d,3
images/c2cecdcfc1a846dcb86c20791da5a91c.jpg,masks/c2cecdcfc1a846dcb86c20791da5a91c.png,c2cecdcfc1a846dcb86c20791da5a91c,3
images/2d5c0282f04a4982b28d4fcae291b6b7.jpg,masks/2d5c0282f04a4982b28d4fcae291b6b7.png,2d5c0282f04a4982b28d4fcae291b6b7,3
images/ce48dfec226c4f5c96b6be42454b5417.jpg,masks/ce48dfec226c4f5c96b6be42454b5417.png,ce48dfec226c4f5c96b6be42454b5417,3
images/12b93437c61d4127b9dfa8d12ff2aabd.jpg,masks/12b93437c61d4127b9dfa8d12ff2aabd.png,12b93437c61d4127b9dfa8d12ff2aabd,3
images/d3d7c468ae684a268bae434fd2e5b3fc.jpg,masks/d3d7c468ae684a268bae434fd2e5b3fc.png,d3d7c468ae684a268bae434fd2e5b3fc,3
images/9f50c5fd3e2a4e07b70ad45d951b5c43.jpg,masks/9f50c5fd3e2a4e07b70ad45d951b5c43.png,9f50c5fd3e2a4e07b70ad45d951b5c43,3
images/c71eca9eaf204545a7f57d17e5009e9d.jpg,masks/c71eca9eaf204545a7f57d17e5009e9d.png,c71eca9eaf204545a7f57d17e5009e9d,3
images/9900cbc09ac4452db606ac8e6235bd3c.jpg,masks/9900cbc09ac4452db606ac8e6235bd3c.png,9900cbc09ac4452db606ac8e6235bd3c,3
images/c8e83bf756c14fd9a422b5626735b004.jpg,masks/c8e83bf756c14fd9a422b5626735b004.png,c8e83bf756c14fd9a422b5626735b004,3
images/fe19919a42504b40ae96ccadc103687a.jpg,masks/fe19919a42504b40ae96ccadc103687a.png,fe19919a42504b40ae96ccadc103687a,3
images/751e75b3dba545389afa1d23efe301b2.jpg,masks/751e75b3dba545389afa1d23efe301b2.png,751e75b3dba545389afa1d23efe301b2,3
images/2bfc395d10094cc1b832380816b5702e.jpg,masks/2bfc395d10094cc1b832380816b5702e.png,2bfc395d10094cc1b832380816b5702e,3
images/0cf1528ea93b4088845c5a6b71cc1f48.jpg,masks/0cf1528ea93b4088845c5a6b71cc1f48.png,0cf1528ea93b4088845c5a6b71cc1f48,3
images/e390fddc3f03444eacbb6ab7add79250.jpg,masks/e390fddc3f03444eacbb6ab7add79250.png,e390fddc3f03444eacbb6ab7add79250,3
images/adc641ae9f6246a5aa3aea284c5698f7.jpg,masks/adc641ae9f6246a5aa3aea284c5698f7.png,adc641ae9f6246a5aa3aea284c5698f7,3
images/5a848d736d524f01909b49169adb859d.jpg,masks/5a848d736d524f01909b49169adb859d.png,5a848d736d524f01909b49169adb859d,3
images/fd8e239d33ea4daa8a1b42861e7dee23.jpg,masks/fd8e239d33ea4daa8a1b42861e7dee23.png,fd8e239d33ea4daa8a1b42861e7dee23,3
images/995aabbfb7374fddae5404c30d7870e4.jpg,masks/995aabbfb7374fddae5404c30d7870e4.png,995aabbfb7374fddae5404c30d7870e4,3
images/049690db781b4e0c955cf0bfa0eb3bbf.jpg,masks/049690db781b4e0c955cf0bfa0eb3bbf.png,049690db781b4e0c955cf0bfa0eb3bbf,3
images/0349e1e221634578ad1fe0e1765c4ee2.jpg,masks/0349e1e221634578ad1fe0e1765c4ee2.png,0349e1e221634578ad1fe0e1765c4ee2,3
images/9194eb929bbc4c9894774df7a82e6e71.jpg,masks/9194eb929bbc4c9894774df7a82e6e71.png,9194eb929bbc4c9894774df7a82e6e71,3
images/f217ce98c1d648a7a41590c08ecbb617.jpg,masks/f217ce98c1d648a7a41590c08ecbb617.png,f217ce98c1d648a7a41590c08ecbb617,3
images/1662a85ba4734f479b3a5f9e064ddc57.jpg,masks/1662a85ba4734f479b3a5f9e064ddc57.png,1662a85ba4734f479b3a5f9e064ddc57,3
images/93998affcdf64798ae947319c6b316c9.jpg,masks/93998affcdf64798ae947319c6b316c9.png,93998affcdf64798ae947319c6b316c9,3
images/42890ac6be4649609afa61f8893cddc5.jpg,masks/42890ac6be4649609afa61f8893cddc5.png,42890ac6be4649609afa61f8893cddc5,3
images/bd66ec7a72b74d499726d947c33ddd5d.jpg,masks/bd66ec7a72b74d499726d947c33ddd5d.png,bd66ec7a72b74d499726d947c33ddd5d,3
images/9f291ec67f034139a00c644d651b91dd.jpg,masks/9f291ec67f034139a00c644d651b91dd.png,9f291ec67f034139a00c644d651b91dd,3
images/1f3d48e522d042b4b2020402b582c447.jpg,masks/1f3d48e522d042b4b2020402b582c447.png,1f3d48e522d042b4b2020402b582c447,3
images/540b53797332425faeefdf1d1880b05b.jpg,masks/540b53797332425faeefdf1d1880b05b.png,540b53797332425faeefdf1d1880b05b,3
images/072845282fe948ed8e92811694bc5ebd.jpg,masks/072845282fe948ed8e92811694bc5ebd.png,072845282fe948ed8e92811694bc5ebd,3
images/ef3a94a2231d410aa67eeb24f7765f19.jpg,masks/ef3a94a2231d410aa67eeb24f7765f19.png,ef3a94a2231d410aa67eeb24f7765f19,3
images/d0875de30b2c4acbbb7551d22158b192.jpg,masks/d0875de30b2c4acbbb7551d22158b192.png,d0875de30b2c4acbbb7551d22158b192,3
images/926013151f4d492d8ee987d7060a02c4.jpg,masks/926013151f4d492d8ee987d7060a02c4.png,926013151f4d492d8ee987d7060a02c4,3
images/38a02edeb5c24db6b72588177133d6a6.jpg,masks/38a02edeb5c24db6b72588177133d6a6.png,38a02edeb5c24db6b72588177133d6a6,3
images/1844d76817184dbeae099eb998e8859e.jpg,masks/1844d76817184dbeae099eb998e8859e.png,1844d76817184dbeae099eb998e8859e,3
images/8eb92338980a439bb7eda838cec18654.jpg,masks/8eb92338980a439bb7eda838cec18654.png,8eb92338980a439bb7eda838cec18654,3
images/389f8c997cae4b3ea0854ecfdcaf5524.jpg,masks/389f8c997cae4b3ea0854ecfdcaf5524.png,389f8c997cae4b3ea0854ecfdcaf5524,3
images/dd0aeec4af724a4ea3724ec6c250ad7e.jpg,masks/dd0aeec4af724a4ea3724ec6c250ad7e.png,dd0aeec4af724a4ea3724ec6c250ad7e,3
images/18ffd9ee768b4e29ab856c32f5da199c.jpg,masks/18ffd9ee768b4e29ab856c32f5da199c.png,18ffd9ee768b4e29ab856c32f5da199c,3
images/5a889c14503b4b088379fa7c45576eb7.jpg,masks/5a889c14503b4b088379fa7c45576eb7.png,5a889c14503b4b088379fa7c45576eb7,3
images/11d46bd783fa4155aa64ff97fdcd2312.jpg,masks/11d46bd783fa4155aa64ff97fdcd2312.png,11d46bd783fa4155aa64ff97fdcd2312,3
images/6940d203a4884147b93ae11dcbc76e6f.jpg,masks/6940d203a4884147b93ae11dcbc76e6f.png,6940d203a4884147b93ae11dcbc76e6f,3
images/5cba20b4aaf643e6a2f1082bcfa19b63.jpg,masks/5cba20b4aaf643e6a2f1082bcfa19b63.png,5cba20b4aaf643e6a2f1082bcfa19b63,3
images/ee4e89f67e68441ca7dd38f8f55af61c.jpg,masks/ee4e89f67e68441ca7dd38f8f55af61c.png,ee4e89f67e68441ca7dd38f8f55af61c,3
images/11632253d3484fe3b4615650816e1a87.jpg,masks/11632253d3484fe3b4615650816e1a87.png,11632253d3484fe3b4615650816e1a87,3
images/54549e5f87054ad185b9beac99356d3c.jpg,masks/54549e5f87054ad185b9beac99356d3c.png,54549e5f87054ad185b9beac99356d3c,3
images/58136ae40f7b422d9b576d0a14e99ec7.jpg,masks/58136ae40f7b422d9b576d0a14e99ec7.png,58136ae40f7b422d9b576d0a14e99ec7,3
images/6699c0664de6449cb93fc085dd82202b.jpg,masks/6699c0664de6449cb93fc085dd82202b.png,6699c0664de6449cb93fc085dd82202b,3
images/535dc978f1444d51ace9dd5cdde1efc4.jpg,masks/535dc978f1444d51ace9dd5cdde1efc4.png,535dc978f1444d51ace9dd5cdde1efc4,3
images/4a2f0f92188341acaca07d39051e2b6b.jpg,masks/4a2f0f92188341acaca07d39051e2b6b.png,4a2f0f92188341acaca07d39051e2b6b,3
images/f2a12c851a9641e2b1f392cfb12acc8a.jpg,masks/f2a12c851a9641e2b1f392cfb12acc8a.png,f2a12c851a9641e2b1f392cfb12acc8a,3
images/36b410f0b7454bf5b8fd9308db1d38df.jpg,masks/36b410f0b7454bf5b8fd9308db1d38df.png,36b410f0b7454bf5b8fd9308db1d38df,3
images/872d9fd77f0041e1a5b9485efcbf66b6.jpg,masks/872d9fd77f0041e1a5b9485efcbf66b6.png,872d9fd77f0041e1a5b9485efcbf66b6,3
images/097c7d9128fe451485a1a70421440f53.jpg,masks/097c7d9128fe451485a1a70421440f53.png,097c7d9128fe451485a1a70421440f53,3
images/8e2b771fe60d4fabb88395f93a614982.jpg,masks/8e2b771fe60d4fabb88395f93a614982.png,8e2b771fe60d4fabb88395f93a614982,3
images/15d49b2688244e87bec42f4b4be175dd.jpg,masks/15d49b2688244e87bec42f4b4be175dd.png,15d49b2688244e87bec42f4b4be175dd,3
images/babcc9a079d24968bf647d156a5fcef7.jpg,masks/babcc9a079d24968bf647d156a5fcef7.png,babcc9a079d24968bf647d156a5fcef7,3
images/150fda527e5f4611898b640cb7ae721f.jpg,masks/150fda527e5f4611898b640cb7ae721f.png,150fda527e5f4611898b640cb7ae721f,3
images/087d076579fe448aa63134c17668d194.jpg,masks/087d076579fe448aa63134c17668d194.png,087d076579fe448aa63134c17668d194,3
images/e1e58beedf6d4ae29a071b9304199b0d.jpg,masks/e1e58beedf6d4ae29a071b9304199b0d.png,e1e58beedf6d4ae29a071b9304199b0d,3
images/ca0c3f80e5e1480c9865aab8cb7916be.jpg,masks/ca0c3f80e5e1480c9865aab8cb7916be.png,ca0c3f80e5e1480c9865aab8cb7916be,3
images/eba660a94d2f468b9d8edc8cfab9f5bd.jpg,masks/eba660a94d2f468b9d8edc8cfab9f5bd.png,eba660a94d2f468b9d8edc8cfab9f5bd,3
images/bc29fd59d9264d1290b0c955b13ae26e.jpg,masks/bc29fd59d9264d1290b0c955b13ae26e.png,bc29fd59d9264d1290b0c955b13ae26e,3
images/ff3858bf4410435997c3d43edb36b3d7.jpg,masks/ff3858bf4410435997c3d43edb36b3d7.png,ff3858bf4410435997c3d43edb36b3d7,3
images/ef33798bec1a457e8ce007fd39d6085c.jpg,masks/ef33798bec1a457e8ce007fd39d6085c.png,ef33798bec1a457e8ce007fd39d6085c,3
images/13d5880116fe466391a0ead2c0da238d.jpg,masks/13d5880116fe466391a0ead2c0da238d.png,13d5880116fe466391a0ead2c0da238d,3
images/0f760a3a19894f3f989ff632287117dd.jpg,masks/0f760a3a19894f3f989ff632287117dd.png,0f760a3a19894f3f989ff632287117dd,3
images/a7688a0f0bb14850833014b4886334fd.jpg,masks/a7688a0f0bb14850833014b4886334fd.png,a7688a0f0bb14850833014b4886334fd,3
images/ee3e691683f24fbea6685026ccb7c33c.jpg,masks/ee3e691683f24fbea6685026ccb7c33c.png,ee3e691683f24fbea6685026ccb7c33c,3
images/2f2c8f4aea1f431589cdc7e0575744f8.jpg,masks/2f2c8f4aea1f431589cdc7e0575744f8.png,2f2c8f4aea1f431589cdc7e0575744f8,3
images/39fc25bce212433b94924569c7666b42.jpg,masks/39fc25bce212433b94924569c7666b42.png,39fc25bce212433b94924569c7666b42,3
images/4dfd43924566481db8b3ae108c835279.jpg,masks/4dfd43924566481db8b3ae108c835279.png,4dfd43924566481db8b3ae108c835279,3
images/56e2cc279c4944f2a89bdf693cdc53dc.jpg,masks/56e2cc279c4944f2a89bdf693cdc53dc.png,56e2cc279c4944f2a89bdf693cdc53dc,3
images/cb6f8d5b02b44bd1b6617a6303ce938e.jpg,masks/cb6f8d5b02b44bd1b6617a6303ce938e.png,cb6f8d5b02b44bd1b6617a6303ce938e,3
images/700a9ca53289483f85d9ec9f7d94b8f4.jpg,masks/700a9ca53289483f85d9ec9f7d94b8f4.png,700a9ca53289483f85d9ec9f7d94b8f4,3
images/93070540b6fe4aeca73f5a488eee64d3.jpg,masks/93070540b6fe4aeca73f5a488eee64d3.png,93070540b6fe4aeca73f5a488eee64d3,3
images/d89644e9b0624e4f9fa71ffc71372f82.jpg,masks/d89644e9b0624e4f9fa71ffc71372f82.png,d89644e9b0624e4f9fa71ffc71372f82,3
images/b6dacdd492c4474c82cd09e15b797dae.jpg,masks/b6dacdd492c4474c82cd09e15b797dae.png,b6dacdd492c4474c82cd09e15b797dae,3
images/07f4f38ffce34d5a8b3933d3bf70a9c6.jpg,masks/07f4f38ffce34d5a8b3933d3bf70a9c6.png,07f4f38ffce34d5a8b3933d3bf70a9c6,3
images/0ec8eeb89907447a95cf2f4366f5f659.jpg,masks/0ec8eeb89907447a95cf2f4366f5f659.png,0ec8eeb89907447a95cf2f4366f5f659,3
images/725201688ff64796b564ebf162d30fae.jpg,masks/725201688ff64796b564ebf162d30fae.png,725201688ff64796b564ebf162d30fae,3
images/3e15be3cc4a649e1a682a471569abf33.jpg,masks/3e15be3cc4a649e1a682a471569abf33.png,3e15be3cc4a649e1a682a471569abf33,3
images/d4128e5a1f9045e0a3fb3853309e84a1.jpg,masks/d4128e5a1f9045e0a3fb3853309e84a1.png,d4128e5a1f9045e0a3fb3853309e84a1,3
images/1504d43965ef49fda8c34a1a2970f3a3.jpg,masks/1504d43965ef49fda8c34a1a2970f3a3.png,1504d43965ef49fda8c34a1a2970f3a3,3
images/8db2af2ddcb24bf383048254d510d7b0.jpg,masks/8db2af2ddcb24bf383048254d510d7b0.png,8db2af2ddcb24bf383048254d510d7b0,3
images/0bad0ad7639042d789a0ce582125d634.jpg,masks/0bad0ad7639042d789a0ce582125d634.png,0bad0ad7639042d789a0ce582125d634,3
images/24604bee705145618dbc15bdbf352940.jpg,masks/24604bee705145618dbc15bdbf352940.png,24604bee705145618dbc15bdbf352940,3
images/1f1ca115f1614b3e8dba2033965ec2eb.jpg,masks/1f1ca115f1614b3e8dba2033965ec2eb.png,1f1ca115f1614b3e8dba2033965ec2eb,3
images/84f2e3799eec4a70bbb774caa9b5689a.jpg,masks/84f2e3799eec4a70bbb774caa9b5689a.png,84f2e3799eec4a70bbb774caa9b5689a,3
images/0605d0e741ba41d19ce635f46771c6f1.jpg,masks/0605d0e741ba41d19ce635f46771c6f1.png,0605d0e741ba41d19ce635f46771c6f1,3
images/6786ebe648334430b5535691baba9d22.jpg,masks/6786ebe648334430b5535691baba9d22.png,6786ebe648334430b5535691baba9d22,3
images/5165ef5d9b4c441e8b4a9fd1616f3bbb.jpg,masks/5165ef5d9b4c441e8b4a9fd1616f3bbb.png,5165ef5d9b4c441e8b4a9fd1616f3bbb,3
images/922b644059724f2ca32a5da56533c7cb.jpg,masks/922b644059724f2ca32a5da56533c7cb.png,922b644059724f2ca32a5da56533c7cb,3
images/0f67808a9d3c44a9966cab739275a532.jpg,masks/0f67808a9d3c44a9966cab739275a532.png,0f67808a9d3c44a9966cab739275a532,3
images/379e41840c1745a38da28516c9c5277d.jpg,masks/379e41840c1745a38da28516c9c5277d.png,379e41840c1745a38da28516c9c5277d,3
images/7804fc01574a4a4daa546d253d2eddb3.jpg,masks/7804fc01574a4a4daa546d253d2eddb3.png,7804fc01574a4a4daa546d253d2eddb3,3
images/dc47a9fd006a4de8aeff0b7fd77634d4.jpg,masks/dc47a9fd006a4de8aeff0b7fd77634d4.png,dc47a9fd006a4de8aeff0b7fd77634d4,3
images/65e3057ff28e4fcd84547cb1c6eed154.jpg,masks/65e3057ff28e4fcd84547cb1c6eed154.png,65e3057ff28e4fcd84547cb1c6eed154,3
images/5acb0f20d1c8497182ffd332dfe458dc.jpg,masks/5acb0f20d1c8497182ffd332dfe458dc.png,5acb0f20d1c8497182ffd332dfe458dc,3
images/1d87cd39fd7c4ae986a43bb0927c1112.jpg,masks/1d87cd39fd7c4ae986a43bb0927c1112.png,1d87cd39fd7c4ae986a43bb0927c1112,3
images/649622de06a34fc884b1d6c03a21f79b.jpg,masks/649622de06a34fc884b1d6c03a21f79b.png,649622de06a34fc884b1d6c03a21f79b,3
images/ebd862e405a44c4da38f2e7a54d99f4e.jpg,masks/ebd862e405a44c4da38f2e7a54d99f4e.png,ebd862e405a44c4da38f2e7a54d99f4e,3
images/07b71e2aa3ac40beb0c8b6b1ae8dae71.jpg,masks/07b71e2aa3ac40beb0c8b6b1ae8dae71.png,07b71e2aa3ac40beb0c8b6b1ae8dae71,3
images/7d322eecb2754db2a36a0e6fae638e67.jpg,masks/7d322eecb2754db2a36a0e6fae638e67.png,7d322eecb2754db2a36a0e6fae638e67,3
images/50051077b4b84329b1dffc0189d80b4c.jpg,masks/50051077b4b84329b1dffc0189d80b4c.png,50051077b4b84329b1dffc0189d80b4c,3
images/9f6b5ff3d2e049c8bd1647be683c1628.jpg,masks/9f6b5ff3d2e049c8bd1647be683c1628.png,9f6b5ff3d2e049c8bd1647be683c1628,3
images/522dfd53ca974ec498a8ef938eab3c5f.jpg,masks/522dfd53ca974ec498a8ef938eab3c5f.png,522dfd53ca974ec498a8ef938eab3c5f,3
images/843b78f153114f14bc88161384a69704.jpg,masks/843b78f153114f14bc88161384a69704.png,843b78f153114f14bc88161384a69704,3
images/d04ae81629644ed4b4ff95923113e19e.jpg,masks/d04ae81629644ed4b4ff95923113e19e.png,d04ae81629644ed4b4ff95923113e19e,3
images/0489ae223d6e42f6afb3ea6947eac537.jpg,masks/0489ae223d6e42f6afb3ea6947eac537.png,0489ae223d6e42f6afb3ea6947eac537,3
images/da1361ca577749529e55d3d0244e0f1b.jpg,masks/da1361ca577749529e55d3d0244e0f1b.png,da1361ca577749529e55d3d0244e0f1b,3
images/97b29c44bc6b44858057ebd282d26d98.jpg,masks/97b29c44bc6b44858057ebd282d26d98.png,97b29c44bc6b44858057ebd282d26d98,3
images/0f3d7544137b4cddb2d46276c3fe8c97.jpg,masks/0f3d7544137b4cddb2d46276c3fe8c97.png,0f3d7544137b4cddb2d46276c3fe8c97,3
images/36876e19e7784e24a2b08163602f03cc.jpg,masks/36876e19e7784e24a2b08163602f03cc.png,36876e19e7784e24a2b08163602f03cc,3
images/288ffe31295d452a988578746875c64f.jpg,masks/288ffe31295d452a988578746875c64f.png,288ffe31295d452a988578746875c64f,3
images/629cf8de5d2e4930ab9a74c6e3813e9e.jpg,masks/629cf8de5d2e4930ab9a74c6e3813e9e.png,629cf8de5d2e4930ab9a74c6e3813e9e,3
images/49c3cc066a494c5997dce8dffec739a3.jpg,masks/49c3cc066a494c5997dce8dffec739a3.png,49c3cc066a494c5997dce8dffec739a3,3
images/f74e449141a9416dadd6b0ce4b604985.jpg,masks/f74e449141a9416dadd6b0ce4b604985.png,f74e449141a9416dadd6b0ce4b604985,3
images/6b0648824de44da4a56580865535b494.jpg,masks/6b0648824de44da4a56580865535b494.png,6b0648824de44da4a56580865535b494,3
images/a1ccb73db43346e6ae708634608ede80.jpg,masks/a1ccb73db43346e6ae708634608ede80.png,a1ccb73db43346e6ae708634608ede80,3
images/99dd992424f64203af2ff8bc5d2943da.jpg,masks/99dd992424f64203af2ff8bc5d2943da.png,99dd992424f64203af2ff8bc5d2943da,3
images/97ac8d05077847f0aad704eb25926a54.jpg,masks/97ac8d05077847f0aad704eb25926a54.png,97ac8d05077847f0aad704eb25926a54,3
images/397a6bffa3ac482aa1641a8dd0f0f38a.jpg,masks/397a6bffa3ac482aa1641a8dd0f0f38a.png,397a6bffa3ac482aa1641a8dd0f0f38a,3
images/2f765b999f4f4f028233d1ab71a60e06.jpg,masks/2f765b999f4f4f028233d1ab71a60e06.png,2f765b999f4f4f028233d1ab71a60e06,3
images/082d8c1b72c246e1828afac7483b2a74.jpg,masks/082d8c1b72c246e1828afac7483b2a74.png,082d8c1b72c246e1828afac7483b2a74,3
images/52b03c7a76c340cfb4cb40d2685673f1.jpg,masks/52b03c7a76c340cfb4cb40d2685673f1.png,52b03c7a76c340cfb4cb40d2685673f1,3
images/6de605eedc514326913c1844ee2bb110.jpg,masks/6de605eedc514326913c1844ee2bb110.png,6de605eedc514326913c1844ee2bb110,3
images/eb283ddd2e2140c2a5e0f9c8893c2a27.jpg,masks/eb283ddd2e2140c2a5e0f9c8893c2a27.png,eb283ddd2e2140c2a5e0f9c8893c2a27,3
images/b6cae4f8434c4db797e1682310930b70.jpg,masks/b6cae4f8434c4db797e1682310930b70.png,b6cae4f8434c4db797e1682310930b70,3
images/b97539e64d7f4206969705224ff7750e.jpg,masks/b97539e64d7f4206969705224ff7750e.png,b97539e64d7f4206969705224ff7750e,3
images/dfe775d1ed244e5fac5371f2e919e5de.jpg,masks/dfe775d1ed244e5fac5371f2e919e5de.png,dfe775d1ed244e5fac5371f2e919e5de,3
images/bfbf6a29dd7e484b98f569929ffc169e.jpg,masks/bfbf6a29dd7e484b98f569929ffc169e.png,bfbf6a29dd7e484b98f569929ffc169e,3
images/4183ba5f6abd47568d76811e41d037b9.jpg,masks/4183ba5f6abd47568d76811e41d037b9.png,4183ba5f6abd47568d76811e41d037b9,3
images/972981e9e3e54af4a29566f11552b796.jpg,masks/972981e9e3e54af4a29566f11552b796.png,972981e9e3e54af4a29566f11552b796,3
images/b9b3eca25f54404caf55c1181555628d.jpg,masks/b9b3eca25f54404caf55c1181555628d.png,b9b3eca25f54404caf55c1181555628d,3
images/45920a1fb1374c72a473ba165913af12.jpg,masks/45920a1fb1374c72a473ba165913af12.png,45920a1fb1374c72a473ba165913af12,3
images/46426e8554ed4d408efcbe25998d26c2.jpg,masks/46426e8554ed4d408efcbe25998d26c2.png,46426e8554ed4d408efcbe25998d26c2,3
images/58b9643aba2041ebbf326d9580de93a3.jpg,masks/58b9643aba2041ebbf326d9580de93a3.png,58b9643aba2041ebbf326d9580de93a3,3
images/2df86cef7db144728d9d4fa0776a8f16.jpg,masks/2df86cef7db144728d9d4fa0776a8f16.png,2df86cef7db144728d9d4fa0776a8f16,3
images/451d03ed859946d5a2bfded54cbd2f02.jpg,masks/451d03ed859946d5a2bfded54cbd2f02.png,451d03ed859946d5a2bfded54cbd2f02,3
images/2032c5be38cb4997b527592c8905eef4.jpg,masks/2032c5be38cb4997b527592c8905eef4.png,2032c5be38cb4997b527592c8905eef4,3
images/3016e6a731b24982b964748c26129a0a.jpg,masks/3016e6a731b24982b964748c26129a0a.png,3016e6a731b24982b964748c26129a0a,3
images/20fb76000337459588aaecdc3a5a6c92.jpg,masks/20fb76000337459588aaecdc3a5a6c92.png,20fb76000337459588aaecdc3a5a6c92,3
images/cbc76406937b465c863ed0c86988a7e7.jpg,masks/cbc76406937b465c863ed0c86988a7e7.png,cbc76406937b465c863ed0c86988a7e7,3
images/9a47c15f247648d0a044d366174e68d7.jpg,masks/9a47c15f247648d0a044d366174e68d7.png,9a47c15f247648d0a044d366174e68d7,3
images/21a0d370821249dea044a80be31df61e.jpg,masks/21a0d370821249dea044a80be31df61e.png,21a0d370821249dea044a80be31df61e,3
images/237d429612fb4e2ea38f0002334ddaea.jpg,masks/237d429612fb4e2ea38f0002334ddaea.png,237d429612fb4e2ea38f0002334ddaea,3
images/95f4de5d39064ed0a0ae7ee8f2c79131.jpg,masks/95f4de5d39064ed0a0ae7ee8f2c79131.png,95f4de5d39064ed0a0ae7ee8f2c79131,3
images/37e61c6cd8b144b3b8174ae43a497218.jpg,masks/37e61c6cd8b144b3b8174ae43a497218.png,37e61c6cd8b144b3b8174ae43a497218,3
images/ae9da07272a14ef0a4b84d8561aacc1c.jpg,masks/ae9da07272a14ef0a4b84d8561aacc1c.png,ae9da07272a14ef0a4b84d8561aacc1c,3
images/1d31aaf7792f4194973638040c9ac321.jpg,masks/1d31aaf7792f4194973638040c9ac321.png,1d31aaf7792f4194973638040c9ac321,3
images/67cbeb472d9944e09984ca81a148dae5.jpg,masks/67cbeb472d9944e09984ca81a148dae5.png,67cbeb472d9944e09984ca81a148dae5,3
images/626d90bc61e6486e8ff213655f79d5f0.jpg,masks/626d90bc61e6486e8ff213655f79d5f0.png,626d90bc61e6486e8ff213655f79d5f0,3
images/dc04647adcb64f359e13c8edcdaec113.jpg,masks/dc04647adcb64f359e13c8edcdaec113.png,dc04647adcb64f359e13c8edcdaec113,3
images/8b06bf05447c4df4add3bd2587a8e112.jpg,masks/8b06bf05447c4df4add3bd2587a8e112.png,8b06bf05447c4df4add3bd2587a8e112,3
images/396545e1301848bcbd2dd39766f7e0bc.jpg,masks/396545e1301848bcbd2dd39766f7e0bc.png,396545e1301848bcbd2dd39766f7e0bc,3
images/b4bc873f96634adb96a08e27ccb59163.jpg,masks/b4bc873f96634adb96a08e27ccb59163.png,b4bc873f96634adb96a08e27ccb59163,3
images/bef7182c9f4c4af6ac9bf5478c9bdda4.jpg,masks/bef7182c9f4c4af6ac9bf5478c9bdda4.png,bef7182c9f4c4af6ac9bf5478c9bdda4,3
images/ab296a78f9d64f189c061222dfd3b1e8.jpg,masks/ab296a78f9d64f189c061222dfd3b1e8.png,ab296a78f9d64f189c061222dfd3b1e8,3
images/1d69947365a54cc59a26b647775056ca.jpg,masks/1d69947365a54cc59a26b647775056ca.png,1d69947365a54cc59a26b647775056ca,3
images/19bdf4ef53634627981afe65d8c6e9e8.jpg,masks/19bdf4ef53634627981afe65d8c6e9e8.png,19bdf4ef53634627981afe65d8c6e9e8,3
images/543b8d78c9aa47e4b10c04d8e69bd669.jpg,masks/543b8d78c9aa47e4b10c04d8e69bd669.png,543b8d78c9aa47e4b10c04d8e69bd669,3
images/6600b884b3ea438ca2127a9980192fe8.jpg,masks/6600b884b3ea438ca2127a9980192fe8.png,6600b884b3ea438ca2127a9980192fe8,3
images/393ade1df7364762a3400eb8299ce932.jpg,masks/393ade1df7364762a3400eb8299ce932.png,393ade1df7364762a3400eb8299ce932,3
images/94d7b251d2314017bfe62e7dde353486.jpg,masks/94d7b251d2314017bfe62e7dde353486.png,94d7b251d2314017bfe62e7dde353486,3
images/a64038cdabda4f38b1b134f791854650.jpg,masks/a64038cdabda4f38b1b134f791854650.png,a64038cdabda4f38b1b134f791854650,3
images/fb4ec86c4dab4d7aa082ea387a907e93.jpg,masks/fb4ec86c4dab4d7aa082ea387a907e93.png,fb4ec86c4dab4d7aa082ea387a907e93,3
images/58861edbf89049d0aad0449191490020.jpg,masks/58861edbf89049d0aad0449191490020.png,58861edbf89049d0aad0449191490020,3
images/5899c2b5d936450d9ef5caaf6c028f50.jpg,masks/5899c2b5d936450d9ef5caaf6c028f50.png,5899c2b5d936450d9ef5caaf6c028f50,3
images/2d7dc3ebc40847d6942767ad22df98ee.jpg,masks/2d7dc3ebc40847d6942767ad22df98ee.png,2d7dc3ebc40847d6942767ad22df98ee,3
images/12ee2d940dd14e7da59fe18573e8ddfd.jpg,masks/12ee2d940dd14e7da59fe18573e8ddfd.png,12ee2d940dd14e7da59fe18573e8ddfd,3
images/7f28556dbdba4ebcbaed28fb7bdfadbb.jpg,masks/7f28556dbdba4ebcbaed28fb7bdfadbb.png,7f28556dbdba4ebcbaed28fb7bdfadbb,3
images/bc03bd44322142d88336983c93e6b8c2.jpg,masks/bc03bd44322142d88336983c93e6b8c2.png,bc03bd44322142d88336983c93e6b8c2,3
images/abe215a032a04840985f97b532bb699c.jpg,masks/abe215a032a04840985f97b532bb699c.png,abe215a032a04840985f97b532bb699c,3
images/c123d6f3cdde47f5b61b1d0ba7808bce.jpg,masks/c123d6f3cdde47f5b61b1d0ba7808bce.png,c123d6f3cdde47f5b61b1d0ba7808bce,3
images/25e9e63d32084365985f5f1eb53496c0.jpg,masks/25e9e63d32084365985f5f1eb53496c0.png,25e9e63d32084365985f5f1eb53496c0,3
images/1d706bf6b8bf4594adc4f166917fe059.jpg,masks/1d706bf6b8bf4594adc4f166917fe059.png,1d706bf6b8bf4594adc4f166917fe059,3
images/035200200a724dd591f029ceb803d7f6.jpg,masks/035200200a724dd591f029ceb803d7f6.png,035200200a724dd591f029ceb803d7f6,3
images/1229b9d02487403bbd07fd780d668f14.jpg,masks/1229b9d02487403bbd07fd780d668f14.png,1229b9d02487403bbd07fd780d668f14,3
images/c71df4699ec44e83bb9c0f1024b66ac5.jpg,masks/c71df4699ec44e83bb9c0f1024b66ac5.png,c71df4699ec44e83bb9c0f1024b66ac5,3
images/2e7e107bf47a408fbbfc69554e8b740c.jpg,masks/2e7e107bf47a408fbbfc69554e8b740c.png,2e7e107bf47a408fbbfc69554e8b740c,3
images/c9c4b29badcb42869c5896ea96871e4c.jpg,masks/c9c4b29badcb42869c5896ea96871e4c.png,c9c4b29badcb42869c5896ea96871e4c,3
images/29a65565e28a4c42a177c44eff70f852.jpg,masks/29a65565e28a4c42a177c44eff70f852.png,29a65565e28a4c42a177c44eff70f852,3
images/58a0eb6941eb4969914c19bbd52750b4.jpg,masks/58a0eb6941eb4969914c19bbd52750b4.png,58a0eb6941eb4969914c19bbd52750b4,3
images/3c17447c82bc4cda863787bf7fd11bdb.jpg,masks/3c17447c82bc4cda863787bf7fd11bdb.png,3c17447c82bc4cda863787bf7fd11bdb,3
images/c1ba22f628eb42df99aac57b50c9a29f.jpg,masks/c1ba22f628eb42df99aac57b50c9a29f.png,c1ba22f628eb42df99aac57b50c9a29f,3
images/91c7f0f2fc9440f9aa3d219874714c53.jpg,masks/91c7f0f2fc9440f9aa3d219874714c53.png,91c7f0f2fc9440f9aa3d219874714c53,3
images/695fa3d224bc4271a00082794fcda2e1.jpg,masks/695fa3d224bc4271a00082794fcda2e1.png,695fa3d224bc4271a00082794fcda2e1,3
images/9f56457cacf5488ab20265458f33d818.jpg,masks/9f56457cacf5488ab20265458f33d818.png,9f56457cacf5488ab20265458f33d818,3
images/0704737ed6ea4af8b19e86e30e66759b.jpg,masks/0704737ed6ea4af8b19e86e30e66759b.png,0704737ed6ea4af8b19e86e30e66759b,3
images/0a021a4d22ed4103b1c87374f989516f.jpg,masks/0a021a4d22ed4103b1c87374f989516f.png,0a021a4d22ed4103b1c87374f989516f,3
images/8fe0b15eb63447e59372d93b820fae4c.jpg,masks/8fe0b15eb63447e59372d93b820fae4c.png,8fe0b15eb63447e59372d93b820fae4c,3
images/939f9f324b3f492083794d18a1b1032f.jpg,masks/939f9f324b3f492083794d18a1b1032f.png,939f9f324b3f492083794d18a1b1032f,3
images/be76bcbe3046458292d1c2415f8a805d.jpg,masks/be76bcbe3046458292d1c2415f8a805d.png,be76bcbe3046458292d1c2415f8a805d,3
images/59bf06c74cfd4cd2826ccb5244e131f4.jpg,masks/59bf06c74cfd4cd2826ccb5244e131f4.png,59bf06c74cfd4cd2826ccb5244e131f4,3
images/a525a78845d24cb9883a2f7862b2fd25.jpg,masks/a525a78845d24cb9883a2f7862b2fd25.png,a525a78845d24cb9883a2f7862b2fd25,3
images/bf0b91e6565142c28fbe4190762775f6.jpg,masks/bf0b91e6565142c28fbe4190762775f6.png,bf0b91e6565142c28fbe4190762775f6,3
images/f7a25a2afac04653aab9a7220032ba0d.jpg,masks/f7a25a2afac04653aab9a7220032ba0d.png,f7a25a2afac04653aab9a7220032ba0d,3
images/4a718677a21f4128850e472ec16ef817.jpg,masks/4a718677a21f4128850e472ec16ef817.png,4a718677a21f4128850e472ec16ef817,3
images/a335aff4a3b8426582e9160bccadf784.jpg,masks/a335aff4a3b8426582e9160bccadf784.png,a335aff4a3b8426582e9160bccadf784,3
images/fc718cf942854cd8a9610e53db675162.jpg,masks/fc718cf942854cd8a9610e53db675162.png,fc718cf942854cd8a9610e53db675162,3
images/ad49b4ae19e04a19a2b3bc9ec5cd0ade.jpg,masks/ad49b4ae19e04a19a2b3bc9ec5cd0ade.png,ad49b4ae19e04a19a2b3bc9ec5cd0ade,3
images/2e2acf49b24d46329c88743aa409e4c4.jpg,masks/2e2acf49b24d46329c88743aa409e4c4.png,2e2acf49b24d46329c88743aa409e4c4,3
images/15afa28faffc47dd870c58a70d2cc4db.jpg,masks/15afa28faffc47dd870c58a70d2cc4db.png,15afa28faffc47dd870c58a70d2cc4db,3
images/d01c068f41434461b46a9c1f5213812a.jpg,masks/d01c068f41434461b46a9c1f5213812a.png,d01c068f41434461b46a9c1f5213812a,3
images/635fd36361684311ba2514acdef7ca85.jpg,masks/635fd36361684311ba2514acdef7ca85.png,635fd36361684311ba2514acdef7ca85,3
images/3b2549d3a8ed49c6840b96159c4ea8f1.jpg,masks/3b2549d3a8ed49c6840b96159c4ea8f1.png,3b2549d3a8ed49c6840b96159c4ea8f1,3
images/e15eea0769644571bb66a4a011bb7c61.jpg,masks/e15eea0769644571bb66a4a011bb7c61.png,e15eea0769644571bb66a4a011bb7c61,3
images/eebdbb4ec35e4f13910e76568088698a.jpg,masks/eebdbb4ec35e4f13910e76568088698a.png,eebdbb4ec35e4f13910e76568088698a,3
images/89e51540b55b407e9f82837590ff2151.jpg,masks/89e51540b55b407e9f82837590ff2151.png,89e51540b55b407e9f82837590ff2151,3
images/f41c24b89d7d4060a5640869939e0009.jpg,masks/f41c24b89d7d4060a5640869939e0009.png,f41c24b89d7d4060a5640869939e0009,3
images/7eb7d31abaab44a083de8dcbb0f180e2.jpg,masks/7eb7d31abaab44a083de8dcbb0f180e2.png,7eb7d31abaab44a083de8dcbb0f180e2,3
images/e32eb7804e5a4ac9b6d0f52d0971208b.jpg,masks/e32eb7804e5a4ac9b6d0f52d0971208b.png,e32eb7804e5a4ac9b6d0f52d0971208b,3
images/0cf7e0f310c242d4b07d8f22bb7e9baa.jpg,masks/0cf7e0f310c242d4b07d8f22bb7e9baa.png,0cf7e0f310c242d4b07d8f22bb7e9baa,3
images/37e8e3e3e590499c8fac4b8cfc5ab9dd.jpg,masks/37e8e3e3e590499c8fac4b8cfc5ab9dd.png,37e8e3e3e590499c8fac4b8cfc5ab9dd,3
images/1c36ca7af5fb44339bcddb2f3e70b7ea.jpg,masks/1c36ca7af5fb44339bcddb2f3e70b7ea.png,1c36ca7af5fb44339bcddb2f3e70b7ea,3
images/fceef2d1a79e43efa7796438cc82993c.jpg,masks/fceef2d1a79e43efa7796438cc82993c.png,fceef2d1a79e43efa7796438cc82993c,3
images/50dc00edc234406fa3116b9e5ed8a835.jpg,masks/50dc00edc234406fa3116b9e5ed8a835.png,50dc00edc234406fa3116b9e5ed8a835,3
images/da4b12cd68a04f359df02af4647b80f8.jpg,masks/da4b12cd68a04f359df02af4647b80f8.png,da4b12cd68a04f359df02af4647b80f8,3
images/2b8dfe27d48c4852a56fd5fd73e7cfad.jpg,masks/2b8dfe27d48c4852a56fd5fd73e7cfad.png,2b8dfe27d48c4852a56fd5fd73e7cfad,3
images/b0b09907f49d4545a73c09af194a3c07.jpg,masks/b0b09907f49d4545a73c09af194a3c07.png,b0b09907f49d4545a73c09af194a3c07,3
images/6eab22869682439e9f640b36c7441cd1.jpg,masks/6eab22869682439e9f640b36c7441cd1.png,6eab22869682439e9f640b36c7441cd1,3
images/615f6c442ee84b46ade2f525f4457d28.jpg,masks/615f6c442ee84b46ade2f525f4457d28.png,615f6c442ee84b46ade2f525f4457d28,3
images/7808e80f9fa6459e8d3ef8fe3201f445.jpg,masks/7808e80f9fa6459e8d3ef8fe3201f445.png,7808e80f9fa6459e8d3ef8fe3201f445,3
images/83948c2d523c46af8a89acc203a7e386.jpg,masks/83948c2d523c46af8a89acc203a7e386.png,83948c2d523c46af8a89acc203a7e386,3
images/73bcadb7201e427fbe96fc11abcd3b42.jpg,masks/73bcadb7201e427fbe96fc11abcd3b42.png,73bcadb7201e427fbe96fc11abcd3b42,3
images/cc6d6f6bb7274eb68b8ac938e41cdfd0.jpg,masks/cc6d6f6bb7274eb68b8ac938e41cdfd0.png,cc6d6f6bb7274eb68b8ac938e41cdfd0,3
images/914142872fdf41ee96082d707d98195c.jpg,masks/914142872fdf41ee96082d707d98195c.png,914142872fdf41ee96082d707d98195c,3
images/3735064e129946538069aa306adb422a.jpg,masks/3735064e129946538069aa306adb422a.png,3735064e129946538069aa306adb422a,3
images/558e1438558d459dbb0023c095755eea.jpg,masks/558e1438558d459dbb0023c095755eea.png,558e1438558d459dbb0023c095755eea,3
images/69e8ad909f424f588e09003380a13e00.jpg,masks/69e8ad909f424f588e09003380a13e00.png,69e8ad909f424f588e09003380a13e00,3
images/bf47a80717634110a618ab3a05021f76.jpg,masks/bf47a80717634110a618ab3a05021f76.png,bf47a80717634110a618ab3a05021f76,3
images/709591466d42495fb7d6e4bd1d684fc6.jpg,masks/709591466d42495fb7d6e4bd1d684fc6.png,709591466d42495fb7d6e4bd1d684fc6,3
images/096082c508e64f9e9e580912835c9df2.jpg,masks/096082c508e64f9e9e580912835c9df2.png,096082c508e64f9e9e580912835c9df2,3
images/d93dcb932ce941b9a173948b228097cf.jpg,masks/d93dcb932ce941b9a173948b228097cf.png,d93dcb932ce941b9a173948b228097cf,3
images/45c0708c96994c8ebffaa0df0837e66a.jpg,masks/45c0708c96994c8ebffaa0df0837e66a.png,45c0708c96994c8ebffaa0df0837e66a,3
images/ae9d4a1415de4e2389c3c97ff0384766.jpg,masks/ae9d4a1415de4e2389c3c97ff0384766.png,ae9d4a1415de4e2389c3c97ff0384766,3
images/08e9f7c930cc413487e64bfbde3339a4.jpg,masks/08e9f7c930cc413487e64bfbde3339a4.png,08e9f7c930cc413487e64bfbde3339a4,3
images/b21738bd4cce4896985891a4a5048ac6.jpg,masks/b21738bd4cce4896985891a4a5048ac6.png,b21738bd4cce4896985891a4a5048ac6,3
images/0017618f77bc4dcfb36823422bd3d04c.jpg,masks/0017618f77bc4dcfb36823422bd3d04c.png,0017618f77bc4dcfb36823422bd3d04c,3
images/e9adc6180ce14f6e9cffa23624ff52a3.jpg,masks/e9adc6180ce14f6e9cffa23624ff52a3.png,e9adc6180ce14f6e9cffa23624ff52a3,3
images/b49adf0a24a04e29989effd1fb727be8.jpg,masks/b49adf0a24a04e29989effd1fb727be8.png,b49adf0a24a04e29989effd1fb727be8,3
images/8ad551a8f89f4aa8b3f47fe21376db4d.jpg,masks/8ad551a8f89f4aa8b3f47fe21376db4d.png,8ad551a8f89f4aa8b3f47fe21376db4d,3
images/458b6eef8e734b1c9d140022c59d781b.jpg,masks/458b6eef8e734b1c9d140022c59d781b.png,458b6eef8e734b1c9d140022c59d781b,3
images/89098b066926487ca57dfa895850389c.jpg,masks/89098b066926487ca57dfa895850389c.png,89098b066926487ca57dfa895850389c,3
images/ec85e842dba043c7bac46fd017de0b74.jpg,masks/ec85e842dba043c7bac46fd017de0b74.png,ec85e842dba043c7bac46fd017de0b74,3
images/44b16bb8cac14575b3884b0cfa4aea3f.jpg,masks/44b16bb8cac14575b3884b0cfa4aea3f.png,44b16bb8cac14575b3884b0cfa4aea3f,3
images/93a90a85f6c649fb87ecc260ba004920.jpg,masks/93a90a85f6c649fb87ecc260ba004920.png,93a90a85f6c649fb87ecc260ba004920,3
images/82ab695aa64b448c87cb75e77c4491e3.jpg,masks/82ab695aa64b448c87cb75e77c4491e3.png,82ab695aa64b448c87cb75e77c4491e3,3
images/ba637ad3998243d8ae1c511e83255085.jpg,masks/ba637ad3998243d8ae1c511e83255085.png,ba637ad3998243d8ae1c511e83255085,3
images/2a3a2b0423fc4d598d8e30ad5c1fc48c.jpg,masks/2a3a2b0423fc4d598d8e30ad5c1fc48c.png,2a3a2b0423fc4d598d8e30ad5c1fc48c,3
images/ac939e60107e485b979eaeb44b6d3520.jpg,masks/ac939e60107e485b979eaeb44b6d3520.png,ac939e60107e485b979eaeb44b6d3520,3
images/4d33a583bea2426b9f02e8f2ddfaf00e.jpg,masks/4d33a583bea2426b9f02e8f2ddfaf00e.png,4d33a583bea2426b9f02e8f2ddfaf00e,3
images/a5d3ba800e764397a81c4a4fbe796237.jpg,masks/a5d3ba800e764397a81c4a4fbe796237.png,a5d3ba800e764397a81c4a4fbe796237,3
images/fcd6adf4637d41b584a1ffa00fee9f6a.jpg,masks/fcd6adf4637d41b584a1ffa00fee9f6a.png,fcd6adf4637d41b584a1ffa00fee9f6a,3
images/9b1142d30156460caf8f481cab00baf1.jpg,masks/9b1142d30156460caf8f481cab00baf1.png,9b1142d30156460caf8f481cab00baf1,3
images/3ba833dff51e494b8ee4c8bde503a6bf.jpg,masks/3ba833dff51e494b8ee4c8bde503a6bf.png,3ba833dff51e494b8ee4c8bde503a6bf,3
images/a4dbe5cc3e3346a5a1d29d65042253c3.jpg,masks/a4dbe5cc3e3346a5a1d29d65042253c3.png,a4dbe5cc3e3346a5a1d29d65042253c3,3
images/e74f7b1bc0954bdab11eab869e6bee05.jpg,masks/e74f7b1bc0954bdab11eab869e6bee05.png,e74f7b1bc0954bdab11eab869e6bee05,3
images/13de58fc87694059810dac1cc59cbc27.jpg,masks/13de58fc87694059810dac1cc59cbc27.png,13de58fc87694059810dac1cc59cbc27,3
images/933a771b6eca4fb7a5c4ad059f2daea1.jpg,masks/933a771b6eca4fb7a5c4ad059f2daea1.png,933a771b6eca4fb7a5c4ad059f2daea1,3
images/a52d49cc598b462eb381b68bb86c08ff.jpg,masks/a52d49cc598b462eb381b68bb86c08ff.png,a52d49cc598b462eb381b68bb86c08ff,3
images/9f56d61d7d5540e8afc6443c607ef944.jpg,masks/9f56d61d7d5540e8afc6443c607ef944.png,9f56d61d7d5540e8afc6443c607ef944,3
images/7657fcde99d244c9bcf0648061ec99ee.jpg,masks/7657fcde99d244c9bcf0648061ec99ee.png,7657fcde99d244c9bcf0648061ec99ee,3
images/604b879692c643fa941c23dd6c894acd.jpg,masks/604b879692c643fa941c23dd6c894acd.png,604b879692c643fa941c23dd6c894acd,3
images/51bd2c9c94984ca09409d4a4264e6ed6.jpg,masks/51bd2c9c94984ca09409d4a4264e6ed6.png,51bd2c9c94984ca09409d4a4264e6ed6,3
images/878950e28743403d837aa03849ab0707.jpg,masks/878950e28743403d837aa03849ab0707.png,878950e28743403d837aa03849ab0707,3
images/a8b920b22671419bb072e7607378f1f9.jpg,masks/a8b920b22671419bb072e7607378f1f9.png,a8b920b22671419bb072e7607378f1f9,3
images/b189ed0941394a139ad9a14a292b4fa4.jpg,masks/b189ed0941394a139ad9a14a292b4fa4.png,b189ed0941394a139ad9a14a292b4fa4,3
images/93d1ceb335a74492a32adce091913cd5.jpg,masks/93d1ceb335a74492a32adce091913cd5.png,93d1ceb335a74492a32adce091913cd5,3
images/cfcafdd8b15149cd9befea414b9f709f.jpg,masks/cfcafdd8b15149cd9befea414b9f709f.png,cfcafdd8b15149cd9befea414b9f709f,3
images/82e3e79c8ec84390bde5ff7c237eca0e.jpg,masks/82e3e79c8ec84390bde5ff7c237eca0e.png,82e3e79c8ec84390bde5ff7c237eca0e,3
images/d139d35fc24e4a47a37df14203daf357.jpg,masks/d139d35fc24e4a47a37df14203daf357.png,d139d35fc24e4a47a37df14203daf357,3
images/13d0622f9391421fb732a225f28e7fc4.jpg,masks/13d0622f9391421fb732a225f28e7fc4.png,13d0622f9391421fb732a225f28e7fc4,3
images/8c065440ee8f4bd295b6ac4cd8cabd32.jpg,masks/8c065440ee8f4bd295b6ac4cd8cabd32.png,8c065440ee8f4bd295b6ac4cd8cabd32,3
images/b4b4046231364790902d32ef1f1c27bd.jpg,masks/b4b4046231364790902d32ef1f1c27bd.png,b4b4046231364790902d32ef1f1c27bd,3
images/b1f86d5f033945dbb4da852fd3db41fe.jpg,masks/b1f86d5f033945dbb4da852fd3db41fe.png,b1f86d5f033945dbb4da852fd3db41fe,3
images/5a818adfd0154d68bda623253cc8317d.jpg,masks/5a818adfd0154d68bda623253cc8317d.png,5a818adfd0154d68bda623253cc8317d,3
images/c239ccce6029427e9be7effba2b6f602.jpg,masks/c239ccce6029427e9be7effba2b6f602.png,c239ccce6029427e9be7effba2b6f602,3
images/590c6c6e038e4ef0b819e13f8e81cf71.jpg,masks/590c6c6e038e4ef0b819e13f8e81cf71.png,590c6c6e038e4ef0b819e13f8e81cf71,3
images/97f0f675eb3946bfbeb2ea47288ea8c3.jpg,masks/97f0f675eb3946bfbeb2ea47288ea8c3.png,97f0f675eb3946bfbeb2ea47288ea8c3,3
images/c1a481f219fb4cc49b15ce3a4bbaf24b.jpg,masks/c1a481f219fb4cc49b15ce3a4bbaf24b.png,c1a481f219fb4cc49b15ce3a4bbaf24b,3
images/5d0c208d5b624d7594e9b57ce8a4f08b.jpg,masks/5d0c208d5b624d7594e9b57ce8a4f08b.png,5d0c208d5b624d7594e9b57ce8a4f08b,3
images/748412ceca2543a09b58c2d0d877a974.jpg,masks/748412ceca2543a09b58c2d0d877a974.png,748412ceca2543a09b58c2d0d877a974,3
images/1808fe1cadf74fcc85a4aa7834b136b6.jpg,masks/1808fe1cadf74fcc85a4aa7834b136b6.png,1808fe1cadf74fcc85a4aa7834b136b6,3
images/456e657a4f7848ec84d9ff7402421924.jpg,masks/456e657a4f7848ec84d9ff7402421924.png,456e657a4f7848ec84d9ff7402421924,3
images/0d79a2a15fb34fd39d99ec7a9a4da807.jpg,masks/0d79a2a15fb34fd39d99ec7a9a4da807.png,0d79a2a15fb34fd39d99ec7a9a4da807,3
images/3804cc78db9f49858bdece4808353734.jpg,masks/3804cc78db9f49858bdece4808353734.png,3804cc78db9f49858bdece4808353734,3
images/ac96e59273a84900b4afdb61561a23c3.jpg,masks/ac96e59273a84900b4afdb61561a23c3.png,ac96e59273a84900b4afdb61561a23c3,3
images/e92606eaffe34240b122cf0dd5ff88e6.jpg,masks/e92606eaffe34240b122cf0dd5ff88e6.png,e92606eaffe34240b122cf0dd5ff88e6,3
images/da9e0fcdb8664837979cacfd411414a7.jpg,masks/da9e0fcdb8664837979cacfd411414a7.png,da9e0fcdb8664837979cacfd411414a7,3
images/59532b6cc728430f9045721917d03471.jpg,masks/59532b6cc728430f9045721917d03471.png,59532b6cc728430f9045721917d03471,3
images/454b7b915a7649909777e61d4e732008.jpg,masks/454b7b915a7649909777e61d4e732008.png,454b7b915a7649909777e61d4e732008,3
images/01b7f82a0e8c472d9029169b77e36153.jpg,masks/01b7f82a0e8c472d9029169b77e36153.png,01b7f82a0e8c472d9029169b77e36153,3
images/1fd27100800744bb9e99677d30ccdfb3.jpg,masks/1fd27100800744bb9e99677d30ccdfb3.png,1fd27100800744bb9e99677d30ccdfb3,3
images/6afe0dbdbc4c4ba9b8c6e61809d1e6ef.jpg,masks/6afe0dbdbc4c4ba9b8c6e61809d1e6ef.png,6afe0dbdbc4c4ba9b8c6e61809d1e6ef,3
images/6b21cf320e8046f3abeaacfd17032202.jpg,masks/6b21cf320e8046f3abeaacfd17032202.png,6b21cf320e8046f3abeaacfd17032202,3
images/8ae37cfd88684435be434b9b1a83b63a.jpg,masks/8ae37cfd88684435be434b9b1a83b63a.png,8ae37cfd88684435be434b9b1a83b63a,3
images/7befd80c1db34e7999b641e31adfcdec.jpg,masks/7befd80c1db34e7999b641e31adfcdec.png,7befd80c1db34e7999b641e31adfcdec,3
images/4ae34040d4a14949ae2f6a8f7d4a400d.jpg,masks/4ae34040d4a14949ae2f6a8f7d4a400d.png,4ae34040d4a14949ae2f6a8f7d4a400d,3
images/72ed02f1d6564e1db688b3b942052932.jpg,masks/72ed02f1d6564e1db688b3b942052932.png,72ed02f1d6564e1db688b3b942052932,3
images/4d3f644f6a6a43b8b7014df8bbaad609.jpg,masks/4d3f644f6a6a43b8b7014df8bbaad609.png,4d3f644f6a6a43b8b7014df8bbaad609,3
images/ebf5b5300bd94d4a8e1fab83222ce49d.jpg,masks/ebf5b5300bd94d4a8e1fab83222ce49d.png,ebf5b5300bd94d4a8e1fab83222ce49d,3
images/1ab1c1ef67ca4aabac0033e943e05d3d.jpg,masks/1ab1c1ef67ca4aabac0033e943e05d3d.png,1ab1c1ef67ca4aabac0033e943e05d3d,3
images/71376fd8f0924cc3be058f5e81050cb5.jpg,masks/71376fd8f0924cc3be058f5e81050cb5.png,71376fd8f0924cc3be058f5e81050cb5,3
images/2b3672f8bfd44120a143bcaba01630f7.jpg,masks/2b3672f8bfd44120a143bcaba01630f7.png,2b3672f8bfd44120a143bcaba01630f7,3
images/128155c569de410794f561c9efaf2022.jpg,masks/128155c569de410794f561c9efaf2022.png,128155c569de410794f561c9efaf2022,3
images/f87b5f7528594ac88ac2474f07417fb2.jpg,masks/f87b5f7528594ac88ac2474f07417fb2.png,f87b5f7528594ac88ac2474f07417fb2,3
images/ad703c32f78c4ecbaf5e1c827fd910b9.jpg,masks/ad703c32f78c4ecbaf5e1c827fd910b9.png,ad703c32f78c4ecbaf5e1c827fd910b9,3
images/464c7bfff7d746a292093e20be78c562.jpg,masks/464c7bfff7d746a292093e20be78c562.png,464c7bfff7d746a292093e20be78c562,3
images/c5346fef3c134c18a9cda1647c5f30b9.jpg,masks/c5346fef3c134c18a9cda1647c5f30b9.png,c5346fef3c134c18a9cda1647c5f30b9,3
images/fbc71576c9c849b68a194c3a27da375f.jpg,masks/fbc71576c9c849b68a194c3a27da375f.png,fbc71576c9c849b68a194c3a27da375f,3
images/0c8aeb1ddcae4fe68f9ae3d4ca621cc8.jpg,masks/0c8aeb1ddcae4fe68f9ae3d4ca621cc8.png,0c8aeb1ddcae4fe68f9ae3d4ca621cc8,3
images/4d5526639ce24c25b42fb81691f49b7b.jpg,masks/4d5526639ce24c25b42fb81691f49b7b.png,4d5526639ce24c25b42fb81691f49b7b,3
images/aa8ec9b450a64751a5fed125a6562adc.jpg,masks/aa8ec9b450a64751a5fed125a6562adc.png,aa8ec9b450a64751a5fed125a6562adc,3
images/5eb4165e35c24e42a433de3473a6b224.jpg,masks/5eb4165e35c24e42a433de3473a6b224.png,5eb4165e35c24e42a433de3473a6b224,3
images/dcf6af4fa5c0498d91b95b64947f3dea.jpg,masks/dcf6af4fa5c0498d91b95b64947f3dea.png,dcf6af4fa5c0498d91b95b64947f3dea,3
images/d2c6e0aae9c24020bf66fdca5600c3bd.jpg,masks/d2c6e0aae9c24020bf66fdca5600c3bd.png,d2c6e0aae9c24020bf66fdca5600c3bd,3
images/db185fcee35847ea95c8403ca20589d9.jpg,masks/db185fcee35847ea95c8403ca20589d9.png,db185fcee35847ea95c8403ca20589d9,3
images/b031d791c97546aab0cdeab38bfb10b9.jpg,masks/b031d791c97546aab0cdeab38bfb10b9.png,b031d791c97546aab0cdeab38bfb10b9,3
images/54d38bae8033446cba96eabbf6d9fb3f.jpg,masks/54d38bae8033446cba96eabbf6d9fb3f.png,54d38bae8033446cba96eabbf6d9fb3f,3
images/0017d91a631f4eeead5d810b314fd3b2.jpg,masks/0017d91a631f4eeead5d810b314fd3b2.png,0017d91a631f4eeead5d810b314fd3b2,3
images/61957a8460a94bd99d66a6868fb5dc2f.jpg,masks/61957a8460a94bd99d66a6868fb5dc2f.png,61957a8460a94bd99d66a6868fb5dc2f,3
images/a7794a90a21f4e078dff9cd5e60e6a19.jpg,masks/a7794a90a21f4e078dff9cd5e60e6a19.png,a7794a90a21f4e078dff9cd5e60e6a19,3
images/d8f41575d6ed4f89bbf9512bf7a9531d.jpg,masks/d8f41575d6ed4f89bbf9512bf7a9531d.png,d8f41575d6ed4f89bbf9512bf7a9531d,3
images/4b5a3eeecb6a43ebab115a82895eb2e9.jpg,masks/4b5a3eeecb6a43ebab115a82895eb2e9.png,4b5a3eeecb6a43ebab115a82895eb2e9,3
images/ca7350cb13fe45cf93f273d606789f4a.jpg,masks/ca7350cb13fe45cf93f273d606789f4a.png,ca7350cb13fe45cf93f273d606789f4a,3
images/d949adf90ff74e489e1333f7fe351a8a.jpg,masks/d949adf90ff74e489e1333f7fe351a8a.png,d949adf90ff74e489e1333f7fe351a8a,3
images/59a1513047da45eeaa3af46072b486b9.jpg,masks/59a1513047da45eeaa3af46072b486b9.png,59a1513047da45eeaa3af46072b486b9,3
images/4ae5c92825924d7e9ae1d4fcb4b647da.jpg,masks/4ae5c92825924d7e9ae1d4fcb4b647da.png,4ae5c92825924d7e9ae1d4fcb4b647da,3
images/6a9f5792bb5a4f46a250ae8df3936de1.jpg,masks/6a9f5792bb5a4f46a250ae8df3936de1.png,6a9f5792bb5a4f46a250ae8df3936de1,3
images/3485d52d39094702a3e1c999dc4d4526.jpg,masks/3485d52d39094702a3e1c999dc4d4526.png,3485d52d39094702a3e1c999dc4d4526,3
images/2c944ea2e1d54c7283ff87c36a9793aa.jpg,masks/2c944ea2e1d54c7283ff87c36a9793aa.png,2c944ea2e1d54c7283ff87c36a9793aa,3
images/c1254317c0264d06b19094f459d25f2b.jpg,masks/c1254317c0264d06b19094f459d25f2b.png,c1254317c0264d06b19094f459d25f2b,3
images/b5e532968f7e4c9abd839aaf6197608c.jpg,masks/b5e532968f7e4c9abd839aaf6197608c.png,b5e532968f7e4c9abd839aaf6197608c,3
images/32f4685e25214921b34b9e7de19f34de.jpg,masks/32f4685e25214921b34b9e7de19f34de.png,32f4685e25214921b34b9e7de19f34de,3
images/51e4c0f63a4d49dfbbfcaf2ee9927755.jpg,masks/51e4c0f63a4d49dfbbfcaf2ee9927755.png,51e4c0f63a4d49dfbbfcaf2ee9927755,3
images/2224128eae2a4127aad7ff6ea3141193.jpg,masks/2224128eae2a4127aad7ff6ea3141193.png,2224128eae2a4127aad7ff6ea3141193,3
images/0c96c0fa1ab14cf6a0d091467457e2a1.jpg,masks/0c96c0fa1ab14cf6a0d091467457e2a1.png,0c96c0fa1ab14cf6a0d091467457e2a1,3
images/10f990e60e1c493bb4037ee509be0fd0.jpg,masks/10f990e60e1c493bb4037ee509be0fd0.png,10f990e60e1c493bb4037ee509be0fd0,3
images/d44a9a1b3c7d40aaa2091006820e7ff2.jpg,masks/d44a9a1b3c7d40aaa2091006820e7ff2.png,d44a9a1b3c7d40aaa2091006820e7ff2,3
images/af45a043ee444774a61624c8e8c95522.jpg,masks/af45a043ee444774a61624c8e8c95522.png,af45a043ee444774a61624c8e8c95522,3
images/36ee04ed714345078081fe724d7fbe59.jpg,masks/36ee04ed714345078081fe724d7fbe59.png,36ee04ed714345078081fe724d7fbe59,3
images/0e7707bf640b40659c0009749ac789fa.jpg,masks/0e7707bf640b40659c0009749ac789fa.png,0e7707bf640b40659c0009749ac789fa,3
images/81aff59fd031435eb6ac13f1e97465ba.jpg,masks/81aff59fd031435eb6ac13f1e97465ba.png,81aff59fd031435eb6ac13f1e97465ba,3
images/4caceffbd4794210a2b12f5a6152f36d.jpg,masks/4caceffbd4794210a2b12f5a6152f36d.png,4caceffbd4794210a2b12f5a6152f36d,3
images/a2f3b39fbbd3486aa21b9440d8509b07.jpg,masks/a2f3b39fbbd3486aa21b9440d8509b07.png,a2f3b39fbbd3486aa21b9440d8509b07,3
images/ecf4ec3ac8f34f0ea0f2ea94069a4978.jpg,masks/ecf4ec3ac8f34f0ea0f2ea94069a4978.png,ecf4ec3ac8f34f0ea0f2ea94069a4978,3
images/f3188921765844b1afcd10ee9dcd71b8.jpg,masks/f3188921765844b1afcd10ee9dcd71b8.png,f3188921765844b1afcd10ee9dcd71b8,3
images/73a5587133f34147b834987bf1f0c218.jpg,masks/73a5587133f34147b834987bf1f0c218.png,73a5587133f34147b834987bf1f0c218,3
images/609c4d1b8b89470cbea8be1f19a0d828.jpg,masks/609c4d1b8b89470cbea8be1f19a0d828.png,609c4d1b8b89470cbea8be1f19a0d828,3
images/fe4151cb9ff246199bf3ec6e7b1fad88.jpg,masks/fe4151cb9ff246199bf3ec6e7b1fad88.png,fe4151cb9ff246199bf3ec6e7b1fad88,3
images/75129518f60b43f3b6103bce59b6cc8c.jpg,masks/75129518f60b43f3b6103bce59b6cc8c.png,75129518f60b43f3b6103bce59b6cc8c,3
images/71af9f7947f94109990252a36eccf89d.jpg,masks/71af9f7947f94109990252a36eccf89d.png,71af9f7947f94109990252a36eccf89d,3
images/94ca5a7c35c1431eaed30d44e7af2dfd.jpg,masks/94ca5a7c35c1431eaed30d44e7af2dfd.png,94ca5a7c35c1431eaed30d44e7af2dfd,3
images/919b30ae0f864e949e61280450bdba77.jpg,masks/919b30ae0f864e949e61280450bdba77.png,919b30ae0f864e949e61280450bdba77,3
images/f0aa8c53b98d42619b5c96957d197d46.jpg,masks/f0aa8c53b98d42619b5c96957d197d46.png,f0aa8c53b98d42619b5c96957d197d46,3
images/ec6098b2267b43449b2535da67a3154b.jpg,masks/ec6098b2267b43449b2535da67a3154b.png,ec6098b2267b43449b2535da67a3154b,3
images/043fde5cdf53455182755351add8ed8c.jpg,masks/043fde5cdf53455182755351add8ed8c.png,043fde5cdf53455182755351add8ed8c,3
images/b19f19dbe0dd4491bfe4c56f1db578d3.jpg,masks/b19f19dbe0dd4491bfe4c56f1db578d3.png,b19f19dbe0dd4491bfe4c56f1db578d3,3
images/2ca44d8bded64a109ca503e30e9e9512.jpg,masks/2ca44d8bded64a109ca503e30e9e9512.png,2ca44d8bded64a109ca503e30e9e9512,3
images/9e063d4817244a178271a0fbb00f709e.jpg,masks/9e063d4817244a178271a0fbb00f709e.png,9e063d4817244a178271a0fbb00f709e,3
images/075f6d3c830346dca328d2fa57b13aac.jpg,masks/075f6d3c830346dca328d2fa57b13aac.png,075f6d3c830346dca328d2fa57b13aac,3
images/07141c802cf04755b2383904f26bfe29.jpg,masks/07141c802cf04755b2383904f26bfe29.png,07141c802cf04755b2383904f26bfe29,3
images/d4e6bebc8dc54eb8bebbd0b43afb611d.jpg,masks/d4e6bebc8dc54eb8bebbd0b43afb611d.png,d4e6bebc8dc54eb8bebbd0b43afb611d,3
images/432795773e6a47cb996b9edc40f83b9c.jpg,masks/432795773e6a47cb996b9edc40f83b9c.png,432795773e6a47cb996b9edc40f83b9c,3
images/008887b21db0436eb5e2d4ef974198f1.jpg,masks/008887b21db0436eb5e2d4ef974198f1.png,008887b21db0436eb5e2d4ef974198f1,3
images/e1fd81839c094c1cb02e7c6cc4459035.jpg,masks/e1fd81839c094c1cb02e7c6cc4459035.png,e1fd81839c094c1cb02e7c6cc4459035,3
images/83225f8a095240509b11ca0d3e6ba323.jpg,masks/83225f8a095240509b11ca0d3e6ba323.png,83225f8a095240509b11ca0d3e6ba323,3
images/51463a2e8d374489862e1e9534c3b870.jpg,masks/51463a2e8d374489862e1e9534c3b870.png,51463a2e8d374489862e1e9534c3b870,3
images/b5ff09356d124dd5836ea93ba2fe86cf.jpg,masks/b5ff09356d124dd5836ea93ba2fe86cf.png,b5ff09356d124dd5836ea93ba2fe86cf,3
images/b18e600c9ba84378851dd053f47dffae.jpg,masks/b18e600c9ba84378851dd053f47dffae.png,b18e600c9ba84378851dd053f47dffae,3
images/7e44cb94966c49969afd786127f7aa73.jpg,masks/7e44cb94966c49969afd786127f7aa73.png,7e44cb94966c49969afd786127f7aa73,3
images/e3b7e8af02924cc9949e0b066b708263.jpg,masks/e3b7e8af02924cc9949e0b066b708263.png,e3b7e8af02924cc9949e0b066b708263,3
images/a9474996b9a44324afc24d788e2ba495.jpg,masks/a9474996b9a44324afc24d788e2ba495.png,a9474996b9a44324afc24d788e2ba495,3
images/fe99c8d9d856433aab6171c1cd0bf418.jpg,masks/fe99c8d9d856433aab6171c1cd0bf418.png,fe99c8d9d856433aab6171c1cd0bf418,3
images/0327e8dae6c84a4698aedfe0d16ec14e.jpg,masks/0327e8dae6c84a4698aedfe0d16ec14e.png,0327e8dae6c84a4698aedfe0d16ec14e,3
images/e11b7463f8c84e758f79fd64d56c3bc7.jpg,masks/e11b7463f8c84e758f79fd64d56c3bc7.png,e11b7463f8c84e758f79fd64d56c3bc7,3
images/52b234b5054840c7846fc6c00025c51d.jpg,masks/52b234b5054840c7846fc6c00025c51d.png,52b234b5054840c7846fc6c00025c51d,3
images/ae67822008bb4a2492e6263d27647224.jpg,masks/ae67822008bb4a2492e6263d27647224.png,ae67822008bb4a2492e6263d27647224,3
images/80499526446c4c50ac18b5c21947c4eb.jpg,masks/80499526446c4c50ac18b5c21947c4eb.png,80499526446c4c50ac18b5c21947c4eb,3
images/4ca08c4ac89c42d2bf20876b88d95458.jpg,masks/4ca08c4ac89c42d2bf20876b88d95458.png,4ca08c4ac89c42d2bf20876b88d95458,3
images/db9050a0981046d0a07f6724f0cf7f6d.jpg,masks/db9050a0981046d0a07f6724f0cf7f6d.png,db9050a0981046d0a07f6724f0cf7f6d,3
images/bee5809182e74dc88b2c6c8ad34f4c91.jpg,masks/bee5809182e74dc88b2c6c8ad34f4c91.png,bee5809182e74dc88b2c6c8ad34f4c91,3
images/fdb82a69f3a540e2a5ff4931061339fd.jpg,masks/fdb82a69f3a540e2a5ff4931061339fd.png,fdb82a69f3a540e2a5ff4931061339fd,3
images/9aa56691ca1c4ad3a1b044e5dde8b037.jpg,masks/9aa56691ca1c4ad3a1b044e5dde8b037.png,9aa56691ca1c4ad3a1b044e5dde8b037,3
images/fbae032d67fd470d86dc61485d2351fe.jpg,masks/fbae032d67fd470d86dc61485d2351fe.png,fbae032d67fd470d86dc61485d2351fe,3
images/a370facffeaf4276a7b1c34827ed5aef.jpg,masks/a370facffeaf4276a7b1c34827ed5aef.png,a370facffeaf4276a7b1c34827ed5aef,3
images/744ac0cfc7db4c4da7ad99ccc1e76b20.jpg,masks/744ac0cfc7db4c4da7ad99ccc1e76b20.png,744ac0cfc7db4c4da7ad99ccc1e76b20,3
images/3c84551a99934110923ee1883a6785b2.jpg,masks/3c84551a99934110923ee1883a6785b2.png,3c84551a99934110923ee1883a6785b2,3
images/5722230499834dcfada5979f1d2d8bc8.jpg,masks/5722230499834dcfada5979f1d2d8bc8.png,5722230499834dcfada5979f1d2d8bc8,3
images/3f90329ebfdf404d814404dac21b0f60.jpg,masks/3f90329ebfdf404d814404dac21b0f60.png,3f90329ebfdf404d814404dac21b0f60,3
images/3b2e40bc05834be8835c7c34e57c8b5c.jpg,masks/3b2e40bc05834be8835c7c34e57c8b5c.png,3b2e40bc05834be8835c7c34e57c8b5c,3
images/7ba561e521594b2698e2003d2026cd14.jpg,masks/7ba561e521594b2698e2003d2026cd14.png,7ba561e521594b2698e2003d2026cd14,3
images/a213cc96a94b4faca61b15365144d737.jpg,masks/a213cc96a94b4faca61b15365144d737.png,a213cc96a94b4faca61b15365144d737,3
images/bf6577253b11410ca71d0363cb6e4078.jpg,masks/bf6577253b11410ca71d0363cb6e4078.png,bf6577253b11410ca71d0363cb6e4078,3
images/7ca5b9d24edf4b278a31f2b3f6d0cddd.jpg,masks/7ca5b9d24edf4b278a31f2b3f6d0cddd.png,7ca5b9d24edf4b278a31f2b3f6d0cddd,3
images/979fc8fb5afe4a99a91fbeb4c6274ed5.jpg,masks/979fc8fb5afe4a99a91fbeb4c6274ed5.png,979fc8fb5afe4a99a91fbeb4c6274ed5,3
images/831d3d140fc64b068aa4f6ddfbaae6b1.jpg,masks/831d3d140fc64b068aa4f6ddfbaae6b1.png,831d3d140fc64b068aa4f6ddfbaae6b1,3
images/e24a28809a6d4855b0baccfe15f3ee0b.jpg,masks/e24a28809a6d4855b0baccfe15f3ee0b.png,e24a28809a6d4855b0baccfe15f3ee0b,3
images/ecf3ab96c53c4ddab73a346813303767.jpg,masks/ecf3ab96c53c4ddab73a346813303767.png,ecf3ab96c53c4ddab73a346813303767,3
images/8fa3d67b80864f338cbbb468ab93f159.jpg,masks/8fa3d67b80864f338cbbb468ab93f159.png,8fa3d67b80864f338cbbb468ab93f159,3
images/3924a96b7484412481752512a03cfd9d.jpg,masks/3924a96b7484412481752512a03cfd9d.png,3924a96b7484412481752512a03cfd9d,3
images/eff3a0a5f4764992bb2f7483925d06c3.jpg,masks/eff3a0a5f4764992bb2f7483925d06c3.png,eff3a0a5f4764992bb2f7483925d06c3,3
images/0b06595bc5db4b18bb8565c1838e72d8.jpg,masks/0b06595bc5db4b18bb8565c1838e72d8.png,0b06595bc5db4b18bb8565c1838e72d8,3
images/595d73a2fc1b4ad6baca38bf8c53c7bd.jpg,masks/595d73a2fc1b4ad6baca38bf8c53c7bd.png,595d73a2fc1b4ad6baca38bf8c53c7bd,3
images/3da8a88475ee4ee4a91302b0e1293c95.jpg,masks/3da8a88475ee4ee4a91302b0e1293c95.png,3da8a88475ee4ee4a91302b0e1293c95,3
images/820554388cdb465f808d8f18aec7d67a.jpg,masks/820554388cdb465f808d8f18aec7d67a.png,820554388cdb465f808d8f18aec7d67a,3
images/a8b0b594ba014560892e5e434ff14a6b.jpg,masks/a8b0b594ba014560892e5e434ff14a6b.png,a8b0b594ba014560892e5e434ff14a6b,3
images/7f1b1ffb009147eb9fe988d2cd5e5a67.jpg,masks/7f1b1ffb009147eb9fe988d2cd5e5a67.png,7f1b1ffb009147eb9fe988d2cd5e5a67,3
images/8ada011ccf6e4f2383bb0cb76534af4d.jpg,masks/8ada011ccf6e4f2383bb0cb76534af4d.png,8ada011ccf6e4f2383bb0cb76534af4d,3
images/e675cdb06a9b4dc2a7f8fe1a1cb98928.jpg,masks/e675cdb06a9b4dc2a7f8fe1a1cb98928.png,e675cdb06a9b4dc2a7f8fe1a1cb98928,3
images/4e2e0288a82d46609a6adcf14b310283.jpg,masks/4e2e0288a82d46609a6adcf14b310283.png,4e2e0288a82d46609a6adcf14b310283,3
images/1c0391fe0cd34a07b6aeed33fde7c7d8.jpg,masks/1c0391fe0cd34a07b6aeed33fde7c7d8.png,1c0391fe0cd34a07b6aeed33fde7c7d8,3
images/f1123c42655e41e4bd059c63a5dfb643.jpg,masks/f1123c42655e41e4bd059c63a5dfb643.png,f1123c42655e41e4bd059c63a5dfb643,3
images/6d8674c897d24b288b2eef973e703eea.jpg,masks/6d8674c897d24b288b2eef973e703eea.png,6d8674c897d24b288b2eef973e703eea,3
images/c5d5ea8a289048acaf57fb79cf10b0b4.jpg,masks/c5d5ea8a289048acaf57fb79cf10b0b4.png,c5d5ea8a289048acaf57fb79cf10b0b4,3
images/536eab34843b4f6ba45f238b6733559a.jpg,masks/536eab34843b4f6ba45f238b6733559a.png,536eab34843b4f6ba45f238b6733559a,3
images/e14b43cb9d114ac2b6daccf3da366e5e.jpg,masks/e14b43cb9d114ac2b6daccf3da366e5e.png,e14b43cb9d114ac2b6daccf3da366e5e,3
images/39d6aeb3bf29442eacde7528a7089722.jpg,masks/39d6aeb3bf29442eacde7528a7089722.png,39d6aeb3bf29442eacde7528a7089722,3
images/5746431e0ed146b8b329039443465421.jpg,masks/5746431e0ed146b8b329039443465421.png,5746431e0ed146b8b329039443465421,3
images/3329233a22564ea2892c69d7c56f325d.jpg,masks/3329233a22564ea2892c69d7c56f325d.png,3329233a22564ea2892c69d7c56f325d,3
images/fefce71a42e44b8d9a1c6ecc1df9199e.jpg,masks/fefce71a42e44b8d9a1c6ecc1df9199e.png,fefce71a42e44b8d9a1c6ecc1df9199e,3
images/da8af5408cc04474beffbdaf19f007dc.jpg,masks/da8af5408cc04474beffbdaf19f007dc.png,da8af5408cc04474beffbdaf19f007dc,3
images/417d4288fdee4381af07f36052bbc081.jpg,masks/417d4288fdee4381af07f36052bbc081.png,417d4288fdee4381af07f36052bbc081,3
images/3113524172e246ea9a823e2caa4ade9d.jpg,masks/3113524172e246ea9a823e2caa4ade9d.png,3113524172e246ea9a823e2caa4ade9d,3
images/5bfb4615a4c243a6b4545295c6b6c531.jpg,masks/5bfb4615a4c243a6b4545295c6b6c531.png,5bfb4615a4c243a6b4545295c6b6c531,3
images/f44583ae9deb4203a3370fd40271c811.jpg,masks/f44583ae9deb4203a3370fd40271c811.png,f44583ae9deb4203a3370fd40271c811,3
images/48df1f54e6e14b23b2f32e5f2ceb411e.jpg,masks/48df1f54e6e14b23b2f32e5f2ceb411e.png,48df1f54e6e14b23b2f32e5f2ceb411e,3
images/ebc7ffda4ed74137b23ab9aed3513650.jpg,masks/ebc7ffda4ed74137b23ab9aed3513650.png,ebc7ffda4ed74137b23ab9aed3513650,3
images/afb1d897afa146b8b1720ca054aa5679.jpg,masks/afb1d897afa146b8b1720ca054aa5679.png,afb1d897afa146b8b1720ca054aa5679,3
images/96273e03f70b4466845e60b3a1b36a5d.jpg,masks/96273e03f70b4466845e60b3a1b36a5d.png,96273e03f70b4466845e60b3a1b36a5d,3
images/9d6b406cd7c4462a9c0c0aeb8510a652.jpg,masks/9d6b406cd7c4462a9c0c0aeb8510a652.png,9d6b406cd7c4462a9c0c0aeb8510a652,3
images/5893661e1cf7457899a3b956321e6acf.jpg,masks/5893661e1cf7457899a3b956321e6acf.png,5893661e1cf7457899a3b956321e6acf,3
images/20dc8a8f347b4696a403a0efdfd354ef.jpg,masks/20dc8a8f347b4696a403a0efdfd354ef.png,20dc8a8f347b4696a403a0efdfd354ef,3
images/b49a3751b9424128b26fa0607c1c7195.jpg,masks/b49a3751b9424128b26fa0607c1c7195.png,b49a3751b9424128b26fa0607c1c7195,3
images/b05dd43b6e564d65ba3fc99570494955.jpg,masks/b05dd43b6e564d65ba3fc99570494955.png,b05dd43b6e564d65ba3fc99570494955,3
images/1d93d18bfbc3479295c7924e384951d1.jpg,masks/1d93d18bfbc3479295c7924e384951d1.png,1d93d18bfbc3479295c7924e384951d1,3
images/a87a31c79df34ba7831b9f782f181cf1.jpg,masks/a87a31c79df34ba7831b9f782f181cf1.png,a87a31c79df34ba7831b9f782f181cf1,3
images/25a6ae7e21574957a90dec5e1c948e5f.jpg,masks/25a6ae7e21574957a90dec5e1c948e5f.png,25a6ae7e21574957a90dec5e1c948e5f,3
images/f8d02ee84ab74f7995bccfabad3b79fa.jpg,masks/f8d02ee84ab74f7995bccfabad3b79fa.png,f8d02ee84ab74f7995bccfabad3b79fa,3
images/82ce30767deb454287c5ba198241cfc8.jpg,masks/82ce30767deb454287c5ba198241cfc8.png,82ce30767deb454287c5ba198241cfc8,3
images/7e585def288e4f79bb8c9b921eab90be.jpg,masks/7e585def288e4f79bb8c9b921eab90be.png,7e585def288e4f79bb8c9b921eab90be,3
images/7cf5ab38dc6d4a23922db58f2305e974.jpg,masks/7cf5ab38dc6d4a23922db58f2305e974.png,7cf5ab38dc6d4a23922db58f2305e974,3
images/f860acfd1abb410e9d6d29d6a5881b3c.jpg,masks/f860acfd1abb410e9d6d29d6a5881b3c.png,f860acfd1abb410e9d6d29d6a5881b3c,3
images/5f2e1be8afc44ad4b9136ab7538e6ae5.jpg,masks/5f2e1be8afc44ad4b9136ab7538e6ae5.png,5f2e1be8afc44ad4b9136ab7538e6ae5,3
images/8b73c6246ee3420385f05b201dce5d57.jpg,masks/8b73c6246ee3420385f05b201dce5d57.png,8b73c6246ee3420385f05b201dce5d57,3
images/cfa56d8a6e2f491ba5274a49ea289f1c.jpg,masks/cfa56d8a6e2f491ba5274a49ea289f1c.png,cfa56d8a6e2f491ba5274a49ea289f1c,3
images/794e2f8da8bc41bf92c8bdbf6e148f34.jpg,masks/794e2f8da8bc41bf92c8bdbf6e148f34.png,794e2f8da8bc41bf92c8bdbf6e148f34,3
images/a6ec3b265e1945b68e97c449faa8093c.jpg,masks/a6ec3b265e1945b68e97c449faa8093c.png,a6ec3b265e1945b68e97c449faa8093c,3
images/d8be88566f154a17a3d23901f53705cb.jpg,masks/d8be88566f154a17a3d23901f53705cb.png,d8be88566f154a17a3d23901f53705cb,3
images/db7a97edaeb1480f922e96a6d7aa233d.jpg,masks/db7a97edaeb1480f922e96a6d7aa233d.png,db7a97edaeb1480f922e96a6d7aa233d,3
images/d3d7841f241d4bc2a61e4f2536552d70.jpg,masks/d3d7841f241d4bc2a61e4f2536552d70.png,d3d7841f241d4bc2a61e4f2536552d70,3
images/85fa42ccdfbb40b2b8093305ef249781.jpg,masks/85fa42ccdfbb40b2b8093305ef249781.png,85fa42ccdfbb40b2b8093305ef249781,3
images/e1d2b721284e4787a2665c49379b9e7c.jpg,masks/e1d2b721284e4787a2665c49379b9e7c.png,e1d2b721284e4787a2665c49379b9e7c,3
images/6867f8cbfb9c4964bbbdab96690070c4.jpg,masks/6867f8cbfb9c4964bbbdab96690070c4.png,6867f8cbfb9c4964bbbdab96690070c4,3
images/d5ac728058754ab6a33d0eb1da287e16.jpg,masks/d5ac728058754ab6a33d0eb1da287e16.png,d5ac728058754ab6a33d0eb1da287e16,3
images/bfa6f421653f4ee19a89d6c2acf0d0fb.jpg,masks/bfa6f421653f4ee19a89d6c2acf0d0fb.png,bfa6f421653f4ee19a89d6c2acf0d0fb,3
images/c267962e7f874fbb8bbabe03153b711c.jpg,masks/c267962e7f874fbb8bbabe03153b711c.png,c267962e7f874fbb8bbabe03153b711c,3
images/1de81adccf5a40e390374d904540b8d6.jpg,masks/1de81adccf5a40e390374d904540b8d6.png,1de81adccf5a40e390374d904540b8d6,3
images/986aa3a46e81474db5e1ca5291fc8fe6.jpg,masks/986aa3a46e81474db5e1ca5291fc8fe6.png,986aa3a46e81474db5e1ca5291fc8fe6,3
images/bca2b57510c9462988c85157675b216e.jpg,masks/bca2b57510c9462988c85157675b216e.png,bca2b57510c9462988c85157675b216e,3
images/80759bd790a74c2d904cda2320242113.jpg,masks/80759bd790a74c2d904cda2320242113.png,80759bd790a74c2d904cda2320242113,3
images/fa8664e4474c424f9418c2ff898dfb3b.jpg,masks/fa8664e4474c424f9418c2ff898dfb3b.png,fa8664e4474c424f9418c2ff898dfb3b,3
images/f27e94edc65c4b85bb39ea9f249311ef.jpg,masks/f27e94edc65c4b85bb39ea9f249311ef.png,f27e94edc65c4b85bb39ea9f249311ef,3
images/3d0bebb2a0214b2684a9a8aa89024ddf.jpg,masks/3d0bebb2a0214b2684a9a8aa89024ddf.png,3d0bebb2a0214b2684a9a8aa89024ddf,3
images/f66a3c503dee484787eacb2ac99dcec3.jpg,masks/f66a3c503dee484787eacb2ac99dcec3.png,f66a3c503dee484787eacb2ac99dcec3,3
images/1819f2387b2d4eaa929f851bc6fed3eb.jpg,masks/1819f2387b2d4eaa929f851bc6fed3eb.png,1819f2387b2d4eaa929f851bc6fed3eb,3
images/35218bc01586455199947036101c87d9.jpg,masks/35218bc01586455199947036101c87d9.png,35218bc01586455199947036101c87d9,3
images/d2a74c4450254971ba960ecee27f2fec.jpg,masks/d2a74c4450254971ba960ecee27f2fec.png,d2a74c4450254971ba960ecee27f2fec,3
images/80169256e1d64973bd86aa85ff81a3c0.jpg,masks/80169256e1d64973bd86aa85ff81a3c0.png,80169256e1d64973bd86aa85ff81a3c0,3
images/e68d6d0850a24ec0a0f14ec7ba11208f.jpg,masks/e68d6d0850a24ec0a0f14ec7ba11208f.png,e68d6d0850a24ec0a0f14ec7ba11208f,3
images/c2dd5893d6fd425ca64c3da92f20453d.jpg,masks/c2dd5893d6fd425ca64c3da92f20453d.png,c2dd5893d6fd425ca64c3da92f20453d,3
images/47dcde0056af4a9ea1f4c6982203f6d1.jpg,masks/47dcde0056af4a9ea1f4c6982203f6d1.png,47dcde0056af4a9ea1f4c6982203f6d1,3
images/cd5b861f7a4649e0898c98e6369c8cce.jpg,masks/cd5b861f7a4649e0898c98e6369c8cce.png,cd5b861f7a4649e0898c98e6369c8cce,3
images/99e45668e870489a82e28c383298ddc1.jpg,masks/99e45668e870489a82e28c383298ddc1.png,99e45668e870489a82e28c383298ddc1,3
images/f562420f14114e2f89d4b5c9b1a5b997.jpg,masks/f562420f14114e2f89d4b5c9b1a5b997.png,f562420f14114e2f89d4b5c9b1a5b997,3
images/762f5eac3f504f8e972737503a811a0d.jpg,masks/762f5eac3f504f8e972737503a811a0d.png,762f5eac3f504f8e972737503a811a0d,3
images/cb78792551b74cb08694f3a6d87d7c05.jpg,masks/cb78792551b74cb08694f3a6d87d7c05.png,cb78792551b74cb08694f3a6d87d7c05,3
images/f25c7ffa9f654a3b9fa0664108c8938a.jpg,masks/f25c7ffa9f654a3b9fa0664108c8938a.png,f25c7ffa9f654a3b9fa0664108c8938a,3
images/6842386c04414b07a153f07cef7faeaf.jpg,masks/6842386c04414b07a153f07cef7faeaf.png,6842386c04414b07a153f07cef7faeaf,3
images/c0ea5016aa594527b1ead5d018639c19.jpg,masks/c0ea5016aa594527b1ead5d018639c19.png,c0ea5016aa594527b1ead5d018639c19,3
images/da3e29bb2f394ebd9705c11bdae456c6.jpg,masks/da3e29bb2f394ebd9705c11bdae456c6.png,da3e29bb2f394ebd9705c11bdae456c6,3
images/2b14b1ec824c46c9b48b3b0abb3da037.jpg,masks/2b14b1ec824c46c9b48b3b0abb3da037.png,2b14b1ec824c46c9b48b3b0abb3da037,3
images/005a94546c4e49b2be003722642f9430.jpg,masks/005a94546c4e49b2be003722642f9430.png,005a94546c4e49b2be003722642f9430,3
images/620b7119643b475c930d3f069ebd0d40.jpg,masks/620b7119643b475c930d3f069ebd0d40.png,620b7119643b475c930d3f069ebd0d40,3
images/c6ee67aecc7c45bd91b6b7752b6f3f6c.jpg,masks/c6ee67aecc7c45bd91b6b7752b6f3f6c.png,c6ee67aecc7c45bd91b6b7752b6f3f6c,3
images/854a191e1e474b0d9363ca595010a89c.jpg,masks/854a191e1e474b0d9363ca595010a89c.png,854a191e1e474b0d9363ca595010a89c,3
images/81dc73469ee74f9e8b08137dc352e959.jpg,masks/81dc73469ee74f9e8b08137dc352e959.png,81dc73469ee74f9e8b08137dc352e959,3
images/0e17938dd1fc4093bfd47b148c5bbf85.jpg,masks/0e17938dd1fc4093bfd47b148c5bbf85.png,0e17938dd1fc4093bfd47b148c5bbf85,3
images/f3fe8dfde5024f9293b105649f2a8bb6.jpg,masks/f3fe8dfde5024f9293b105649f2a8bb6.png,f3fe8dfde5024f9293b105649f2a8bb6,3
images/a2df7e89eec543478b9114417458c9d8.jpg,masks/a2df7e89eec543478b9114417458c9d8.png,a2df7e89eec543478b9114417458c9d8,3
images/55727f892b3b4e37841f1682437283a2.jpg,masks/55727f892b3b4e37841f1682437283a2.png,55727f892b3b4e37841f1682437283a2,3
images/aa6bd5cb14054905b531c98c42d864a9.jpg,masks/aa6bd5cb14054905b531c98c42d864a9.png,aa6bd5cb14054905b531c98c42d864a9,3
images/6b56f7c40eff4aa49add403efa7da554.jpg,masks/6b56f7c40eff4aa49add403efa7da554.png,6b56f7c40eff4aa49add403efa7da554,3
images/bd69bf86cde640cb9f65e8bcb9508394.jpg,masks/bd69bf86cde640cb9f65e8bcb9508394.png,bd69bf86cde640cb9f65e8bcb9508394,3
images/9eab11e3ea3645a595e9f044a15b44ad.jpg,masks/9eab11e3ea3645a595e9f044a15b44ad.png,9eab11e3ea3645a595e9f044a15b44ad,3
images/e0f036985d2345008bf10897eed625f1.jpg,masks/e0f036985d2345008bf10897eed625f1.png,e0f036985d2345008bf10897eed625f1,3
images/68f21a1a8f5f4ebcb04074f967791024.jpg,masks/68f21a1a8f5f4ebcb04074f967791024.png,68f21a1a8f5f4ebcb04074f967791024,3
images/262552a9be19455585d8afe8f64c6816.jpg,masks/262552a9be19455585d8afe8f64c6816.png,262552a9be19455585d8afe8f64c6816,3
images/d79f606e9a4f4d5bb18360b9077ee8ee.jpg,masks/d79f606e9a4f4d5bb18360b9077ee8ee.png,d79f606e9a4f4d5bb18360b9077ee8ee,3
images/d5abab18703344adb4a3c5a2330de423.jpg,masks/d5abab18703344adb4a3c5a2330de423.png,d5abab18703344adb4a3c5a2330de423,3
images/26d04f9a37a54fdabbe92a862262b6ea.jpg,masks/26d04f9a37a54fdabbe92a862262b6ea.png,26d04f9a37a54fdabbe92a862262b6ea,3
images/5ea5473a50384405a18a928bf13621b3.jpg,masks/5ea5473a50384405a18a928bf13621b3.png,5ea5473a50384405a18a928bf13621b3,3
images/843d74044ffe4aca890d3bf7edcf0b70.jpg,masks/843d74044ffe4aca890d3bf7edcf0b70.png,843d74044ffe4aca890d3bf7edcf0b70,3
images/ced6d15f71d9479d8a0bc7a55058c67a.jpg,masks/ced6d15f71d9479d8a0bc7a55058c67a.png,ced6d15f71d9479d8a0bc7a55058c67a,3
images/c852745fb58548c58f8d4535ca3891ac.jpg,masks/c852745fb58548c58f8d4535ca3891ac.png,c852745fb58548c58f8d4535ca3891ac,3
images/4a014d8f9f144e13b6770734a536e318.jpg,masks/4a014d8f9f144e13b6770734a536e318.png,4a014d8f9f144e13b6770734a536e318,3
images/edbf806816184442b44d2f65f67426c2.jpg,masks/edbf806816184442b44d2f65f67426c2.png,edbf806816184442b44d2f65f67426c2,3
images/116bf28ebda247a69768dd75428ec21c.jpg,masks/116bf28ebda247a69768dd75428ec21c.png,116bf28ebda247a69768dd75428ec21c,3
images/5552c3911fb9492b8017141379513fdf.jpg,masks/5552c3911fb9492b8017141379513fdf.png,5552c3911fb9492b8017141379513fdf,3
images/f33c9878b9884abba743267611585e57.jpg,masks/f33c9878b9884abba743267611585e57.png,f33c9878b9884abba743267611585e57,3
images/e7c8805ef870486091056988a7e16f5b.jpg,masks/e7c8805ef870486091056988a7e16f5b.png,e7c8805ef870486091056988a7e16f5b,3
images/f41c83ac6c8841b59e086387a0489036.jpg,masks/f41c83ac6c8841b59e086387a0489036.png,f41c83ac6c8841b59e086387a0489036,3
images/e8b4fde771e3489fa81d9abc6b5da33f.jpg,masks/e8b4fde771e3489fa81d9abc6b5da33f.png,e8b4fde771e3489fa81d9abc6b5da33f,3
images/4aea6dba7a19421a98f812dbf7db09d6.jpg,masks/4aea6dba7a19421a98f812dbf7db09d6.png,4aea6dba7a19421a98f812dbf7db09d6,3
images/7aaa79a0888f401fbeb930a9f6d6b308.jpg,masks/7aaa79a0888f401fbeb930a9f6d6b308.png,7aaa79a0888f401fbeb930a9f6d6b308,3
images/42568f6f23a045a5a2edcb027e12816c.jpg,masks/42568f6f23a045a5a2edcb027e12816c.png,42568f6f23a045a5a2edcb027e12816c,3
images/886288f4c60c42ee850f67fd08eb43d3.jpg,masks/886288f4c60c42ee850f67fd08eb43d3.png,886288f4c60c42ee850f67fd08eb43d3,3
images/4c3c2c5dbc3949d39421d1d852bf03d1.jpg,masks/4c3c2c5dbc3949d39421d1d852bf03d1.png,4c3c2c5dbc3949d39421d1d852bf03d1,3
images/28a990059a26489fa8d8a140683614a6.jpg,masks/28a990059a26489fa8d8a140683614a6.png,28a990059a26489fa8d8a140683614a6,3
images/a2547c8987454cc6822e42e2079ed301.jpg,masks/a2547c8987454cc6822e42e2079ed301.png,a2547c8987454cc6822e42e2079ed301,3
images/22a9d7b27b6b4a5482275389eb456d5a.jpg,masks/22a9d7b27b6b4a5482275389eb456d5a.png,22a9d7b27b6b4a5482275389eb456d5a,3
images/b2949dcd07d44f9a94cf4405b5d2902d.jpg,masks/b2949dcd07d44f9a94cf4405b5d2902d.png,b2949dcd07d44f9a94cf4405b5d2902d,3
images/ab4e7d01f7484e0c91bcfd881b533ad7.jpg,masks/ab4e7d01f7484e0c91bcfd881b533ad7.png,ab4e7d01f7484e0c91bcfd881b533ad7,3
images/7085d26bec154493b77bdd66e3e863cb.jpg,masks/7085d26bec154493b77bdd66e3e863cb.png,7085d26bec154493b77bdd66e3e863cb,3
images/36710b64f114401a925e4c6fc96fdde3.jpg,masks/36710b64f114401a925e4c6fc96fdde3.png,36710b64f114401a925e4c6fc96fdde3,3
images/907b249623d442b28f717f95555c0c8e.jpg,masks/907b249623d442b28f717f95555c0c8e.png,907b249623d442b28f717f95555c0c8e,3
images/27a232cd810d40b395f828df1c7a0571.jpg,masks/27a232cd810d40b395f828df1c7a0571.png,27a232cd810d40b395f828df1c7a0571,3
images/8a442a0c92df4fa9b4a86c9043140b74.jpg,masks/8a442a0c92df4fa9b4a86c9043140b74.png,8a442a0c92df4fa9b4a86c9043140b74,3
images/7d0d0e40b5754a7583eb1bb1e5b248bf.jpg,masks/7d0d0e40b5754a7583eb1bb1e5b248bf.png,7d0d0e40b5754a7583eb1bb1e5b248bf,3
images/ba8669c00b524ec78b45fae5e568ab80.jpg,masks/ba8669c00b524ec78b45fae5e568ab80.png,ba8669c00b524ec78b45fae5e568ab80,3
images/67c704cc86a54d54b1542f192a02bce4.jpg,masks/67c704cc86a54d54b1542f192a02bce4.png,67c704cc86a54d54b1542f192a02bce4,3
images/5c3597047ed54e11a4d7f1daadea04f0.jpg,masks/5c3597047ed54e11a4d7f1daadea04f0.png,5c3597047ed54e11a4d7f1daadea04f0,3
images/bf7445c92d134288b0593088c4ecc7dc.jpg,masks/bf7445c92d134288b0593088c4ecc7dc.png,bf7445c92d134288b0593088c4ecc7dc,3
images/49cbe0aa7dea43bcb09db96743c2d096.jpg,masks/49cbe0aa7dea43bcb09db96743c2d096.png,49cbe0aa7dea43bcb09db96743c2d096,3
images/32e58eaa0d2445eabbd038ac2f57218e.jpg,masks/32e58eaa0d2445eabbd038ac2f57218e.png,32e58eaa0d2445eabbd038ac2f57218e,3
images/4277afe331614bb2be86b7e1f5ad2ba2.jpg,masks/4277afe331614bb2be86b7e1f5ad2ba2.png,4277afe331614bb2be86b7e1f5ad2ba2,3
images/0e30d25835ef463c93823e0e14f59cdb.jpg,masks/0e30d25835ef463c93823e0e14f59cdb.png,0e30d25835ef463c93823e0e14f59cdb,3
images/29a8f2138f4a4a638efef6558b508328.jpg,masks/29a8f2138f4a4a638efef6558b508328.png,29a8f2138f4a4a638efef6558b508328,3
images/5621b0cc90414e60a1a82928eeed9db8.jpg,masks/5621b0cc90414e60a1a82928eeed9db8.png,5621b0cc90414e60a1a82928eeed9db8,3
images/2ad94c8b322542f6acf29a9993194def.jpg,masks/2ad94c8b322542f6acf29a9993194def.png,2ad94c8b322542f6acf29a9993194def,3
images/31086d3a27d24a2b92cb60886bdb6be1.jpg,masks/31086d3a27d24a2b92cb60886bdb6be1.png,31086d3a27d24a2b92cb60886bdb6be1,3
images/38be76a513f24d1dacf8ae7f2982ef87.jpg,masks/38be76a513f24d1dacf8ae7f2982ef87.png,38be76a513f24d1dacf8ae7f2982ef87,3
images/fc2b48b77d224b6d9a4c8401a1299343.jpg,masks/fc2b48b77d224b6d9a4c8401a1299343.png,fc2b48b77d224b6d9a4c8401a1299343,3
images/b25e6ddaa91f40e9854a0d150294c937.jpg,masks/b25e6ddaa91f40e9854a0d150294c937.png,b25e6ddaa91f40e9854a0d150294c937,3
images/247f39bb97894bdaaca591ccee6db329.jpg,masks/247f39bb97894bdaaca591ccee6db329.png,247f39bb97894bdaaca591ccee6db329,3
images/c1e238eab09449ed9fb5f4f83c8895ab.jpg,masks/c1e238eab09449ed9fb5f4f83c8895ab.png,c1e238eab09449ed9fb5f4f83c8895ab,3
images/28d4fde507ab45e889daf16077eefa4f.jpg,masks/28d4fde507ab45e889daf16077eefa4f.png,28d4fde507ab45e889daf16077eefa4f,3
images/55afce1b1ec643bdb187c92e3204072f.jpg,masks/55afce1b1ec643bdb187c92e3204072f.png,55afce1b1ec643bdb187c92e3204072f,3
images/f41690547bc9431882eda6dff1eee133.jpg,masks/f41690547bc9431882eda6dff1eee133.png,f41690547bc9431882eda6dff1eee133,3
images/4ea92ed9d87549e8998bf2bcf13186b1.jpg,masks/4ea92ed9d87549e8998bf2bcf13186b1.png,4ea92ed9d87549e8998bf2bcf13186b1,3
images/312974164b6e47e897b40e5d502dd767.jpg,masks/312974164b6e47e897b40e5d502dd767.png,312974164b6e47e897b40e5d502dd767,3
images/e000c039c9df419c9d8fa26a3ff7c520.jpg,masks/e000c039c9df419c9d8fa26a3ff7c520.png,e000c039c9df419c9d8fa26a3ff7c520,3
images/21a77113109645f898fb49298ec1e7d6.jpg,masks/21a77113109645f898fb49298ec1e7d6.png,21a77113109645f898fb49298ec1e7d6,3
images/b12e27b6081c412d9dc86730d50c87a3.jpg,masks/b12e27b6081c412d9dc86730d50c87a3.png,b12e27b6081c412d9dc86730d50c87a3,3
images/adc6af2bbfbb4affbe639230529476ae.jpg,masks/adc6af2bbfbb4affbe639230529476ae.png,adc6af2bbfbb4affbe639230529476ae,3
images/3cce116179064f31aee6c377b1c903df.jpg,masks/3cce116179064f31aee6c377b1c903df.png,3cce116179064f31aee6c377b1c903df,3
images/5f47dcf46c2b43fc9df3fbcd054b59ad.jpg,masks/5f47dcf46c2b43fc9df3fbcd054b59ad.png,5f47dcf46c2b43fc9df3fbcd054b59ad,3
images/8703c24d39f74517afa4859800bed2bc.jpg,masks/8703c24d39f74517afa4859800bed2bc.png,8703c24d39f74517afa4859800bed2bc,3
images/a105d462e1924dba82b4fb4d89f26067.jpg,masks/a105d462e1924dba82b4fb4d89f26067.png,a105d462e1924dba82b4fb4d89f26067,3
images/4c50d4bd6fec445a85e3fd3202f5465f.jpg,masks/4c50d4bd6fec445a85e3fd3202f5465f.png,4c50d4bd6fec445a85e3fd3202f5465f,3
images/418d7e7d356f411d80cefcc178ba1803.jpg,masks/418d7e7d356f411d80cefcc178ba1803.png,418d7e7d356f411d80cefcc178ba1803,3
images/3a5be2553bc141318e349f6e5a26fcdb.jpg,masks/3a5be2553bc141318e349f6e5a26fcdb.png,3a5be2553bc141318e349f6e5a26fcdb,3
images/71376e425f4d4d9f8d3612a74815bcff.jpg,masks/71376e425f4d4d9f8d3612a74815bcff.png,71376e425f4d4d9f8d3612a74815bcff,3
images/2de87e8287724acc9ce2d736080dc10d.jpg,masks/2de87e8287724acc9ce2d736080dc10d.png,2de87e8287724acc9ce2d736080dc10d,3
images/44025c2d52fe4699b63553685c9d03bf.jpg,masks/44025c2d52fe4699b63553685c9d03bf.png,44025c2d52fe4699b63553685c9d03bf,3
images/2d46817d33dd4b389ff167604ef1e548.jpg,masks/2d46817d33dd4b389ff167604ef1e548.png,2d46817d33dd4b389ff167604ef1e548,3
images/63e1621864ce409f809d417cf4abcfd3.jpg,masks/63e1621864ce409f809d417cf4abcfd3.png,63e1621864ce409f809d417cf4abcfd3,3
images/75c32c017a09442da9a1621b461d9f14.jpg,masks/75c32c017a09442da9a1621b461d9f14.png,75c32c017a09442da9a1621b461d9f14,3
images/f170322daf57474785de9234d3ae4ca8.jpg,masks/f170322daf57474785de9234d3ae4ca8.png,f170322daf57474785de9234d3ae4ca8,3
images/c469ac47e2a0475c98f31306a45b5846.jpg,masks/c469ac47e2a0475c98f31306a45b5846.png,c469ac47e2a0475c98f31306a45b5846,3
images/f2d0e909f8a34a29b6d5ba8632d14118.jpg,masks/f2d0e909f8a34a29b6d5ba8632d14118.png,f2d0e909f8a34a29b6d5ba8632d14118,3
images/7a2a4c6894bc48d9be64b069cfa0b509.jpg,masks/7a2a4c6894bc48d9be64b069cfa0b509.png,7a2a4c6894bc48d9be64b069cfa0b509,3
images/3f4398885b3a40febc8cfd4f12a8e148.jpg,masks/3f4398885b3a40febc8cfd4f12a8e148.png,3f4398885b3a40febc8cfd4f12a8e148,3
images/a8dc1e80390e40d780432d32af8071eb.jpg,masks/a8dc1e80390e40d780432d32af8071eb.png,a8dc1e80390e40d780432d32af8071eb,3
images/dfebe19f6602402996dce8de6fb516f8.jpg,masks/dfebe19f6602402996dce8de6fb516f8.png,dfebe19f6602402996dce8de6fb516f8,3
images/5c9816e585f8420293ff94d15e282ea4.jpg,masks/5c9816e585f8420293ff94d15e282ea4.png,5c9816e585f8420293ff94d15e282ea4,3
images/11bfad96d7f347aaa2868077411e6006.jpg,masks/11bfad96d7f347aaa2868077411e6006.png,11bfad96d7f347aaa2868077411e6006,3
images/de4287bd19de460aa09b6e303187f939.jpg,masks/de4287bd19de460aa09b6e303187f939.png,de4287bd19de460aa09b6e303187f939,3
images/02c088b6d2ff484e822a22d4a0e9e220.jpg,masks/02c088b6d2ff484e822a22d4a0e9e220.png,02c088b6d2ff484e822a22d4a0e9e220,3
images/3f46475e35b84819b72e62b4054d5f96.jpg,masks/3f46475e35b84819b72e62b4054d5f96.png,3f46475e35b84819b72e62b4054d5f96,3
images/0f8c4b7edfae4ca4aab087a4be33d853.jpg,masks/0f8c4b7edfae4ca4aab087a4be33d853.png,0f8c4b7edfae4ca4aab087a4be33d853,3
images/efec83f6402e4a4cbbae0e595c86b33b.jpg,masks/efec83f6402e4a4cbbae0e595c86b33b.png,efec83f6402e4a4cbbae0e595c86b33b,3
images/a7185495c9eb4e5a984740ea0fe5f6eb.jpg,masks/a7185495c9eb4e5a984740ea0fe5f6eb.png,a7185495c9eb4e5a984740ea0fe5f6eb,3
images/824e0ffb7d284471b842d528344ce438.jpg,masks/824e0ffb7d284471b842d528344ce438.png,824e0ffb7d284471b842d528344ce438,3
images/5070a60d980b40caa45292bb75e41ce2.jpg,masks/5070a60d980b40caa45292bb75e41ce2.png,5070a60d980b40caa45292bb75e41ce2,3
images/d6906020b449456eb7e5c07b2866c4c8.jpg,masks/d6906020b449456eb7e5c07b2866c4c8.png,d6906020b449456eb7e5c07b2866c4c8,3
images/d25b95d03a8c437582a3c8f85299dd8a.jpg,masks/d25b95d03a8c437582a3c8f85299dd8a.png,d25b95d03a8c437582a3c8f85299dd8a,3
images/a152693393b24c3595a0a0598dc66d89.jpg,masks/a152693393b24c3595a0a0598dc66d89.png,a152693393b24c3595a0a0598dc66d89,3
images/50f42546230945ffbca2b4a1c405e251.jpg,masks/50f42546230945ffbca2b4a1c405e251.png,50f42546230945ffbca2b4a1c405e251,3
images/0ced0c24888c4bf18fcda6f403a97256.jpg,masks/0ced0c24888c4bf18fcda6f403a97256.png,0ced0c24888c4bf18fcda6f403a97256,3
images/0709e11172b8446cb121de2bafadd893.jpg,masks/0709e11172b8446cb121de2bafadd893.png,0709e11172b8446cb121de2bafadd893,3
images/aad93495ff974f4084b913c9575aa277.jpg,masks/aad93495ff974f4084b913c9575aa277.png,aad93495ff974f4084b913c9575aa277,3
images/8c4f7c33238d42ea9388b399d690a537.jpg,masks/8c4f7c33238d42ea9388b399d690a537.png,8c4f7c33238d42ea9388b399d690a537,3
images/02f41b044e1147beac0666a170a0673b.jpg,masks/02f41b044e1147beac0666a170a0673b.png,02f41b044e1147beac0666a170a0673b,3
images/8c06c0721cff497aa355f140b6b74c7b.jpg,masks/8c06c0721cff497aa355f140b6b74c7b.png,8c06c0721cff497aa355f140b6b74c7b,3
images/80d42ccc99924175830bcba8b65a8388.jpg,masks/80d42ccc99924175830bcba8b65a8388.png,80d42ccc99924175830bcba8b65a8388,3
images/84e1a58a093b4b61b28452d17973be64.jpg,masks/84e1a58a093b4b61b28452d17973be64.png,84e1a58a093b4b61b28452d17973be64,3
images/9fcc074db1334d89afe658e307a323b9.jpg,masks/9fcc074db1334d89afe658e307a323b9.png,9fcc074db1334d89afe658e307a323b9,3
images/d8e8a57d81234a6cb1e65f1153c3cea3.jpg,masks/d8e8a57d81234a6cb1e65f1153c3cea3.png,d8e8a57d81234a6cb1e65f1153c3cea3,3
images/becdd063fc5b45b2b892e4cb0543d7cb.jpg,masks/becdd063fc5b45b2b892e4cb0543d7cb.png,becdd063fc5b45b2b892e4cb0543d7cb,3
images/9bd62f06fc9e4f2cbe707c229265297d.jpg,masks/9bd62f06fc9e4f2cbe707c229265297d.png,9bd62f06fc9e4f2cbe707c229265297d,3
images/aa295a759d4041909cdf0ce7bdf30c3d.jpg,masks/aa295a759d4041909cdf0ce7bdf30c3d.png,aa295a759d4041909cdf0ce7bdf30c3d,3
images/6554751b7dd34f8096b2628238795a3b.jpg,masks/6554751b7dd34f8096b2628238795a3b.png,6554751b7dd34f8096b2628238795a3b,3
images/33500493c1664f06a917af3a7d4240e3.jpg,masks/33500493c1664f06a917af3a7d4240e3.png,33500493c1664f06a917af3a7d4240e3,3
images/fb601ff54c834fddaf3b14c44709c836.jpg,masks/fb601ff54c834fddaf3b14c44709c836.png,fb601ff54c834fddaf3b14c44709c836,3
images/d301c74b596c43ca8a01f5147d8bb643.jpg,masks/d301c74b596c43ca8a01f5147d8bb643.png,d301c74b596c43ca8a01f5147d8bb643,3
images/d867654af06f468581246c07861ec0b1.jpg,masks/d867654af06f468581246c07861ec0b1.png,d867654af06f468581246c07861ec0b1,3
images/51e51158b1384d249cbd5edca49e2f86.jpg,masks/51e51158b1384d249cbd5edca49e2f86.png,51e51158b1384d249cbd5edca49e2f86,3
images/8262ada4fa5745969785c8cebac9a173.jpg,masks/8262ada4fa5745969785c8cebac9a173.png,8262ada4fa5745969785c8cebac9a173,3
images/17e779e1dbe3404aaf190f5bd4107dcf.jpg,masks/17e779e1dbe3404aaf190f5bd4107dcf.png,17e779e1dbe3404aaf190f5bd4107dcf,3
images/d25cb1129ac9452fa3d1908f912f496d.jpg,masks/d25cb1129ac9452fa3d1908f912f496d.png,d25cb1129ac9452fa3d1908f912f496d,3
images/8c7e88d40ea348b088858475387ce3d3.jpg,masks/8c7e88d40ea348b088858475387ce3d3.png,8c7e88d40ea348b088858475387ce3d3,3
images/c878a2fbcfa24c3b901bf26f88992432.jpg,masks/c878a2fbcfa24c3b901bf26f88992432.png,c878a2fbcfa24c3b901bf26f88992432,3
images/5a1294eda6ba488b83c25413d9fa271b.jpg,masks/5a1294eda6ba488b83c25413d9fa271b.png,5a1294eda6ba488b83c25413d9fa271b,3
images/b7d15ab9ae8e4f868b970eeb87ee53c3.jpg,masks/b7d15ab9ae8e4f868b970eeb87ee53c3.png,b7d15ab9ae8e4f868b970eeb87ee53c3,3
images/d7367c319ca647cd84c88551a0abbf09.jpg,masks/d7367c319ca647cd84c88551a0abbf09.png,d7367c319ca647cd84c88551a0abbf09,3
images/b8268267869d496596f8ab7771ebba3a.jpg,masks/b8268267869d496596f8ab7771ebba3a.png,b8268267869d496596f8ab7771ebba3a,3
images/d72e9ce8f05a40b894ea89f693df9d9c.jpg,masks/d72e9ce8f05a40b894ea89f693df9d9c.png,d72e9ce8f05a40b894ea89f693df9d9c,3
images/55a583bf977b4b17b81cb459caeb537c.jpg,masks/55a583bf977b4b17b81cb459caeb537c.png,55a583bf977b4b17b81cb459caeb537c,3
images/aede9379255648119297a0934c97b42d.jpg,masks/aede9379255648119297a0934c97b42d.png,aede9379255648119297a0934c97b42d,3
images/ec9db265d9b8410e8ac766724cef0478.jpg,masks/ec9db265d9b8410e8ac766724cef0478.png,ec9db265d9b8410e8ac766724cef0478,3
images/016da4dd6d574eb3bb636e97a708b85f.jpg,masks/016da4dd6d574eb3bb636e97a708b85f.png,016da4dd6d574eb3bb636e97a708b85f,3
images/a5919873a4164d3fadbbb34ef86a6510.jpg,masks/a5919873a4164d3fadbbb34ef86a6510.png,a5919873a4164d3fadbbb34ef86a6510,3
images/c2adb4e5d3274768884feb352b9399e5.jpg,masks/c2adb4e5d3274768884feb352b9399e5.png,c2adb4e5d3274768884feb352b9399e5,3
images/849024d3f28b442c9f0d88520c34be72.jpg,masks/849024d3f28b442c9f0d88520c34be72.png,849024d3f28b442c9f0d88520c34be72,3
images/b592290617f04f2e8acedb8d21ce1616.jpg,masks/b592290617f04f2e8acedb8d21ce1616.png,b592290617f04f2e8acedb8d21ce1616,3
images/0c14d67fac4142f089b248d3b7440bb1.jpg,masks/0c14d67fac4142f089b248d3b7440bb1.png,0c14d67fac4142f089b248d3b7440bb1,3
images/bb377fb5166447f59ebc50ef98a746ba.jpg,masks/bb377fb5166447f59ebc50ef98a746ba.png,bb377fb5166447f59ebc50ef98a746ba,3
images/efa11374ffd847e0b66f1d1926a0f26a.jpg,masks/efa11374ffd847e0b66f1d1926a0f26a.png,efa11374ffd847e0b66f1d1926a0f26a,3
images/225704b52f3b447a820308f072926ddb.jpg,masks/225704b52f3b447a820308f072926ddb.png,225704b52f3b447a820308f072926ddb,3
images/9b3e819e2486490abad880333581a9d6.jpg,masks/9b3e819e2486490abad880333581a9d6.png,9b3e819e2486490abad880333581a9d6,3
images/945c286ef360483583cba711dc7fb967.jpg,masks/945c286ef360483583cba711dc7fb967.png,945c286ef360483583cba711dc7fb967,3
images/b8393a5563094d3188d63ab975ee656a.jpg,masks/b8393a5563094d3188d63ab975ee656a.png,b8393a5563094d3188d63ab975ee656a,3
images/f0b12050b35145ecb438d105ae1f2fe3.jpg,masks/f0b12050b35145ecb438d105ae1f2fe3.png,f0b12050b35145ecb438d105ae1f2fe3,3
images/4ffdf17e494642ba8162825d09f82bd1.jpg,masks/4ffdf17e494642ba8162825d09f82bd1.png,4ffdf17e494642ba8162825d09f82bd1,3
images/c53341339c2c430ea8902f7476d1f00f.jpg,masks/c53341339c2c430ea8902f7476d1f00f.png,c53341339c2c430ea8902f7476d1f00f,3
images/cae16813dbc54725a9ac14dfb7c8bde8.jpg,masks/cae16813dbc54725a9ac14dfb7c8bde8.png,cae16813dbc54725a9ac14dfb7c8bde8,3
images/a2f0ece41c99416f9a2f033f244f35d0.jpg,masks/a2f0ece41c99416f9a2f033f244f35d0.png,a2f0ece41c99416f9a2f033f244f35d0,3
images/4c2c2c27c65a491fa02df4473d6a8b27.jpg,masks/4c2c2c27c65a491fa02df4473d6a8b27.png,4c2c2c27c65a491fa02df4473d6a8b27,3
images/96caf7d27678496291ac9f6123161ca4.jpg,masks/96caf7d27678496291ac9f6123161ca4.png,96caf7d27678496291ac9f6123161ca4,3
images/6f734115a3fd483aa9d96ff86b239655.jpg,masks/6f734115a3fd483aa9d96ff86b239655.png,6f734115a3fd483aa9d96ff86b239655,3
images/95b1b7cda9e845359cea6f0308420f59.jpg,masks/95b1b7cda9e845359cea6f0308420f59.png,95b1b7cda9e845359cea6f0308420f59,3
images/b9aeb7c3c7af4c1198d9bbc8b2580137.jpg,masks/b9aeb7c3c7af4c1198d9bbc8b2580137.png,b9aeb7c3c7af4c1198d9bbc8b2580137,3
images/78bc8f9788c9484481eea3f623ddc6d0.jpg,masks/78bc8f9788c9484481eea3f623ddc6d0.png,78bc8f9788c9484481eea3f623ddc6d0,3
images/17228a380576497398288f6c145789da.jpg,masks/17228a380576497398288f6c145789da.png,17228a380576497398288f6c145789da,3
images/1d90a29336f9434c8c897d4856f3fe56.jpg,masks/1d90a29336f9434c8c897d4856f3fe56.png,1d90a29336f9434c8c897d4856f3fe56,3
images/165ed53dbb6840298573e57b58456cb7.jpg,masks/165ed53dbb6840298573e57b58456cb7.png,165ed53dbb6840298573e57b58456cb7,3
images/8f43ed3b1e874b03b7baebf6bf8d2ff8.jpg,masks/8f43ed3b1e874b03b7baebf6bf8d2ff8.png,8f43ed3b1e874b03b7baebf6bf8d2ff8,3
images/d3d7d3be42314cb69185217211310467.jpg,masks/d3d7d3be42314cb69185217211310467.png,d3d7d3be42314cb69185217211310467,3
images/c80fc093852c43989f9075b2c73cf9ac.jpg,masks/c80fc093852c43989f9075b2c73cf9ac.png,c80fc093852c43989f9075b2c73cf9ac,3
images/901ebe11b82b4c498028802d25d70848.jpg,masks/901ebe11b82b4c498028802d25d70848.png,901ebe11b82b4c498028802d25d70848,3
images/c515886597d24af3a95eec9d51e0a59e.jpg,masks/c515886597d24af3a95eec9d51e0a59e.png,c515886597d24af3a95eec9d51e0a59e,3
images/1080fd39bc9f4975b422905e7ad5ea28.jpg,masks/1080fd39bc9f4975b422905e7ad5ea28.png,1080fd39bc9f4975b422905e7ad5ea28,3
images/40d35a7fa66f42dda0b6a1b8f57ed33f.jpg,masks/40d35a7fa66f42dda0b6a1b8f57ed33f.png,40d35a7fa66f42dda0b6a1b8f57ed33f,3
images/8ac7b2f8c85a4a74a7605992432fb2fe.jpg,masks/8ac7b2f8c85a4a74a7605992432fb2fe.png,8ac7b2f8c85a4a74a7605992432fb2fe,3
images/5ef88c57d3ae4e6fbfb541e6259e9d97.jpg,masks/5ef88c57d3ae4e6fbfb541e6259e9d97.png,5ef88c57d3ae4e6fbfb541e6259e9d97,3
images/85ee98d4a397493788566dadf7ffc785.jpg,masks/85ee98d4a397493788566dadf7ffc785.png,85ee98d4a397493788566dadf7ffc785,3
images/35fd1d0d3e1d41dea5a594814b456512.jpg,masks/35fd1d0d3e1d41dea5a594814b456512.png,35fd1d0d3e1d41dea5a594814b456512,3
images/8f39a33528934d569c3f56080050e380.jpg,masks/8f39a33528934d569c3f56080050e380.png,8f39a33528934d569c3f56080050e380,3
images/5ca3c344605343e58609a4c1f7b3f4a9.jpg,masks/5ca3c344605343e58609a4c1f7b3f4a9.png,5ca3c344605343e58609a4c1f7b3f4a9,3
images/c6f8d0a0048741a0b7efe332d6c01fef.jpg,masks/c6f8d0a0048741a0b7efe332d6c01fef.png,c6f8d0a0048741a0b7efe332d6c01fef,3
images/6f93d14d25184c4a9cf4462efb751e9f.jpg,masks/6f93d14d25184c4a9cf4462efb751e9f.png,6f93d14d25184c4a9cf4462efb751e9f,3
images/b59fecef4c114c6a9d91812f72ee8a10.jpg,masks/b59fecef4c114c6a9d91812f72ee8a10.png,b59fecef4c114c6a9d91812f72ee8a10,3
images/852abc1c991d4154a51e096b7b1f7eda.jpg,masks/852abc1c991d4154a51e096b7b1f7eda.png,852abc1c991d4154a51e096b7b1f7eda,3
images/a156d6fafcfa4c87a8e02b2e4fd255d0.jpg,masks/a156d6fafcfa4c87a8e02b2e4fd255d0.png,a156d6fafcfa4c87a8e02b2e4fd255d0,3
images/e545464b4f924d148223bdea17bfaf75.jpg,masks/e545464b4f924d148223bdea17bfaf75.png,e545464b4f924d148223bdea17bfaf75,3
images/f9c869804b2546f8b3c3074f4b491589.jpg,masks/f9c869804b2546f8b3c3074f4b491589.png,f9c869804b2546f8b3c3074f4b491589,3
images/892f9b5fb6ed4dfcb7d07bbb1cf65341.jpg,masks/892f9b5fb6ed4dfcb7d07bbb1cf65341.png,892f9b5fb6ed4dfcb7d07bbb1cf65341,3
images/67777c5d1ffb4454be0d6095e404bfd4.jpg,masks/67777c5d1ffb4454be0d6095e404bfd4.png,67777c5d1ffb4454be0d6095e404bfd4,3
images/f79fb66de5bf400f81ae8f25bccdc8b8.jpg,masks/f79fb66de5bf400f81ae8f25bccdc8b8.png,f79fb66de5bf400f81ae8f25bccdc8b8,3
images/b4d3192252c94584b3a69a96fdcc8d18.jpg,masks/b4d3192252c94584b3a69a96fdcc8d18.png,b4d3192252c94584b3a69a96fdcc8d18,3
images/f484cb5ad1dc487586d79aa9f8acc81e.jpg,masks/f484cb5ad1dc487586d79aa9f8acc81e.png,f484cb5ad1dc487586d79aa9f8acc81e,3
images/a7a95b1768d1409297c47dcb0fe90e24.jpg,masks/a7a95b1768d1409297c47dcb0fe90e24.png,a7a95b1768d1409297c47dcb0fe90e24,3
images/08978e0a0ecd469c8f84dfa69fa3dad3.jpg,masks/08978e0a0ecd469c8f84dfa69fa3dad3.png,08978e0a0ecd469c8f84dfa69fa3dad3,3
images/53fd44a8d3b04694b9b1a692ad9c5423.jpg,masks/53fd44a8d3b04694b9b1a692ad9c5423.png,53fd44a8d3b04694b9b1a692ad9c5423,3
images/40bb8d6fe27440a3a6d1e1157464aa30.jpg,masks/40bb8d6fe27440a3a6d1e1157464aa30.png,40bb8d6fe27440a3a6d1e1157464aa30,3
images/f1f9032e2e804b4da1b93d8a4e8cea99.jpg,masks/f1f9032e2e804b4da1b93d8a4e8cea99.png,f1f9032e2e804b4da1b93d8a4e8cea99,3
images/05b3ae8884a941cdaf413f9fa9e78362.jpg,masks/05b3ae8884a941cdaf413f9fa9e78362.png,05b3ae8884a941cdaf413f9fa9e78362,3
images/4b63da8c28f447f581d77f5f0b8cef31.jpg,masks/4b63da8c28f447f581d77f5f0b8cef31.png,4b63da8c28f447f581d77f5f0b8cef31,3
images/fad7752d5c2b4ec9aba7965961cb1012.jpg,masks/fad7752d5c2b4ec9aba7965961cb1012.png,fad7752d5c2b4ec9aba7965961cb1012,3
images/8037c8d1c4474c72afff8c6b4fc49fef.jpg,masks/8037c8d1c4474c72afff8c6b4fc49fef.png,8037c8d1c4474c72afff8c6b4fc49fef,3
images/05d028ebc2984ccdbe7ff253611bde58.jpg,masks/05d028ebc2984ccdbe7ff253611bde58.png,05d028ebc2984ccdbe7ff253611bde58,3
images/2de61b7c2f5846efaaf5d49672e6398f.jpg,masks/2de61b7c2f5846efaaf5d49672e6398f.png,2de61b7c2f5846efaaf5d49672e6398f,3
images/e809c313eb1f43919c173ec52ebf8c65.jpg,masks/e809c313eb1f43919c173ec52ebf8c65.png,e809c313eb1f43919c173ec52ebf8c65,3
images/946b5bb81be5499ead37f324aa9c8127.jpg,masks/946b5bb81be5499ead37f324aa9c8127.png,946b5bb81be5499ead37f324aa9c8127,3
images/c2754fb6740d4a78bd184626bdfa8d22.jpg,masks/c2754fb6740d4a78bd184626bdfa8d22.png,c2754fb6740d4a78bd184626bdfa8d22,3
images/c2527ef8782f42eb865bf25b1e2b07f8.jpg,masks/c2527ef8782f42eb865bf25b1e2b07f8.png,c2527ef8782f42eb865bf25b1e2b07f8,3
images/2433cc8b2fef4b7d9aab4186c54bed00.jpg,masks/2433cc8b2fef4b7d9aab4186c54bed00.png,2433cc8b2fef4b7d9aab4186c54bed00,3
images/08c3773787eb40c893b4c3799a2875f1.jpg,masks/08c3773787eb40c893b4c3799a2875f1.png,08c3773787eb40c893b4c3799a2875f1,3
images/4acf94c9bed3405a8d305df41870637a.jpg,masks/4acf94c9bed3405a8d305df41870637a.png,4acf94c9bed3405a8d305df41870637a,3
images/01160b7293e54a2aa4afb7684758023f.jpg,masks/01160b7293e54a2aa4afb7684758023f.png,01160b7293e54a2aa4afb7684758023f,3
images/18d5f4c76449482384289a289e68b969.jpg,masks/18d5f4c76449482384289a289e68b969.png,18d5f4c76449482384289a289e68b969,3
images/181b0d48b2f64fbca583372094462b6c.jpg,masks/181b0d48b2f64fbca583372094462b6c.png,181b0d48b2f64fbca583372094462b6c,3
images/f72dec3bf7474c4b8d02c415a7a2517b.jpg,masks/f72dec3bf7474c4b8d02c415a7a2517b.png,f72dec3bf7474c4b8d02c415a7a2517b,3
images/4d72dda6ce79403abd3642c8e1259640.jpg,masks/4d72dda6ce79403abd3642c8e1259640.png,4d72dda6ce79403abd3642c8e1259640,3
images/e168d6b6950b421f97ea8a4c874e8312.jpg,masks/e168d6b6950b421f97ea8a4c874e8312.png,e168d6b6950b421f97ea8a4c874e8312,3
images/fd4e99edaf9442468ac58e8752322462.jpg,masks/fd4e99edaf9442468ac58e8752322462.png,fd4e99edaf9442468ac58e8752322462,3
images/9a140a13915647d9b6429c068f61394b.jpg,masks/9a140a13915647d9b6429c068f61394b.png,9a140a13915647d9b6429c068f61394b,3
images/f1bc7ca1075a4f0aabf816e7701d1fa6.jpg,masks/f1bc7ca1075a4f0aabf816e7701d1fa6.png,f1bc7ca1075a4f0aabf816e7701d1fa6,3
images/e67ceed1c569463e90a2de6144bf8945.jpg,masks/e67ceed1c569463e90a2de6144bf8945.png,e67ceed1c569463e90a2de6144bf8945,3
images/275337aa8d0145fa90d8534b6100d64d.jpg,masks/275337aa8d0145fa90d8534b6100d64d.png,275337aa8d0145fa90d8534b6100d64d,3
images/6e422515dae74df0835d639d1934f84e.jpg,masks/6e422515dae74df0835d639d1934f84e.png,6e422515dae74df0835d639d1934f84e,3
images/731d2ae47e10466c8623ad6b46243f40.jpg,masks/731d2ae47e10466c8623ad6b46243f40.png,731d2ae47e10466c8623ad6b46243f40,3
images/45e7eaf9dc6d4612af56a1b8c45d77dd.jpg,masks/45e7eaf9dc6d4612af56a1b8c45d77dd.png,45e7eaf9dc6d4612af56a1b8c45d77dd,3
images/8a63f0f037d94bb299f39e247086ed1a.jpg,masks/8a63f0f037d94bb299f39e247086ed1a.png,8a63f0f037d94bb299f39e247086ed1a,3
images/884f6bf5c17a4ee79e5075718fd007df.jpg,masks/884f6bf5c17a4ee79e5075718fd007df.png,884f6bf5c17a4ee79e5075718fd007df,3
images/93d667e7a542442d90b3be974aca3172.jpg,masks/93d667e7a542442d90b3be974aca3172.png,93d667e7a542442d90b3be974aca3172,3
images/a23f5a7c63be4552b2eca86fbe6369ea.jpg,masks/a23f5a7c63be4552b2eca86fbe6369ea.png,a23f5a7c63be4552b2eca86fbe6369ea,3
images/bf8136dd76614dc6b8eb35a8c4ef348b.jpg,masks/bf8136dd76614dc6b8eb35a8c4ef348b.png,bf8136dd76614dc6b8eb35a8c4ef348b,3
images/a3535145c80145fa9c871b27cefa2cec.jpg,masks/a3535145c80145fa9c871b27cefa2cec.png,a3535145c80145fa9c871b27cefa2cec,3
images/28c0a6a93429455dab260de774295dff.jpg,masks/28c0a6a93429455dab260de774295dff.png,28c0a6a93429455dab260de774295dff,3
images/1a9b7e540b3944509c91efedaa1c007d.jpg,masks/1a9b7e540b3944509c91efedaa1c007d.png,1a9b7e540b3944509c91efedaa1c007d,3
images/2afd5c7889ac457e8c6cbc6b3d18f6fa.jpg,masks/2afd5c7889ac457e8c6cbc6b3d18f6fa.png,2afd5c7889ac457e8c6cbc6b3d18f6fa,3
images/9cc428725d7f4b2ca36458ac19292d70.jpg,masks/9cc428725d7f4b2ca36458ac19292d70.png,9cc428725d7f4b2ca36458ac19292d70,3
images/1c00abdc4d654838bf74013ed068049d.jpg,masks/1c00abdc4d654838bf74013ed068049d.png,1c00abdc4d654838bf74013ed068049d,3
images/8371fa9f7e5a461e9a7b0fb731d332e2.jpg,masks/8371fa9f7e5a461e9a7b0fb731d332e2.png,8371fa9f7e5a461e9a7b0fb731d332e2,3
images/34889274e5144887932037b71528612d.jpg,masks/34889274e5144887932037b71528612d.png,34889274e5144887932037b71528612d,3
images/f232fea13cef4a32843eec28647dff2f.jpg,masks/f232fea13cef4a32843eec28647dff2f.png,f232fea13cef4a32843eec28647dff2f,3
images/c26ec3c1f115444f9485bd13865f3c88.jpg,masks/c26ec3c1f115444f9485bd13865f3c88.png,c26ec3c1f115444f9485bd13865f3c88,3
images/ecdfaca162ef4ef9ac064322a0575586.jpg,masks/ecdfaca162ef4ef9ac064322a0575586.png,ecdfaca162ef4ef9ac064322a0575586,3
images/cd6bff736ef4465cb3bb66ab30142916.jpg,masks/cd6bff736ef4465cb3bb66ab30142916.png,cd6bff736ef4465cb3bb66ab30142916,3
images/9ea695f25d5b448f872600b44cb9d945.jpg,masks/9ea695f25d5b448f872600b44cb9d945.png,9ea695f25d5b448f872600b44cb9d945,3
images/944c0e36dc2d47dcbf8107c99a836228.jpg,masks/944c0e36dc2d47dcbf8107c99a836228.png,944c0e36dc2d47dcbf8107c99a836228,3
images/f59764aea32449c79db6b4c182f8289a.jpg,masks/f59764aea32449c79db6b4c182f8289a.png,f59764aea32449c79db6b4c182f8289a,3
images/aa2fabd6f6044444a762130b344a3554.jpg,masks/aa2fabd6f6044444a762130b344a3554.png,aa2fabd6f6044444a762130b344a3554,3
images/0f321a8301d4490ca6d9a5f0893cd0f9.jpg,masks/0f321a8301d4490ca6d9a5f0893cd0f9.png,0f321a8301d4490ca6d9a5f0893cd0f9,3
images/f967c9ce2d6f4b509596a7d626b0d6ab.jpg,masks/f967c9ce2d6f4b509596a7d626b0d6ab.png,f967c9ce2d6f4b509596a7d626b0d6ab,3
images/a825d2b8f7ef43659c31f4565ddf05fb.jpg,masks/a825d2b8f7ef43659c31f4565ddf05fb.png,a825d2b8f7ef43659c31f4565ddf05fb,3
images/826dda4b5f85472b95bc7fbed52723b3.jpg,masks/826dda4b5f85472b95bc7fbed52723b3.png,826dda4b5f85472b95bc7fbed52723b3,3
images/382b4cdebbb54176a2392da8549a8133.jpg,masks/382b4cdebbb54176a2392da8549a8133.png,382b4cdebbb54176a2392da8549a8133,3
images/cf8aac618f35417f9bb19bf1eeb30fb4.jpg,masks/cf8aac618f35417f9bb19bf1eeb30fb4.png,cf8aac618f35417f9bb19bf1eeb30fb4,3
images/a93dd95bb3c0454f8738fc574f9f4ba6.jpg,masks/a93dd95bb3c0454f8738fc574f9f4ba6.png,a93dd95bb3c0454f8738fc574f9f4ba6,3
images/8da607b1a57b48f7abe15efc0f9c1b41.jpg,masks/8da607b1a57b48f7abe15efc0f9c1b41.png,8da607b1a57b48f7abe15efc0f9c1b41,3
images/df85d527b2df46deb74c8f433ae3efc7.jpg,masks/df85d527b2df46deb74c8f433ae3efc7.png,df85d527b2df46deb74c8f433ae3efc7,3
images/1df65f5a44e2417796ba580a5d550989.jpg,masks/1df65f5a44e2417796ba580a5d550989.png,1df65f5a44e2417796ba580a5d550989,3
images/f3d9e9f9968c4c2681265a0a6663e0a2.jpg,masks/f3d9e9f9968c4c2681265a0a6663e0a2.png,f3d9e9f9968c4c2681265a0a6663e0a2,3
images/7b63a0c0bd3241d597f26293c1e06832.jpg,masks/7b63a0c0bd3241d597f26293c1e06832.png,7b63a0c0bd3241d597f26293c1e06832,3
images/3d25c7f6c4334370a7630cf0e98f4270.jpg,masks/3d25c7f6c4334370a7630cf0e98f4270.png,3d25c7f6c4334370a7630cf0e98f4270,3
images/5f3b43555bce4f07a4ffbbb68a111cdc.jpg,masks/5f3b43555bce4f07a4ffbbb68a111cdc.png,5f3b43555bce4f07a4ffbbb68a111cdc,3
images/643399d83be8435582ff79ef12b7d449.jpg,masks/643399d83be8435582ff79ef12b7d449.png,643399d83be8435582ff79ef12b7d449,3
images/87e78c298efa45d088f2362db0e26d4d.jpg,masks/87e78c298efa45d088f2362db0e26d4d.png,87e78c298efa45d088f2362db0e26d4d,3
images/49c0795df4b84cbea7ff814813755239.jpg,masks/49c0795df4b84cbea7ff814813755239.png,49c0795df4b84cbea7ff814813755239,3
images/1ce1102672934067b8349057ddbd413e.jpg,masks/1ce1102672934067b8349057ddbd413e.png,1ce1102672934067b8349057ddbd413e,3
images/911d6a5321ff4769b6d572692b65fa37.jpg,masks/911d6a5321ff4769b6d572692b65fa37.png,911d6a5321ff4769b6d572692b65fa37,3
images/c4b7213510734b7e9fb51c5eb4a58e61.jpg,masks/c4b7213510734b7e9fb51c5eb4a58e61.png,c4b7213510734b7e9fb51c5eb4a58e61,3
images/4e7a1259ff594f6ea28b35561ec4bb7c.jpg,masks/4e7a1259ff594f6ea28b35561ec4bb7c.png,4e7a1259ff594f6ea28b35561ec4bb7c,3
images/a99956d3d2d142839f45b5c3057abddc.jpg,masks/a99956d3d2d142839f45b5c3057abddc.png,a99956d3d2d142839f45b5c3057abddc,3
images/1b413b033f9a411f867331e060290a71.jpg,masks/1b413b033f9a411f867331e060290a71.png,1b413b033f9a411f867331e060290a71,3
images/36c2acede5034547a34a5a7c2116e99d.jpg,masks/36c2acede5034547a34a5a7c2116e99d.png,36c2acede5034547a34a5a7c2116e99d,3
images/c89c00f5ce3d40748f084eab843239c0.jpg,masks/c89c00f5ce3d40748f084eab843239c0.png,c89c00f5ce3d40748f084eab843239c0,3
images/41d51dc4dfca48398a7d5941799e7f37.jpg,masks/41d51dc4dfca48398a7d5941799e7f37.png,41d51dc4dfca48398a7d5941799e7f37,3
images/d2e9c731c25d4ff4875bb0c7d89cfd17.jpg,masks/d2e9c731c25d4ff4875bb0c7d89cfd17.png,d2e9c731c25d4ff4875bb0c7d89cfd17,3
images/719eb7b8d4a9444f8b1e5b4cbb69bf61.jpg,masks/719eb7b8d4a9444f8b1e5b4cbb69bf61.png,719eb7b8d4a9444f8b1e5b4cbb69bf61,3
images/9dfcb2229aad4c6886b7a9b1b4b807cf.jpg,masks/9dfcb2229aad4c6886b7a9b1b4b807cf.png,9dfcb2229aad4c6886b7a9b1b4b807cf,3
images/68202b8939e2418f8be71439465435ba.jpg,masks/68202b8939e2418f8be71439465435ba.png,68202b8939e2418f8be71439465435ba,3
images/34e9aeea704b490d9ac2a73f48dab3ae.jpg,masks/34e9aeea704b490d9ac2a73f48dab3ae.png,34e9aeea704b490d9ac2a73f48dab3ae,3
images/8a8e970c51bf417480f08bf6eee12d3e.jpg,masks/8a8e970c51bf417480f08bf6eee12d3e.png,8a8e970c51bf417480f08bf6eee12d3e,3
images/2eda394f07fe46ca981f3a75457af62a.jpg,masks/2eda394f07fe46ca981f3a75457af62a.png,2eda394f07fe46ca981f3a75457af62a,3
images/3ec90ec4582642beb5d20162f33b9585.jpg,masks/3ec90ec4582642beb5d20162f33b9585.png,3ec90ec4582642beb5d20162f33b9585,3
images/5bc01f70d0b24e499f366a6ceb8d5b7c.jpg,masks/5bc01f70d0b24e499f366a6ceb8d5b7c.png,5bc01f70d0b24e499f366a6ceb8d5b7c,3
images/5e7439aa86f74510b597ceadfba5aca3.jpg,masks/5e7439aa86f74510b597ceadfba5aca3.png,5e7439aa86f74510b597ceadfba5aca3,3
images/6592e946f5b140b8a980df5e8ad26780.jpg,masks/6592e946f5b140b8a980df5e8ad26780.png,6592e946f5b140b8a980df5e8ad26780,3
images/62ef2c499d1b4ce8adf622de5d50adaf.jpg,masks/62ef2c499d1b4ce8adf622de5d50adaf.png,62ef2c499d1b4ce8adf622de5d50adaf,3
images/9a0402d870ee4850bb3188936d7f7747.jpg,masks/9a0402d870ee4850bb3188936d7f7747.png,9a0402d870ee4850bb3188936d7f7747,3
images/289fba9a4e67468891c93ae4666acb72.jpg,masks/289fba9a4e67468891c93ae4666acb72.png,289fba9a4e67468891c93ae4666acb72,3
images/41c8f741d1a34f9f958e2eed34348b22.jpg,masks/41c8f741d1a34f9f958e2eed34348b22.png,41c8f741d1a34f9f958e2eed34348b22,3
images/8989841a9f114166a95d0ca48f30809a.jpg,masks/8989841a9f114166a95d0ca48f30809a.png,8989841a9f114166a95d0ca48f30809a,3
images/67a141811b594e018490574693ec4721.jpg,masks/67a141811b594e018490574693ec4721.png,67a141811b594e018490574693ec4721,3
images/8c3023d769ae4c3f89554adfd784c23b.jpg,masks/8c3023d769ae4c3f89554adfd784c23b.png,8c3023d769ae4c3f89554adfd784c23b,3
images/ed8e683ec32a4ff1b721bfef5f1d4910.jpg,masks/ed8e683ec32a4ff1b721bfef5f1d4910.png,ed8e683ec32a4ff1b721bfef5f1d4910,3
images/859b11de36dd4737ba18e69540d387ce.jpg,masks/859b11de36dd4737ba18e69540d387ce.png,859b11de36dd4737ba18e69540d387ce,3
images/fb8a7a456afc4467b4c6d0fa31abd5d2.jpg,masks/fb8a7a456afc4467b4c6d0fa31abd5d2.png,fb8a7a456afc4467b4c6d0fa31abd5d2,3
images/234b171344ab4577b6f7d792f1621fee.jpg,masks/234b171344ab4577b6f7d792f1621fee.png,234b171344ab4577b6f7d792f1621fee,3
images/e252ceec9ba14c27894bcf6b042e7306.jpg,masks/e252ceec9ba14c27894bcf6b042e7306.png,e252ceec9ba14c27894bcf6b042e7306,3
images/1dc6b5e724784ed28b8adc60d94b5887.jpg,masks/1dc6b5e724784ed28b8adc60d94b5887.png,1dc6b5e724784ed28b8adc60d94b5887,3
images/ac2de8a36a814d8d8c5b8f37aba8ae47.jpg,masks/ac2de8a36a814d8d8c5b8f37aba8ae47.png,ac2de8a36a814d8d8c5b8f37aba8ae47,3
images/5a4e5c62af4044c4a0bbe0ec324c74bc.jpg,masks/5a4e5c62af4044c4a0bbe0ec324c74bc.png,5a4e5c62af4044c4a0bbe0ec324c74bc,3
images/b2e672c1746f48ee96598687e9099d9f.jpg,masks/b2e672c1746f48ee96598687e9099d9f.png,b2e672c1746f48ee96598687e9099d9f,3
images/038ece40c1c242ac8d7519a8f5b40984.jpg,masks/038ece40c1c242ac8d7519a8f5b40984.png,038ece40c1c242ac8d7519a8f5b40984,3
images/e356eb020a34464ead84685292add4eb.jpg,masks/e356eb020a34464ead84685292add4eb.png,e356eb020a34464ead84685292add4eb,3
images/22becaad1f084b81937c41c821edad3b.jpg,masks/22becaad1f084b81937c41c821edad3b.png,22becaad1f084b81937c41c821edad3b,3
images/d50be3a1c05d45ae96b8316057d22360.jpg,masks/d50be3a1c05d45ae96b8316057d22360.png,d50be3a1c05d45ae96b8316057d22360,3
images/bb92ea812401483ea0de767a9a0c13df.jpg,masks/bb92ea812401483ea0de767a9a0c13df.png,bb92ea812401483ea0de767a9a0c13df,3
images/8d746ef9b9344cd3b0eb7a11267d79f9.jpg,masks/8d746ef9b9344cd3b0eb7a11267d79f9.png,8d746ef9b9344cd3b0eb7a11267d79f9,3
images/4229722d45874770ab65a5af7e94b805.jpg,masks/4229722d45874770ab65a5af7e94b805.png,4229722d45874770ab65a5af7e94b805,3
images/c3dc3c4fcc984c1cbccfe34b562a28b8.jpg,masks/c3dc3c4fcc984c1cbccfe34b562a28b8.png,c3dc3c4fcc984c1cbccfe34b562a28b8,3
images/3e51a63278dc4be5865373e3147b6416.jpg,masks/3e51a63278dc4be5865373e3147b6416.png,3e51a63278dc4be5865373e3147b6416,3
images/81612204c43441aaab4f139db0bcc105.jpg,masks/81612204c43441aaab4f139db0bcc105.png,81612204c43441aaab4f139db0bcc105,3
images/6b0b87a8a7e54e87989ec544efa9caf3.jpg,masks/6b0b87a8a7e54e87989ec544efa9caf3.png,6b0b87a8a7e54e87989ec544efa9caf3,3
images/9d9ac1e3f985480786f5e446b3c56a3f.jpg,masks/9d9ac1e3f985480786f5e446b3c56a3f.png,9d9ac1e3f985480786f5e446b3c56a3f,3
images/44c3f03eb4784c52badd083bacda0e5b.jpg,masks/44c3f03eb4784c52badd083bacda0e5b.png,44c3f03eb4784c52badd083bacda0e5b,3
images/59e962a7f77548afb4bba87361ee42a6.jpg,masks/59e962a7f77548afb4bba87361ee42a6.png,59e962a7f77548afb4bba87361ee42a6,3
images/4cc304e91437400e9e42ce28e83fe694.jpg,masks/4cc304e91437400e9e42ce28e83fe694.png,4cc304e91437400e9e42ce28e83fe694,3
images/5e1b9be5fc0347f4a940b0214486d826.jpg,masks/5e1b9be5fc0347f4a940b0214486d826.png,5e1b9be5fc0347f4a940b0214486d826,3
images/770bedf0ad624572a39e8e999ed2f85b.jpg,masks/770bedf0ad624572a39e8e999ed2f85b.png,770bedf0ad624572a39e8e999ed2f85b,3
images/046054e7c2f840c593e4a7985a373fa7.jpg,masks/046054e7c2f840c593e4a7985a373fa7.png,046054e7c2f840c593e4a7985a373fa7,3
images/c661471708374c749e739cf4b90afd1b.jpg,masks/c661471708374c749e739cf4b90afd1b.png,c661471708374c749e739cf4b90afd1b,3
images/c600aafddb034512bb63dccc288896a6.jpg,masks/c600aafddb034512bb63dccc288896a6.png,c600aafddb034512bb63dccc288896a6,3
images/4b9dea9754624d4b8d30ca4874304c02.jpg,masks/4b9dea9754624d4b8d30ca4874304c02.png,4b9dea9754624d4b8d30ca4874304c02,3
images/33c79709b92b4693b0b07b88827eba97.jpg,masks/33c79709b92b4693b0b07b88827eba97.png,33c79709b92b4693b0b07b88827eba97,3
images/945ee00058fa4ae4a1e5462f2863fce5.jpg,masks/945ee00058fa4ae4a1e5462f2863fce5.png,945ee00058fa4ae4a1e5462f2863fce5,3
images/0ec27efd197b4dadb1bf49dd635405f5.jpg,masks/0ec27efd197b4dadb1bf49dd635405f5.png,0ec27efd197b4dadb1bf49dd635405f5,3
images/e3c8abd941744841aa95cf63b41bc25e.jpg,masks/e3c8abd941744841aa95cf63b41bc25e.png,e3c8abd941744841aa95cf63b41bc25e,3
images/df57d7b9131241b287ed76bdbb49b161.jpg,masks/df57d7b9131241b287ed76bdbb49b161.png,df57d7b9131241b287ed76bdbb49b161,3
images/e9d7890da7fb4ead953aaa01be988793.jpg,masks/e9d7890da7fb4ead953aaa01be988793.png,e9d7890da7fb4ead953aaa01be988793,3
images/b95e2665051646a6a6d7b5105a285b08.jpg,masks/b95e2665051646a6a6d7b5105a285b08.png,b95e2665051646a6a6d7b5105a285b08,3
images/e2aa96e8766642b19ea346713c1b3e71.jpg,masks/e2aa96e8766642b19ea346713c1b3e71.png,e2aa96e8766642b19ea346713c1b3e71,3
images/555a2341ded44fb185213e0b117b9891.jpg,masks/555a2341ded44fb185213e0b117b9891.png,555a2341ded44fb185213e0b117b9891,3
images/c634f10b7dab468a96a331555637f05b.jpg,masks/c634f10b7dab468a96a331555637f05b.png,c634f10b7dab468a96a331555637f05b,3
images/a803d02d086e489aa7d5560eae80ce67.jpg,masks/a803d02d086e489aa7d5560eae80ce67.png,a803d02d086e489aa7d5560eae80ce67,3
images/df13605fdc03433a8e6d8eb40316c34d.jpg,masks/df13605fdc03433a8e6d8eb40316c34d.png,df13605fdc03433a8e6d8eb40316c34d,3
images/d339323f764f4da99e8209cef2a85f4b.jpg,masks/d339323f764f4da99e8209cef2a85f4b.png,d339323f764f4da99e8209cef2a85f4b,3
images/33450a42fe424ff98716d3af1a9cbe21.jpg,masks/33450a42fe424ff98716d3af1a9cbe21.png,33450a42fe424ff98716d3af1a9cbe21,3
images/6998496f5d5e4e77b3d42878992483d7.jpg,masks/6998496f5d5e4e77b3d42878992483d7.png,6998496f5d5e4e77b3d42878992483d7,3
images/515a6d89e8d544bf9100b5ef85b6ab63.jpg,masks/515a6d89e8d544bf9100b5ef85b6ab63.png,515a6d89e8d544bf9100b5ef85b6ab63,3
images/3752766cf0ff4f26a219d53e03e3a28c.jpg,masks/3752766cf0ff4f26a219d53e03e3a28c.png,3752766cf0ff4f26a219d53e03e3a28c,3
images/ba9e5b8464ad43ef9b4a4ba5532cfe4f.jpg,masks/ba9e5b8464ad43ef9b4a4ba5532cfe4f.png,ba9e5b8464ad43ef9b4a4ba5532cfe4f,3
images/c51b202c7dcb4f0c8573b5809ab94480.jpg,masks/c51b202c7dcb4f0c8573b5809ab94480.png,c51b202c7dcb4f0c8573b5809ab94480,3
images/424910c033144c4ba31e66c7d251c55c.jpg,masks/424910c033144c4ba31e66c7d251c55c.png,424910c033144c4ba31e66c7d251c55c,3
images/f60965b4f2194390a23a6b9dd03e08b4.jpg,masks/f60965b4f2194390a23a6b9dd03e08b4.png,f60965b4f2194390a23a6b9dd03e08b4,3
images/b1b3c9ea15704187b3780cd290fd5f06.jpg,masks/b1b3c9ea15704187b3780cd290fd5f06.png,b1b3c9ea15704187b3780cd290fd5f06,3
images/e858a036248047a9b822085cf27cd2e5.jpg,masks/e858a036248047a9b822085cf27cd2e5.png,e858a036248047a9b822085cf27cd2e5,3
images/17fe38bfe4d74b4b80d2ce32ae817440.jpg,masks/17fe38bfe4d74b4b80d2ce32ae817440.png,17fe38bfe4d74b4b80d2ce32ae817440,3
images/886a76cdbbd54a49b34c0689aa4ade86.jpg,masks/886a76cdbbd54a49b34c0689aa4ade86.png,886a76cdbbd54a49b34c0689aa4ade86,3
images/e6b52545fbb141ae984be041eb863688.jpg,masks/e6b52545fbb141ae984be041eb863688.png,e6b52545fbb141ae984be041eb863688,3
images/1f00972d456e477e8d1d8f8685045460.jpg,masks/1f00972d456e477e8d1d8f8685045460.png,1f00972d456e477e8d1d8f8685045460,3
images/04740734eb6d43b5b56070c8b5513152.jpg,masks/04740734eb6d43b5b56070c8b5513152.png,04740734eb6d43b5b56070c8b5513152,3
images/730030f08ec34813b2a19ba6e1e5422e.jpg,masks/730030f08ec34813b2a19ba6e1e5422e.png,730030f08ec34813b2a19ba6e1e5422e,3
images/c2b7222ccdf64c00b01cbf733238ade1.jpg,masks/c2b7222ccdf64c00b01cbf733238ade1.png,c2b7222ccdf64c00b01cbf733238ade1,3
images/c94147c1bcaf41e088e943b4edac2ed1.jpg,masks/c94147c1bcaf41e088e943b4edac2ed1.png,c94147c1bcaf41e088e943b4edac2ed1,3
images/4e07507ff79d41fa96de46b6d3573999.jpg,masks/4e07507ff79d41fa96de46b6d3573999.png,4e07507ff79d41fa96de46b6d3573999,3
images/3d9f40e0d0984907a7bb448af3a39497.jpg,masks/3d9f40e0d0984907a7bb448af3a39497.png,3d9f40e0d0984907a7bb448af3a39497,3
images/bc72715751f841e6bc50fc494e3b34b4.jpg,masks/bc72715751f841e6bc50fc494e3b34b4.png,bc72715751f841e6bc50fc494e3b34b4,3
images/262e467cab034155ab8a193d1814e873.jpg,masks/262e467cab034155ab8a193d1814e873.png,262e467cab034155ab8a193d1814e873,3
images/c01a6c18a4ce48dfb035407dd48a1150.jpg,masks/c01a6c18a4ce48dfb035407dd48a1150.png,c01a6c18a4ce48dfb035407dd48a1150,3
images/e2890ee6d80d48868c3122e098852a69.jpg,masks/e2890ee6d80d48868c3122e098852a69.png,e2890ee6d80d48868c3122e098852a69,3
images/b105777ed6b84c13a125ad13b320f5f3.jpg,masks/b105777ed6b84c13a125ad13b320f5f3.png,b105777ed6b84c13a125ad13b320f5f3,3
images/eab83ea215084af69d33ecb1da2cfa69.jpg,masks/eab83ea215084af69d33ecb1da2cfa69.png,eab83ea215084af69d33ecb1da2cfa69,3
images/251f36277697404c864d55dc636bf1f5.jpg,masks/251f36277697404c864d55dc636bf1f5.png,251f36277697404c864d55dc636bf1f5,3
images/de4d62af2e204a82991d09b4d85de0ec.jpg,masks/de4d62af2e204a82991d09b4d85de0ec.png,de4d62af2e204a82991d09b4d85de0ec,3
images/95485d8b737845948bd0719cd6b9a4a0.jpg,masks/95485d8b737845948bd0719cd6b9a4a0.png,95485d8b737845948bd0719cd6b9a4a0,3
images/4e3780956dfa4dfca359afe2e2e44e21.jpg,masks/4e3780956dfa4dfca359afe2e2e44e21.png,4e3780956dfa4dfca359afe2e2e44e21,3
images/7f59d1c4a5cf4f48a423626f083d54cb.jpg,masks/7f59d1c4a5cf4f48a423626f083d54cb.png,7f59d1c4a5cf4f48a423626f083d54cb,3
images/aa64f3de552e42e682bd7f904c42cbe8.jpg,masks/aa64f3de552e42e682bd7f904c42cbe8.png,aa64f3de552e42e682bd7f904c42cbe8,3
images/e648516d92b442888c0414b03af11626.jpg,masks/e648516d92b442888c0414b03af11626.png,e648516d92b442888c0414b03af11626,3
images/51f5046717914e3799ded2273590f1c4.jpg,masks/51f5046717914e3799ded2273590f1c4.png,51f5046717914e3799ded2273590f1c4,3
images/0ee45d1ed6eb4d1eb7640b7b369dab3a.jpg,masks/0ee45d1ed6eb4d1eb7640b7b369dab3a.png,0ee45d1ed6eb4d1eb7640b7b369dab3a,3
images/c791643fb53d4c3c9d87d088a7db7fbc.jpg,masks/c791643fb53d4c3c9d87d088a7db7fbc.png,c791643fb53d4c3c9d87d088a7db7fbc,3
images/2f3b6d8a19a84441b65df5516b9b4f02.jpg,masks/2f3b6d8a19a84441b65df5516b9b4f02.png,2f3b6d8a19a84441b65df5516b9b4f02,3
images/84a4c5d228654f08ab0ac1d902970fb3.jpg,masks/84a4c5d228654f08ab0ac1d902970fb3.png,84a4c5d228654f08ab0ac1d902970fb3,3
images/f26dd596fe3c41acaa858ad8fc341240.jpg,masks/f26dd596fe3c41acaa858ad8fc341240.png,f26dd596fe3c41acaa858ad8fc341240,3
images/bfeef301ae69499f84ecf6971fb455b3.jpg,masks/bfeef301ae69499f84ecf6971fb455b3.png,bfeef301ae69499f84ecf6971fb455b3,3
images/2346255ea6804025bd0dfc15e0663b07.jpg,masks/2346255ea6804025bd0dfc15e0663b07.png,2346255ea6804025bd0dfc15e0663b07,3
images/e5207ad51cc34deab16e9f76cb33e7ae.jpg,masks/e5207ad51cc34deab16e9f76cb33e7ae.png,e5207ad51cc34deab16e9f76cb33e7ae,3
images/5aee24c7dde94294aff49d68472b1e8a.jpg,masks/5aee24c7dde94294aff49d68472b1e8a.png,5aee24c7dde94294aff49d68472b1e8a,3
images/195ce0cf29fe40bbb12ae084ea32eced.jpg,masks/195ce0cf29fe40bbb12ae084ea32eced.png,195ce0cf29fe40bbb12ae084ea32eced,3
images/51648bf36c8d496a9e53b7f95c69e7a8.jpg,masks/51648bf36c8d496a9e53b7f95c69e7a8.png,51648bf36c8d496a9e53b7f95c69e7a8,3
images/192eef2439e64e0a8d8ea3af68401101.jpg,masks/192eef2439e64e0a8d8ea3af68401101.png,192eef2439e64e0a8d8ea3af68401101,3
images/c90fff4c98a04963b2c77b64fb4cc9b9.jpg,masks/c90fff4c98a04963b2c77b64fb4cc9b9.png,c90fff4c98a04963b2c77b64fb4cc9b9,3
images/475992a50f2d45e6a0af637e39a8f756.jpg,masks/475992a50f2d45e6a0af637e39a8f756.png,475992a50f2d45e6a0af637e39a8f756,3
images/078c465594334345a9c080786247a773.jpg,masks/078c465594334345a9c080786247a773.png,078c465594334345a9c080786247a773,3
images/0461a2b370c94036adb46d455a445e10.jpg,masks/0461a2b370c94036adb46d455a445e10.png,0461a2b370c94036adb46d455a445e10,3
images/df3685cb551d4e7d9aa058e835292a9b.jpg,masks/df3685cb551d4e7d9aa058e835292a9b.png,df3685cb551d4e7d9aa058e835292a9b,3
images/efba5df59bf644f18a8c3190f7434c7f.jpg,masks/efba5df59bf644f18a8c3190f7434c7f.png,efba5df59bf644f18a8c3190f7434c7f,3
images/ff2a08094da0441d894adcf6298aa7b5.jpg,masks/ff2a08094da0441d894adcf6298aa7b5.png,ff2a08094da0441d894adcf6298aa7b5,3
images/7ff3e3c2393d4cbcbb7c6825ce1faddc.jpg,masks/7ff3e3c2393d4cbcbb7c6825ce1faddc.png,7ff3e3c2393d4cbcbb7c6825ce1faddc,3
images/c73b81d53fe64b41925404f32b128a38.jpg,masks/c73b81d53fe64b41925404f32b128a38.png,c73b81d53fe64b41925404f32b128a38,3
images/136bc00819754fc88a7e6a1e66a12d87.jpg,masks/136bc00819754fc88a7e6a1e66a12d87.png,136bc00819754fc88a7e6a1e66a12d87,3
images/8e23a14d096f45f9b03e58119eaeaac8.jpg,masks/8e23a14d096f45f9b03e58119eaeaac8.png,8e23a14d096f45f9b03e58119eaeaac8,3
images/fa54c966248541e180755322cf54a228.jpg,masks/fa54c966248541e180755322cf54a228.png,fa54c966248541e180755322cf54a228,3
images/5605aee62e50424cb00a791f995f1ba1.jpg,masks/5605aee62e50424cb00a791f995f1ba1.png,5605aee62e50424cb00a791f995f1ba1,3
images/3d5bb18d276d433da1003755a505852f.jpg,masks/3d5bb18d276d433da1003755a505852f.png,3d5bb18d276d433da1003755a505852f,3
images/66a38b74554e4684884287492ecadc03.jpg,masks/66a38b74554e4684884287492ecadc03.png,66a38b74554e4684884287492ecadc03,3
images/00dafa82d50842588b5c3320bf9b4f86.jpg,masks/00dafa82d50842588b5c3320bf9b4f86.png,00dafa82d50842588b5c3320bf9b4f86,3
images/19d9beb4383f499cb949d36c1ced9eeb.jpg,masks/19d9beb4383f499cb949d36c1ced9eeb.png,19d9beb4383f499cb949d36c1ced9eeb,3
images/45a2ef37b74647209748149e83d97da1.jpg,masks/45a2ef37b74647209748149e83d97da1.png,45a2ef37b74647209748149e83d97da1,3
images/cdaa1b2958c746af809f4cc0c0376595.jpg,masks/cdaa1b2958c746af809f4cc0c0376595.png,cdaa1b2958c746af809f4cc0c0376595,3
images/bcd92aa999a841bf9f5635f649c8ff70.jpg,masks/bcd92aa999a841bf9f5635f649c8ff70.png,bcd92aa999a841bf9f5635f649c8ff70,3
images/cb1e3f83ae814d7d8242fef6a29e941a.jpg,masks/cb1e3f83ae814d7d8242fef6a29e941a.png,cb1e3f83ae814d7d8242fef6a29e941a,3
images/0050872905864bcda3f2d54b558b7fe2.jpg,masks/0050872905864bcda3f2d54b558b7fe2.png,0050872905864bcda3f2d54b558b7fe2,3
images/65b44828c2824870a189df9614d481bb.jpg,masks/65b44828c2824870a189df9614d481bb.png,65b44828c2824870a189df9614d481bb,3
images/c4d6a751ea7b4800854aaf531be02613.jpg,masks/c4d6a751ea7b4800854aaf531be02613.png,c4d6a751ea7b4800854aaf531be02613,3
images/c1b506776a5d4b7ea866b747b4e14a91.jpg,masks/c1b506776a5d4b7ea866b747b4e14a91.png,c1b506776a5d4b7ea866b747b4e14a91,3
images/c01be78de99143a6b5dc1f11df6a9717.jpg,masks/c01be78de99143a6b5dc1f11df6a9717.png,c01be78de99143a6b5dc1f11df6a9717,3
images/a784319a9d7b4ed5b368b97e9680064c.jpg,masks/a784319a9d7b4ed5b368b97e9680064c.png,a784319a9d7b4ed5b368b97e9680064c,3
images/7392f0fb641447c991d656c7360a7101.jpg,masks/7392f0fb641447c991d656c7360a7101.png,7392f0fb641447c991d656c7360a7101,3
images/2508b5b99d6a4564a7560985f6d67020.jpg,masks/2508b5b99d6a4564a7560985f6d67020.png,2508b5b99d6a4564a7560985f6d67020,3
images/d17e1805d5fc4c08948f7f94a1c9cfbb.jpg,masks/d17e1805d5fc4c08948f7f94a1c9cfbb.png,d17e1805d5fc4c08948f7f94a1c9cfbb,3
images/83bba27c2b0148248a4b6234549a66a4.jpg,masks/83bba27c2b0148248a4b6234549a66a4.png,83bba27c2b0148248a4b6234549a66a4,3
images/5a7ee6f17794405788aa2cdada2bd0f4.jpg,masks/5a7ee6f17794405788aa2cdada2bd0f4.png,5a7ee6f17794405788aa2cdada2bd0f4,3
images/9f5995441abd429c859d6655c5471bf6.jpg,masks/9f5995441abd429c859d6655c5471bf6.png,9f5995441abd429c859d6655c5471bf6,3
images/b42cc6d83ece483987410c717df583b1.jpg,masks/b42cc6d83ece483987410c717df583b1.png,b42cc6d83ece483987410c717df583b1,3
images/9ef683af9c89446cb0018ade7b83a360.jpg,masks/9ef683af9c89446cb0018ade7b83a360.png,9ef683af9c89446cb0018ade7b83a360,3
images/c57855a87e2247598a122313df6780e4.jpg,masks/c57855a87e2247598a122313df6780e4.png,c57855a87e2247598a122313df6780e4,3
images/da5092bed0b0469a9abe7bc6bed062b1.jpg,masks/da5092bed0b0469a9abe7bc6bed062b1.png,da5092bed0b0469a9abe7bc6bed062b1,3
images/2c63511bc0504185848b5d9d72e974f3.jpg,masks/2c63511bc0504185848b5d9d72e974f3.png,2c63511bc0504185848b5d9d72e974f3,3
images/8cf5f72af79048fea8b63d510b663fc0.jpg,masks/8cf5f72af79048fea8b63d510b663fc0.png,8cf5f72af79048fea8b63d510b663fc0,3
images/2375f5b3591b4d41a71717014d77f7af.jpg,masks/2375f5b3591b4d41a71717014d77f7af.png,2375f5b3591b4d41a71717014d77f7af,3
images/f8ae9ed2df8f432eb3294f1bac3a4639.jpg,masks/f8ae9ed2df8f432eb3294f1bac3a4639.png,f8ae9ed2df8f432eb3294f1bac3a4639,3
images/0d07c4a007ab46679a84c693217e6cad.jpg,masks/0d07c4a007ab46679a84c693217e6cad.png,0d07c4a007ab46679a84c693217e6cad,3
images/5cd10c170bd84aa1b19c2bad36257458.jpg,masks/5cd10c170bd84aa1b19c2bad36257458.png,5cd10c170bd84aa1b19c2bad36257458,3
images/90903680e93c4ac5810cf136732f4cd7.jpg,masks/90903680e93c4ac5810cf136732f4cd7.png,90903680e93c4ac5810cf136732f4cd7,3
images/b514792c400d44f0a0b86fa955321327.jpg,masks/b514792c400d44f0a0b86fa955321327.png,b514792c400d44f0a0b86fa955321327,3
images/cca9fdae990543e1a78ad19194b98558.jpg,masks/cca9fdae990543e1a78ad19194b98558.png,cca9fdae990543e1a78ad19194b98558,3
images/56bd57f384b54329bbb0a7725812dbf9.jpg,masks/56bd57f384b54329bbb0a7725812dbf9.png,56bd57f384b54329bbb0a7725812dbf9,3
images/2de005f5b4e54ef0836f5033ac3745dd.jpg,masks/2de005f5b4e54ef0836f5033ac3745dd.png,2de005f5b4e54ef0836f5033ac3745dd,3
images/9667c973cbda48d5b2090494a74c76d4.jpg,masks/9667c973cbda48d5b2090494a74c76d4.png,9667c973cbda48d5b2090494a74c76d4,3
images/88e6547fe5e342cfaffcf14cb61d8195.jpg,masks/88e6547fe5e342cfaffcf14cb61d8195.png,88e6547fe5e342cfaffcf14cb61d8195,3
images/2e917cc30e8b421c8efa81fd973822d0.jpg,masks/2e917cc30e8b421c8efa81fd973822d0.png,2e917cc30e8b421c8efa81fd973822d0,3
images/fa47a733f7e24c6796eea9fef6463c23.jpg,masks/fa47a733f7e24c6796eea9fef6463c23.png,fa47a733f7e24c6796eea9fef6463c23,3
images/235eeb7b3e364795b0797e2caae194ea.jpg,masks/235eeb7b3e364795b0797e2caae194ea.png,235eeb7b3e364795b0797e2caae194ea,3
images/3e9f3370759340d8b37ba5bede1ab079.jpg,masks/3e9f3370759340d8b37ba5bede1ab079.png,3e9f3370759340d8b37ba5bede1ab079,3
images/f6aec95bcb6d41b1b6ba5f7dad031ceb.jpg,masks/f6aec95bcb6d41b1b6ba5f7dad031ceb.png,f6aec95bcb6d41b1b6ba5f7dad031ceb,3
images/cabe323a714d4f089478bdf627ff5831.jpg,masks/cabe323a714d4f089478bdf627ff5831.png,cabe323a714d4f089478bdf627ff5831,3
images/631ec9d3b782499683963a054a00d272.jpg,masks/631ec9d3b782499683963a054a00d272.png,631ec9d3b782499683963a054a00d272,3
images/da4bd7f6e0704459886a64117d92bd05.jpg,masks/da4bd7f6e0704459886a64117d92bd05.png,da4bd7f6e0704459886a64117d92bd05,3
images/56f3e7c137a24f259be1a2d03edde706.jpg,masks/56f3e7c137a24f259be1a2d03edde706.png,56f3e7c137a24f259be1a2d03edde706,3
images/ec8cfd045f284786af7274ae171bfabd.jpg,masks/ec8cfd045f284786af7274ae171bfabd.png,ec8cfd045f284786af7274ae171bfabd,3
images/3c66f62f07b341359dd7dfc575ad3377.jpg,masks/3c66f62f07b341359dd7dfc575ad3377.png,3c66f62f07b341359dd7dfc575ad3377,3
images/e19472a1d4ec4078a83d6fe134476a54.jpg,masks/e19472a1d4ec4078a83d6fe134476a54.png,e19472a1d4ec4078a83d6fe134476a54,3
images/02a5158209594159bd91115b93432e54.jpg,masks/02a5158209594159bd91115b93432e54.png,02a5158209594159bd91115b93432e54,3
images/c5ef7d4b33564426a88f4f7c56c39d50.jpg,masks/c5ef7d4b33564426a88f4f7c56c39d50.png,c5ef7d4b33564426a88f4f7c56c39d50,3
images/41e694e0703a4f589a5f51024273a17b.jpg,masks/41e694e0703a4f589a5f51024273a17b.png,41e694e0703a4f589a5f51024273a17b,3
images/e93455eed03d42889cf4ef739ff7309d.jpg,masks/e93455eed03d42889cf4ef739ff7309d.png,e93455eed03d42889cf4ef739ff7309d,3
images/063e2226efd94fda9aae34e62c410db7.jpg,masks/063e2226efd94fda9aae34e62c410db7.png,063e2226efd94fda9aae34e62c410db7,3
images/a602780e1f9540a18956096b6f17e084.jpg,masks/a602780e1f9540a18956096b6f17e084.png,a602780e1f9540a18956096b6f17e084,3
images/4d66a2b2f16e4a0b92888bd6da2aa40f.jpg,masks/4d66a2b2f16e4a0b92888bd6da2aa40f.png,4d66a2b2f16e4a0b92888bd6da2aa40f,3
images/b8e7a348d55943b4b0a77336525344a9.jpg,masks/b8e7a348d55943b4b0a77336525344a9.png,b8e7a348d55943b4b0a77336525344a9,3
images/917337cfafc64517b5427b0f6aa44781.jpg,masks/917337cfafc64517b5427b0f6aa44781.png,917337cfafc64517b5427b0f6aa44781,3
images/2e0734c48b5c473cafc81dd8565db285.jpg,masks/2e0734c48b5c473cafc81dd8565db285.png,2e0734c48b5c473cafc81dd8565db285,3
images/4f8805f778c64e27b82b18a264da07cc.jpg,masks/4f8805f778c64e27b82b18a264da07cc.png,4f8805f778c64e27b82b18a264da07cc,3
images/4883704142f74a90b989ee0f1847df07.jpg,masks/4883704142f74a90b989ee0f1847df07.png,4883704142f74a90b989ee0f1847df07,3
images/d0e0ce59c77a45c58ed337ca8a98ef71.jpg,masks/d0e0ce59c77a45c58ed337ca8a98ef71.png,d0e0ce59c77a45c58ed337ca8a98ef71,3
images/b974f93c18b84730aef1dbd095159568.jpg,masks/b974f93c18b84730aef1dbd095159568.png,b974f93c18b84730aef1dbd095159568,3
images/af8982ff7dff4ba185131423764e9cd2.jpg,masks/af8982ff7dff4ba185131423764e9cd2.png,af8982ff7dff4ba185131423764e9cd2,3
images/27f1195f3e41458caf5b96cf252d5316.jpg,masks/27f1195f3e41458caf5b96cf252d5316.png,27f1195f3e41458caf5b96cf252d5316,3
images/74bb73eca3134c55b4260961770eeb07.jpg,masks/74bb73eca3134c55b4260961770eeb07.png,74bb73eca3134c55b4260961770eeb07,3
images/1470d4fd459c4bc5be9ee664405d4e8b.jpg,masks/1470d4fd459c4bc5be9ee664405d4e8b.png,1470d4fd459c4bc5be9ee664405d4e8b,3
images/2cf9d3042bfa4b80a6c1b4deebd697cc.jpg,masks/2cf9d3042bfa4b80a6c1b4deebd697cc.png,2cf9d3042bfa4b80a6c1b4deebd697cc,3
images/d8bbf1f870e84759a6449f7ad45de321.jpg,masks/d8bbf1f870e84759a6449f7ad45de321.png,d8bbf1f870e84759a6449f7ad45de321,3
images/af3a1446b13c4e108d142d4638c0797a.jpg,masks/af3a1446b13c4e108d142d4638c0797a.png,af3a1446b13c4e108d142d4638c0797a,3
images/1db3eca68eb64babac670865ae8c46f9.jpg,masks/1db3eca68eb64babac670865ae8c46f9.png,1db3eca68eb64babac670865ae8c46f9,3
images/fc7ebdee91024e6bb798ee930e3e8867.jpg,masks/fc7ebdee91024e6bb798ee930e3e8867.png,fc7ebdee91024e6bb798ee930e3e8867,3
images/ad28892a54124e1b88652ab2329a06a2.jpg,masks/ad28892a54124e1b88652ab2329a06a2.png,ad28892a54124e1b88652ab2329a06a2,3
images/e5b635d0e22444e8940051c2212f1a09.jpg,masks/e5b635d0e22444e8940051c2212f1a09.png,e5b635d0e22444e8940051c2212f1a09,3
images/139527bac95c4f7dae8c38841511d957.jpg,masks/139527bac95c4f7dae8c38841511d957.png,139527bac95c4f7dae8c38841511d957,3
images/5419b5659e2a454f9ab27230e08d9b3c.jpg,masks/5419b5659e2a454f9ab27230e08d9b3c.png,5419b5659e2a454f9ab27230e08d9b3c,3
images/32bf8f430e79498990819d0c98e949a4.jpg,masks/32bf8f430e79498990819d0c98e949a4.png,32bf8f430e79498990819d0c98e949a4,3
images/d6921a4533bb4bd382d6b89ba7946f37.jpg,masks/d6921a4533bb4bd382d6b89ba7946f37.png,d6921a4533bb4bd382d6b89ba7946f37,3
images/7e898c973d314884988ea29667256aa4.jpg,masks/7e898c973d314884988ea29667256aa4.png,7e898c973d314884988ea29667256aa4,3
images/41e81c26e15a47ceaa840ebff4e5b3ec.jpg,masks/41e81c26e15a47ceaa840ebff4e5b3ec.png,41e81c26e15a47ceaa840ebff4e5b3ec,3
images/abaca5d9236541efbbaef0a95bc54880.jpg,masks/abaca5d9236541efbbaef0a95bc54880.png,abaca5d9236541efbbaef0a95bc54880,3
images/4747cd8337e34676967848966b353670.jpg,masks/4747cd8337e34676967848966b353670.png,4747cd8337e34676967848966b353670,3
images/b3e93fbe0d624486914788d524d13f3f.jpg,masks/b3e93fbe0d624486914788d524d13f3f.png,b3e93fbe0d624486914788d524d13f3f,3
images/72eb0ecd023a418fb1713653eb6afc75.jpg,masks/72eb0ecd023a418fb1713653eb6afc75.png,72eb0ecd023a418fb1713653eb6afc75,3
images/3757d815536140b2babd484789a5bbaa.jpg,masks/3757d815536140b2babd484789a5bbaa.png,3757d815536140b2babd484789a5bbaa,3
images/284c514859134d94bf9bbbcba76a913a.jpg,masks/284c514859134d94bf9bbbcba76a913a.png,284c514859134d94bf9bbbcba76a913a,3
images/b8f0f33c3b834e45b19fc6ea07497388.jpg,masks/b8f0f33c3b834e45b19fc6ea07497388.png,b8f0f33c3b834e45b19fc6ea07497388,3
images/c7f340477909428d88a281b40f53ace8.jpg,masks/c7f340477909428d88a281b40f53ace8.png,c7f340477909428d88a281b40f53ace8,3
images/494d969628324f7ebb5bda729afd8644.jpg,masks/494d969628324f7ebb5bda729afd8644.png,494d969628324f7ebb5bda729afd8644,3
images/7868fb705d8b4cb2a9483632ff497921.jpg,masks/7868fb705d8b4cb2a9483632ff497921.png,7868fb705d8b4cb2a9483632ff497921,3
images/e1adff51df8948848020425e5e236823.jpg,masks/e1adff51df8948848020425e5e236823.png,e1adff51df8948848020425e5e236823,3
images/fd68c06480c8439083905562353b6456.jpg,masks/fd68c06480c8439083905562353b6456.png,fd68c06480c8439083905562353b6456,3
images/97b2cdda898b48e29c8ba5f48811f6a1.jpg,masks/97b2cdda898b48e29c8ba5f48811f6a1.png,97b2cdda898b48e29c8ba5f48811f6a1,3
images/cd509bf5dd444f7eb585040b04dae007.jpg,masks/cd509bf5dd444f7eb585040b04dae007.png,cd509bf5dd444f7eb585040b04dae007,3
images/d77f8476a3a5494bbfbb499c565e59df.jpg,masks/d77f8476a3a5494bbfbb499c565e59df.png,d77f8476a3a5494bbfbb499c565e59df,3
images/e39bb5a902484bde88318d86ee7ddef9.jpg,masks/e39bb5a902484bde88318d86ee7ddef9.png,e39bb5a902484bde88318d86ee7ddef9,3
images/4e6592b6550a44cfba3858e59c6963e5.jpg,masks/4e6592b6550a44cfba3858e59c6963e5.png,4e6592b6550a44cfba3858e59c6963e5,3
images/97e72ce2aded47058e4c6c08b39be969.jpg,masks/97e72ce2aded47058e4c6c08b39be969.png,97e72ce2aded47058e4c6c08b39be969,3
images/a7c98197b334498486d45dafa4676eac.jpg,masks/a7c98197b334498486d45dafa4676eac.png,a7c98197b334498486d45dafa4676eac,3
images/406a64e82876410fa6dbed6a72a4ce67.jpg,masks/406a64e82876410fa6dbed6a72a4ce67.png,406a64e82876410fa6dbed6a72a4ce67,3
images/417b013ca517493ebeb001892bb42944.jpg,masks/417b013ca517493ebeb001892bb42944.png,417b013ca517493ebeb001892bb42944,3
images/01ac37becca34f9a9ef181712006dacd.jpg,masks/01ac37becca34f9a9ef181712006dacd.png,01ac37becca34f9a9ef181712006dacd,3
images/3585f475f5a94debacffd7ed07893c2a.jpg,masks/3585f475f5a94debacffd7ed07893c2a.png,3585f475f5a94debacffd7ed07893c2a,3
images/f5140e3248724734a1a0cb8607480ec1.jpg,masks/f5140e3248724734a1a0cb8607480ec1.png,f5140e3248724734a1a0cb8607480ec1,3
images/0f9074245dd4411586f42869fba5a912.jpg,masks/0f9074245dd4411586f42869fba5a912.png,0f9074245dd4411586f42869fba5a912,3
images/d5e21a60fe5e4eaca4937c407b8d8bd6.jpg,masks/d5e21a60fe5e4eaca4937c407b8d8bd6.png,d5e21a60fe5e4eaca4937c407b8d8bd6,3
images/3df6c3cdcec049a2adb8f902e3ec3421.jpg,masks/3df6c3cdcec049a2adb8f902e3ec3421.png,3df6c3cdcec049a2adb8f902e3ec3421,3
images/cb1c5cb6b017496cb81c3a379d8c07f7.jpg,masks/cb1c5cb6b017496cb81c3a379d8c07f7.png,cb1c5cb6b017496cb81c3a379d8c07f7,3
images/de5729d1d71749c4bac182930c659acf.jpg,masks/de5729d1d71749c4bac182930c659acf.png,de5729d1d71749c4bac182930c659acf,3
images/8656dcf5b32544468f23b8fa42b2dc5d.jpg,masks/8656dcf5b32544468f23b8fa42b2dc5d.png,8656dcf5b32544468f23b8fa42b2dc5d,3
images/878a54da81234e2eb055c1c26edf6c20.jpg,masks/878a54da81234e2eb055c1c26edf6c20.png,878a54da81234e2eb055c1c26edf6c20,3
images/896959dce31141289c23b6c6eba67354.jpg,masks/896959dce31141289c23b6c6eba67354.png,896959dce31141289c23b6c6eba67354,3
images/3e4b54dcff5341a7af402ddcd7b7302c.jpg,masks/3e4b54dcff5341a7af402ddcd7b7302c.png,3e4b54dcff5341a7af402ddcd7b7302c,3
images/cbb659f8a325465e9ffa447ff0292eca.jpg,masks/cbb659f8a325465e9ffa447ff0292eca.png,cbb659f8a325465e9ffa447ff0292eca,3
images/c83876cfb294452eaeacbd124f7483b4.jpg,masks/c83876cfb294452eaeacbd124f7483b4.png,c83876cfb294452eaeacbd124f7483b4,3
images/b84920c0acb540988b2be284cee5522d.jpg,masks/b84920c0acb540988b2be284cee5522d.png,b84920c0acb540988b2be284cee5522d,3
images/2189244e48fb4ef791e6a5b1557d9ccc.jpg,masks/2189244e48fb4ef791e6a5b1557d9ccc.png,2189244e48fb4ef791e6a5b1557d9ccc,3
images/d53ff9f71a5048f5ad8f82425ddc80f1.jpg,masks/d53ff9f71a5048f5ad8f82425ddc80f1.png,d53ff9f71a5048f5ad8f82425ddc80f1,3
images/cbb1b840f0614249b15f9e48a6a88477.jpg,masks/cbb1b840f0614249b15f9e48a6a88477.png,cbb1b840f0614249b15f9e48a6a88477,3
images/4485439380534632bd111e872167ad2e.jpg,masks/4485439380534632bd111e872167ad2e.png,4485439380534632bd111e872167ad2e,3
images/9e44637cb6c44cf9b3b64dac0a20cc73.jpg,masks/9e44637cb6c44cf9b3b64dac0a20cc73.png,9e44637cb6c44cf9b3b64dac0a20cc73,3
images/e8e16612085849e9a7dbd6906534039e.jpg,masks/e8e16612085849e9a7dbd6906534039e.png,e8e16612085849e9a7dbd6906534039e,3
images/88a6e2971ba545a28f73405cb9cce9de.jpg,masks/88a6e2971ba545a28f73405cb9cce9de.png,88a6e2971ba545a28f73405cb9cce9de,3
images/d6f4c1504990485899362160c85f5ef1.jpg,masks/d6f4c1504990485899362160c85f5ef1.png,d6f4c1504990485899362160c85f5ef1,3
images/73a9d01b051642e49046973046ac9347.jpg,masks/73a9d01b051642e49046973046ac9347.png,73a9d01b051642e49046973046ac9347,3
images/537fd967e92f4a6bb0a61911b2294d8f.jpg,masks/537fd967e92f4a6bb0a61911b2294d8f.png,537fd967e92f4a6bb0a61911b2294d8f,3
images/f7c7ef412d35420aa59f0542e748abd8.jpg,masks/f7c7ef412d35420aa59f0542e748abd8.png,f7c7ef412d35420aa59f0542e748abd8,3
images/c7eb275750d94ccc93c2984e92ac40d7.jpg,masks/c7eb275750d94ccc93c2984e92ac40d7.png,c7eb275750d94ccc93c2984e92ac40d7,3
images/69de079e8ac8430787ef8aca08350b5a.jpg,masks/69de079e8ac8430787ef8aca08350b5a.png,69de079e8ac8430787ef8aca08350b5a,3
images/f8b5ef8f9b0c44c1a4196cf07c789383.jpg,masks/f8b5ef8f9b0c44c1a4196cf07c789383.png,f8b5ef8f9b0c44c1a4196cf07c789383,3
images/3a9f31f859ec4bb5a7c54e3b0ed67eeb.jpg,masks/3a9f31f859ec4bb5a7c54e3b0ed67eeb.png,3a9f31f859ec4bb5a7c54e3b0ed67eeb,3
images/b9b4251132af476789e7f4cbe326a623.jpg,masks/b9b4251132af476789e7f4cbe326a623.png,b9b4251132af476789e7f4cbe326a623,3
images/d97a05b523324268a0af4a5fee80c59a.jpg,masks/d97a05b523324268a0af4a5fee80c59a.png,d97a05b523324268a0af4a5fee80c59a,3
images/0400305a6b014c3a9ddd60db68dfb948.jpg,masks/0400305a6b014c3a9ddd60db68dfb948.png,0400305a6b014c3a9ddd60db68dfb948,3
images/2f40e9ff2b4a40f486158e227f3c40e0.jpg,masks/2f40e9ff2b4a40f486158e227f3c40e0.png,2f40e9ff2b4a40f486158e227f3c40e0,3
images/2bf5899f0cd64ef9b1269b8e942a5d6f.jpg,masks/2bf5899f0cd64ef9b1269b8e942a5d6f.png,2bf5899f0cd64ef9b1269b8e942a5d6f,3
images/208ea87369e14af38eceb1e3693d244f.jpg,masks/208ea87369e14af38eceb1e3693d244f.png,208ea87369e14af38eceb1e3693d244f,3
images/6c66af898ac14a7982e6df828e361386.jpg,masks/6c66af898ac14a7982e6df828e361386.png,6c66af898ac14a7982e6df828e361386,3
images/54738b80c9224208b88c23000f48be9b.jpg,masks/54738b80c9224208b88c23000f48be9b.png,54738b80c9224208b88c23000f48be9b,3
images/04d69c12b0e0438da42ca51a55799b07.jpg,masks/04d69c12b0e0438da42ca51a55799b07.png,04d69c12b0e0438da42ca51a55799b07,3
images/b6d30588182c437e8301a45793f42f18.jpg,masks/b6d30588182c437e8301a45793f42f18.png,b6d30588182c437e8301a45793f42f18,3
images/0dcffa9318e24acc99e97a90f075f2cb.jpg,masks/0dcffa9318e24acc99e97a90f075f2cb.png,0dcffa9318e24acc99e97a90f075f2cb,3
images/f6dc55f1865e488cb0ffaeb2b9d7988a.jpg,masks/f6dc55f1865e488cb0ffaeb2b9d7988a.png,f6dc55f1865e488cb0ffaeb2b9d7988a,3
images/9aa73e4447814d8aad88edfb0f2d0d70.jpg,masks/9aa73e4447814d8aad88edfb0f2d0d70.png,9aa73e4447814d8aad88edfb0f2d0d70,3
images/74879a1ede5e4f718a662d5dc9c14ed3.jpg,masks/74879a1ede5e4f718a662d5dc9c14ed3.png,74879a1ede5e4f718a662d5dc9c14ed3,3
images/b248146aab084aaa9d8de20b489e805b.jpg,masks/b248146aab084aaa9d8de20b489e805b.png,b248146aab084aaa9d8de20b489e805b,3
images/553436b5420c4c18a206900bc5ba287d.jpg,masks/553436b5420c4c18a206900bc5ba287d.png,553436b5420c4c18a206900bc5ba287d,3
images/fda540fa043345348df7e2e2315b31ca.jpg,masks/fda540fa043345348df7e2e2315b31ca.png,fda540fa043345348df7e2e2315b31ca,3
images/eb49551a34074c37931f2949c881e3de.jpg,masks/eb49551a34074c37931f2949c881e3de.png,eb49551a34074c37931f2949c881e3de,3
images/39e068db484a49aebda6ba368eabd2d2.jpg,masks/39e068db484a49aebda6ba368eabd2d2.png,39e068db484a49aebda6ba368eabd2d2,3
images/766b5067cfb948bd9aa44d935127174d.jpg,masks/766b5067cfb948bd9aa44d935127174d.png,766b5067cfb948bd9aa44d935127174d,3
images/b587a311dc10430f9356fbd2fcd72986.jpg,masks/b587a311dc10430f9356fbd2fcd72986.png,b587a311dc10430f9356fbd2fcd72986,3
images/64adeb96def44e4f99b5dc1054ae7b66.jpg,masks/64adeb96def44e4f99b5dc1054ae7b66.png,64adeb96def44e4f99b5dc1054ae7b66,3
images/5444daaf9eec437293ad898ec7eac09f.jpg,masks/5444daaf9eec437293ad898ec7eac09f.png,5444daaf9eec437293ad898ec7eac09f,3
images/be8280edd91a4509b089504c0ed2b595.jpg,masks/be8280edd91a4509b089504c0ed2b595.png,be8280edd91a4509b089504c0ed2b595,3
images/0f355b4c525f49488bc73416c0760c91.jpg,masks/0f355b4c525f49488bc73416c0760c91.png,0f355b4c525f49488bc73416c0760c91,3
images/da2ae0aa90d848219c48de346f9af25a.jpg,masks/da2ae0aa90d848219c48de346f9af25a.png,da2ae0aa90d848219c48de346f9af25a,3
images/8be0c9124a744d21b44631d7bb17e944.jpg,masks/8be0c9124a744d21b44631d7bb17e944.png,8be0c9124a744d21b44631d7bb17e944,3
images/5dfbcffed60c492d8416c3c8ef7116a9.jpg,masks/5dfbcffed60c492d8416c3c8ef7116a9.png,5dfbcffed60c492d8416c3c8ef7116a9,3
images/2c4a7723364d4e319d8b33d97142edda.jpg,masks/2c4a7723364d4e319d8b33d97142edda.png,2c4a7723364d4e319d8b33d97142edda,3
images/4a398e91182a45cfb5747924a6f61989.jpg,masks/4a398e91182a45cfb5747924a6f61989.png,4a398e91182a45cfb5747924a6f61989,3
images/9a9a6a3759064f639e3ad2ae4be3dce6.jpg,masks/9a9a6a3759064f639e3ad2ae4be3dce6.png,9a9a6a3759064f639e3ad2ae4be3dce6,3
images/f1679a4c32e04dbe9b0496df3566eee0.jpg,masks/f1679a4c32e04dbe9b0496df3566eee0.png,f1679a4c32e04dbe9b0496df3566eee0,3
images/82e3ba97f51547faa82e7de96a3890d7.jpg,masks/82e3ba97f51547faa82e7de96a3890d7.png,82e3ba97f51547faa82e7de96a3890d7,3
images/d2e24654d72d4660a385bed623aa96c8.jpg,masks/d2e24654d72d4660a385bed623aa96c8.png,d2e24654d72d4660a385bed623aa96c8,3
images/669e3d2fc97b4d4d92353c0ab2470c50.jpg,masks/669e3d2fc97b4d4d92353c0ab2470c50.png,669e3d2fc97b4d4d92353c0ab2470c50,3
images/16d4a8d2efa648ce9dfcab8c38540668.jpg,masks/16d4a8d2efa648ce9dfcab8c38540668.png,16d4a8d2efa648ce9dfcab8c38540668,3
images/9d19153e3d034b55a9d58f3ee1559205.jpg,masks/9d19153e3d034b55a9d58f3ee1559205.png,9d19153e3d034b55a9d58f3ee1559205,3
images/f6c596e891c74d3896dbe3048185d5cf.jpg,masks/f6c596e891c74d3896dbe3048185d5cf.png,f6c596e891c74d3896dbe3048185d5cf,3
images/85cf0e67f21a4db9ae3985e7e6cc26ca.jpg,masks/85cf0e67f21a4db9ae3985e7e6cc26ca.png,85cf0e67f21a4db9ae3985e7e6cc26ca,3
images/7a082c5ddccf4a61a67510770e014033.jpg,masks/7a082c5ddccf4a61a67510770e014033.png,7a082c5ddccf4a61a67510770e014033,3
images/085ef3019b904cb0bc7e08a35f1d176c.jpg,masks/085ef3019b904cb0bc7e08a35f1d176c.png,085ef3019b904cb0bc7e08a35f1d176c,3
images/1c61ac94685e4e19b5ee3debd473f443.jpg,masks/1c61ac94685e4e19b5ee3debd473f443.png,1c61ac94685e4e19b5ee3debd473f443,3
images/a9d5036a903546738ef98bc1b757954f.jpg,masks/a9d5036a903546738ef98bc1b757954f.png,a9d5036a903546738ef98bc1b757954f,3
images/09de02ecde64405c926be189365b158f.jpg,masks/09de02ecde64405c926be189365b158f.png,09de02ecde64405c926be189365b158f,3
images/24b8487e937148bca3e33fbb2f0e76d9.jpg,masks/24b8487e937148bca3e33fbb2f0e76d9.png,24b8487e937148bca3e33fbb2f0e76d9,3
images/3f1009ec58fc4a5c82a1e1786f8be660.jpg,masks/3f1009ec58fc4a5c82a1e1786f8be660.png,3f1009ec58fc4a5c82a1e1786f8be660,3
images/50061db4dc804976a69627de4432b6f1.jpg,masks/50061db4dc804976a69627de4432b6f1.png,50061db4dc804976a69627de4432b6f1,3
images/4e02e02f05ef4214bebff32e219ffa8e.jpg,masks/4e02e02f05ef4214bebff32e219ffa8e.png,4e02e02f05ef4214bebff32e219ffa8e,3
images/16702eda48814fdb852395f6bb5f82b4.jpg,masks/16702eda48814fdb852395f6bb5f82b4.png,16702eda48814fdb852395f6bb5f82b4,3
images/6c7fa5188e734c40bf2cc644db5d0fdb.jpg,masks/6c7fa5188e734c40bf2cc644db5d0fdb.png,6c7fa5188e734c40bf2cc644db5d0fdb,3
images/0ee0875c108f4032a7ce9a83ce2b9bd1.jpg,masks/0ee0875c108f4032a7ce9a83ce2b9bd1.png,0ee0875c108f4032a7ce9a83ce2b9bd1,3
images/3bf43cb4b7a74fd7affb1f3f2aca1882.jpg,masks/3bf43cb4b7a74fd7affb1f3f2aca1882.png,3bf43cb4b7a74fd7affb1f3f2aca1882,3
images/1e32f7b0e52d40b690d722b271c9f3eb.jpg,masks/1e32f7b0e52d40b690d722b271c9f3eb.png,1e32f7b0e52d40b690d722b271c9f3eb,3
images/593c11fa96d5461a87e6483480d4f5e3.jpg,masks/593c11fa96d5461a87e6483480d4f5e3.png,593c11fa96d5461a87e6483480d4f5e3,3
images/e0efd249f90343ae8053645d36a8e00b.jpg,masks/e0efd249f90343ae8053645d36a8e00b.png,e0efd249f90343ae8053645d36a8e00b,3
images/cef9efe4b1bd4fba91038ad769c70171.jpg,masks/cef9efe4b1bd4fba91038ad769c70171.png,cef9efe4b1bd4fba91038ad769c70171,3
images/5ee69772d15441a9ace5987b26c3ea33.jpg,masks/5ee69772d15441a9ace5987b26c3ea33.png,5ee69772d15441a9ace5987b26c3ea33,3
images/7f660245861d4301912872c21b33cb73.jpg,masks/7f660245861d4301912872c21b33cb73.png,7f660245861d4301912872c21b33cb73,3
images/590268a6b2aa47ff8c5040fa0f5ff624.jpg,masks/590268a6b2aa47ff8c5040fa0f5ff624.png,590268a6b2aa47ff8c5040fa0f5ff624,3
images/d9f087eef509470bb966a83938ab9300.jpg,masks/d9f087eef509470bb966a83938ab9300.png,d9f087eef509470bb966a83938ab9300,3
images/a5b57cadb7b14ad7b4274864b92f9153.jpg,masks/a5b57cadb7b14ad7b4274864b92f9153.png,a5b57cadb7b14ad7b4274864b92f9153,3
images/4c77dffe0dd440dcb9c31c1f052fd33e.jpg,masks/4c77dffe0dd440dcb9c31c1f052fd33e.png,4c77dffe0dd440dcb9c31c1f052fd33e,3
images/8b6dd6f08565409cb881092136a9fe11.jpg,masks/8b6dd6f08565409cb881092136a9fe11.png,8b6dd6f08565409cb881092136a9fe11,3
images/b36bb31d8491497ab0621be5d3124939.jpg,masks/b36bb31d8491497ab0621be5d3124939.png,b36bb31d8491497ab0621be5d3124939,3
images/0a17b93c1af242e2aae1c99514d06568.jpg,masks/0a17b93c1af242e2aae1c99514d06568.png,0a17b93c1af242e2aae1c99514d06568,3
images/f0e8ae1f20cd4c8fb0eb5953c2893eae.jpg,masks/f0e8ae1f20cd4c8fb0eb5953c2893eae.png,f0e8ae1f20cd4c8fb0eb5953c2893eae,3
images/7c79794d24954a0fa27b53795553b477.jpg,masks/7c79794d24954a0fa27b53795553b477.png,7c79794d24954a0fa27b53795553b477,3
images/9627afc29d3f43ac886d14dc50e4552f.jpg,masks/9627afc29d3f43ac886d14dc50e4552f.png,9627afc29d3f43ac886d14dc50e4552f,3
images/c4dec526c64b4d848f153ea79b72ae40.jpg,masks/c4dec526c64b4d848f153ea79b72ae40.png,c4dec526c64b4d848f153ea79b72ae40,3
images/fc6aaa9a869a410db44e93f2c53b53de.jpg,masks/fc6aaa9a869a410db44e93f2c53b53de.png,fc6aaa9a869a410db44e93f2c53b53de,3
images/6f2e6015b5f34011bdd4fcf9943a7ad5.jpg,masks/6f2e6015b5f34011bdd4fcf9943a7ad5.png,6f2e6015b5f34011bdd4fcf9943a7ad5,3
images/6f49bbb1d0804c44948ce6b8485508f8.jpg,masks/6f49bbb1d0804c44948ce6b8485508f8.png,6f49bbb1d0804c44948ce6b8485508f8,3
images/98f85296fe1b4519b994326ec79312e6.jpg,masks/98f85296fe1b4519b994326ec79312e6.png,98f85296fe1b4519b994326ec79312e6,3
images/93b23eb949cf47caa858fe3b13fd3868.jpg,masks/93b23eb949cf47caa858fe3b13fd3868.png,93b23eb949cf47caa858fe3b13fd3868,3
images/5081d76855e048b0b5b5d4723695d8b1.jpg,masks/5081d76855e048b0b5b5d4723695d8b1.png,5081d76855e048b0b5b5d4723695d8b1,3
images/1ae0d8e1cc074808b5a4de1eebc45734.jpg,masks/1ae0d8e1cc074808b5a4de1eebc45734.png,1ae0d8e1cc074808b5a4de1eebc45734,3
images/05ed6f9136b84406b9dda2458d08a679.jpg,masks/05ed6f9136b84406b9dda2458d08a679.png,05ed6f9136b84406b9dda2458d08a679,3
images/1453a5bfb22d4ffbb37b46a3fb7fb8e6.jpg,masks/1453a5bfb22d4ffbb37b46a3fb7fb8e6.png,1453a5bfb22d4ffbb37b46a3fb7fb8e6,3
images/0a285584702447edbe0c4a473b2ab4e8.jpg,masks/0a285584702447edbe0c4a473b2ab4e8.png,0a285584702447edbe0c4a473b2ab4e8,3
images/8d32b1e16cb340c3b7ef9afadb4a945d.jpg,masks/8d32b1e16cb340c3b7ef9afadb4a945d.png,8d32b1e16cb340c3b7ef9afadb4a945d,3
images/00a7233a4d564357844d59b7b38aa85a.jpg,masks/00a7233a4d564357844d59b7b38aa85a.png,00a7233a4d564357844d59b7b38aa85a,3
images/36262e361f61451d96bb6bf76f05b7ce.jpg,masks/36262e361f61451d96bb6bf76f05b7ce.png,36262e361f61451d96bb6bf76f05b7ce,3
images/7abd9d659ba54c3987bd2cc474ae0c98.jpg,masks/7abd9d659ba54c3987bd2cc474ae0c98.png,7abd9d659ba54c3987bd2cc474ae0c98,3
images/336bddf1b3fc4acbbaa0a1031b8d190c.jpg,masks/336bddf1b3fc4acbbaa0a1031b8d190c.png,336bddf1b3fc4acbbaa0a1031b8d190c,3
images/8d9f353dc243476a97f838a62391886f.jpg,masks/8d9f353dc243476a97f838a62391886f.png,8d9f353dc243476a97f838a62391886f,3
images/9bf7f70369e042eb9d836b76531e2efa.jpg,masks/9bf7f70369e042eb9d836b76531e2efa.png,9bf7f70369e042eb9d836b76531e2efa,3
images/99db41149ae642c18e5ebdb303b9e808.jpg,masks/99db41149ae642c18e5ebdb303b9e808.png,99db41149ae642c18e5ebdb303b9e808,3
images/0a54da74e6ad4cbdb96c9666313bdf44.jpg,masks/0a54da74e6ad4cbdb96c9666313bdf44.png,0a54da74e6ad4cbdb96c9666313bdf44,3
images/59ce7868217747a5a05b69de3ab02b12.jpg,masks/59ce7868217747a5a05b69de3ab02b12.png,59ce7868217747a5a05b69de3ab02b12,3
images/7ccfa77e4cd94bfb91b7a9e87cdd09c7.jpg,masks/7ccfa77e4cd94bfb91b7a9e87cdd09c7.png,7ccfa77e4cd94bfb91b7a9e87cdd09c7,3
images/5143a4a0d62c4bd5a65f51a46f6206db.jpg,masks/5143a4a0d62c4bd5a65f51a46f6206db.png,5143a4a0d62c4bd5a65f51a46f6206db,3
images/b9308a7365a44bea8778a29bf1a784dc.jpg,masks/b9308a7365a44bea8778a29bf1a784dc.png,b9308a7365a44bea8778a29bf1a784dc,3
images/24c62da6548a4a76aff6206eb7d85428.jpg,masks/24c62da6548a4a76aff6206eb7d85428.png,24c62da6548a4a76aff6206eb7d85428,3
images/3199cb5c288f40adb09ee6dc33cceded.jpg,masks/3199cb5c288f40adb09ee6dc33cceded.png,3199cb5c288f40adb09ee6dc33cceded,3
images/8647c700f301496ea2a14e07c0cf9160.jpg,masks/8647c700f301496ea2a14e07c0cf9160.png,8647c700f301496ea2a14e07c0cf9160,3
images/50efc810a4b5461c9387b14ccf712f79.jpg,masks/50efc810a4b5461c9387b14ccf712f79.png,50efc810a4b5461c9387b14ccf712f79,3
images/a26f5226ed6a4952bebff1fbdfb9d139.jpg,masks/a26f5226ed6a4952bebff1fbdfb9d139.png,a26f5226ed6a4952bebff1fbdfb9d139,3
images/160c9413e71e4542951a4f18cbe6a074.jpg,masks/160c9413e71e4542951a4f18cbe6a074.png,160c9413e71e4542951a4f18cbe6a074,3
images/1558545a03394af89e21198af4d66209.jpg,masks/1558545a03394af89e21198af4d66209.png,1558545a03394af89e21198af4d66209,3
images/1bb052a795534bb7ac6cdfd46e7cf5dc.jpg,masks/1bb052a795534bb7ac6cdfd46e7cf5dc.png,1bb052a795534bb7ac6cdfd46e7cf5dc,3
images/7071358549234a8895ab79868d0e2258.jpg,masks/7071358549234a8895ab79868d0e2258.png,7071358549234a8895ab79868d0e2258,3
images/e43985ffcbba4ae98f91d4c6b1d9c167.jpg,masks/e43985ffcbba4ae98f91d4c6b1d9c167.png,e43985ffcbba4ae98f91d4c6b1d9c167,3
images/bcfd6522f4e04ac2aca5da2ca504ea6b.jpg,masks/bcfd6522f4e04ac2aca5da2ca504ea6b.png,bcfd6522f4e04ac2aca5da2ca504ea6b,3
images/3cd19a4a7c114449a916721a28d3a9c8.jpg,masks/3cd19a4a7c114449a916721a28d3a9c8.png,3cd19a4a7c114449a916721a28d3a9c8,3
images/7a920069e8bb4683adefdd044c54f562.jpg,masks/7a920069e8bb4683adefdd044c54f562.png,7a920069e8bb4683adefdd044c54f562,3
images/ee03cc8998b84c9e95d811a3268010a2.jpg,masks/ee03cc8998b84c9e95d811a3268010a2.png,ee03cc8998b84c9e95d811a3268010a2,3
images/80ae5e7639c943e1b5c05d73d993ea9e.jpg,masks/80ae5e7639c943e1b5c05d73d993ea9e.png,80ae5e7639c943e1b5c05d73d993ea9e,3
images/17bd766532bf4622a6cecc970949fe6e.jpg,masks/17bd766532bf4622a6cecc970949fe6e.png,17bd766532bf4622a6cecc970949fe6e,3
images/637a1f4aa6254418abe29415c78eba8e.jpg,masks/637a1f4aa6254418abe29415c78eba8e.png,637a1f4aa6254418abe29415c78eba8e,3
images/6e0a7471bc2a40ee99856f1226e0dd35.jpg,masks/6e0a7471bc2a40ee99856f1226e0dd35.png,6e0a7471bc2a40ee99856f1226e0dd35,3
images/6046cff81e1d4410bbe6c67fff067d3c.jpg,masks/6046cff81e1d4410bbe6c67fff067d3c.png,6046cff81e1d4410bbe6c67fff067d3c,3
images/fbaf54ada59e4ae0a43d942742285e99.jpg,masks/fbaf54ada59e4ae0a43d942742285e99.png,fbaf54ada59e4ae0a43d942742285e99,3
images/63024d029c894753ae0a0061e39ba4a9.jpg,masks/63024d029c894753ae0a0061e39ba4a9.png,63024d029c894753ae0a0061e39ba4a9,3
images/a5ff74223254457d95dea17db0b39d5a.jpg,masks/a5ff74223254457d95dea17db0b39d5a.png,a5ff74223254457d95dea17db0b39d5a,3
images/09a2630d36144610ac1e16e0a8c56a04.jpg,masks/09a2630d36144610ac1e16e0a8c56a04.png,09a2630d36144610ac1e16e0a8c56a04,3
images/129d15788be24536a48f38684bb7f718.jpg,masks/129d15788be24536a48f38684bb7f718.png,129d15788be24536a48f38684bb7f718,3
images/2207a05af6194c49b339cb8106e3e9c8.jpg,masks/2207a05af6194c49b339cb8106e3e9c8.png,2207a05af6194c49b339cb8106e3e9c8,3
images/b4d3d70410224bf680d9101a49050baf.jpg,masks/b4d3d70410224bf680d9101a49050baf.png,b4d3d70410224bf680d9101a49050baf,3
images/78ec4b80dcb64473b16c30ec585a7994.jpg,masks/78ec4b80dcb64473b16c30ec585a7994.png,78ec4b80dcb64473b16c30ec585a7994,3
images/e629317eb9434e1d8de5883c36aa2686.jpg,masks/e629317eb9434e1d8de5883c36aa2686.png,e629317eb9434e1d8de5883c36aa2686,3
images/7f2414d556984e1ba8fedb2c987c6e58.jpg,masks/7f2414d556984e1ba8fedb2c987c6e58.png,7f2414d556984e1ba8fedb2c987c6e58,3
images/86a6b575b89d417d8100e6e9b8aefb0a.jpg,masks/86a6b575b89d417d8100e6e9b8aefb0a.png,86a6b575b89d417d8100e6e9b8aefb0a,3
images/7f2e63f9978240afad9d09a21a35be47.jpg,masks/7f2e63f9978240afad9d09a21a35be47.png,7f2e63f9978240afad9d09a21a35be47,3
images/2ebb4e131121473880690efb1436a998.jpg,masks/2ebb4e131121473880690efb1436a998.png,2ebb4e131121473880690efb1436a998,3
images/630af64250644c03bb4729b5197fe804.jpg,masks/630af64250644c03bb4729b5197fe804.png,630af64250644c03bb4729b5197fe804,3
images/e2876cc94bbd49298c7dc591203787bc.jpg,masks/e2876cc94bbd49298c7dc591203787bc.png,e2876cc94bbd49298c7dc591203787bc,3
images/ddba94f6a5524385889c028cb79013a0.jpg,masks/ddba94f6a5524385889c028cb79013a0.png,ddba94f6a5524385889c028cb79013a0,3
images/997f8dccb818436f8fca8edafbd05dff.jpg,masks/997f8dccb818436f8fca8edafbd05dff.png,997f8dccb818436f8fca8edafbd05dff,3
images/f813ce367cd04d4a821089f72d8e346b.jpg,masks/f813ce367cd04d4a821089f72d8e346b.png,f813ce367cd04d4a821089f72d8e346b,3
images/b702b8b2c21e4b5b9cefa124f46a7bc8.jpg,masks/b702b8b2c21e4b5b9cefa124f46a7bc8.png,b702b8b2c21e4b5b9cefa124f46a7bc8,3
images/973c428ab67d49eca27e1520ab5777f0.jpg,masks/973c428ab67d49eca27e1520ab5777f0.png,973c428ab67d49eca27e1520ab5777f0,3
images/061c2ddbc5fb460d805ab59c27d98fe2.jpg,masks/061c2ddbc5fb460d805ab59c27d98fe2.png,061c2ddbc5fb460d805ab59c27d98fe2,3
images/b87bb9b99c384269b053eb141eeca121.jpg,masks/b87bb9b99c384269b053eb141eeca121.png,b87bb9b99c384269b053eb141eeca121,3
images/335a6e5950c441bba6a6c6719d04074e.jpg,masks/335a6e5950c441bba6a6c6719d04074e.png,335a6e5950c441bba6a6c6719d04074e,3
images/19f2c50263c44c14b3489711119a14b1.jpg,masks/19f2c50263c44c14b3489711119a14b1.png,19f2c50263c44c14b3489711119a14b1,3
images/2310c800929f4b9a853ebd21c8cf9719.jpg,masks/2310c800929f4b9a853ebd21c8cf9719.png,2310c800929f4b9a853ebd21c8cf9719,3
images/42ccaa845bf44914963b37894be9d2c9.jpg,masks/42ccaa845bf44914963b37894be9d2c9.png,42ccaa845bf44914963b37894be9d2c9,3
images/468e19c25d4f48568d35642cdfb01c73.jpg,masks/468e19c25d4f48568d35642cdfb01c73.png,468e19c25d4f48568d35642cdfb01c73,3
images/599737d8374d4387bb4254d671f22a8d.jpg,masks/599737d8374d4387bb4254d671f22a8d.png,599737d8374d4387bb4254d671f22a8d,3
images/61933c6db2744220b38371a1e39e9a13.jpg,masks/61933c6db2744220b38371a1e39e9a13.png,61933c6db2744220b38371a1e39e9a13,3
images/d77e78accc4d44f4a2deea245990b1ab.jpg,masks/d77e78accc4d44f4a2deea245990b1ab.png,d77e78accc4d44f4a2deea245990b1ab,3
images/0d465e0c265d431a919cd8d87b958b55.jpg,masks/0d465e0c265d431a919cd8d87b958b55.png,0d465e0c265d431a919cd8d87b958b55,3
images/3506d17fe7554e98a464b6db88bf6af8.jpg,masks/3506d17fe7554e98a464b6db88bf6af8.png,3506d17fe7554e98a464b6db88bf6af8,3
images/9331164c50394a0bafd56768b3f7047c.jpg,masks/9331164c50394a0bafd56768b3f7047c.png,9331164c50394a0bafd56768b3f7047c,3
images/4510deb0622b4742bd8bee6569a8609c.jpg,masks/4510deb0622b4742bd8bee6569a8609c.png,4510deb0622b4742bd8bee6569a8609c,3
images/c04b4834d1fd4007984b663d026cf877.jpg,masks/c04b4834d1fd4007984b663d026cf877.png,c04b4834d1fd4007984b663d026cf877,3
images/18b2390397964d81859f120dc23c33cd.jpg,masks/18b2390397964d81859f120dc23c33cd.png,18b2390397964d81859f120dc23c33cd,3
images/2fea19fa31754f8a8a1be480ce25735e.jpg,masks/2fea19fa31754f8a8a1be480ce25735e.png,2fea19fa31754f8a8a1be480ce25735e,3
images/8cb404eadfe442a49e480810e10fe276.jpg,masks/8cb404eadfe442a49e480810e10fe276.png,8cb404eadfe442a49e480810e10fe276,3
images/89619789cd16430595527721b53870e8.jpg,masks/89619789cd16430595527721b53870e8.png,89619789cd16430595527721b53870e8,3
images/831ed32b723a4e3b86f6614524b7db53.jpg,masks/831ed32b723a4e3b86f6614524b7db53.png,831ed32b723a4e3b86f6614524b7db53,3
images/d6485d4357264e40826870f751a3bc18.jpg,masks/d6485d4357264e40826870f751a3bc18.png,d6485d4357264e40826870f751a3bc18,3
images/315d44a985c94d7f88e02a47512fecd4.jpg,masks/315d44a985c94d7f88e02a47512fecd4.png,315d44a985c94d7f88e02a47512fecd4,3
images/525bac1b84d944388f9e28fde2e342c7.jpg,masks/525bac1b84d944388f9e28fde2e342c7.png,525bac1b84d944388f9e28fde2e342c7,3
images/ff387c726cc74d3faef6fce1874b1e7a.jpg,masks/ff387c726cc74d3faef6fce1874b1e7a.png,ff387c726cc74d3faef6fce1874b1e7a,3
images/2334d53d9b9d4fce8b5244e80b4547b1.jpg,masks/2334d53d9b9d4fce8b5244e80b4547b1.png,2334d53d9b9d4fce8b5244e80b4547b1,3
images/fc38763ec64141e79dc4c034ea15ba28.jpg,masks/fc38763ec64141e79dc4c034ea15ba28.png,fc38763ec64141e79dc4c034ea15ba28,3
images/62a25be889224789bc323d3658e5a184.jpg,masks/62a25be889224789bc323d3658e5a184.png,62a25be889224789bc323d3658e5a184,3
images/5116a2477ef348dbb031177b95f90304.jpg,masks/5116a2477ef348dbb031177b95f90304.png,5116a2477ef348dbb031177b95f90304,3
images/8b82db98bb30496e85cab709d07f7142.jpg,masks/8b82db98bb30496e85cab709d07f7142.png,8b82db98bb30496e85cab709d07f7142,3
images/d82b982e41884e4a83e4c9bf57c54310.jpg,masks/d82b982e41884e4a83e4c9bf57c54310.png,d82b982e41884e4a83e4c9bf57c54310,3
images/92f01f36bd144314ad7435f847182985.jpg,masks/92f01f36bd144314ad7435f847182985.png,92f01f36bd144314ad7435f847182985,3
images/afcf3eb097c94b8bb8693299d8f78290.jpg,masks/afcf3eb097c94b8bb8693299d8f78290.png,afcf3eb097c94b8bb8693299d8f78290,3
images/cb216e6be83a43e99f7eef3f9eb0e469.jpg,masks/cb216e6be83a43e99f7eef3f9eb0e469.png,cb216e6be83a43e99f7eef3f9eb0e469,3
images/f7c86c5c773044b99e5b0f6cd21a2e80.jpg,masks/f7c86c5c773044b99e5b0f6cd21a2e80.png,f7c86c5c773044b99e5b0f6cd21a2e80,3
images/cbfd789e23254be4af3ed34171b831cb.jpg,masks/cbfd789e23254be4af3ed34171b831cb.png,cbfd789e23254be4af3ed34171b831cb,3
images/b13da1846bd3419da7186ab9be41601f.jpg,masks/b13da1846bd3419da7186ab9be41601f.png,b13da1846bd3419da7186ab9be41601f,3
images/40a8aa7a5d674ec2b6af244fbcafd6f3.jpg,masks/40a8aa7a5d674ec2b6af244fbcafd6f3.png,40a8aa7a5d674ec2b6af244fbcafd6f3,3
images/6c524d57f9b3463e8d39f8a65f9846f8.jpg,masks/6c524d57f9b3463e8d39f8a65f9846f8.png,6c524d57f9b3463e8d39f8a65f9846f8,3
images/2283ba3215c24ce3b314cdcb13cffd69.jpg,masks/2283ba3215c24ce3b314cdcb13cffd69.png,2283ba3215c24ce3b314cdcb13cffd69,3
images/31e57b3d392a41e39daf4492b6ee5c3c.jpg,masks/31e57b3d392a41e39daf4492b6ee5c3c.png,31e57b3d392a41e39daf4492b6ee5c3c,3
images/670b3f7d0f004d4a96b9c8400db82715.jpg,masks/670b3f7d0f004d4a96b9c8400db82715.png,670b3f7d0f004d4a96b9c8400db82715,3
images/b0ed816c99864b0b8cbac3782a5646f5.jpg,masks/b0ed816c99864b0b8cbac3782a5646f5.png,b0ed816c99864b0b8cbac3782a5646f5,3
images/77cf1c7006fb42088e6e4deb0085ca67.jpg,masks/77cf1c7006fb42088e6e4deb0085ca67.png,77cf1c7006fb42088e6e4deb0085ca67,3
images/c0c5a7e68b0146c4a90c096e6a96f3b0.jpg,masks/c0c5a7e68b0146c4a90c096e6a96f3b0.png,c0c5a7e68b0146c4a90c096e6a96f3b0,3
images/7cbf39ef6f9e440abaabf6a08d42ac57.jpg,masks/7cbf39ef6f9e440abaabf6a08d42ac57.png,7cbf39ef6f9e440abaabf6a08d42ac57,3
images/c6562d5bd676496293aef7a0ded4400b.jpg,masks/c6562d5bd676496293aef7a0ded4400b.png,c6562d5bd676496293aef7a0ded4400b,3
images/3a15d69fd0964e60a74bc672f73d1a2c.jpg,masks/3a15d69fd0964e60a74bc672f73d1a2c.png,3a15d69fd0964e60a74bc672f73d1a2c,3
images/ea17d422815942a1b77dc2f7eb93c52b.jpg,masks/ea17d422815942a1b77dc2f7eb93c52b.png,ea17d422815942a1b77dc2f7eb93c52b,3
images/302841a54c3e48c8a6edbd79faf6b914.jpg,masks/302841a54c3e48c8a6edbd79faf6b914.png,302841a54c3e48c8a6edbd79faf6b914,3
images/a655983b5d04418f9188f4253833d687.jpg,masks/a655983b5d04418f9188f4253833d687.png,a655983b5d04418f9188f4253833d687,3
images/df934255d1c84c319f0f3d77d6cb5fa6.jpg,masks/df934255d1c84c319f0f3d77d6cb5fa6.png,df934255d1c84c319f0f3d77d6cb5fa6,3
images/6aa103f9a5ec4fb3afa4762a0340bd4c.jpg,masks/6aa103f9a5ec4fb3afa4762a0340bd4c.png,6aa103f9a5ec4fb3afa4762a0340bd4c,3
images/bfdd980397854d5d878032d3375ac6a3.jpg,masks/bfdd980397854d5d878032d3375ac6a3.png,bfdd980397854d5d878032d3375ac6a3,3
images/63bb6dba37b9451eaeab0e521fcaf9d3.jpg,masks/63bb6dba37b9451eaeab0e521fcaf9d3.png,63bb6dba37b9451eaeab0e521fcaf9d3,3
images/5388009d908c41009d2326adf7a71884.jpg,masks/5388009d908c41009d2326adf7a71884.png,5388009d908c41009d2326adf7a71884,3
images/dfce5cc1c71d4c6eb3672190c6dc6eaa.jpg,masks/dfce5cc1c71d4c6eb3672190c6dc6eaa.png,dfce5cc1c71d4c6eb3672190c6dc6eaa,3
images/b7b1225ac32148a7893865fd61981abd.jpg,masks/b7b1225ac32148a7893865fd61981abd.png,b7b1225ac32148a7893865fd61981abd,3
images/5cfecb33785240589008621ff961b7cc.jpg,masks/5cfecb33785240589008621ff961b7cc.png,5cfecb33785240589008621ff961b7cc,3
images/1f43eb9951af43498b1a8050c6e1c5ad.jpg,masks/1f43eb9951af43498b1a8050c6e1c5ad.png,1f43eb9951af43498b1a8050c6e1c5ad,3
images/6881c60c4f82446db280c6ab6a44fad0.jpg,masks/6881c60c4f82446db280c6ab6a44fad0.png,6881c60c4f82446db280c6ab6a44fad0,3
images/1a3abe674e53419baf64dd6f0315dd0b.jpg,masks/1a3abe674e53419baf64dd6f0315dd0b.png,1a3abe674e53419baf64dd6f0315dd0b,3
images/5e7204b24c564535baa4f19018e4f604.jpg,masks/5e7204b24c564535baa4f19018e4f604.png,5e7204b24c564535baa4f19018e4f604,3
images/19582bd8f93745dfa27cdf61229aa61d.jpg,masks/19582bd8f93745dfa27cdf61229aa61d.png,19582bd8f93745dfa27cdf61229aa61d,3
images/a541962dbb3848e5a744e7fc724cf5b9.jpg,masks/a541962dbb3848e5a744e7fc724cf5b9.png,a541962dbb3848e5a744e7fc724cf5b9,3
images/de4f1c8e8a7e4cadb07ac64a9f94027d.jpg,masks/de4f1c8e8a7e4cadb07ac64a9f94027d.png,de4f1c8e8a7e4cadb07ac64a9f94027d,3
images/7df9354a01a1454dae537918d37e1df3.jpg,masks/7df9354a01a1454dae537918d37e1df3.png,7df9354a01a1454dae537918d37e1df3,3
images/3b463b1344f14139961e9336ccf02e9e.jpg,masks/3b463b1344f14139961e9336ccf02e9e.png,3b463b1344f14139961e9336ccf02e9e,3
images/d7ae5f4af7844228ab2dea1db1755620.jpg,masks/d7ae5f4af7844228ab2dea1db1755620.png,d7ae5f4af7844228ab2dea1db1755620,3
images/24ff4a93eb0d48e190a8abb9c6df37d4.jpg,masks/24ff4a93eb0d48e190a8abb9c6df37d4.png,24ff4a93eb0d48e190a8abb9c6df37d4,3
images/d0ff490d75d8442bbbe90854c6a35ed3.jpg,masks/d0ff490d75d8442bbbe90854c6a35ed3.png,d0ff490d75d8442bbbe90854c6a35ed3,3
images/250f1949dc3f4413b56f9adb6d7e6744.jpg,masks/250f1949dc3f4413b56f9adb6d7e6744.png,250f1949dc3f4413b56f9adb6d7e6744,3
images/ea248040df1840a595eac9089264c901.jpg,masks/ea248040df1840a595eac9089264c901.png,ea248040df1840a595eac9089264c901,3
images/e21366672d9c4a0c81cfd9cc165d32fc.jpg,masks/e21366672d9c4a0c81cfd9cc165d32fc.png,e21366672d9c4a0c81cfd9cc165d32fc,3
images/af58e683b76c4be18a7b947fa1aad5e3.jpg,masks/af58e683b76c4be18a7b947fa1aad5e3.png,af58e683b76c4be18a7b947fa1aad5e3,3
images/2bb07e7a459d426bb48b72f14cfa2858.jpg,masks/2bb07e7a459d426bb48b72f14cfa2858.png,2bb07e7a459d426bb48b72f14cfa2858,3
images/2117a05183264da29ab4bb118d8141b4.jpg,masks/2117a05183264da29ab4bb118d8141b4.png,2117a05183264da29ab4bb118d8141b4,3
images/2ea0951ea96c4d10b0bbd64b73a298e6.jpg,masks/2ea0951ea96c4d10b0bbd64b73a298e6.png,2ea0951ea96c4d10b0bbd64b73a298e6,3
images/b7de5b9f8cf649a68cd52654617e6bd6.jpg,masks/b7de5b9f8cf649a68cd52654617e6bd6.png,b7de5b9f8cf649a68cd52654617e6bd6,3
images/b442ce1d948b4fd7a2f3686307668871.jpg,masks/b442ce1d948b4fd7a2f3686307668871.png,b442ce1d948b4fd7a2f3686307668871,3
images/6447643bcaf848ae9c797cb7b744f3e9.jpg,masks/6447643bcaf848ae9c797cb7b744f3e9.png,6447643bcaf848ae9c797cb7b744f3e9,3
images/005c8ca282ba4f16b10b5322b0af2989.jpg,masks/005c8ca282ba4f16b10b5322b0af2989.png,005c8ca282ba4f16b10b5322b0af2989,3
images/962e5a80dece4b1090d25abc350558f8.jpg,masks/962e5a80dece4b1090d25abc350558f8.png,962e5a80dece4b1090d25abc350558f8,3
images/f277863caa4140079389ea3de54553b7.jpg,masks/f277863caa4140079389ea3de54553b7.png,f277863caa4140079389ea3de54553b7,3
images/c49436f304cd4d788ee4897352b7f45f.jpg,masks/c49436f304cd4d788ee4897352b7f45f.png,c49436f304cd4d788ee4897352b7f45f,3
images/3f2b49472cc44a6db5f967e439f27371.jpg,masks/3f2b49472cc44a6db5f967e439f27371.png,3f2b49472cc44a6db5f967e439f27371,3
images/936d28390253410988ba67afdb41e5c2.jpg,masks/936d28390253410988ba67afdb41e5c2.png,936d28390253410988ba67afdb41e5c2,3
images/8b003529104f4c4cbb134e2cc1ecb9ac.jpg,masks/8b003529104f4c4cbb134e2cc1ecb9ac.png,8b003529104f4c4cbb134e2cc1ecb9ac,3
images/63dec4e1458742a5870b95fc6ac2c0c8.jpg,masks/63dec4e1458742a5870b95fc6ac2c0c8.png,63dec4e1458742a5870b95fc6ac2c0c8,3
images/b8a796c5ec08441c8348cedd9b5cd06b.jpg,masks/b8a796c5ec08441c8348cedd9b5cd06b.png,b8a796c5ec08441c8348cedd9b5cd06b,3
images/bfdf6dd48c4e4d2b90648341e4cc3047.jpg,masks/bfdf6dd48c4e4d2b90648341e4cc3047.png,bfdf6dd48c4e4d2b90648341e4cc3047,3
images/90535a1b6a4347298f080781ba0c90f3.jpg,masks/90535a1b6a4347298f080781ba0c90f3.png,90535a1b6a4347298f080781ba0c90f3,3
images/e09969d0829546c7876ef3b1a60e1b24.jpg,masks/e09969d0829546c7876ef3b1a60e1b24.png,e09969d0829546c7876ef3b1a60e1b24,3
images/4c8d01dab4734593a6cd399066a1bdc7.jpg,masks/4c8d01dab4734593a6cd399066a1bdc7.png,4c8d01dab4734593a6cd399066a1bdc7,3
images/ebf8689ee31748599e9f8070b2558a73.jpg,masks/ebf8689ee31748599e9f8070b2558a73.png,ebf8689ee31748599e9f8070b2558a73,3
images/a73627ed3e9442849c75b82e0a891b8f.jpg,masks/a73627ed3e9442849c75b82e0a891b8f.png,a73627ed3e9442849c75b82e0a891b8f,3
images/bde1befdf85b40da9dd8dc7bd0c3fe86.jpg,masks/bde1befdf85b40da9dd8dc7bd0c3fe86.png,bde1befdf85b40da9dd8dc7bd0c3fe86,3
images/626bceffea914a20914fc09e3dcbe14b.jpg,masks/626bceffea914a20914fc09e3dcbe14b.png,626bceffea914a20914fc09e3dcbe14b,3
images/dc789cf642024865bef2ca69f8b553b5.jpg,masks/dc789cf642024865bef2ca69f8b553b5.png,dc789cf642024865bef2ca69f8b553b5,3
images/9ed3f02161a442b8ba63f7875edab373.jpg,masks/9ed3f02161a442b8ba63f7875edab373.png,9ed3f02161a442b8ba63f7875edab373,3
images/bd9a239fc6694c8cb2d8a24238039541.jpg,masks/bd9a239fc6694c8cb2d8a24238039541.png,bd9a239fc6694c8cb2d8a24238039541,3
images/6f1f84bc2eb64730be3583fb0d9b9cad.jpg,masks/6f1f84bc2eb64730be3583fb0d9b9cad.png,6f1f84bc2eb64730be3583fb0d9b9cad,3
images/74a8ce14158b47d3862f096f64d28e14.jpg,masks/74a8ce14158b47d3862f096f64d28e14.png,74a8ce14158b47d3862f096f64d28e14,3
images/da8fe9529cb347ba88ff782bbdfe6d2a.jpg,masks/da8fe9529cb347ba88ff782bbdfe6d2a.png,da8fe9529cb347ba88ff782bbdfe6d2a,3
images/d864237c904c406f9f7cc9b66b5fd7f7.jpg,masks/d864237c904c406f9f7cc9b66b5fd7f7.png,d864237c904c406f9f7cc9b66b5fd7f7,3
images/32180e4c2d8d415fb170ed567cf28726.jpg,masks/32180e4c2d8d415fb170ed567cf28726.png,32180e4c2d8d415fb170ed567cf28726,3
images/71c0f9e6d2d84cc6a60cfea5bf55d226.jpg,masks/71c0f9e6d2d84cc6a60cfea5bf55d226.png,71c0f9e6d2d84cc6a60cfea5bf55d226,3
images/bad31951dc394d02b8a1b830d3dcf3ab.jpg,masks/bad31951dc394d02b8a1b830d3dcf3ab.png,bad31951dc394d02b8a1b830d3dcf3ab,3
images/6974972cafc14072a240330644b88ecc.jpg,masks/6974972cafc14072a240330644b88ecc.png,6974972cafc14072a240330644b88ecc,3
images/848c57cf16934943bc35ff0c8c9b8e7a.jpg,masks/848c57cf16934943bc35ff0c8c9b8e7a.png,848c57cf16934943bc35ff0c8c9b8e7a,3
images/1ca0b8ddbc5a4cc8ab04b78c9aabaf83.jpg,masks/1ca0b8ddbc5a4cc8ab04b78c9aabaf83.png,1ca0b8ddbc5a4cc8ab04b78c9aabaf83,3
images/d0e3bed18b55406e8925b5451d5eb764.jpg,masks/d0e3bed18b55406e8925b5451d5eb764.png,d0e3bed18b55406e8925b5451d5eb764,3
images/897762a33d2f4727a2dc6d45cffc5276.jpg,masks/897762a33d2f4727a2dc6d45cffc5276.png,897762a33d2f4727a2dc6d45cffc5276,3
images/5560e6fd12cf49ecb5977f95b1c09e4f.jpg,masks/5560e6fd12cf49ecb5977f95b1c09e4f.png,5560e6fd12cf49ecb5977f95b1c09e4f,3
images/2f68a4c7c1c24f3b873c6a574f926e3b.jpg,masks/2f68a4c7c1c24f3b873c6a574f926e3b.png,2f68a4c7c1c24f3b873c6a574f926e3b,3
images/1b3cdac257c44c849c1c64c5d60f5dde.jpg,masks/1b3cdac257c44c849c1c64c5d60f5dde.png,1b3cdac257c44c849c1c64c5d60f5dde,3
images/9f8077acec2a470aa66279e9683066c3.jpg,masks/9f8077acec2a470aa66279e9683066c3.png,9f8077acec2a470aa66279e9683066c3,3
images/2500167204fa4fd0ae11a6025834ea8d.jpg,masks/2500167204fa4fd0ae11a6025834ea8d.png,2500167204fa4fd0ae11a6025834ea8d,3
images/d7a622d1c132483b94d317d6eaa94bf2.jpg,masks/d7a622d1c132483b94d317d6eaa94bf2.png,d7a622d1c132483b94d317d6eaa94bf2,3
images/64160c11015a4815ab054049334ae516.jpg,masks/64160c11015a4815ab054049334ae516.png,64160c11015a4815ab054049334ae516,3
images/770f7f662f394be7879cf3bfc0b695b7.jpg,masks/770f7f662f394be7879cf3bfc0b695b7.png,770f7f662f394be7879cf3bfc0b695b7,3
images/7733fcf6a62d457da354658221589b7c.jpg,masks/7733fcf6a62d457da354658221589b7c.png,7733fcf6a62d457da354658221589b7c,3
images/f7f707fdb38b4810a550d3b05801574f.jpg,masks/f7f707fdb38b4810a550d3b05801574f.png,f7f707fdb38b4810a550d3b05801574f,3
images/8aeb840a73cd45aa8cca69355ef08bb6.jpg,masks/8aeb840a73cd45aa8cca69355ef08bb6.png,8aeb840a73cd45aa8cca69355ef08bb6,3
images/25f0b27c0006447c9db5c0f1388a8edc.jpg,masks/25f0b27c0006447c9db5c0f1388a8edc.png,25f0b27c0006447c9db5c0f1388a8edc,3
images/624bdcb37f0d442ebe8e167d5751c683.jpg,masks/624bdcb37f0d442ebe8e167d5751c683.png,624bdcb37f0d442ebe8e167d5751c683,3
images/9c2f098a0bb7489c9694a1a780fd48de.jpg,masks/9c2f098a0bb7489c9694a1a780fd48de.png,9c2f098a0bb7489c9694a1a780fd48de,3
images/19f3a39da88640e28c5f4c5da366563f.jpg,masks/19f3a39da88640e28c5f4c5da366563f.png,19f3a39da88640e28c5f4c5da366563f,3
images/165f78507f0d42f0a10d4890e6d556ea.jpg,masks/165f78507f0d42f0a10d4890e6d556ea.png,165f78507f0d42f0a10d4890e6d556ea,3
images/5d5b99b98c7a42d4aa9df259710af8a0.jpg,masks/5d5b99b98c7a42d4aa9df259710af8a0.png,5d5b99b98c7a42d4aa9df259710af8a0,3
images/30fb57f8930441469303a5d78ce8bb68.jpg,masks/30fb57f8930441469303a5d78ce8bb68.png,30fb57f8930441469303a5d78ce8bb68,3
images/4483e4fe9cbf4b3994a0f9f9175bf59f.jpg,masks/4483e4fe9cbf4b3994a0f9f9175bf59f.png,4483e4fe9cbf4b3994a0f9f9175bf59f,3
images/4bc5b068432847798559e4c2a327cfe9.jpg,masks/4bc5b068432847798559e4c2a327cfe9.png,4bc5b068432847798559e4c2a327cfe9,3
images/03494e039521418889c9eb2f3c010e28.jpg,masks/03494e039521418889c9eb2f3c010e28.png,03494e039521418889c9eb2f3c010e28,3
images/ac0fd7f62584462f95942647a0e25935.jpg,masks/ac0fd7f62584462f95942647a0e25935.png,ac0fd7f62584462f95942647a0e25935,3
images/7242b0b53ef047ad8bc14fd9afa4e01d.jpg,masks/7242b0b53ef047ad8bc14fd9afa4e01d.png,7242b0b53ef047ad8bc14fd9afa4e01d,3
images/7883883c741746c9bcb4f72a97fa3d0f.jpg,masks/7883883c741746c9bcb4f72a97fa3d0f.png,7883883c741746c9bcb4f72a97fa3d0f,3
images/147f6078689b4d5ba50864fe10ceb54b.jpg,masks/147f6078689b4d5ba50864fe10ceb54b.png,147f6078689b4d5ba50864fe10ceb54b,3
images/04de82bc978e4beb84155707267248e6.jpg,masks/04de82bc978e4beb84155707267248e6.png,04de82bc978e4beb84155707267248e6,3
images/58ab14a6bab44f67a108d7f040dc124e.jpg,masks/58ab14a6bab44f67a108d7f040dc124e.png,58ab14a6bab44f67a108d7f040dc124e,3
images/591c73d0c5844f3b98f1fdb50b60884a.jpg,masks/591c73d0c5844f3b98f1fdb50b60884a.png,591c73d0c5844f3b98f1fdb50b60884a,3
images/769b58f9a17640d091ebb3e9519870b6.jpg,masks/769b58f9a17640d091ebb3e9519870b6.png,769b58f9a17640d091ebb3e9519870b6,3
images/363f4cbdd190411abb1e1f18ffa381d6.jpg,masks/363f4cbdd190411abb1e1f18ffa381d6.png,363f4cbdd190411abb1e1f18ffa381d6,3
images/cb2eeb502edb4b2092316358f465e369.jpg,masks/cb2eeb502edb4b2092316358f465e369.png,cb2eeb502edb4b2092316358f465e369,3
images/e3f8f93610e7469baa0926a0de90e6a5.jpg,masks/e3f8f93610e7469baa0926a0de90e6a5.png,e3f8f93610e7469baa0926a0de90e6a5,3
images/1ce88783f79943a48f8354522c31adc6.jpg,masks/1ce88783f79943a48f8354522c31adc6.png,1ce88783f79943a48f8354522c31adc6,3
images/777f4928190842778bed75299ed05e62.jpg,masks/777f4928190842778bed75299ed05e62.png,777f4928190842778bed75299ed05e62,3
images/731fde7ae2134d27b1d765a8aac0ff54.jpg,masks/731fde7ae2134d27b1d765a8aac0ff54.png,731fde7ae2134d27b1d765a8aac0ff54,3
images/ca822af0946c4badae3669d05b242e01.jpg,masks/ca822af0946c4badae3669d05b242e01.png,ca822af0946c4badae3669d05b242e01,3
images/ba36edbd7f994bd3b67c2c0a94672d42.jpg,masks/ba36edbd7f994bd3b67c2c0a94672d42.png,ba36edbd7f994bd3b67c2c0a94672d42,3
images/6aab7df78d8c4e4ba74327d62365005a.jpg,masks/6aab7df78d8c4e4ba74327d62365005a.png,6aab7df78d8c4e4ba74327d62365005a,3
images/139a34a94ccf4e7bad4ebdd72cc045dc.jpg,masks/139a34a94ccf4e7bad4ebdd72cc045dc.png,139a34a94ccf4e7bad4ebdd72cc045dc,3
images/f5ca2e0c5c624396b42eab88938e0307.jpg,masks/f5ca2e0c5c624396b42eab88938e0307.png,f5ca2e0c5c624396b42eab88938e0307,3
images/66aa889cf4094921abb5a847d4951b80.jpg,masks/66aa889cf4094921abb5a847d4951b80.png,66aa889cf4094921abb5a847d4951b80,3
images/65ca5e7b0345479398d22386e72b335c.jpg,masks/65ca5e7b0345479398d22386e72b335c.png,65ca5e7b0345479398d22386e72b335c,3
images/f71f836780e54f48914115a281c742a8.jpg,masks/f71f836780e54f48914115a281c742a8.png,f71f836780e54f48914115a281c742a8,3
images/4c62e3c39d85480c9ca53f27763a4dcd.jpg,masks/4c62e3c39d85480c9ca53f27763a4dcd.png,4c62e3c39d85480c9ca53f27763a4dcd,3
images/bc84a63317f842ed86d55c50ef7d80f3.jpg,masks/bc84a63317f842ed86d55c50ef7d80f3.png,bc84a63317f842ed86d55c50ef7d80f3,3
images/ffe2d02e63964af0b82827b58248a4f7.jpg,masks/ffe2d02e63964af0b82827b58248a4f7.png,ffe2d02e63964af0b82827b58248a4f7,3
images/bae66e3fa15440b4a589f895c46e6e2a.jpg,masks/bae66e3fa15440b4a589f895c46e6e2a.png,bae66e3fa15440b4a589f895c46e6e2a,3
images/b6e679fcb0d44504b6fe6c4143bb424d.jpg,masks/b6e679fcb0d44504b6fe6c4143bb424d.png,b6e679fcb0d44504b6fe6c4143bb424d,3
images/6567af2722204293ae62dc6803e056a2.jpg,masks/6567af2722204293ae62dc6803e056a2.png,6567af2722204293ae62dc6803e056a2,3
images/44840b4c95ce4db0893b5cb890abfed6.jpg,masks/44840b4c95ce4db0893b5cb890abfed6.png,44840b4c95ce4db0893b5cb890abfed6,3
images/396f186b0aab494b8086dc2c879be1ca.jpg,masks/396f186b0aab494b8086dc2c879be1ca.png,396f186b0aab494b8086dc2c879be1ca,3
images/f742f77edff94ff9a0383e04ac53594c.jpg,masks/f742f77edff94ff9a0383e04ac53594c.png,f742f77edff94ff9a0383e04ac53594c,3
images/a74dc848adba4771a2ec2f4208934c90.jpg,masks/a74dc848adba4771a2ec2f4208934c90.png,a74dc848adba4771a2ec2f4208934c90,3
images/ec8f9ada29604970955c09573f48df1a.jpg,masks/ec8f9ada29604970955c09573f48df1a.png,ec8f9ada29604970955c09573f48df1a,3
images/0b792dca92ce428195960fa639d59c38.jpg,masks/0b792dca92ce428195960fa639d59c38.png,0b792dca92ce428195960fa639d59c38,3
images/1184112b4bcb415b91ed4e1a56dd8bcf.jpg,masks/1184112b4bcb415b91ed4e1a56dd8bcf.png,1184112b4bcb415b91ed4e1a56dd8bcf,3
images/ad1933a747404affb2aa3b4d705e5741.jpg,masks/ad1933a747404affb2aa3b4d705e5741.png,ad1933a747404affb2aa3b4d705e5741,3
images/1e2e290e6292474e9f298129e83a5e22.jpg,masks/1e2e290e6292474e9f298129e83a5e22.png,1e2e290e6292474e9f298129e83a5e22,3
images/724515009f734a34a95b03f934b976a0.jpg,masks/724515009f734a34a95b03f934b976a0.png,724515009f734a34a95b03f934b976a0,3
images/ecb7036347f74911bfb58d8b674e6de4.jpg,masks/ecb7036347f74911bfb58d8b674e6de4.png,ecb7036347f74911bfb58d8b674e6de4,3
images/3dbc37f66282495e9d72d1e4d6de9b80.jpg,masks/3dbc37f66282495e9d72d1e4d6de9b80.png,3dbc37f66282495e9d72d1e4d6de9b80,3
images/f89ddadd508a4869bdf2bc101135f919.jpg,masks/f89ddadd508a4869bdf2bc101135f919.png,f89ddadd508a4869bdf2bc101135f919,3
images/8fce8dfca0724cafb73ef8ce48ac8504.jpg,masks/8fce8dfca0724cafb73ef8ce48ac8504.png,8fce8dfca0724cafb73ef8ce48ac8504,3
images/ce10881ec8354c3b8f1864ce5b508707.jpg,masks/ce10881ec8354c3b8f1864ce5b508707.png,ce10881ec8354c3b8f1864ce5b508707,3
images/decbb12c87334420a6d3ea099c2022c7.jpg,masks/decbb12c87334420a6d3ea099c2022c7.png,decbb12c87334420a6d3ea099c2022c7,3
images/4d7f2c68cf3c4db6b53a1e441ac6378a.jpg,masks/4d7f2c68cf3c4db6b53a1e441ac6378a.png,4d7f2c68cf3c4db6b53a1e441ac6378a,3
images/b6c4a6f842654eb3ba1ed03e1d81b67a.jpg,masks/b6c4a6f842654eb3ba1ed03e1d81b67a.png,b6c4a6f842654eb3ba1ed03e1d81b67a,3
images/51f1d40b354e49d488f702019a968b3f.jpg,masks/51f1d40b354e49d488f702019a968b3f.png,51f1d40b354e49d488f702019a968b3f,3
images/70f9bb6401334776bcb246f87e8d5585.jpg,masks/70f9bb6401334776bcb246f87e8d5585.png,70f9bb6401334776bcb246f87e8d5585,3
images/b45bb3ed71844dae95449c76576aca32.jpg,masks/b45bb3ed71844dae95449c76576aca32.png,b45bb3ed71844dae95449c76576aca32,3
images/f62dfa03d2a54d7f91ee831229978fe7.jpg,masks/f62dfa03d2a54d7f91ee831229978fe7.png,f62dfa03d2a54d7f91ee831229978fe7,3
images/70de8991156c4c8a8c385ada786ea647.jpg,masks/70de8991156c4c8a8c385ada786ea647.png,70de8991156c4c8a8c385ada786ea647,3
images/dd8d6ee0a1e740ea9bf341a65861d09b.jpg,masks/dd8d6ee0a1e740ea9bf341a65861d09b.png,dd8d6ee0a1e740ea9bf341a65861d09b,3
images/de2140e46e0b472faa08db84b03c0835.jpg,masks/de2140e46e0b472faa08db84b03c0835.png,de2140e46e0b472faa08db84b03c0835,3
images/0e6791c4fb5641c7b14ca74b49c3c8ef.jpg,masks/0e6791c4fb5641c7b14ca74b49c3c8ef.png,0e6791c4fb5641c7b14ca74b49c3c8ef,3
images/58c853ecc5c24a81bebd6da6892397c8.jpg,masks/58c853ecc5c24a81bebd6da6892397c8.png,58c853ecc5c24a81bebd6da6892397c8,3
images/fd5b0e3e19d146a1bc9c7cb770972123.jpg,masks/fd5b0e3e19d146a1bc9c7cb770972123.png,fd5b0e3e19d146a1bc9c7cb770972123,3
images/1ff1ae982bd2484da20bc443e4f856c5.jpg,masks/1ff1ae982bd2484da20bc443e4f856c5.png,1ff1ae982bd2484da20bc443e4f856c5,3
images/667a78ad566e4be2a6f2ec7eb79c75ee.jpg,masks/667a78ad566e4be2a6f2ec7eb79c75ee.png,667a78ad566e4be2a6f2ec7eb79c75ee,3
images/55091e1db1b442149b57545cc15f8019.jpg,masks/55091e1db1b442149b57545cc15f8019.png,55091e1db1b442149b57545cc15f8019,3
images/0a5217a9983043f19128581103bbd373.jpg,masks/0a5217a9983043f19128581103bbd373.png,0a5217a9983043f19128581103bbd373,3
images/4d4cbd1bc2014b7a8927db1514127e87.jpg,masks/4d4cbd1bc2014b7a8927db1514127e87.png,4d4cbd1bc2014b7a8927db1514127e87,3
images/3dc752c8065642a2897148ec4924263f.jpg,masks/3dc752c8065642a2897148ec4924263f.png,3dc752c8065642a2897148ec4924263f,3
images/1f3d32c400c74d19b7e3fdf04e31504b.jpg,masks/1f3d32c400c74d19b7e3fdf04e31504b.png,1f3d32c400c74d19b7e3fdf04e31504b,3
images/6c906a13e5ca45cda2daa49fc9c88428.jpg,masks/6c906a13e5ca45cda2daa49fc9c88428.png,6c906a13e5ca45cda2daa49fc9c88428,3
images/5a8d991bc3aa4c0b976347541604eff4.jpg,masks/5a8d991bc3aa4c0b976347541604eff4.png,5a8d991bc3aa4c0b976347541604eff4,3
images/ddf18e59aae346cc8f8eb60a88a79c4f.jpg,masks/ddf18e59aae346cc8f8eb60a88a79c4f.png,ddf18e59aae346cc8f8eb60a88a79c4f,3
images/8e7050c34bcb4959a6ac990a7e16268e.jpg,masks/8e7050c34bcb4959a6ac990a7e16268e.png,8e7050c34bcb4959a6ac990a7e16268e,3
images/4755f2b78f1c4b429e10b8f66048c6f6.jpg,masks/4755f2b78f1c4b429e10b8f66048c6f6.png,4755f2b78f1c4b429e10b8f66048c6f6,3
images/ddd15b6f7c4f492e8afa356adb45b2e6.jpg,masks/ddd15b6f7c4f492e8afa356adb45b2e6.png,ddd15b6f7c4f492e8afa356adb45b2e6,3
images/0b01cd947cc248cbb96fca43862de78d.jpg,masks/0b01cd947cc248cbb96fca43862de78d.png,0b01cd947cc248cbb96fca43862de78d,3
images/78f66d7173c340d39479d5176864d360.jpg,masks/78f66d7173c340d39479d5176864d360.png,78f66d7173c340d39479d5176864d360,3
images/1e190f111e804455a052b3f646fcbd4e.jpg,masks/1e190f111e804455a052b3f646fcbd4e.png,1e190f111e804455a052b3f646fcbd4e,3
images/152cd973357e4edd97b0be4c059e38ae.jpg,masks/152cd973357e4edd97b0be4c059e38ae.png,152cd973357e4edd97b0be4c059e38ae,3
images/e35ff66f14104b178779006c11ce2083.jpg,masks/e35ff66f14104b178779006c11ce2083.png,e35ff66f14104b178779006c11ce2083,3
images/a71e3d44958543eda9ef131e5e2a1992.jpg,masks/a71e3d44958543eda9ef131e5e2a1992.png,a71e3d44958543eda9ef131e5e2a1992,3
images/35f2f24d57954296afb5e8589649e8a9.jpg,masks/35f2f24d57954296afb5e8589649e8a9.png,35f2f24d57954296afb5e8589649e8a9,3
images/3c90c2a219d94bbe8f341d5cc03a44e7.jpg,masks/3c90c2a219d94bbe8f341d5cc03a44e7.png,3c90c2a219d94bbe8f341d5cc03a44e7,3
images/36658b4a43ea4c1da38361f7226561af.jpg,masks/36658b4a43ea4c1da38361f7226561af.png,36658b4a43ea4c1da38361f7226561af,3
images/990da1ff294943598b18fdadd6ee69bf.jpg,masks/990da1ff294943598b18fdadd6ee69bf.png,990da1ff294943598b18fdadd6ee69bf,3
images/50f46ae5ed21447ca5f99aab942f8a98.jpg,masks/50f46ae5ed21447ca5f99aab942f8a98.png,50f46ae5ed21447ca5f99aab942f8a98,3
images/8d676b5e877f49988b81f5e84e1aa634.jpg,masks/8d676b5e877f49988b81f5e84e1aa634.png,8d676b5e877f49988b81f5e84e1aa634,3
images/95deb1ede33f4c6ea9589fde800c0b94.jpg,masks/95deb1ede33f4c6ea9589fde800c0b94.png,95deb1ede33f4c6ea9589fde800c0b94,3
images/b13149631c324273886a9ed482d0ae35.jpg,masks/b13149631c324273886a9ed482d0ae35.png,b13149631c324273886a9ed482d0ae35,3
images/d9f518b1c8c74aaa99968d5067a365ac.jpg,masks/d9f518b1c8c74aaa99968d5067a365ac.png,d9f518b1c8c74aaa99968d5067a365ac,3
images/a82c054b301744b984965f1cc3006347.jpg,masks/a82c054b301744b984965f1cc3006347.png,a82c054b301744b984965f1cc3006347,3
images/e5e0a1acc49a46af9fccc25e8580088d.jpg,masks/e5e0a1acc49a46af9fccc25e8580088d.png,e5e0a1acc49a46af9fccc25e8580088d,3
images/2566da853f6341a1b0199a4d910ee195.jpg,masks/2566da853f6341a1b0199a4d910ee195.png,2566da853f6341a1b0199a4d910ee195,3
images/47d6b3ad9b8b408397319ac379f274aa.jpg,masks/47d6b3ad9b8b408397319ac379f274aa.png,47d6b3ad9b8b408397319ac379f274aa,3
images/5a76b1c9016e4254a393a6466222f4a3.jpg,masks/5a76b1c9016e4254a393a6466222f4a3.png,5a76b1c9016e4254a393a6466222f4a3,3
images/13c579574da6498cb945ced703bd7f00.jpg,masks/13c579574da6498cb945ced703bd7f00.png,13c579574da6498cb945ced703bd7f00,3
images/9f6174d06d754f26a16f55a1fb1ac8ed.jpg,masks/9f6174d06d754f26a16f55a1fb1ac8ed.png,9f6174d06d754f26a16f55a1fb1ac8ed,3
images/e31d8d758acd4ec691a6074dcb107ece.jpg,masks/e31d8d758acd4ec691a6074dcb107ece.png,e31d8d758acd4ec691a6074dcb107ece,3
images/9052eccaa5cf461a9989ea62e297fb26.jpg,masks/9052eccaa5cf461a9989ea62e297fb26.png,9052eccaa5cf461a9989ea62e297fb26,3
images/725f39f34fec4d589f06cf2da1c453b0.jpg,masks/725f39f34fec4d589f06cf2da1c453b0.png,725f39f34fec4d589f06cf2da1c453b0,3
images/51f1d6d1a665404fadc7d9a24c09893a.jpg,masks/51f1d6d1a665404fadc7d9a24c09893a.png,51f1d6d1a665404fadc7d9a24c09893a,3
images/385f2bd31ccd46f3b36cbd0551e2a787.jpg,masks/385f2bd31ccd46f3b36cbd0551e2a787.png,385f2bd31ccd46f3b36cbd0551e2a787,3
images/262120a01be0469583e8928bf46d106f.jpg,masks/262120a01be0469583e8928bf46d106f.png,262120a01be0469583e8928bf46d106f,3
images/d74b1447bf9c4e8f885a9f85d3cbcc1e.jpg,masks/d74b1447bf9c4e8f885a9f85d3cbcc1e.png,d74b1447bf9c4e8f885a9f85d3cbcc1e,3
images/2fb95055d13c40d5af645135f4f9c3c6.jpg,masks/2fb95055d13c40d5af645135f4f9c3c6.png,2fb95055d13c40d5af645135f4f9c3c6,3
images/82783226909943a3bbb9941bdcd79911.jpg,masks/82783226909943a3bbb9941bdcd79911.png,82783226909943a3bbb9941bdcd79911,3
images/31f3ecc697ee44038019e5ccb94b40c7.jpg,masks/31f3ecc697ee44038019e5ccb94b40c7.png,31f3ecc697ee44038019e5ccb94b40c7,3
images/85fd5e319fce4f66bd34e9e858a9322c.jpg,masks/85fd5e319fce4f66bd34e9e858a9322c.png,85fd5e319fce4f66bd34e9e858a9322c,3
images/73c9b91b2d884324bee848e70e5f8176.jpg,masks/73c9b91b2d884324bee848e70e5f8176.png,73c9b91b2d884324bee848e70e5f8176,3
images/f243230a938a4d49871e0664b3947eff.jpg,masks/f243230a938a4d49871e0664b3947eff.png,f243230a938a4d49871e0664b3947eff,3
images/4421f047ef6e4045a3a03ed31c2ce892.jpg,masks/4421f047ef6e4045a3a03ed31c2ce892.png,4421f047ef6e4045a3a03ed31c2ce892,3
images/91fae3082c954e7a9c7e29e5049b5b23.jpg,masks/91fae3082c954e7a9c7e29e5049b5b23.png,91fae3082c954e7a9c7e29e5049b5b23,3
images/62294363a62e4e31a922ccd810fd9951.jpg,masks/62294363a62e4e31a922ccd810fd9951.png,62294363a62e4e31a922ccd810fd9951,3
images/fb3c14e32622405a9b35e0542cf65cdd.jpg,masks/fb3c14e32622405a9b35e0542cf65cdd.png,fb3c14e32622405a9b35e0542cf65cdd,3
images/dde6928a71b4429d8dda8a5629326b75.jpg,masks/dde6928a71b4429d8dda8a5629326b75.png,dde6928a71b4429d8dda8a5629326b75,3
images/dcbe67e6225641b8ae80341d62d2768a.jpg,masks/dcbe67e6225641b8ae80341d62d2768a.png,dcbe67e6225641b8ae80341d62d2768a,3
images/c1a1524d25bc4c1ea342918a5debe701.jpg,masks/c1a1524d25bc4c1ea342918a5debe701.png,c1a1524d25bc4c1ea342918a5debe701,3
images/9bb2ea2175e148e89097575c02456e61.jpg,masks/9bb2ea2175e148e89097575c02456e61.png,9bb2ea2175e148e89097575c02456e61,3
images/3fec59f0559343dc84bc1af3092ae692.jpg,masks/3fec59f0559343dc84bc1af3092ae692.png,3fec59f0559343dc84bc1af3092ae692,3
images/01c4ab6c450f4dc1a4b282ddf2d7cc77.jpg,masks/01c4ab6c450f4dc1a4b282ddf2d7cc77.png,01c4ab6c450f4dc1a4b282ddf2d7cc77,3
images/d114ebff28064b549c23b592646aa9f2.jpg,masks/d114ebff28064b549c23b592646aa9f2.png,d114ebff28064b549c23b592646aa9f2,3
images/e54d1d1576d24f56ba56d88034ff86a9.jpg,masks/e54d1d1576d24f56ba56d88034ff86a9.png,e54d1d1576d24f56ba56d88034ff86a9,3
images/7b368f51b3ed41879023734cefeb8cf5.jpg,masks/7b368f51b3ed41879023734cefeb8cf5.png,7b368f51b3ed41879023734cefeb8cf5,3
images/5431df7baac142a2b5b5a78f0a7271f6.jpg,masks/5431df7baac142a2b5b5a78f0a7271f6.png,5431df7baac142a2b5b5a78f0a7271f6,3
images/88acac5d00444981ab10ca19d4de73e0.jpg,masks/88acac5d00444981ab10ca19d4de73e0.png,88acac5d00444981ab10ca19d4de73e0,3
images/8b91a8a707b045bcb8fbd449fb1bd589.jpg,masks/8b91a8a707b045bcb8fbd449fb1bd589.png,8b91a8a707b045bcb8fbd449fb1bd589,3
images/8d4c44edfb204cb3915672cce6c512c9.jpg,masks/8d4c44edfb204cb3915672cce6c512c9.png,8d4c44edfb204cb3915672cce6c512c9,3
images/f044f55e6a95498fb7024af0fda35ee8.jpg,masks/f044f55e6a95498fb7024af0fda35ee8.png,f044f55e6a95498fb7024af0fda35ee8,3
images/b4ddb4b037114878ba7b224263202fc6.jpg,masks/b4ddb4b037114878ba7b224263202fc6.png,b4ddb4b037114878ba7b224263202fc6,3
images/904a17b67eef4c778972ca1a1a405e98.jpg,masks/904a17b67eef4c778972ca1a1a405e98.png,904a17b67eef4c778972ca1a1a405e98,3
images/9bece48a85fa4446a978e0b0b688bdc7.jpg,masks/9bece48a85fa4446a978e0b0b688bdc7.png,9bece48a85fa4446a978e0b0b688bdc7,3
images/33aeade1aca44ba4ab130991f86db49e.jpg,masks/33aeade1aca44ba4ab130991f86db49e.png,33aeade1aca44ba4ab130991f86db49e,3
images/631763548e1149b2bfa5d057de96610c.jpg,masks/631763548e1149b2bfa5d057de96610c.png,631763548e1149b2bfa5d057de96610c,3
images/34fdd2f0cc664e87bfeda63fb96dcfab.jpg,masks/34fdd2f0cc664e87bfeda63fb96dcfab.png,34fdd2f0cc664e87bfeda63fb96dcfab,3
images/b6c37f8c21214f399cf8d09d52e42d66.jpg,masks/b6c37f8c21214f399cf8d09d52e42d66.png,b6c37f8c21214f399cf8d09d52e42d66,3
images/27faf8d0cddc469d919d0ed955b12af6.jpg,masks/27faf8d0cddc469d919d0ed955b12af6.png,27faf8d0cddc469d919d0ed955b12af6,3
images/5e9c34ab352445a7b19740348ab2f377.jpg,masks/5e9c34ab352445a7b19740348ab2f377.png,5e9c34ab352445a7b19740348ab2f377,3
images/c62f3275f805459799989df2227e88de.jpg,masks/c62f3275f805459799989df2227e88de.png,c62f3275f805459799989df2227e88de,3
images/ad09fe3dfa9245dbb28599f1fc93f78a.jpg,masks/ad09fe3dfa9245dbb28599f1fc93f78a.png,ad09fe3dfa9245dbb28599f1fc93f78a,3
images/bbe5bb20090f4805b436b8b3736b1d1c.jpg,masks/bbe5bb20090f4805b436b8b3736b1d1c.png,bbe5bb20090f4805b436b8b3736b1d1c,3
images/728199b8622949f3ab10d989836089f7.jpg,masks/728199b8622949f3ab10d989836089f7.png,728199b8622949f3ab10d989836089f7,3
images/4d827dfda4ee4b949e9d494c2a299257.jpg,masks/4d827dfda4ee4b949e9d494c2a299257.png,4d827dfda4ee4b949e9d494c2a299257,3
images/c28c1ca865584ec0ad96b05a3e7336d0.jpg,masks/c28c1ca865584ec0ad96b05a3e7336d0.png,c28c1ca865584ec0ad96b05a3e7336d0,3
images/6baee55c76c147d09a3c7046e975719c.jpg,masks/6baee55c76c147d09a3c7046e975719c.png,6baee55c76c147d09a3c7046e975719c,3
images/6a43130f15ec4be3ad0f974bd2047e2d.jpg,masks/6a43130f15ec4be3ad0f974bd2047e2d.png,6a43130f15ec4be3ad0f974bd2047e2d,3
images/3590aedb201d4533b4dc5a2934bea214.jpg,masks/3590aedb201d4533b4dc5a2934bea214.png,3590aedb201d4533b4dc5a2934bea214,3
images/cbb69528033d4db5adca081014b8bc1b.jpg,masks/cbb69528033d4db5adca081014b8bc1b.png,cbb69528033d4db5adca081014b8bc1b,3
images/741ec30fb4fd482b83e3e4bde66cd177.jpg,masks/741ec30fb4fd482b83e3e4bde66cd177.png,741ec30fb4fd482b83e3e4bde66cd177,3
images/d9a4c554076241188301b66c399f7481.jpg,masks/d9a4c554076241188301b66c399f7481.png,d9a4c554076241188301b66c399f7481,3
images/51dbf308a24d4636b3214517da6f22be.jpg,masks/51dbf308a24d4636b3214517da6f22be.png,51dbf308a24d4636b3214517da6f22be,3
images/c2bcca4e0916407c83d1ce0ee091c9ce.jpg,masks/c2bcca4e0916407c83d1ce0ee091c9ce.png,c2bcca4e0916407c83d1ce0ee091c9ce,3
images/fdc25c25f46d47e8b55d2c119bebc479.jpg,masks/fdc25c25f46d47e8b55d2c119bebc479.png,fdc25c25f46d47e8b55d2c119bebc479,3
images/be5d438f2ff142b8b57260ca41dd32b6.jpg,masks/be5d438f2ff142b8b57260ca41dd32b6.png,be5d438f2ff142b8b57260ca41dd32b6,3
images/a8c6dacca5fd40bfa82e98f5f4a0767e.jpg,masks/a8c6dacca5fd40bfa82e98f5f4a0767e.png,a8c6dacca5fd40bfa82e98f5f4a0767e,3
images/ee39da7c4c6145bcb79fad4ef5694bf4.jpg,masks/ee39da7c4c6145bcb79fad4ef5694bf4.png,ee39da7c4c6145bcb79fad4ef5694bf4,3
images/baf661a519b94e3b8adcd0f7df56f4a8.jpg,masks/baf661a519b94e3b8adcd0f7df56f4a8.png,baf661a519b94e3b8adcd0f7df56f4a8,3
images/9aa28dc5f68e4cbc8066134b55e7ed2c.jpg,masks/9aa28dc5f68e4cbc8066134b55e7ed2c.png,9aa28dc5f68e4cbc8066134b55e7ed2c,3
images/e4bb13d89cdc46a5b92a1cd8caf3398e.jpg,masks/e4bb13d89cdc46a5b92a1cd8caf3398e.png,e4bb13d89cdc46a5b92a1cd8caf3398e,3
images/5cd95cb743ce4405b2092f9f51586270.jpg,masks/5cd95cb743ce4405b2092f9f51586270.png,5cd95cb743ce4405b2092f9f51586270,3
images/ced6491927764089ace50e323a930ee2.jpg,masks/ced6491927764089ace50e323a930ee2.png,ced6491927764089ace50e323a930ee2,3
images/83d7b56e6ea94ba6aaf87c7505f146c0.jpg,masks/83d7b56e6ea94ba6aaf87c7505f146c0.png,83d7b56e6ea94ba6aaf87c7505f146c0,3
images/56087477b36b4b9aa3f09020273b4e3a.jpg,masks/56087477b36b4b9aa3f09020273b4e3a.png,56087477b36b4b9aa3f09020273b4e3a,3
images/ed469ba2ead94a8188d86c1fdc5066b4.jpg,masks/ed469ba2ead94a8188d86c1fdc5066b4.png,ed469ba2ead94a8188d86c1fdc5066b4,3
images/5846956f4fab48ae9f2ff508f00bee90.jpg,masks/5846956f4fab48ae9f2ff508f00bee90.png,5846956f4fab48ae9f2ff508f00bee90,3
images/1d17bac75ec9433ea626f1ec1bd41316.jpg,masks/1d17bac75ec9433ea626f1ec1bd41316.png,1d17bac75ec9433ea626f1ec1bd41316,3
images/6dbd83cd68834ba09a1b9c2ab3b673e2.jpg,masks/6dbd83cd68834ba09a1b9c2ab3b673e2.png,6dbd83cd68834ba09a1b9c2ab3b673e2,3
images/eb1dbf6beebe497db2f713be42fde4f7.jpg,masks/eb1dbf6beebe497db2f713be42fde4f7.png,eb1dbf6beebe497db2f713be42fde4f7,3
images/1addea53c8684514b0546c7fe3636aeb.jpg,masks/1addea53c8684514b0546c7fe3636aeb.png,1addea53c8684514b0546c7fe3636aeb,3
images/9abb5a1e111a417abd24b189d9a502ab.jpg,masks/9abb5a1e111a417abd24b189d9a502ab.png,9abb5a1e111a417abd24b189d9a502ab,3
images/4fc1d5e8a73a47609bfe3b8344d3974f.jpg,masks/4fc1d5e8a73a47609bfe3b8344d3974f.png,4fc1d5e8a73a47609bfe3b8344d3974f,3
images/338b5eca04324752bc21542ebba5f43f.jpg,masks/338b5eca04324752bc21542ebba5f43f.png,338b5eca04324752bc21542ebba5f43f,3
images/0842d140f6cd47b58b8e720c53f09cd0.jpg,masks/0842d140f6cd47b58b8e720c53f09cd0.png,0842d140f6cd47b58b8e720c53f09cd0,3
images/d4a401e3ac8d420ea4fbb3263a6e7293.jpg,masks/d4a401e3ac8d420ea4fbb3263a6e7293.png,d4a401e3ac8d420ea4fbb3263a6e7293,3
images/d8243aedb95e4b9482c52859248f2916.jpg,masks/d8243aedb95e4b9482c52859248f2916.png,d8243aedb95e4b9482c52859248f2916,3
images/01cec6c75ccf48378d01b038d5e34a5b.jpg,masks/01cec6c75ccf48378d01b038d5e34a5b.png,01cec6c75ccf48378d01b038d5e34a5b,3
images/9c042435c13d4ad88aa0af965199a171.jpg,masks/9c042435c13d4ad88aa0af965199a171.png,9c042435c13d4ad88aa0af965199a171,3
images/e500dcd49ad44bb48bdc57bb0b31333f.jpg,masks/e500dcd49ad44bb48bdc57bb0b31333f.png,e500dcd49ad44bb48bdc57bb0b31333f,3
images/d16b9b6b53b447019d678274568bfaa1.jpg,masks/d16b9b6b53b447019d678274568bfaa1.png,d16b9b6b53b447019d678274568bfaa1,3
images/9c78ac02a86042fab3bb6f1737989611.jpg,masks/9c78ac02a86042fab3bb6f1737989611.png,9c78ac02a86042fab3bb6f1737989611,3
images/1e7146e744b54f8583ba61de6df1ad10.jpg,masks/1e7146e744b54f8583ba61de6df1ad10.png,1e7146e744b54f8583ba61de6df1ad10,3
images/c82108cb510f4ba594dbcfd299913ec0.jpg,masks/c82108cb510f4ba594dbcfd299913ec0.png,c82108cb510f4ba594dbcfd299913ec0,3
images/4126b11da1b6496d8f9adb5211041934.jpg,masks/4126b11da1b6496d8f9adb5211041934.png,4126b11da1b6496d8f9adb5211041934,3
images/b218212896af410a9a752ec009aac804.jpg,masks/b218212896af410a9a752ec009aac804.png,b218212896af410a9a752ec009aac804,3
images/04cf59066c2b43aabb3632a7332b3b1d.jpg,masks/04cf59066c2b43aabb3632a7332b3b1d.png,04cf59066c2b43aabb3632a7332b3b1d,3
images/bfb04eab848844ceb0a115a4468d30a1.jpg,masks/bfb04eab848844ceb0a115a4468d30a1.png,bfb04eab848844ceb0a115a4468d30a1,3
images/d1b90134022f452cb3138aea440fb20f.jpg,masks/d1b90134022f452cb3138aea440fb20f.png,d1b90134022f452cb3138aea440fb20f,3
images/33c86a054530491c9b86ee6594d6de04.jpg,masks/33c86a054530491c9b86ee6594d6de04.png,33c86a054530491c9b86ee6594d6de04,3
images/d6e6631fc998444fa2e9129c91d3978e.jpg,masks/d6e6631fc998444fa2e9129c91d3978e.png,d6e6631fc998444fa2e9129c91d3978e,3
images/d94b08d328c14d4c91dea134d8523d41.jpg,masks/d94b08d328c14d4c91dea134d8523d41.png,d94b08d328c14d4c91dea134d8523d41,3
images/dfb5444cdd7344ceb47b4cd644f712ed.jpg,masks/dfb5444cdd7344ceb47b4cd644f712ed.png,dfb5444cdd7344ceb47b4cd644f712ed,3
images/157e4034a9804d349b2bb360076e61e7.jpg,masks/157e4034a9804d349b2bb360076e61e7.png,157e4034a9804d349b2bb360076e61e7,3
images/a302c995ccb74c95acd2b900d8e412c7.jpg,masks/a302c995ccb74c95acd2b900d8e412c7.png,a302c995ccb74c95acd2b900d8e412c7,3
images/aa47cf50bb1045348cba8f4facceef92.jpg,masks/aa47cf50bb1045348cba8f4facceef92.png,aa47cf50bb1045348cba8f4facceef92,3
images/7d9cad55077f4e7fb1594277e2218017.jpg,masks/7d9cad55077f4e7fb1594277e2218017.png,7d9cad55077f4e7fb1594277e2218017,3
images/b06ece9663d44889bbc4e42a787e2b63.jpg,masks/b06ece9663d44889bbc4e42a787e2b63.png,b06ece9663d44889bbc4e42a787e2b63,3
images/4e803a0ac76049c1884f574933deb2ef.jpg,masks/4e803a0ac76049c1884f574933deb2ef.png,4e803a0ac76049c1884f574933deb2ef,3
images/413272d3198442b2b18ed867538dab65.jpg,masks/413272d3198442b2b18ed867538dab65.png,413272d3198442b2b18ed867538dab65,3
images/aa2674bae7274b2ead910940822689b5.jpg,masks/aa2674bae7274b2ead910940822689b5.png,aa2674bae7274b2ead910940822689b5,3
images/22026f2ea89e4db083a6f98683bc212f.jpg,masks/22026f2ea89e4db083a6f98683bc212f.png,22026f2ea89e4db083a6f98683bc212f,3
images/aeb50a85251f4302a6581f7ab8cab9b5.jpg,masks/aeb50a85251f4302a6581f7ab8cab9b5.png,aeb50a85251f4302a6581f7ab8cab9b5,3
images/010d0fafffc84c43b8f3be5ee9c723a2.jpg,masks/010d0fafffc84c43b8f3be5ee9c723a2.png,010d0fafffc84c43b8f3be5ee9c723a2,3
images/1118744b1b8f4081b4aad302d77d02ca.jpg,masks/1118744b1b8f4081b4aad302d77d02ca.png,1118744b1b8f4081b4aad302d77d02ca,3
images/26241e27b3c846fabc39e4d277902357.jpg,masks/26241e27b3c846fabc39e4d277902357.png,26241e27b3c846fabc39e4d277902357,3
images/5821ab8200b24f859a57604d801cb5ce.jpg,masks/5821ab8200b24f859a57604d801cb5ce.png,5821ab8200b24f859a57604d801cb5ce,3
images/896a9c06c6304c52a2a7318d341b58ce.jpg,masks/896a9c06c6304c52a2a7318d341b58ce.png,896a9c06c6304c52a2a7318d341b58ce,3
images/760c12697dd74fa6b04928b851a4c4ed.jpg,masks/760c12697dd74fa6b04928b851a4c4ed.png,760c12697dd74fa6b04928b851a4c4ed,3
images/7ca903c730ad474bb64ed35b6d24a5d4.jpg,masks/7ca903c730ad474bb64ed35b6d24a5d4.png,7ca903c730ad474bb64ed35b6d24a5d4,3
images/de7961b2e42245008e73505bb1205acc.jpg,masks/de7961b2e42245008e73505bb1205acc.png,de7961b2e42245008e73505bb1205acc,3
images/c1bcbc0a35fc411b8de645d74a32d9fd.jpg,masks/c1bcbc0a35fc411b8de645d74a32d9fd.png,c1bcbc0a35fc411b8de645d74a32d9fd,3
images/fb3b6073e5964836b2125c04c49739a4.jpg,masks/fb3b6073e5964836b2125c04c49739a4.png,fb3b6073e5964836b2125c04c49739a4,3
images/a08e9614a5474b0f9b0a56152856a831.jpg,masks/a08e9614a5474b0f9b0a56152856a831.png,a08e9614a5474b0f9b0a56152856a831,3
images/82a21707424d478eb881c01a8fccd05e.jpg,masks/82a21707424d478eb881c01a8fccd05e.png,82a21707424d478eb881c01a8fccd05e,3
images/501a0f20ca62454cb7f141da1a84bb23.jpg,masks/501a0f20ca62454cb7f141da1a84bb23.png,501a0f20ca62454cb7f141da1a84bb23,3
images/11a848d0175a4e8fb2544ed48ea16cd7.jpg,masks/11a848d0175a4e8fb2544ed48ea16cd7.png,11a848d0175a4e8fb2544ed48ea16cd7,3
images/b3aafc12a55e4addac3a43c3cb071f64.jpg,masks/b3aafc12a55e4addac3a43c3cb071f64.png,b3aafc12a55e4addac3a43c3cb071f64,3
images/3303bf5873954b0e85c0e4c89ecbc504.jpg,masks/3303bf5873954b0e85c0e4c89ecbc504.png,3303bf5873954b0e85c0e4c89ecbc504,3
images/556dc832c4234cddb7e0f601a684f8be.jpg,masks/556dc832c4234cddb7e0f601a684f8be.png,556dc832c4234cddb7e0f601a684f8be,3
images/5c065f390bfc47b89d0764730e242425.jpg,masks/5c065f390bfc47b89d0764730e242425.png,5c065f390bfc47b89d0764730e242425,3
images/528d034e641b4bcc95df050e744991b6.jpg,masks/528d034e641b4bcc95df050e744991b6.png,528d034e641b4bcc95df050e744991b6,3
images/cbc0c88340164d3fa83dd890bee9036c.jpg,masks/cbc0c88340164d3fa83dd890bee9036c.png,cbc0c88340164d3fa83dd890bee9036c,3
images/e0ca83615a49437d84f736e0d56676c6.jpg,masks/e0ca83615a49437d84f736e0d56676c6.png,e0ca83615a49437d84f736e0d56676c6,3
images/63c3494bde514ed7b220ae34a8e721ff.jpg,masks/63c3494bde514ed7b220ae34a8e721ff.png,63c3494bde514ed7b220ae34a8e721ff,3
images/73b5a0c915ef42949c5562d512074c60.jpg,masks/73b5a0c915ef42949c5562d512074c60.png,73b5a0c915ef42949c5562d512074c60,3
images/450a1f9c1a3a4c2cb6631a398d1e58ac.jpg,masks/450a1f9c1a3a4c2cb6631a398d1e58ac.png,450a1f9c1a3a4c2cb6631a398d1e58ac,3
images/478767a4159d46b79f4c27747401f45c.jpg,masks/478767a4159d46b79f4c27747401f45c.png,478767a4159d46b79f4c27747401f45c,3
images/085dad8e2acd48dd86d43afcfbe51174.jpg,masks/085dad8e2acd48dd86d43afcfbe51174.png,085dad8e2acd48dd86d43afcfbe51174,3
images/64b8051bad8148a6af85095bfb5602b0.jpg,masks/64b8051bad8148a6af85095bfb5602b0.png,64b8051bad8148a6af85095bfb5602b0,3
images/c6432222f2674818b898673a1aafca6b.jpg,masks/c6432222f2674818b898673a1aafca6b.png,c6432222f2674818b898673a1aafca6b,3
images/c771edf8e7444f00b002dc96a13a3e28.jpg,masks/c771edf8e7444f00b002dc96a13a3e28.png,c771edf8e7444f00b002dc96a13a3e28,3
images/ee8335d83cf74381867101c6762a66a0.jpg,masks/ee8335d83cf74381867101c6762a66a0.png,ee8335d83cf74381867101c6762a66a0,3
images/9a1ee5b57f524a919c6b053bb43ca8c8.jpg,masks/9a1ee5b57f524a919c6b053bb43ca8c8.png,9a1ee5b57f524a919c6b053bb43ca8c8,3
images/92aa229d690045c4925c0e5d7bf1c794.jpg,masks/92aa229d690045c4925c0e5d7bf1c794.png,92aa229d690045c4925c0e5d7bf1c794,3
images/042f0dd0e3ae4de1b3f5134daac90c2e.jpg,masks/042f0dd0e3ae4de1b3f5134daac90c2e.png,042f0dd0e3ae4de1b3f5134daac90c2e,3
images/8319924e9f604a7f88459ee3ca1a97c9.jpg,masks/8319924e9f604a7f88459ee3ca1a97c9.png,8319924e9f604a7f88459ee3ca1a97c9,3
images/54a6791f6a254a59bc0785b367b29323.jpg,masks/54a6791f6a254a59bc0785b367b29323.png,54a6791f6a254a59bc0785b367b29323,3
images/deed3a57f0e94dc2bac517f482013b98.jpg,masks/deed3a57f0e94dc2bac517f482013b98.png,deed3a57f0e94dc2bac517f482013b98,3
images/a31513dad21b4f609a7118760ee49142.jpg,masks/a31513dad21b4f609a7118760ee49142.png,a31513dad21b4f609a7118760ee49142,3
images/961f6b50d9c94627a2b56e091522f56e.jpg,masks/961f6b50d9c94627a2b56e091522f56e.png,961f6b50d9c94627a2b56e091522f56e,3
images/83067f277a904706845c51cacac0d5ee.jpg,masks/83067f277a904706845c51cacac0d5ee.png,83067f277a904706845c51cacac0d5ee,3
images/dde3dc7a582f4ed1b5b5fad10d0ab191.jpg,masks/dde3dc7a582f4ed1b5b5fad10d0ab191.png,dde3dc7a582f4ed1b5b5fad10d0ab191,3
images/6992a5479f0743fba2143b54842e800b.jpg,masks/6992a5479f0743fba2143b54842e800b.png,6992a5479f0743fba2143b54842e800b,3
images/dc7244bab2f94af9a53c0edcc5ae7be2.jpg,masks/dc7244bab2f94af9a53c0edcc5ae7be2.png,dc7244bab2f94af9a53c0edcc5ae7be2,3
images/2ad8f095b89f4eed85065523764e4b74.jpg,masks/2ad8f095b89f4eed85065523764e4b74.png,2ad8f095b89f4eed85065523764e4b74,3
images/3cd08cbbb15640fc85a6456b92a56481.jpg,masks/3cd08cbbb15640fc85a6456b92a56481.png,3cd08cbbb15640fc85a6456b92a56481,3
images/ab6c2285317e494d85a4a23f12fa58e6.jpg,masks/ab6c2285317e494d85a4a23f12fa58e6.png,ab6c2285317e494d85a4a23f12fa58e6,3
images/f510670c0a0c4761bbdc1acf9c074f91.jpg,masks/f510670c0a0c4761bbdc1acf9c074f91.png,f510670c0a0c4761bbdc1acf9c074f91,3
images/1c2066e532204cc1a5c96c498864f582.jpg,masks/1c2066e532204cc1a5c96c498864f582.png,1c2066e532204cc1a5c96c498864f582,3
images/cd4e341115424752ba7db91a60809092.jpg,masks/cd4e341115424752ba7db91a60809092.png,cd4e341115424752ba7db91a60809092,3
images/ba830a7c5e8645a6b621c0c40e8c9aed.jpg,masks/ba830a7c5e8645a6b621c0c40e8c9aed.png,ba830a7c5e8645a6b621c0c40e8c9aed,3
images/9774d7f349264d3faf2596b922b80347.jpg,masks/9774d7f349264d3faf2596b922b80347.png,9774d7f349264d3faf2596b922b80347,3
images/e7e5cc66a1ed4feebecb44ffddbd15fb.jpg,masks/e7e5cc66a1ed4feebecb44ffddbd15fb.png,e7e5cc66a1ed4feebecb44ffddbd15fb,3
images/f3754125bcc54ee38d5333ef7ace758a.jpg,masks/f3754125bcc54ee38d5333ef7ace758a.png,f3754125bcc54ee38d5333ef7ace758a,3
images/72c089662ac342068abb3c526535d414.jpg,masks/72c089662ac342068abb3c526535d414.png,72c089662ac342068abb3c526535d414,3
images/83ea167e17514bd3b71c7e74be6d4d90.jpg,masks/83ea167e17514bd3b71c7e74be6d4d90.png,83ea167e17514bd3b71c7e74be6d4d90,3
images/a58fe37faef84398b614a1c55d0af7f0.jpg,masks/a58fe37faef84398b614a1c55d0af7f0.png,a58fe37faef84398b614a1c55d0af7f0,3
images/1055b6a207644230aaa883f3df8495d9.jpg,masks/1055b6a207644230aaa883f3df8495d9.png,1055b6a207644230aaa883f3df8495d9,3
images/03252083999f47ee9fbdaf5f8ec9fe1e.jpg,masks/03252083999f47ee9fbdaf5f8ec9fe1e.png,03252083999f47ee9fbdaf5f8ec9fe1e,3
images/3c4423f1c5bd42cdbad8ef941b6d815a.jpg,masks/3c4423f1c5bd42cdbad8ef941b6d815a.png,3c4423f1c5bd42cdbad8ef941b6d815a,3
images/1bcaa0c0e05347b0b998f415d9aa9964.jpg,masks/1bcaa0c0e05347b0b998f415d9aa9964.png,1bcaa0c0e05347b0b998f415d9aa9964,3
images/7adea6b8f81b4d619133195b2f6dc372.jpg,masks/7adea6b8f81b4d619133195b2f6dc372.png,7adea6b8f81b4d619133195b2f6dc372,3
images/dc7ba083d43f42d2bcda80b7a857d722.jpg,masks/dc7ba083d43f42d2bcda80b7a857d722.png,dc7ba083d43f42d2bcda80b7a857d722,3
images/9ed7d5ed87414c8eaea88d84b23f9122.jpg,masks/9ed7d5ed87414c8eaea88d84b23f9122.png,9ed7d5ed87414c8eaea88d84b23f9122,3
images/dc5dfd8283844779b467264376007790.jpg,masks/dc5dfd8283844779b467264376007790.png,dc5dfd8283844779b467264376007790,3
images/c785cfd6cace47a4a13f122602d2bd92.jpg,masks/c785cfd6cace47a4a13f122602d2bd92.png,c785cfd6cace47a4a13f122602d2bd92,3
images/0ca1ed6003364dedbe8f069f03403b5f.jpg,masks/0ca1ed6003364dedbe8f069f03403b5f.png,0ca1ed6003364dedbe8f069f03403b5f,3
images/7c2cc165f8dd42c3ac8af8207408cce0.jpg,masks/7c2cc165f8dd42c3ac8af8207408cce0.png,7c2cc165f8dd42c3ac8af8207408cce0,3
images/af1bc822ed5143928732a6d8ba65b48f.jpg,masks/af1bc822ed5143928732a6d8ba65b48f.png,af1bc822ed5143928732a6d8ba65b48f,3
images/f8cfd030b7d647638ce79d34e86bd646.jpg,masks/f8cfd030b7d647638ce79d34e86bd646.png,f8cfd030b7d647638ce79d34e86bd646,3
images/3c69b47ad8944888b20a1413242d76bd.jpg,masks/3c69b47ad8944888b20a1413242d76bd.png,3c69b47ad8944888b20a1413242d76bd,3
images/dff0ad01034f41b492249f6ae9756265.jpg,masks/dff0ad01034f41b492249f6ae9756265.png,dff0ad01034f41b492249f6ae9756265,3
images/2b16591188bd4d6c8dc883ca99ab8d63.jpg,masks/2b16591188bd4d6c8dc883ca99ab8d63.png,2b16591188bd4d6c8dc883ca99ab8d63,3
images/b8a39b5332fe416e80143f5e9ffd41c2.jpg,masks/b8a39b5332fe416e80143f5e9ffd41c2.png,b8a39b5332fe416e80143f5e9ffd41c2,3
images/afdd3e56b48b426faba82cb2a24c121e.jpg,masks/afdd3e56b48b426faba82cb2a24c121e.png,afdd3e56b48b426faba82cb2a24c121e,3
images/3ec01af879804acd9ce1c36d2b50bac6.jpg,masks/3ec01af879804acd9ce1c36d2b50bac6.png,3ec01af879804acd9ce1c36d2b50bac6,3
images/c0a9bb91b8fb4d55aae7877c775f8b95.jpg,masks/c0a9bb91b8fb4d55aae7877c775f8b95.png,c0a9bb91b8fb4d55aae7877c775f8b95,3
images/b6e6ef8a2fcf46c5bf41c8a538123e55.jpg,masks/b6e6ef8a2fcf46c5bf41c8a538123e55.png,b6e6ef8a2fcf46c5bf41c8a538123e55,3
images/cb245b80a7034c9a9c877fe3ff5a2349.jpg,masks/cb245b80a7034c9a9c877fe3ff5a2349.png,cb245b80a7034c9a9c877fe3ff5a2349,3
images/b2c8e19ba0b54a048e512e75add11465.jpg,masks/b2c8e19ba0b54a048e512e75add11465.png,b2c8e19ba0b54a048e512e75add11465,3
images/f63a7df2e95548f09c452a81e87dc3db.jpg,masks/f63a7df2e95548f09c452a81e87dc3db.png,f63a7df2e95548f09c452a81e87dc3db,3
images/b6ae4fd7d14340ccba09f85557ebf61a.jpg,masks/b6ae4fd7d14340ccba09f85557ebf61a.png,b6ae4fd7d14340ccba09f85557ebf61a,3
images/9167c8525ef34d30a928a47dc55ec951.jpg,masks/9167c8525ef34d30a928a47dc55ec951.png,9167c8525ef34d30a928a47dc55ec951,3
images/c44e78abef654480beddbb64beb2b684.jpg,masks/c44e78abef654480beddbb64beb2b684.png,c44e78abef654480beddbb64beb2b684,3
images/0a60a7252ec3485bb6711c72ac1dd43d.jpg,masks/0a60a7252ec3485bb6711c72ac1dd43d.png,0a60a7252ec3485bb6711c72ac1dd43d,3
images/15367c9746cc4e15bc637b5800cde61a.jpg,masks/15367c9746cc4e15bc637b5800cde61a.png,15367c9746cc4e15bc637b5800cde61a,3
images/3224520a75114298956e3e4059e9a60f.jpg,masks/3224520a75114298956e3e4059e9a60f.png,3224520a75114298956e3e4059e9a60f,3
images/92bab99aadb7449eb774f1044b1c685f.jpg,masks/92bab99aadb7449eb774f1044b1c685f.png,92bab99aadb7449eb774f1044b1c685f,3
images/4bb38f8186b1440b8f2f0d5a7c3d39b9.jpg,masks/4bb38f8186b1440b8f2f0d5a7c3d39b9.png,4bb38f8186b1440b8f2f0d5a7c3d39b9,3
images/9b555c51dba8411abc29192f989bab62.jpg,masks/9b555c51dba8411abc29192f989bab62.png,9b555c51dba8411abc29192f989bab62,3
images/2a576662e7dd4595983ef562679197e1.jpg,masks/2a576662e7dd4595983ef562679197e1.png,2a576662e7dd4595983ef562679197e1,3
images/e4619c49a3a944e186ecd24bb92de695.jpg,masks/e4619c49a3a944e186ecd24bb92de695.png,e4619c49a3a944e186ecd24bb92de695,3
images/843d2ee0aebe4fa9ad8fa6c9565a6408.jpg,masks/843d2ee0aebe4fa9ad8fa6c9565a6408.png,843d2ee0aebe4fa9ad8fa6c9565a6408,3
images/f655380a7f894cf58911a90d5a46457d.jpg,masks/f655380a7f894cf58911a90d5a46457d.png,f655380a7f894cf58911a90d5a46457d,3
images/e4f6fd4f2dd34c1792a23371021e2ab4.jpg,masks/e4f6fd4f2dd34c1792a23371021e2ab4.png,e4f6fd4f2dd34c1792a23371021e2ab4,3
images/b2a3b40727b844e99ff47a728ecc2f23.jpg,masks/b2a3b40727b844e99ff47a728ecc2f23.png,b2a3b40727b844e99ff47a728ecc2f23,3
images/b606a82d201945e399c6c806b2c0f880.jpg,masks/b606a82d201945e399c6c806b2c0f880.png,b606a82d201945e399c6c806b2c0f880,3
images/24a0f97f674b40d9b5a36e61b6576c1e.jpg,masks/24a0f97f674b40d9b5a36e61b6576c1e.png,24a0f97f674b40d9b5a36e61b6576c1e,3
images/d2bb798e5f99481f8fd4741b529b10d5.jpg,masks/d2bb798e5f99481f8fd4741b529b10d5.png,d2bb798e5f99481f8fd4741b529b10d5,3
images/90b6121282eb437284c1e483dcce0f29.jpg,masks/90b6121282eb437284c1e483dcce0f29.png,90b6121282eb437284c1e483dcce0f29,3
images/c9936c5b75174fb58fa3323f7d09532b.jpg,masks/c9936c5b75174fb58fa3323f7d09532b.png,c9936c5b75174fb58fa3323f7d09532b,3
images/69758e5157644a8ebf93475dfadccee0.jpg,masks/69758e5157644a8ebf93475dfadccee0.png,69758e5157644a8ebf93475dfadccee0,3
images/0bc9ec41bdf24069b204ef2ce4211198.jpg,masks/0bc9ec41bdf24069b204ef2ce4211198.png,0bc9ec41bdf24069b204ef2ce4211198,3
images/2990d28a6a4642b1a61eebff36a4bc16.jpg,masks/2990d28a6a4642b1a61eebff36a4bc16.png,2990d28a6a4642b1a61eebff36a4bc16,3
images/08a68b550acc4a17bc65e2cf7c7ffa79.jpg,masks/08a68b550acc4a17bc65e2cf7c7ffa79.png,08a68b550acc4a17bc65e2cf7c7ffa79,3
images/6d4d0ed33d1c4eb9924770c535bd7786.jpg,masks/6d4d0ed33d1c4eb9924770c535bd7786.png,6d4d0ed33d1c4eb9924770c535bd7786,3
images/3834120563b8457397e071d0ca3a29e1.jpg,masks/3834120563b8457397e071d0ca3a29e1.png,3834120563b8457397e071d0ca3a29e1,3
images/b8d8b5fd38f2436dbce33e9dfc2a10cc.jpg,masks/b8d8b5fd38f2436dbce33e9dfc2a10cc.png,b8d8b5fd38f2436dbce33e9dfc2a10cc,3
images/41d966faf5e84c4a831d3ab8ff280bb9.jpg,masks/41d966faf5e84c4a831d3ab8ff280bb9.png,41d966faf5e84c4a831d3ab8ff280bb9,3
images/02dc873f73c44e829f1f33e87982ea57.jpg,masks/02dc873f73c44e829f1f33e87982ea57.png,02dc873f73c44e829f1f33e87982ea57,3
images/c920f4450d29449ea35f01d2709711c7.jpg,masks/c920f4450d29449ea35f01d2709711c7.png,c920f4450d29449ea35f01d2709711c7,3
images/e9fd44d4504e44c48fffea743fb14960.jpg,masks/e9fd44d4504e44c48fffea743fb14960.png,e9fd44d4504e44c48fffea743fb14960,3
images/ebd0a940cf92452ba584faff836a11be.jpg,masks/ebd0a940cf92452ba584faff836a11be.png,ebd0a940cf92452ba584faff836a11be,3
images/6c420de9872f4e83ae7bdeda186f5fbb.jpg,masks/6c420de9872f4e83ae7bdeda186f5fbb.png,6c420de9872f4e83ae7bdeda186f5fbb,3
images/9eeb643779534fe78b3de348d171be4f.jpg,masks/9eeb643779534fe78b3de348d171be4f.png,9eeb643779534fe78b3de348d171be4f,3
images/346f2603106b4591849088ec5f82e0ed.jpg,masks/346f2603106b4591849088ec5f82e0ed.png,346f2603106b4591849088ec5f82e0ed,3
images/f517936cf0924d3691e1351e5d51db18.jpg,masks/f517936cf0924d3691e1351e5d51db18.png,f517936cf0924d3691e1351e5d51db18,3
images/95a16940e2c94cc99c40eec7e3114863.jpg,masks/95a16940e2c94cc99c40eec7e3114863.png,95a16940e2c94cc99c40eec7e3114863,3
images/0f8ecca34e9643639d94bd765c6a06c0.jpg,masks/0f8ecca34e9643639d94bd765c6a06c0.png,0f8ecca34e9643639d94bd765c6a06c0,3
images/53555e6dfce949d09835589ad368c979.jpg,masks/53555e6dfce949d09835589ad368c979.png,53555e6dfce949d09835589ad368c979,3
images/c4010dd8b279468eaf5c057a295d39d4.jpg,masks/c4010dd8b279468eaf5c057a295d39d4.png,c4010dd8b279468eaf5c057a295d39d4,3
images/866e1d3f0e99474fbb8937c99d306a0d.jpg,masks/866e1d3f0e99474fbb8937c99d306a0d.png,866e1d3f0e99474fbb8937c99d306a0d,3
images/ec2e8c0580a24e7a9162df477576e494.jpg,masks/ec2e8c0580a24e7a9162df477576e494.png,ec2e8c0580a24e7a9162df477576e494,3
images/c146b95741084671b4168d0a924fdea4.jpg,masks/c146b95741084671b4168d0a924fdea4.png,c146b95741084671b4168d0a924fdea4,3
images/a0e7471697ba440ca1beaf7cf5bee01f.jpg,masks/a0e7471697ba440ca1beaf7cf5bee01f.png,a0e7471697ba440ca1beaf7cf5bee01f,3
images/20fb49a498e84db9abce28408acc8e7b.jpg,masks/20fb49a498e84db9abce28408acc8e7b.png,20fb49a498e84db9abce28408acc8e7b,3
images/40993791956f4bc1b841026fd80b2145.jpg,masks/40993791956f4bc1b841026fd80b2145.png,40993791956f4bc1b841026fd80b2145,3
images/9a4a5dcaa57c4ff3bc38cd8ac4eddbf2.jpg,masks/9a4a5dcaa57c4ff3bc38cd8ac4eddbf2.png,9a4a5dcaa57c4ff3bc38cd8ac4eddbf2,3
images/a840df1bdefc445ca8a39b5f18677231.jpg,masks/a840df1bdefc445ca8a39b5f18677231.png,a840df1bdefc445ca8a39b5f18677231,3
images/354f3522809f4eabbd9c7dc2239cce77.jpg,masks/354f3522809f4eabbd9c7dc2239cce77.png,354f3522809f4eabbd9c7dc2239cce77,3
images/7d70aa42867b4386957c674292e88953.jpg,masks/7d70aa42867b4386957c674292e88953.png,7d70aa42867b4386957c674292e88953,3
images/0c1e58b33b0a41de9addb19c23c5dc59.jpg,masks/0c1e58b33b0a41de9addb19c23c5dc59.png,0c1e58b33b0a41de9addb19c23c5dc59,3
images/44d2a5a485414f2d867c8594a24965e9.jpg,masks/44d2a5a485414f2d867c8594a24965e9.png,44d2a5a485414f2d867c8594a24965e9,3
images/5a6624cd4e634663a7638244484ba988.jpg,masks/5a6624cd4e634663a7638244484ba988.png,5a6624cd4e634663a7638244484ba988,3
images/7b45c5ba3080452aaa0878196b078dd1.jpg,masks/7b45c5ba3080452aaa0878196b078dd1.png,7b45c5ba3080452aaa0878196b078dd1,3
images/01b20c7ad4b74638b2fbf48173ae566d.jpg,masks/01b20c7ad4b74638b2fbf48173ae566d.png,01b20c7ad4b74638b2fbf48173ae566d,3
images/8d124870527c48b988c68a8bda35f37d.jpg,masks/8d124870527c48b988c68a8bda35f37d.png,8d124870527c48b988c68a8bda35f37d,3
images/afc777466b764a978568daa672b3db74.jpg,masks/afc777466b764a978568daa672b3db74.png,afc777466b764a978568daa672b3db74,3
images/c06146e01af546f1a1df7093a8e4955f.jpg,masks/c06146e01af546f1a1df7093a8e4955f.png,c06146e01af546f1a1df7093a8e4955f,3
images/0781da226c12415ea2302b3eae02c430.jpg,masks/0781da226c12415ea2302b3eae02c430.png,0781da226c12415ea2302b3eae02c430,3
images/c9994d2819f247bdab3b304828539f8c.jpg,masks/c9994d2819f247bdab3b304828539f8c.png,c9994d2819f247bdab3b304828539f8c,3
images/49c55d8314e04950b7876bb791d61241.jpg,masks/49c55d8314e04950b7876bb791d61241.png,49c55d8314e04950b7876bb791d61241,3
images/b7698c76feff4178bc29a73a3d6e9dbb.jpg,masks/b7698c76feff4178bc29a73a3d6e9dbb.png,b7698c76feff4178bc29a73a3d6e9dbb,3
images/f147cc8282c048249a10b695a85e33e8.jpg,masks/f147cc8282c048249a10b695a85e33e8.png,f147cc8282c048249a10b695a85e33e8,3
images/cfb6c99ef6554d7bbbc1d43cdb4002b5.jpg,masks/cfb6c99ef6554d7bbbc1d43cdb4002b5.png,cfb6c99ef6554d7bbbc1d43cdb4002b5,3
images/ed11de8d30a443328f589c582a43d972.jpg,masks/ed11de8d30a443328f589c582a43d972.png,ed11de8d30a443328f589c582a43d972,3
images/d7b3ce37868a48e3ac80f793e69f66e0.jpg,masks/d7b3ce37868a48e3ac80f793e69f66e0.png,d7b3ce37868a48e3ac80f793e69f66e0,3
images/16eec73b7d384b769db19fc36acd9a12.jpg,masks/16eec73b7d384b769db19fc36acd9a12.png,16eec73b7d384b769db19fc36acd9a12,3
images/731610aeb2cc42e0afcf6635e93a7797.jpg,masks/731610aeb2cc42e0afcf6635e93a7797.png,731610aeb2cc42e0afcf6635e93a7797,3
images/5f0988109d2f4ca3a8ddae6eabf95e07.jpg,masks/5f0988109d2f4ca3a8ddae6eabf95e07.png,5f0988109d2f4ca3a8ddae6eabf95e07,3
images/863ca76b589d4c799630e2e2fe5e896a.jpg,masks/863ca76b589d4c799630e2e2fe5e896a.png,863ca76b589d4c799630e2e2fe5e896a,3
images/61425e9101244007bc18a15d8b45ecb8.jpg,masks/61425e9101244007bc18a15d8b45ecb8.png,61425e9101244007bc18a15d8b45ecb8,3
images/367ac652fae34d80aea597b6055f2997.jpg,masks/367ac652fae34d80aea597b6055f2997.png,367ac652fae34d80aea597b6055f2997,3
images/f2602d3683a74b428414b63fc7d95eec.jpg,masks/f2602d3683a74b428414b63fc7d95eec.png,f2602d3683a74b428414b63fc7d95eec,3
images/3c00dc5c45bc4490a2fd7cdf6bf0a438.jpg,masks/3c00dc5c45bc4490a2fd7cdf6bf0a438.png,3c00dc5c45bc4490a2fd7cdf6bf0a438,3
images/d4d3013ce7ad47a98b8d4e328b128958.jpg,masks/d4d3013ce7ad47a98b8d4e328b128958.png,d4d3013ce7ad47a98b8d4e328b128958,3
images/9f792256dadc437cad0c97c912281337.jpg,masks/9f792256dadc437cad0c97c912281337.png,9f792256dadc437cad0c97c912281337,3
images/ce2a565a85d94b6b9adfc0fcbebddb5c.jpg,masks/ce2a565a85d94b6b9adfc0fcbebddb5c.png,ce2a565a85d94b6b9adfc0fcbebddb5c,3
images/c60a21dfe4354d3f8fd195cb24e09e2c.jpg,masks/c60a21dfe4354d3f8fd195cb24e09e2c.png,c60a21dfe4354d3f8fd195cb24e09e2c,3
images/dc3d961932e44b25a16a59496c7c9e30.jpg,masks/dc3d961932e44b25a16a59496c7c9e30.png,dc3d961932e44b25a16a59496c7c9e30,3
images/6924b4ca1e744c8487895edc52aa26b2.jpg,masks/6924b4ca1e744c8487895edc52aa26b2.png,6924b4ca1e744c8487895edc52aa26b2,3
images/25b8b959a6304e6b84b62e0488036099.jpg,masks/25b8b959a6304e6b84b62e0488036099.png,25b8b959a6304e6b84b62e0488036099,3
images/b3f1986a7d6547d9bd886268c39187d5.jpg,masks/b3f1986a7d6547d9bd886268c39187d5.png,b3f1986a7d6547d9bd886268c39187d5,3
images/748168790465473aaa6b65ac0cf9caa7.jpg,masks/748168790465473aaa6b65ac0cf9caa7.png,748168790465473aaa6b65ac0cf9caa7,3
images/f2357956eb044dfba70031ac3af2ee80.jpg,masks/f2357956eb044dfba70031ac3af2ee80.png,f2357956eb044dfba70031ac3af2ee80,3
images/9fbbd16007d14eb8aad242338b653020.jpg,masks/9fbbd16007d14eb8aad242338b653020.png,9fbbd16007d14eb8aad242338b653020,3
images/fe49bf686adf409b85fc16a83893dde0.jpg,masks/fe49bf686adf409b85fc16a83893dde0.png,fe49bf686adf409b85fc16a83893dde0,3
images/947bcd4c7c7c4ee2929bf61d203c3ddc.jpg,masks/947bcd4c7c7c4ee2929bf61d203c3ddc.png,947bcd4c7c7c4ee2929bf61d203c3ddc,3
images/76f5d5d4591b4932bec83e38d7867327.jpg,masks/76f5d5d4591b4932bec83e38d7867327.png,76f5d5d4591b4932bec83e38d7867327,3
images/d707ebaf75324beb8164dbafa93e3378.jpg,masks/d707ebaf75324beb8164dbafa93e3378.png,d707ebaf75324beb8164dbafa93e3378,3
images/5b81dd733f764344aaa16c4b6634aaa8.jpg,masks/5b81dd733f764344aaa16c4b6634aaa8.png,5b81dd733f764344aaa16c4b6634aaa8,3
images/53b99e750991401981ea41d51942c8a1.jpg,masks/53b99e750991401981ea41d51942c8a1.png,53b99e750991401981ea41d51942c8a1,3
images/40922b76706a4c5ebb9bbfab88362a9a.jpg,masks/40922b76706a4c5ebb9bbfab88362a9a.png,40922b76706a4c5ebb9bbfab88362a9a,3
images/76bef5e405da45dd856dce354d9f59b3.jpg,masks/76bef5e405da45dd856dce354d9f59b3.png,76bef5e405da45dd856dce354d9f59b3,3
images/e8842e51099745dd92fd684142791317.jpg,masks/e8842e51099745dd92fd684142791317.png,e8842e51099745dd92fd684142791317,3
images/a56dae5070664ed9888299b443bf5682.jpg,masks/a56dae5070664ed9888299b443bf5682.png,a56dae5070664ed9888299b443bf5682,3
images/6c73bec1a6f04acaa50d450ed93665a8.jpg,masks/6c73bec1a6f04acaa50d450ed93665a8.png,6c73bec1a6f04acaa50d450ed93665a8,3
images/82f51e9f49ba4840af72cfb284d15080.jpg,masks/82f51e9f49ba4840af72cfb284d15080.png,82f51e9f49ba4840af72cfb284d15080,3
images/a9731e1f8bad4908a640aebb0a44f281.jpg,masks/a9731e1f8bad4908a640aebb0a44f281.png,a9731e1f8bad4908a640aebb0a44f281,3
images/2bb926e9835a4238b859bef94cca3cfd.jpg,masks/2bb926e9835a4238b859bef94cca3cfd.png,2bb926e9835a4238b859bef94cca3cfd,3
images/b453a8ad7d0b4b8b9f9f34fe188aeee6.jpg,masks/b453a8ad7d0b4b8b9f9f34fe188aeee6.png,b453a8ad7d0b4b8b9f9f34fe188aeee6,3
images/29613e685ecb4545ac166b53ec1b0ea5.jpg,masks/29613e685ecb4545ac166b53ec1b0ea5.png,29613e685ecb4545ac166b53ec1b0ea5,3
images/746da4e53c644a42984cffd191184015.jpg,masks/746da4e53c644a42984cffd191184015.png,746da4e53c644a42984cffd191184015,3
images/24e923b09d774a8d9f44da099b98239d.jpg,masks/24e923b09d774a8d9f44da099b98239d.png,24e923b09d774a8d9f44da099b98239d,3
images/fe1c37a0ee374eb1a0653680eae87cf3.jpg,masks/fe1c37a0ee374eb1a0653680eae87cf3.png,fe1c37a0ee374eb1a0653680eae87cf3,3
images/b1cae3d99b1442ea85e98a364c794de8.jpg,masks/b1cae3d99b1442ea85e98a364c794de8.png,b1cae3d99b1442ea85e98a364c794de8,3
images/fd320e746e2743fc9cf032eca49d59b3.jpg,masks/fd320e746e2743fc9cf032eca49d59b3.png,fd320e746e2743fc9cf032eca49d59b3,3
images/772e629cbb58452896b51478361683a9.jpg,masks/772e629cbb58452896b51478361683a9.png,772e629cbb58452896b51478361683a9,3
images/d6553fcaca0e4ddfb55d41dd688f4f49.jpg,masks/d6553fcaca0e4ddfb55d41dd688f4f49.png,d6553fcaca0e4ddfb55d41dd688f4f49,3
images/d3390c5088504b91887df3d325cab1f9.jpg,masks/d3390c5088504b91887df3d325cab1f9.png,d3390c5088504b91887df3d325cab1f9,3
images/4d5c6a58fce14058bbaafaf0530c4951.jpg,masks/4d5c6a58fce14058bbaafaf0530c4951.png,4d5c6a58fce14058bbaafaf0530c4951,3
images/78eb89f6d1a749f8b347eefec8f92a2f.jpg,masks/78eb89f6d1a749f8b347eefec8f92a2f.png,78eb89f6d1a749f8b347eefec8f92a2f,3
images/7356c519a13a44acb3dde48dfacb94ce.jpg,masks/7356c519a13a44acb3dde48dfacb94ce.png,7356c519a13a44acb3dde48dfacb94ce,3
images/63ddcebdc4924d3ea25b9e33ab6f74f5.jpg,masks/63ddcebdc4924d3ea25b9e33ab6f74f5.png,63ddcebdc4924d3ea25b9e33ab6f74f5,3
images/8b8d6cc22ced439dab163c6196ce661f.jpg,masks/8b8d6cc22ced439dab163c6196ce661f.png,8b8d6cc22ced439dab163c6196ce661f,3
images/97490f1be78c4d9697ef02e711f23829.jpg,masks/97490f1be78c4d9697ef02e711f23829.png,97490f1be78c4d9697ef02e711f23829,3
images/bd34e23cf8c84afca41f5f711cbff8e6.jpg,masks/bd34e23cf8c84afca41f5f711cbff8e6.png,bd34e23cf8c84afca41f5f711cbff8e6,3
images/98db8d5245dc46118c2d7a7b393dd864.jpg,masks/98db8d5245dc46118c2d7a7b393dd864.png,98db8d5245dc46118c2d7a7b393dd864,3
images/108d3b53bdae48c4a735470060c01d99.jpg,masks/108d3b53bdae48c4a735470060c01d99.png,108d3b53bdae48c4a735470060c01d99,3
images/db0b243be80c4b5289806191ae45955b.jpg,masks/db0b243be80c4b5289806191ae45955b.png,db0b243be80c4b5289806191ae45955b,3
images/e0b7529d273a4fbaa4afc46624616115.jpg,masks/e0b7529d273a4fbaa4afc46624616115.png,e0b7529d273a4fbaa4afc46624616115,3
images/82fb32d389ce4b19b291fd78e138771a.jpg,masks/82fb32d389ce4b19b291fd78e138771a.png,82fb32d389ce4b19b291fd78e138771a,3
images/de9b9aa86f4f4893ab41aa66862535f0.jpg,masks/de9b9aa86f4f4893ab41aa66862535f0.png,de9b9aa86f4f4893ab41aa66862535f0,3
images/6256bcb40b804469afd78125b2fef85a.jpg,masks/6256bcb40b804469afd78125b2fef85a.png,6256bcb40b804469afd78125b2fef85a,3
images/38f3f27f9e4247c98942b6d44a6fbcd5.jpg,masks/38f3f27f9e4247c98942b6d44a6fbcd5.png,38f3f27f9e4247c98942b6d44a6fbcd5,3
images/a33f59e23f1e4d5689fd8d7234fa68a2.jpg,masks/a33f59e23f1e4d5689fd8d7234fa68a2.png,a33f59e23f1e4d5689fd8d7234fa68a2,3
images/c114cd112cf94ed3944e18aad0305142.jpg,masks/c114cd112cf94ed3944e18aad0305142.png,c114cd112cf94ed3944e18aad0305142,3
images/909f5bdb94fa4768a26636d1f3d26766.jpg,masks/909f5bdb94fa4768a26636d1f3d26766.png,909f5bdb94fa4768a26636d1f3d26766,3
images/8466a360f56d40bfb99038f7cae9618d.jpg,masks/8466a360f56d40bfb99038f7cae9618d.png,8466a360f56d40bfb99038f7cae9618d,3
images/bae31d4aba054277baf9eb0e0468aef6.jpg,masks/bae31d4aba054277baf9eb0e0468aef6.png,bae31d4aba054277baf9eb0e0468aef6,3
images/07afbdc458484337a8bec1b2471d6fff.jpg,masks/07afbdc458484337a8bec1b2471d6fff.png,07afbdc458484337a8bec1b2471d6fff,3
images/6c1b037353f848a2b7c2a46a4c04cfab.jpg,masks/6c1b037353f848a2b7c2a46a4c04cfab.png,6c1b037353f848a2b7c2a46a4c04cfab,3
images/47cb0bd50d84491e92d52ee32525816a.jpg,masks/47cb0bd50d84491e92d52ee32525816a.png,47cb0bd50d84491e92d52ee32525816a,3
images/40f1c77a75954f4d875d6c710dcecfd2.jpg,masks/40f1c77a75954f4d875d6c710dcecfd2.png,40f1c77a75954f4d875d6c710dcecfd2,3
images/839ad530f8f84542898a3303750c2bfa.jpg,masks/839ad530f8f84542898a3303750c2bfa.png,839ad530f8f84542898a3303750c2bfa,3
images/bfaff3f2e77c4e4f926598e0067a6a6f.jpg,masks/bfaff3f2e77c4e4f926598e0067a6a6f.png,bfaff3f2e77c4e4f926598e0067a6a6f,3
images/1b6cdcc729b6402fa19d87ef59dca10d.jpg,masks/1b6cdcc729b6402fa19d87ef59dca10d.png,1b6cdcc729b6402fa19d87ef59dca10d,3
images/6e96ff2300bd4897b0c52125aa53f03f.jpg,masks/6e96ff2300bd4897b0c52125aa53f03f.png,6e96ff2300bd4897b0c52125aa53f03f,3
images/33c1230da81b46d9a2e1986d286c5894.jpg,masks/33c1230da81b46d9a2e1986d286c5894.png,33c1230da81b46d9a2e1986d286c5894,3
images/c66dbac92d24479dadada8b99dcd70ec.jpg,masks/c66dbac92d24479dadada8b99dcd70ec.png,c66dbac92d24479dadada8b99dcd70ec,3
images/7996e1c458aa42e187bcf7e46321e63a.jpg,masks/7996e1c458aa42e187bcf7e46321e63a.png,7996e1c458aa42e187bcf7e46321e63a,3
images/3b0644904d5d4c62836c61b653944592.jpg,masks/3b0644904d5d4c62836c61b653944592.png,3b0644904d5d4c62836c61b653944592,3
images/97535b2f9c794968908e04250770e912.jpg,masks/97535b2f9c794968908e04250770e912.png,97535b2f9c794968908e04250770e912,3
images/8c2a8d9ef9894039b66cfe1c4516e7ac.jpg,masks/8c2a8d9ef9894039b66cfe1c4516e7ac.png,8c2a8d9ef9894039b66cfe1c4516e7ac,3
images/6ac93d467d7343a7bc4dc1c9ff587212.jpg,masks/6ac93d467d7343a7bc4dc1c9ff587212.png,6ac93d467d7343a7bc4dc1c9ff587212,3
images/dab1ca291746445084b63ea98ff70b35.jpg,masks/dab1ca291746445084b63ea98ff70b35.png,dab1ca291746445084b63ea98ff70b35,3
images/b00b37ec7c49411c99a1000ecfef14ae.jpg,masks/b00b37ec7c49411c99a1000ecfef14ae.png,b00b37ec7c49411c99a1000ecfef14ae,3
images/d9ae2db8129d4f23b7f00a96b8c8f65a.jpg,masks/d9ae2db8129d4f23b7f00a96b8c8f65a.png,d9ae2db8129d4f23b7f00a96b8c8f65a,3
images/a651d8a74ad24db9b7dbc1928681246d.jpg,masks/a651d8a74ad24db9b7dbc1928681246d.png,a651d8a74ad24db9b7dbc1928681246d,3
images/2a6ee526b179441ba6752135b1d4a524.jpg,masks/2a6ee526b179441ba6752135b1d4a524.png,2a6ee526b179441ba6752135b1d4a524,3
images/4dbfaaf0b5c245b59aef360423a3d763.jpg,masks/4dbfaaf0b5c245b59aef360423a3d763.png,4dbfaaf0b5c245b59aef360423a3d763,3
images/1e2809ab09c84a6eae6e168b331c0dc7.jpg,masks/1e2809ab09c84a6eae6e168b331c0dc7.png,1e2809ab09c84a6eae6e168b331c0dc7,3
images/feba1b0bf403490ba43d3e00e8f22eca.jpg,masks/feba1b0bf403490ba43d3e00e8f22eca.png,feba1b0bf403490ba43d3e00e8f22eca,3
images/5587e1725f2f456a9072e6ab00c67409.jpg,masks/5587e1725f2f456a9072e6ab00c67409.png,5587e1725f2f456a9072e6ab00c67409,3
images/77e4594dfc574b36a741eb6061feefab.jpg,masks/77e4594dfc574b36a741eb6061feefab.png,77e4594dfc574b36a741eb6061feefab,3
images/739265e7626f42b297c363ba2ef9f007.jpg,masks/739265e7626f42b297c363ba2ef9f007.png,739265e7626f42b297c363ba2ef9f007,3
images/e2cc351cbea84ecbb6d3a4845e9fbd3d.jpg,masks/e2cc351cbea84ecbb6d3a4845e9fbd3d.png,e2cc351cbea84ecbb6d3a4845e9fbd3d,3
images/c27b6c1e6c9c4a5b8954010accd6e62a.jpg,masks/c27b6c1e6c9c4a5b8954010accd6e62a.png,c27b6c1e6c9c4a5b8954010accd6e62a,3
images/c88c4cfd2f9e49e9b767c1327ab9f4e0.jpg,masks/c88c4cfd2f9e49e9b767c1327ab9f4e0.png,c88c4cfd2f9e49e9b767c1327ab9f4e0,3
images/4eebd5fac79648c796adbaeae1362c4f.jpg,masks/4eebd5fac79648c796adbaeae1362c4f.png,4eebd5fac79648c796adbaeae1362c4f,3
images/575c540edb454d05896278a297c6d5fe.jpg,masks/575c540edb454d05896278a297c6d5fe.png,575c540edb454d05896278a297c6d5fe,3
images/279a4a8056e44a489f8df19d3a346c52.jpg,masks/279a4a8056e44a489f8df19d3a346c52.png,279a4a8056e44a489f8df19d3a346c52,3
images/ba9299474940400491fb03af7afdb268.jpg,masks/ba9299474940400491fb03af7afdb268.png,ba9299474940400491fb03af7afdb268,3
images/755f696bc45b4f4483a093b541d703d9.jpg,masks/755f696bc45b4f4483a093b541d703d9.png,755f696bc45b4f4483a093b541d703d9,3
images/7292ff9642994fab93323d1a7554f891.jpg,masks/7292ff9642994fab93323d1a7554f891.png,7292ff9642994fab93323d1a7554f891,3
images/02068945c63c480383a96a2fe217566c.jpg,masks/02068945c63c480383a96a2fe217566c.png,02068945c63c480383a96a2fe217566c,3
images/396ad90336f646599998f18c0fad1e3a.jpg,masks/396ad90336f646599998f18c0fad1e3a.png,396ad90336f646599998f18c0fad1e3a,3
images/84c8553542204a07bd84efe53606d2b1.jpg,masks/84c8553542204a07bd84efe53606d2b1.png,84c8553542204a07bd84efe53606d2b1,3
images/7a026e4bb9414ab89a92dd58adb5a4af.jpg,masks/7a026e4bb9414ab89a92dd58adb5a4af.png,7a026e4bb9414ab89a92dd58adb5a4af,3
images/afc798ff74814c529c9e43a7ed264675.jpg,masks/afc798ff74814c529c9e43a7ed264675.png,afc798ff74814c529c9e43a7ed264675,3
images/71440f0d14ae4839b5c3c02f8d14dbc8.jpg,masks/71440f0d14ae4839b5c3c02f8d14dbc8.png,71440f0d14ae4839b5c3c02f8d14dbc8,3
images/2abc111464b3492eab5b6c6aded41507.jpg,masks/2abc111464b3492eab5b6c6aded41507.png,2abc111464b3492eab5b6c6aded41507,3
images/93f886e4dee4414382e96c1b8ab2b71b.jpg,masks/93f886e4dee4414382e96c1b8ab2b71b.png,93f886e4dee4414382e96c1b8ab2b71b,3
images/c2850d6af2934befb3291e4f0b250655.jpg,masks/c2850d6af2934befb3291e4f0b250655.png,c2850d6af2934befb3291e4f0b250655,3
images/46c1361e0a9a46f1a35c08c715bb43ed.jpg,masks/46c1361e0a9a46f1a35c08c715bb43ed.png,46c1361e0a9a46f1a35c08c715bb43ed,3
images/e3947852abf144b9b97f006e8c473bda.jpg,masks/e3947852abf144b9b97f006e8c473bda.png,e3947852abf144b9b97f006e8c473bda,3
images/df77f39c1e4d4165b0247e39444a5448.jpg,masks/df77f39c1e4d4165b0247e39444a5448.png,df77f39c1e4d4165b0247e39444a5448,3
images/8a49b400a689414db33b8926c60c1e84.jpg,masks/8a49b400a689414db33b8926c60c1e84.png,8a49b400a689414db33b8926c60c1e84,3
images/b2c728f6772f4955a8a59e43d7cdc055.jpg,masks/b2c728f6772f4955a8a59e43d7cdc055.png,b2c728f6772f4955a8a59e43d7cdc055,3
images/c4a35e327a1e46ce898f0754c5adf2ec.jpg,masks/c4a35e327a1e46ce898f0754c5adf2ec.png,c4a35e327a1e46ce898f0754c5adf2ec,3
images/8bfdfc13cce6415aa83f42535e3a4001.jpg,masks/8bfdfc13cce6415aa83f42535e3a4001.png,8bfdfc13cce6415aa83f42535e3a4001,3
images/15b40a0884ba4c7fa23e008ded436a24.jpg,masks/15b40a0884ba4c7fa23e008ded436a24.png,15b40a0884ba4c7fa23e008ded436a24,3
images/09425b72c50f4a17b707c5169225509d.jpg,masks/09425b72c50f4a17b707c5169225509d.png,09425b72c50f4a17b707c5169225509d,3
images/67052dbe804c42a6b5b84495c64df859.jpg,masks/67052dbe804c42a6b5b84495c64df859.png,67052dbe804c42a6b5b84495c64df859,3
images/e2b4328bffc64acebc6a4cc4e49f9b22.jpg,masks/e2b4328bffc64acebc6a4cc4e49f9b22.png,e2b4328bffc64acebc6a4cc4e49f9b22,3
images/494a91517c7c4a1c84984c9807583bfd.jpg,masks/494a91517c7c4a1c84984c9807583bfd.png,494a91517c7c4a1c84984c9807583bfd,3
images/c533f7d48e95441d8b75c43c09e9f931.jpg,masks/c533f7d48e95441d8b75c43c09e9f931.png,c533f7d48e95441d8b75c43c09e9f931,3
images/2220737b1a504d1088da2693304908f8.jpg,masks/2220737b1a504d1088da2693304908f8.png,2220737b1a504d1088da2693304908f8,3
images/fe24e08a751644f9bbdf58621b11e634.jpg,masks/fe24e08a751644f9bbdf58621b11e634.png,fe24e08a751644f9bbdf58621b11e634,3
images/c1dbdd2a0f82480fb4cba2346c39d0d0.jpg,masks/c1dbdd2a0f82480fb4cba2346c39d0d0.png,c1dbdd2a0f82480fb4cba2346c39d0d0,3
images/52c81b0558194cd1a4626386b05345b2.jpg,masks/52c81b0558194cd1a4626386b05345b2.png,52c81b0558194cd1a4626386b05345b2,3
images/75b979d022c2455fa3126a968290c83e.jpg,masks/75b979d022c2455fa3126a968290c83e.png,75b979d022c2455fa3126a968290c83e,3
images/dad671e9f15d410c8068e5d841ae3941.jpg,masks/dad671e9f15d410c8068e5d841ae3941.png,dad671e9f15d410c8068e5d841ae3941,3
images/21e294f10ce6449d8aba5d468ed60869.jpg,masks/21e294f10ce6449d8aba5d468ed60869.png,21e294f10ce6449d8aba5d468ed60869,3
images/4dbfee54149a40d8ab2ce3dee7948a46.jpg,masks/4dbfee54149a40d8ab2ce3dee7948a46.png,4dbfee54149a40d8ab2ce3dee7948a46,3
images/2fbb5502b01343c9af1505d724688d1d.jpg,masks/2fbb5502b01343c9af1505d724688d1d.png,2fbb5502b01343c9af1505d724688d1d,3
images/e63944ab996444bcad7280ddb4bc1dca.jpg,masks/e63944ab996444bcad7280ddb4bc1dca.png,e63944ab996444bcad7280ddb4bc1dca,3
images/bb0c39b6e0eb415ba1ae4db44593a6c3.jpg,masks/bb0c39b6e0eb415ba1ae4db44593a6c3.png,bb0c39b6e0eb415ba1ae4db44593a6c3,3
images/b6f28fda75054974b47509512c882a1b.jpg,masks/b6f28fda75054974b47509512c882a1b.png,b6f28fda75054974b47509512c882a1b,3
images/8bc673780af2435f9acdf24575e88bd6.jpg,masks/8bc673780af2435f9acdf24575e88bd6.png,8bc673780af2435f9acdf24575e88bd6,3
images/9813f4ab8c5b407fb35b46ec5d5ab3ab.jpg,masks/9813f4ab8c5b407fb35b46ec5d5ab3ab.png,9813f4ab8c5b407fb35b46ec5d5ab3ab,3
images/3131bd850057419db0a23f73a5637126.jpg,masks/3131bd850057419db0a23f73a5637126.png,3131bd850057419db0a23f73a5637126,3
images/34498e3370cd41628f99618ac4d2ac29.jpg,masks/34498e3370cd41628f99618ac4d2ac29.png,34498e3370cd41628f99618ac4d2ac29,3
images/cbde5edb78fe4d7b91aa89301f79b5e7.jpg,masks/cbde5edb78fe4d7b91aa89301f79b5e7.png,cbde5edb78fe4d7b91aa89301f79b5e7,3
images/2cbcb61267814dbc8691040d0c7d79c6.jpg,masks/2cbcb61267814dbc8691040d0c7d79c6.png,2cbcb61267814dbc8691040d0c7d79c6,3
images/77211c42892c4f019373f54fe3dc4b7e.jpg,masks/77211c42892c4f019373f54fe3dc4b7e.png,77211c42892c4f019373f54fe3dc4b7e,3
images/94acce1b16b341ff8cafac1e39697af8.jpg,masks/94acce1b16b341ff8cafac1e39697af8.png,94acce1b16b341ff8cafac1e39697af8,3
images/6e36e5e9c9354c9e8ba79ba431d95b4b.jpg,masks/6e36e5e9c9354c9e8ba79ba431d95b4b.png,6e36e5e9c9354c9e8ba79ba431d95b4b,3
images/1665ffafb35145528f741041face5f07.jpg,masks/1665ffafb35145528f741041face5f07.png,1665ffafb35145528f741041face5f07,3
images/a0c3113be9ef4e5eae1d2e7b33f2a91c.jpg,masks/a0c3113be9ef4e5eae1d2e7b33f2a91c.png,a0c3113be9ef4e5eae1d2e7b33f2a91c,3
images/68e53fbf07254435850194357514b17d.jpg,masks/68e53fbf07254435850194357514b17d.png,68e53fbf07254435850194357514b17d,3
images/10229808863a45db846d1665a70547a1.jpg,masks/10229808863a45db846d1665a70547a1.png,10229808863a45db846d1665a70547a1,3
images/e5f7d79314db4b6681e0763a616d7c3d.jpg,masks/e5f7d79314db4b6681e0763a616d7c3d.png,e5f7d79314db4b6681e0763a616d7c3d,3
images/eb5f0c24a019478fa5979f7039342fbd.jpg,masks/eb5f0c24a019478fa5979f7039342fbd.png,eb5f0c24a019478fa5979f7039342fbd,3
images/3198294a063e4bfa86b8542c530b469b.jpg,masks/3198294a063e4bfa86b8542c530b469b.png,3198294a063e4bfa86b8542c530b469b,3
images/b55b12e84a584a3d84ccb3f262de488d.jpg,masks/b55b12e84a584a3d84ccb3f262de488d.png,b55b12e84a584a3d84ccb3f262de488d,3
images/6b086cc4e62c4633a0e76f43c706831e.jpg,masks/6b086cc4e62c4633a0e76f43c706831e.png,6b086cc4e62c4633a0e76f43c706831e,3
images/0127216fd90547e6a9abe484b4fe9531.jpg,masks/0127216fd90547e6a9abe484b4fe9531.png,0127216fd90547e6a9abe484b4fe9531,3
images/9465d3a8098841b494ba846ea2436dc6.jpg,masks/9465d3a8098841b494ba846ea2436dc6.png,9465d3a8098841b494ba846ea2436dc6,3
images/092cc0e90a044fdeb27a57f612016297.jpg,masks/092cc0e90a044fdeb27a57f612016297.png,092cc0e90a044fdeb27a57f612016297,3
images/75388d61644f41a88c574be62a4c2c2a.jpg,masks/75388d61644f41a88c574be62a4c2c2a.png,75388d61644f41a88c574be62a4c2c2a,3
images/22e867adbe744f12b7a241a6b5e95860.jpg,masks/22e867adbe744f12b7a241a6b5e95860.png,22e867adbe744f12b7a241a6b5e95860,3
images/9d371a7f4d674bee9ecda6b9e98eb9a2.jpg,masks/9d371a7f4d674bee9ecda6b9e98eb9a2.png,9d371a7f4d674bee9ecda6b9e98eb9a2,3
images/38771e5999f44cacbb9c4c731415a72c.jpg,masks/38771e5999f44cacbb9c4c731415a72c.png,38771e5999f44cacbb9c4c731415a72c,3
images/2c2fc1cdae7945518a0194a0a633b181.jpg,masks/2c2fc1cdae7945518a0194a0a633b181.png,2c2fc1cdae7945518a0194a0a633b181,3
images/40f20f3fdfc141e9afabde236cc0b1ba.jpg,masks/40f20f3fdfc141e9afabde236cc0b1ba.png,40f20f3fdfc141e9afabde236cc0b1ba,3
images/b8163e26ed3844a0b1b520f58907624f.jpg,masks/b8163e26ed3844a0b1b520f58907624f.png,b8163e26ed3844a0b1b520f58907624f,3
images/57ecc283489941e3aa00db6df3ca2e9d.jpg,masks/57ecc283489941e3aa00db6df3ca2e9d.png,57ecc283489941e3aa00db6df3ca2e9d,3
images/54bff2cd5f9947378a0a6706c5a9e366.jpg,masks/54bff2cd5f9947378a0a6706c5a9e366.png,54bff2cd5f9947378a0a6706c5a9e366,3
images/6fe94bd5926844b3a92b76e806035e18.jpg,masks/6fe94bd5926844b3a92b76e806035e18.png,6fe94bd5926844b3a92b76e806035e18,3
images/d0ef136366974bb6a61b05e1e5d3d2c7.jpg,masks/d0ef136366974bb6a61b05e1e5d3d2c7.png,d0ef136366974bb6a61b05e1e5d3d2c7,3
images/3eb97902b1c947df862c15f87a9cd61c.jpg,masks/3eb97902b1c947df862c15f87a9cd61c.png,3eb97902b1c947df862c15f87a9cd61c,3
images/145b8be275854e78bf510bd689ca89c3.jpg,masks/145b8be275854e78bf510bd689ca89c3.png,145b8be275854e78bf510bd689ca89c3,3
images/f189ef96a32a4f6f89706ac6cbdeb321.jpg,masks/f189ef96a32a4f6f89706ac6cbdeb321.png,f189ef96a32a4f6f89706ac6cbdeb321,3
images/091ba66735114361a9b8dd2fa546d90a.jpg,masks/091ba66735114361a9b8dd2fa546d90a.png,091ba66735114361a9b8dd2fa546d90a,3
images/cfc878e0d81c4f3c8a84b0ea03b12ec0.jpg,masks/cfc878e0d81c4f3c8a84b0ea03b12ec0.png,cfc878e0d81c4f3c8a84b0ea03b12ec0,3
images/4649ebbbcfd847f4a88028467065e2d7.jpg,masks/4649ebbbcfd847f4a88028467065e2d7.png,4649ebbbcfd847f4a88028467065e2d7,3
images/dfdca031efc34910be8f7393b687a5a2.jpg,masks/dfdca031efc34910be8f7393b687a5a2.png,dfdca031efc34910be8f7393b687a5a2,3
images/ef1c198aa32f4935b1cb0e439d929dbc.jpg,masks/ef1c198aa32f4935b1cb0e439d929dbc.png,ef1c198aa32f4935b1cb0e439d929dbc,3
images/77c4ba00a5fc4f53a5e9593f7b8b6e1d.jpg,masks/77c4ba00a5fc4f53a5e9593f7b8b6e1d.png,77c4ba00a5fc4f53a5e9593f7b8b6e1d,3
images/8713f9f3568d44dd85cc9ed6eb51d114.jpg,masks/8713f9f3568d44dd85cc9ed6eb51d114.png,8713f9f3568d44dd85cc9ed6eb51d114,3
images/198d18540f19418ba05e38aafc545db8.jpg,masks/198d18540f19418ba05e38aafc545db8.png,198d18540f19418ba05e38aafc545db8,3
images/b3535eda4f8f46989d3da3d3b63e9607.jpg,masks/b3535eda4f8f46989d3da3d3b63e9607.png,b3535eda4f8f46989d3da3d3b63e9607,3
images/474f9a953ab446fcbf550177e656739d.jpg,masks/474f9a953ab446fcbf550177e656739d.png,474f9a953ab446fcbf550177e656739d,3
images/bcccf538660541adb7fa109d925d5375.jpg,masks/bcccf538660541adb7fa109d925d5375.png,bcccf538660541adb7fa109d925d5375,3
images/1d8be8cd3cb44a489a4b74ad0c6a0e18.jpg,masks/1d8be8cd3cb44a489a4b74ad0c6a0e18.png,1d8be8cd3cb44a489a4b74ad0c6a0e18,3
images/6917a233a5004e04933a42fb9aff24ee.jpg,masks/6917a233a5004e04933a42fb9aff24ee.png,6917a233a5004e04933a42fb9aff24ee,3
images/beeb8714a2894daba826921961a6dcd8.jpg,masks/beeb8714a2894daba826921961a6dcd8.png,beeb8714a2894daba826921961a6dcd8,3
images/ebeab2dd2c05493d8781c1d81af8d529.jpg,masks/ebeab2dd2c05493d8781c1d81af8d529.png,ebeab2dd2c05493d8781c1d81af8d529,3
images/5fbc754a567d481ca9198b153bb6c879.jpg,masks/5fbc754a567d481ca9198b153bb6c879.png,5fbc754a567d481ca9198b153bb6c879,3
images/e406461b78994e3883ab5776b0123112.jpg,masks/e406461b78994e3883ab5776b0123112.png,e406461b78994e3883ab5776b0123112,3
images/9a0d04a94e7a42f99c32a2b3a7a9e47d.jpg,masks/9a0d04a94e7a42f99c32a2b3a7a9e47d.png,9a0d04a94e7a42f99c32a2b3a7a9e47d,3
images/eb240b48430046399f98bba8ad1f4d8c.jpg,masks/eb240b48430046399f98bba8ad1f4d8c.png,eb240b48430046399f98bba8ad1f4d8c,3
images/c0dcba6237e442c0b0ae593b7c0373de.jpg,masks/c0dcba6237e442c0b0ae593b7c0373de.png,c0dcba6237e442c0b0ae593b7c0373de,3
images/87355a31111a4174a68cb9dd82d5591c.jpg,masks/87355a31111a4174a68cb9dd82d5591c.png,87355a31111a4174a68cb9dd82d5591c,3
images/d2fab8e63bef4752a664b7c1570dc651.jpg,masks/d2fab8e63bef4752a664b7c1570dc651.png,d2fab8e63bef4752a664b7c1570dc651,3
images/f63f69f30b6943d2bc66cb486e82c55a.jpg,masks/f63f69f30b6943d2bc66cb486e82c55a.png,f63f69f30b6943d2bc66cb486e82c55a,3
images/b70120b2d9bc4e779cfd941bfe1dc173.jpg,masks/b70120b2d9bc4e779cfd941bfe1dc173.png,b70120b2d9bc4e779cfd941bfe1dc173,3
images/6b64cf2f549b433f9a24f9652a0e4493.jpg,masks/6b64cf2f549b433f9a24f9652a0e4493.png,6b64cf2f549b433f9a24f9652a0e4493,3
images/f669cd131753406e939dd92bed43ba67.jpg,masks/f669cd131753406e939dd92bed43ba67.png,f669cd131753406e939dd92bed43ba67,3
images/e33754879bf44aef81b475446cbb6cba.jpg,masks/e33754879bf44aef81b475446cbb6cba.png,e33754879bf44aef81b475446cbb6cba,3
images/238e82dbe0e14e218c0d8aebe6d960a1.jpg,masks/238e82dbe0e14e218c0d8aebe6d960a1.png,238e82dbe0e14e218c0d8aebe6d960a1,3
images/2a846d800a6945d59cda4ecd0925757b.jpg,masks/2a846d800a6945d59cda4ecd0925757b.png,2a846d800a6945d59cda4ecd0925757b,3
images/8832ded0ceae4c078770b709cfc83221.jpg,masks/8832ded0ceae4c078770b709cfc83221.png,8832ded0ceae4c078770b709cfc83221,3
images/e9c71a9844be472ab8d28bbf7a820d9f.jpg,masks/e9c71a9844be472ab8d28bbf7a820d9f.png,e9c71a9844be472ab8d28bbf7a820d9f,3
images/f92b4b95129c4750b6620ac0647158b7.jpg,masks/f92b4b95129c4750b6620ac0647158b7.png,f92b4b95129c4750b6620ac0647158b7,3
images/35b2667598c84e6eb24d1449d7e86d3c.jpg,masks/35b2667598c84e6eb24d1449d7e86d3c.png,35b2667598c84e6eb24d1449d7e86d3c,3
images/a7cfb8ab93b149d5b43ae46b504d8711.jpg,masks/a7cfb8ab93b149d5b43ae46b504d8711.png,a7cfb8ab93b149d5b43ae46b504d8711,3
images/9d0ad746e50e4b02811c40c883c4aab6.jpg,masks/9d0ad746e50e4b02811c40c883c4aab6.png,9d0ad746e50e4b02811c40c883c4aab6,3
images/1a66081c92a2495b9782b882f6f991ee.jpg,masks/1a66081c92a2495b9782b882f6f991ee.png,1a66081c92a2495b9782b882f6f991ee,3
images/0f8dc2f8302e4eaa9dc4a5cb85fe41df.jpg,masks/0f8dc2f8302e4eaa9dc4a5cb85fe41df.png,0f8dc2f8302e4eaa9dc4a5cb85fe41df,3
images/0851a581ce6a4c809cbfbea8efdce0b5.jpg,masks/0851a581ce6a4c809cbfbea8efdce0b5.png,0851a581ce6a4c809cbfbea8efdce0b5,3
images/0ae9c630ae984932aad40b00cd2745e4.jpg,masks/0ae9c630ae984932aad40b00cd2745e4.png,0ae9c630ae984932aad40b00cd2745e4,3
images/08c553efd9ca424aba0bbe35e79bbe52.jpg,masks/08c553efd9ca424aba0bbe35e79bbe52.png,08c553efd9ca424aba0bbe35e79bbe52,3
images/2cf12de999d94d05be30dc3e62543c22.jpg,masks/2cf12de999d94d05be30dc3e62543c22.png,2cf12de999d94d05be30dc3e62543c22,3
images/37e7bbddf60d4d1d8a076e7278dc2c96.jpg,masks/37e7bbddf60d4d1d8a076e7278dc2c96.png,37e7bbddf60d4d1d8a076e7278dc2c96,3
images/c4202789515c4ecd8e38edab6e476204.jpg,masks/c4202789515c4ecd8e38edab6e476204.png,c4202789515c4ecd8e38edab6e476204,3
images/67a8c90203f1467bb9b9ba0fb572a431.jpg,masks/67a8c90203f1467bb9b9ba0fb572a431.png,67a8c90203f1467bb9b9ba0fb572a431,3
images/3498b9ec5c4b433a81870533a5a29e82.jpg,masks/3498b9ec5c4b433a81870533a5a29e82.png,3498b9ec5c4b433a81870533a5a29e82,3
images/ac4089eff53642ce99ca76a71cce92ce.jpg,masks/ac4089eff53642ce99ca76a71cce92ce.png,ac4089eff53642ce99ca76a71cce92ce,3
images/605b09fc91754e3e9300eef6374be366.jpg,masks/605b09fc91754e3e9300eef6374be366.png,605b09fc91754e3e9300eef6374be366,3
images/90512c150de542a7868ddfda80f33778.jpg,masks/90512c150de542a7868ddfda80f33778.png,90512c150de542a7868ddfda80f33778,3
images/367114b474624ad391437ac594f9f7a1.jpg,masks/367114b474624ad391437ac594f9f7a1.png,367114b474624ad391437ac594f9f7a1,3
images/a13d932eedfd4ce1876d2c24a7ab4b7a.jpg,masks/a13d932eedfd4ce1876d2c24a7ab4b7a.png,a13d932eedfd4ce1876d2c24a7ab4b7a,3
images/cd3981aace0942048e1470eedc335fe0.jpg,masks/cd3981aace0942048e1470eedc335fe0.png,cd3981aace0942048e1470eedc335fe0,3
images/d587fad7734a41e28fb20f2158b9bb19.jpg,masks/d587fad7734a41e28fb20f2158b9bb19.png,d587fad7734a41e28fb20f2158b9bb19,3
images/adeb415189334b9c98f39fcbb9f45eb5.jpg,masks/adeb415189334b9c98f39fcbb9f45eb5.png,adeb415189334b9c98f39fcbb9f45eb5,3
images/ad6c3c0a81364d7699b0bad769771809.jpg,masks/ad6c3c0a81364d7699b0bad769771809.png,ad6c3c0a81364d7699b0bad769771809,3
images/ccbc6f4e697c46ea9fc3d23df88e4810.jpg,masks/ccbc6f4e697c46ea9fc3d23df88e4810.png,ccbc6f4e697c46ea9fc3d23df88e4810,3
images/f68575cc90394f98a888f66bf93fdf93.jpg,masks/f68575cc90394f98a888f66bf93fdf93.png,f68575cc90394f98a888f66bf93fdf93,3
images/d65a70f56e4e4c50b2f33ec913fd2619.jpg,masks/d65a70f56e4e4c50b2f33ec913fd2619.png,d65a70f56e4e4c50b2f33ec913fd2619,3
images/df946057eceb4b4fb920cf728fb06f97.jpg,masks/df946057eceb4b4fb920cf728fb06f97.png,df946057eceb4b4fb920cf728fb06f97,3
images/eda3ee12c8a24ae0b998054ff7ea62e4.jpg,masks/eda3ee12c8a24ae0b998054ff7ea62e4.png,eda3ee12c8a24ae0b998054ff7ea62e4,3
images/45c4ba602a3c40539630e4361e126dad.jpg,masks/45c4ba602a3c40539630e4361e126dad.png,45c4ba602a3c40539630e4361e126dad,3
images/90c0031f45fe4849ace5e622cd0028dc.jpg,masks/90c0031f45fe4849ace5e622cd0028dc.png,90c0031f45fe4849ace5e622cd0028dc,3
images/69aa157dada94e7c97376d848c09e1a8.jpg,masks/69aa157dada94e7c97376d848c09e1a8.png,69aa157dada94e7c97376d848c09e1a8,3
images/55ed75899a63429aa8bcbb29d6609f20.jpg,masks/55ed75899a63429aa8bcbb29d6609f20.png,55ed75899a63429aa8bcbb29d6609f20,3
images/fffb18909bc54ae690acd92a67043067.jpg,masks/fffb18909bc54ae690acd92a67043067.png,fffb18909bc54ae690acd92a67043067,3
images/47cb962da87942da8390472f0a2661f1.jpg,masks/47cb962da87942da8390472f0a2661f1.png,47cb962da87942da8390472f0a2661f1,3
images/25cc121ab4ca4f03ad01d911487aa52f.jpg,masks/25cc121ab4ca4f03ad01d911487aa52f.png,25cc121ab4ca4f03ad01d911487aa52f,3
images/4b17067980e448bf807fee59d3ce5883.jpg,masks/4b17067980e448bf807fee59d3ce5883.png,4b17067980e448bf807fee59d3ce5883,3
images/90cab65263d94736b06e178cd426a45b.jpg,masks/90cab65263d94736b06e178cd426a45b.png,90cab65263d94736b06e178cd426a45b,3
images/f460f359fa00452a8e7ce6e471128ef3.jpg,masks/f460f359fa00452a8e7ce6e471128ef3.png,f460f359fa00452a8e7ce6e471128ef3,3
images/f43d7d22dfdd424a82d3feb0202a537d.jpg,masks/f43d7d22dfdd424a82d3feb0202a537d.png,f43d7d22dfdd424a82d3feb0202a537d,3
images/a4b6fde041af48e0a7b4b72924f6d8c7.jpg,masks/a4b6fde041af48e0a7b4b72924f6d8c7.png,a4b6fde041af48e0a7b4b72924f6d8c7,3
images/d7d6b397c6384c71b66bd82f9f10d271.jpg,masks/d7d6b397c6384c71b66bd82f9f10d271.png,d7d6b397c6384c71b66bd82f9f10d271,3
images/0fb1b3d608d34595bdf39749f45e6b64.jpg,masks/0fb1b3d608d34595bdf39749f45e6b64.png,0fb1b3d608d34595bdf39749f45e6b64,3
images/cb9cbfc9ef86467bbe4bb4509cb434b0.jpg,masks/cb9cbfc9ef86467bbe4bb4509cb434b0.png,cb9cbfc9ef86467bbe4bb4509cb434b0,3
images/f10dd7e1923e4d8f902520d98d9acfec.jpg,masks/f10dd7e1923e4d8f902520d98d9acfec.png,f10dd7e1923e4d8f902520d98d9acfec,3
images/0b891f68fa4f4dbd9c79dc352a1a855e.jpg,masks/0b891f68fa4f4dbd9c79dc352a1a855e.png,0b891f68fa4f4dbd9c79dc352a1a855e,3
images/55dbe0bb34924a9cb7237b3161bc03f8.jpg,masks/55dbe0bb34924a9cb7237b3161bc03f8.png,55dbe0bb34924a9cb7237b3161bc03f8,3
images/26777e75551f41baae93b295e5e9981e.jpg,masks/26777e75551f41baae93b295e5e9981e.png,26777e75551f41baae93b295e5e9981e,3
images/508ec937cfac44af98354f34233f65e4.jpg,masks/508ec937cfac44af98354f34233f65e4.png,508ec937cfac44af98354f34233f65e4,3
images/c99caa1d838b4ad5b47347253aa85be3.jpg,masks/c99caa1d838b4ad5b47347253aa85be3.png,c99caa1d838b4ad5b47347253aa85be3,3
images/a1d378b14615446286df734ca9b5cd67.jpg,masks/a1d378b14615446286df734ca9b5cd67.png,a1d378b14615446286df734ca9b5cd67,3
images/9f0d70d38e264d499faafca7d2107140.jpg,masks/9f0d70d38e264d499faafca7d2107140.png,9f0d70d38e264d499faafca7d2107140,3
images/3f1fe75e17934562aa3a63ee5867c3f9.jpg,masks/3f1fe75e17934562aa3a63ee5867c3f9.png,3f1fe75e17934562aa3a63ee5867c3f9,3
images/cd75f42ceaca411ba84be166038dd756.jpg,masks/cd75f42ceaca411ba84be166038dd756.png,cd75f42ceaca411ba84be166038dd756,3
images/ca4e196af5f3466baaeda899608a202f.jpg,masks/ca4e196af5f3466baaeda899608a202f.png,ca4e196af5f3466baaeda899608a202f,3
images/9169f76d8b1541a2863c73cc7368bcdc.jpg,masks/9169f76d8b1541a2863c73cc7368bcdc.png,9169f76d8b1541a2863c73cc7368bcdc,3
images/2b3ab19740dd4ec79f6f4ce3b1645bbd.jpg,masks/2b3ab19740dd4ec79f6f4ce3b1645bbd.png,2b3ab19740dd4ec79f6f4ce3b1645bbd,3
images/b6212a318a014717bb93409685ee3660.jpg,masks/b6212a318a014717bb93409685ee3660.png,b6212a318a014717bb93409685ee3660,3
images/7ede56340a694f3cab154a9cb9c99dde.jpg,masks/7ede56340a694f3cab154a9cb9c99dde.png,7ede56340a694f3cab154a9cb9c99dde,3
images/3374b09ded8145bcaeb961954c0842f9.jpg,masks/3374b09ded8145bcaeb961954c0842f9.png,3374b09ded8145bcaeb961954c0842f9,3
images/073b4f30fe004331a16eefc5636245d3.jpg,masks/073b4f30fe004331a16eefc5636245d3.png,073b4f30fe004331a16eefc5636245d3,3
images/d680c9b1c22e44e5a6f528d0dd77d5af.jpg,masks/d680c9b1c22e44e5a6f528d0dd77d5af.png,d680c9b1c22e44e5a6f528d0dd77d5af,3
images/b62530427a9c4b3ba2f5bd22f607d125.jpg,masks/b62530427a9c4b3ba2f5bd22f607d125.png,b62530427a9c4b3ba2f5bd22f607d125,3
images/7caca5f7fd33462d84fb4d52570b4700.jpg,masks/7caca5f7fd33462d84fb4d52570b4700.png,7caca5f7fd33462d84fb4d52570b4700,3
images/535566b817434703b42f5c4fb3eec249.jpg,masks/535566b817434703b42f5c4fb3eec249.png,535566b817434703b42f5c4fb3eec249,3
images/eb0be55a15434a39a8e7f66039266447.jpg,masks/eb0be55a15434a39a8e7f66039266447.png,eb0be55a15434a39a8e7f66039266447,3
images/aed78d110e3b4ff4949f380fd67acd92.jpg,masks/aed78d110e3b4ff4949f380fd67acd92.png,aed78d110e3b4ff4949f380fd67acd92,3
images/a34d058bc47641a1ae9cb5f3b736d862.jpg,masks/a34d058bc47641a1ae9cb5f3b736d862.png,a34d058bc47641a1ae9cb5f3b736d862,3
images/4c18f57b1cfd499096abd86aa8d274c3.jpg,masks/4c18f57b1cfd499096abd86aa8d274c3.png,4c18f57b1cfd499096abd86aa8d274c3,3
images/f5202e0496874878afb6664d399727f0.jpg,masks/f5202e0496874878afb6664d399727f0.png,f5202e0496874878afb6664d399727f0,3
images/6287c3980d0444b5b94b1d6ca5b11040.jpg,masks/6287c3980d0444b5b94b1d6ca5b11040.png,6287c3980d0444b5b94b1d6ca5b11040,3
images/08dc00e7515c40bfa66615a7d3bf1be1.jpg,masks/08dc00e7515c40bfa66615a7d3bf1be1.png,08dc00e7515c40bfa66615a7d3bf1be1,3
images/52aa1a519adc4cff9c83e09b1a744995.jpg,masks/52aa1a519adc4cff9c83e09b1a744995.png,52aa1a519adc4cff9c83e09b1a744995,3
images/0b95b109a902492c83ba1a7b470fa5b5.jpg,masks/0b95b109a902492c83ba1a7b470fa5b5.png,0b95b109a902492c83ba1a7b470fa5b5,3
images/51b2632046c347418848984398e6bf83.jpg,masks/51b2632046c347418848984398e6bf83.png,51b2632046c347418848984398e6bf83,3
images/5a02dd80c1c04e90ba9f94854adc836d.jpg,masks/5a02dd80c1c04e90ba9f94854adc836d.png,5a02dd80c1c04e90ba9f94854adc836d,3
images/2a5efa6c2cc940af9c725783c326720b.jpg,masks/2a5efa6c2cc940af9c725783c326720b.png,2a5efa6c2cc940af9c725783c326720b,3
images/df623ba07820407bbfe91afb0c24661a.jpg,masks/df623ba07820407bbfe91afb0c24661a.png,df623ba07820407bbfe91afb0c24661a,3
images/9fceffb94ea14abca6443a62d50dcb1f.jpg,masks/9fceffb94ea14abca6443a62d50dcb1f.png,9fceffb94ea14abca6443a62d50dcb1f,3
images/787910d045954ec3bc474173fd29ba7f.jpg,masks/787910d045954ec3bc474173fd29ba7f.png,787910d045954ec3bc474173fd29ba7f,3
images/3cfe2f2f1b144a1cb8e0646647810e86.jpg,masks/3cfe2f2f1b144a1cb8e0646647810e86.png,3cfe2f2f1b144a1cb8e0646647810e86,3
images/3fb7eb4b69d547ee9c359743f260b504.jpg,masks/3fb7eb4b69d547ee9c359743f260b504.png,3fb7eb4b69d547ee9c359743f260b504,3
images/cef9abb585754b4d8e4113970079243f.jpg,masks/cef9abb585754b4d8e4113970079243f.png,cef9abb585754b4d8e4113970079243f,3
images/e5b76411bad44dccb1c4528b3beb8af2.jpg,masks/e5b76411bad44dccb1c4528b3beb8af2.png,e5b76411bad44dccb1c4528b3beb8af2,3
images/1928fe9b4423421c95ccede9644e0d8a.jpg,masks/1928fe9b4423421c95ccede9644e0d8a.png,1928fe9b4423421c95ccede9644e0d8a,3
images/c5b74fd09a98409ca9af0b5c8d0007f3.jpg,masks/c5b74fd09a98409ca9af0b5c8d0007f3.png,c5b74fd09a98409ca9af0b5c8d0007f3,3
images/f283f67dc1184bb382b65f6a966617d1.jpg,masks/f283f67dc1184bb382b65f6a966617d1.png,f283f67dc1184bb382b65f6a966617d1,3
images/43fb8c469b9841e89d795282085e7585.jpg,masks/43fb8c469b9841e89d795282085e7585.png,43fb8c469b9841e89d795282085e7585,3
images/e285d8ca09ab4b8fa052a9db36e791e6.jpg,masks/e285d8ca09ab4b8fa052a9db36e791e6.png,e285d8ca09ab4b8fa052a9db36e791e6,3
images/9b84644e0ea34da495d837fbe1a7cac4.jpg,masks/9b84644e0ea34da495d837fbe1a7cac4.png,9b84644e0ea34da495d837fbe1a7cac4,3
images/b3126bc9fedd4f5a93b039144c30e5ef.jpg,masks/b3126bc9fedd4f5a93b039144c30e5ef.png,b3126bc9fedd4f5a93b039144c30e5ef,3
images/fad93bd857f345e2a9e7696ecba03199.jpg,masks/fad93bd857f345e2a9e7696ecba03199.png,fad93bd857f345e2a9e7696ecba03199,3
images/5fa98f36a1644fe1aaef97d3c7ad0780.jpg,masks/5fa98f36a1644fe1aaef97d3c7ad0780.png,5fa98f36a1644fe1aaef97d3c7ad0780,3
images/6e4bf67a625f47c9a02b5c5965c0d801.jpg,masks/6e4bf67a625f47c9a02b5c5965c0d801.png,6e4bf67a625f47c9a02b5c5965c0d801,3
images/12418ca1404e4bfe9badfda65735974e.jpg,masks/12418ca1404e4bfe9badfda65735974e.png,12418ca1404e4bfe9badfda65735974e,3
images/53b8ae470e11424699eb05460bec99a8.jpg,masks/53b8ae470e11424699eb05460bec99a8.png,53b8ae470e11424699eb05460bec99a8,3
images/da81abedcddf4640bb31ed2a8097e51f.jpg,masks/da81abedcddf4640bb31ed2a8097e51f.png,da81abedcddf4640bb31ed2a8097e51f,3
images/9935ef51f7aa41f3b6c8690e4fe3f02c.jpg,masks/9935ef51f7aa41f3b6c8690e4fe3f02c.png,9935ef51f7aa41f3b6c8690e4fe3f02c,3
images/f4c4b726bce6487c9c826bcd2363a702.jpg,masks/f4c4b726bce6487c9c826bcd2363a702.png,f4c4b726bce6487c9c826bcd2363a702,3
images/98c42e50ef364da2bb187436b5a3ae13.jpg,masks/98c42e50ef364da2bb187436b5a3ae13.png,98c42e50ef364da2bb187436b5a3ae13,3
images/2494793b9a45444f9e6175bcf7cff0b6.jpg,masks/2494793b9a45444f9e6175bcf7cff0b6.png,2494793b9a45444f9e6175bcf7cff0b6,3
images/04dd6418b2e244cbbbb7df797bae4459.jpg,masks/04dd6418b2e244cbbbb7df797bae4459.png,04dd6418b2e244cbbbb7df797bae4459,3
images/e474c13a99094b05bc0cda53b76dec58.jpg,masks/e474c13a99094b05bc0cda53b76dec58.png,e474c13a99094b05bc0cda53b76dec58,3
images/19b80e9a20534516a1ba6152bd26ca8d.jpg,masks/19b80e9a20534516a1ba6152bd26ca8d.png,19b80e9a20534516a1ba6152bd26ca8d,3
images/a2a6952b7d3b4969ad602656baf031f2.jpg,masks/a2a6952b7d3b4969ad602656baf031f2.png,a2a6952b7d3b4969ad602656baf031f2,3
images/919fe07befd4455fa39d481befc7191f.jpg,masks/919fe07befd4455fa39d481befc7191f.png,919fe07befd4455fa39d481befc7191f,3
images/6cefc311b6034c6daa560b015207c28e.jpg,masks/6cefc311b6034c6daa560b015207c28e.png,6cefc311b6034c6daa560b015207c28e,3
images/fa5e916128c944f980cc596cf37657fa.jpg,masks/fa5e916128c944f980cc596cf37657fa.png,fa5e916128c944f980cc596cf37657fa,3
images/7216d30d83b24c818a2a9c0a1507e256.jpg,masks/7216d30d83b24c818a2a9c0a1507e256.png,7216d30d83b24c818a2a9c0a1507e256,3
images/6684b68f295341628259be9d80bc60bd.jpg,masks/6684b68f295341628259be9d80bc60bd.png,6684b68f295341628259be9d80bc60bd,3
images/04a3b017311b48b58c88cf01af40ed7d.jpg,masks/04a3b017311b48b58c88cf01af40ed7d.png,04a3b017311b48b58c88cf01af40ed7d,3
images/641b7e6549004695b4f864632ecf5262.jpg,masks/641b7e6549004695b4f864632ecf5262.png,641b7e6549004695b4f864632ecf5262,3
images/c6a10d1999754f8fa60bf96cef29a419.jpg,masks/c6a10d1999754f8fa60bf96cef29a419.png,c6a10d1999754f8fa60bf96cef29a419,3
images/931a6b81395a40f2adf0290b31128b22.jpg,masks/931a6b81395a40f2adf0290b31128b22.png,931a6b81395a40f2adf0290b31128b22,3
images/a73f2908a128415ebc65fbc522a4404f.jpg,masks/a73f2908a128415ebc65fbc522a4404f.png,a73f2908a128415ebc65fbc522a4404f,3
images/31f92a5ce5354be9a9aacd3619a049b5.jpg,masks/31f92a5ce5354be9a9aacd3619a049b5.png,31f92a5ce5354be9a9aacd3619a049b5,3
images/ffc314df4cd84106a8e072608d4ad79d.jpg,masks/ffc314df4cd84106a8e072608d4ad79d.png,ffc314df4cd84106a8e072608d4ad79d,3
images/95b8f088bf5a4b3f88c0ad2e47b98e45.jpg,masks/95b8f088bf5a4b3f88c0ad2e47b98e45.png,95b8f088bf5a4b3f88c0ad2e47b98e45,3
images/7f2dbbe999c44ab38e9fcdd195892f0e.jpg,masks/7f2dbbe999c44ab38e9fcdd195892f0e.png,7f2dbbe999c44ab38e9fcdd195892f0e,3
images/8d2de0794e094445bc29b2e6e31b2aa5.jpg,masks/8d2de0794e094445bc29b2e6e31b2aa5.png,8d2de0794e094445bc29b2e6e31b2aa5,3
images/90bfcea2fe01457d85f2b2eeef2d9fe4.jpg,masks/90bfcea2fe01457d85f2b2eeef2d9fe4.png,90bfcea2fe01457d85f2b2eeef2d9fe4,3
images/620555e6d68c473bb6d1cbfd6fef4b75.jpg,masks/620555e6d68c473bb6d1cbfd6fef4b75.png,620555e6d68c473bb6d1cbfd6fef4b75,3
images/f0050615359d469ba903bf7ef7c55715.jpg,masks/f0050615359d469ba903bf7ef7c55715.png,f0050615359d469ba903bf7ef7c55715,3
images/955d0aadc1644265b38dfe58cc2afdd2.jpg,masks/955d0aadc1644265b38dfe58cc2afdd2.png,955d0aadc1644265b38dfe58cc2afdd2,3
images/451a6c534a254bfbad005b7c52b4b1f3.jpg,masks/451a6c534a254bfbad005b7c52b4b1f3.png,451a6c534a254bfbad005b7c52b4b1f3,3
images/5f41dcf95779474598cf3eaceeca2bd2.jpg,masks/5f41dcf95779474598cf3eaceeca2bd2.png,5f41dcf95779474598cf3eaceeca2bd2,3
images/6d9047a0498641c9bf07fc87cae3df12.jpg,masks/6d9047a0498641c9bf07fc87cae3df12.png,6d9047a0498641c9bf07fc87cae3df12,3
images/25ce0c89e3c643faa73412ecac394be9.jpg,masks/25ce0c89e3c643faa73412ecac394be9.png,25ce0c89e3c643faa73412ecac394be9,3
images/82aa80881bc647579a483e50c512f1c2.jpg,masks/82aa80881bc647579a483e50c512f1c2.png,82aa80881bc647579a483e50c512f1c2,3
images/5cf8998c08ed4bf29a335e7c4c9ebc4a.jpg,masks/5cf8998c08ed4bf29a335e7c4c9ebc4a.png,5cf8998c08ed4bf29a335e7c4c9ebc4a,3
images/6eea8227d1dc477f8b436e313748abac.jpg,masks/6eea8227d1dc477f8b436e313748abac.png,6eea8227d1dc477f8b436e313748abac,3
images/73a43157be1c490dac519228d7960ceb.jpg,masks/73a43157be1c490dac519228d7960ceb.png,73a43157be1c490dac519228d7960ceb,3
images/f0836bfd9bde4f888fa2cc049509c8e4.jpg,masks/f0836bfd9bde4f888fa2cc049509c8e4.png,f0836bfd9bde4f888fa2cc049509c8e4,3
images/76892c15920f44ce932621343d1a8225.jpg,masks/76892c15920f44ce932621343d1a8225.png,76892c15920f44ce932621343d1a8225,3
images/77369b72807047a5979359631cf63769.jpg,masks/77369b72807047a5979359631cf63769.png,77369b72807047a5979359631cf63769,3
images/3b5425297d614857af2244cf3f4c82c8.jpg,masks/3b5425297d614857af2244cf3f4c82c8.png,3b5425297d614857af2244cf3f4c82c8,3
images/2da928ed7a76493e8282a1ad63b5e305.jpg,masks/2da928ed7a76493e8282a1ad63b5e305.png,2da928ed7a76493e8282a1ad63b5e305,3
images/d558aa664ff3410db9dcaf2b0d98d129.jpg,masks/d558aa664ff3410db9dcaf2b0d98d129.png,d558aa664ff3410db9dcaf2b0d98d129,3
images/be90206d54144087a0472127117b094a.jpg,masks/be90206d54144087a0472127117b094a.png,be90206d54144087a0472127117b094a,3
images/777d4613ea544c379a447e755a233c41.jpg,masks/777d4613ea544c379a447e755a233c41.png,777d4613ea544c379a447e755a233c41,3
images/fad8e639e85d4f78bf4e38b5b9d4fd22.jpg,masks/fad8e639e85d4f78bf4e38b5b9d4fd22.png,fad8e639e85d4f78bf4e38b5b9d4fd22,3
images/40517227b0ed4970a2ecc1970937030c.jpg,masks/40517227b0ed4970a2ecc1970937030c.png,40517227b0ed4970a2ecc1970937030c,3
images/5b2c954d0b444d918d57435c8cc996d5.jpg,masks/5b2c954d0b444d918d57435c8cc996d5.png,5b2c954d0b444d918d57435c8cc996d5,3
images/387a947b1d6644faa94ad5a2c8680e8b.jpg,masks/387a947b1d6644faa94ad5a2c8680e8b.png,387a947b1d6644faa94ad5a2c8680e8b,3
images/55b12361728e4fdb97546741fca7bfc1.jpg,masks/55b12361728e4fdb97546741fca7bfc1.png,55b12361728e4fdb97546741fca7bfc1,3
images/fa257318f80e4f088cb57a8f00124fda.jpg,masks/fa257318f80e4f088cb57a8f00124fda.png,fa257318f80e4f088cb57a8f00124fda,3
images/09c500a1cf114abea3bdb2198c7ca4b7.jpg,masks/09c500a1cf114abea3bdb2198c7ca4b7.png,09c500a1cf114abea3bdb2198c7ca4b7,3
images/05117d65415b41d693959900de5cf93f.jpg,masks/05117d65415b41d693959900de5cf93f.png,05117d65415b41d693959900de5cf93f,3
images/23f4aa714694417687d048047819bedb.jpg,masks/23f4aa714694417687d048047819bedb.png,23f4aa714694417687d048047819bedb,3
images/4d33fa15770b4f9187b6a3140171847e.jpg,masks/4d33fa15770b4f9187b6a3140171847e.png,4d33fa15770b4f9187b6a3140171847e,3
images/de69795148e24a2c820a47e10e771860.jpg,masks/de69795148e24a2c820a47e10e771860.png,de69795148e24a2c820a47e10e771860,3
images/482fe04837214f54b58305d85b28e081.jpg,masks/482fe04837214f54b58305d85b28e081.png,482fe04837214f54b58305d85b28e081,3
images/61bdf8f43f714beab2bd6222bebb207b.jpg,masks/61bdf8f43f714beab2bd6222bebb207b.png,61bdf8f43f714beab2bd6222bebb207b,3
images/d2fecca703b04e21ad6f38e6ce2d9fef.jpg,masks/d2fecca703b04e21ad6f38e6ce2d9fef.png,d2fecca703b04e21ad6f38e6ce2d9fef,3
images/3e57f75f8d9d4e2ab85486a204d7c8d5.jpg,masks/3e57f75f8d9d4e2ab85486a204d7c8d5.png,3e57f75f8d9d4e2ab85486a204d7c8d5,3
images/465a0fb218094a6fb9e82fd2ddeca9fc.jpg,masks/465a0fb218094a6fb9e82fd2ddeca9fc.png,465a0fb218094a6fb9e82fd2ddeca9fc,3
images/688d8a0a9f924222b60029e57f7839cb.jpg,masks/688d8a0a9f924222b60029e57f7839cb.png,688d8a0a9f924222b60029e57f7839cb,3
images/29f2159393f342338c6551bcab2f5ab0.jpg,masks/29f2159393f342338c6551bcab2f5ab0.png,29f2159393f342338c6551bcab2f5ab0,3
images/7513b41495534c19be346bd17539719b.jpg,masks/7513b41495534c19be346bd17539719b.png,7513b41495534c19be346bd17539719b,3
images/ee0ddff8b17243199f243c8ea899118e.jpg,masks/ee0ddff8b17243199f243c8ea899118e.png,ee0ddff8b17243199f243c8ea899118e,3
images/dd0219b7701246948f3b4864c8ffe40b.jpg,masks/dd0219b7701246948f3b4864c8ffe40b.png,dd0219b7701246948f3b4864c8ffe40b,3
images/8fcb2c51305c4b609e6df21d0e6c707b.jpg,masks/8fcb2c51305c4b609e6df21d0e6c707b.png,8fcb2c51305c4b609e6df21d0e6c707b,3
images/7363dcfaa3434745810f5e9324faf5f2.jpg,masks/7363dcfaa3434745810f5e9324faf5f2.png,7363dcfaa3434745810f5e9324faf5f2,3
images/13180aba2ff2436ca764400d55c3d983.jpg,masks/13180aba2ff2436ca764400d55c3d983.png,13180aba2ff2436ca764400d55c3d983,3
images/90d82fa7c5764e31bfff242d17076e07.jpg,masks/90d82fa7c5764e31bfff242d17076e07.png,90d82fa7c5764e31bfff242d17076e07,3
images/0af0b6b7e7eb4ecd8e0d343bbb6504bb.jpg,masks/0af0b6b7e7eb4ecd8e0d343bbb6504bb.png,0af0b6b7e7eb4ecd8e0d343bbb6504bb,3
images/a75b789f719544508fbbf1b3db0aaeee.jpg,masks/a75b789f719544508fbbf1b3db0aaeee.png,a75b789f719544508fbbf1b3db0aaeee,3
images/d287a488e64f45e095e6d3f2a1a39463.jpg,masks/d287a488e64f45e095e6d3f2a1a39463.png,d287a488e64f45e095e6d3f2a1a39463,3
images/7540e9cdfc654e1391558f5125e9a6e5.jpg,masks/7540e9cdfc654e1391558f5125e9a6e5.png,7540e9cdfc654e1391558f5125e9a6e5,3
images/f24c43df9e9c415b9c167ff3fff63e75.jpg,masks/f24c43df9e9c415b9c167ff3fff63e75.png,f24c43df9e9c415b9c167ff3fff63e75,3
images/27122fb5bf184d308e9631ae839ed4d6.jpg,masks/27122fb5bf184d308e9631ae839ed4d6.png,27122fb5bf184d308e9631ae839ed4d6,3
images/d4a64b5231df4f7cae2d66005d49102b.jpg,masks/d4a64b5231df4f7cae2d66005d49102b.png,d4a64b5231df4f7cae2d66005d49102b,3
images/b14340b04d754586901a19f1471c5f01.jpg,masks/b14340b04d754586901a19f1471c5f01.png,b14340b04d754586901a19f1471c5f01,3
images/9db46151f8214d009acb537c208eaae2.jpg,masks/9db46151f8214d009acb537c208eaae2.png,9db46151f8214d009acb537c208eaae2,3
images/455034aa1e834f509f6082ff77142010.jpg,masks/455034aa1e834f509f6082ff77142010.png,455034aa1e834f509f6082ff77142010,3
images/fb431b68a5d54b2fb4703ac8ab57838f.jpg,masks/fb431b68a5d54b2fb4703ac8ab57838f.png,fb431b68a5d54b2fb4703ac8ab57838f,3
images/ec0ad5b77a7a4fbe8d112c5b12cc8a1b.jpg,masks/ec0ad5b77a7a4fbe8d112c5b12cc8a1b.png,ec0ad5b77a7a4fbe8d112c5b12cc8a1b,3
images/f2a802b200cc48e29169ff963cab3781.jpg,masks/f2a802b200cc48e29169ff963cab3781.png,f2a802b200cc48e29169ff963cab3781,3
images/321a066bc81241c2b2d675fba098f1ab.jpg,masks/321a066bc81241c2b2d675fba098f1ab.png,321a066bc81241c2b2d675fba098f1ab,3
images/55b504ef2a3243b29cddf9327522dbb1.jpg,masks/55b504ef2a3243b29cddf9327522dbb1.png,55b504ef2a3243b29cddf9327522dbb1,3
images/20ef20228b3142db97673bcb03f5980f.jpg,masks/20ef20228b3142db97673bcb03f5980f.png,20ef20228b3142db97673bcb03f5980f,3
images/a08e8191f0a44372b716e30b9f2a4890.jpg,masks/a08e8191f0a44372b716e30b9f2a4890.png,a08e8191f0a44372b716e30b9f2a4890,3
images/631abdd5ce0b493694cc2cdb7e3b29ba.jpg,masks/631abdd5ce0b493694cc2cdb7e3b29ba.png,631abdd5ce0b493694cc2cdb7e3b29ba,3
images/676aac693fb94f33b17acda579e58c9d.jpg,masks/676aac693fb94f33b17acda579e58c9d.png,676aac693fb94f33b17acda579e58c9d,3
images/fab95709684f4647807bb961ef21d745.jpg,masks/fab95709684f4647807bb961ef21d745.png,fab95709684f4647807bb961ef21d745,3
images/da87fa3ba0f945b3a526ad52bbaae5a8.jpg,masks/da87fa3ba0f945b3a526ad52bbaae5a8.png,da87fa3ba0f945b3a526ad52bbaae5a8,3
images/941721d63b404bb99044bdb0f3048b2c.jpg,masks/941721d63b404bb99044bdb0f3048b2c.png,941721d63b404bb99044bdb0f3048b2c,3
images/a4fb8338be384c0281fbe8cd1e411e2c.jpg,masks/a4fb8338be384c0281fbe8cd1e411e2c.png,a4fb8338be384c0281fbe8cd1e411e2c,3
images/46f85aabf30d411483de4806cdcdd08a.jpg,masks/46f85aabf30d411483de4806cdcdd08a.png,46f85aabf30d411483de4806cdcdd08a,3
images/c8885933264542d0a5bed972c1576a0b.jpg,masks/c8885933264542d0a5bed972c1576a0b.png,c8885933264542d0a5bed972c1576a0b,3
images/b8e1ae6030c844cda769f28f770856f3.jpg,masks/b8e1ae6030c844cda769f28f770856f3.png,b8e1ae6030c844cda769f28f770856f3,3
images/ba2e0dca7e034d1a8d7b8ac24a5d35ef.jpg,masks/ba2e0dca7e034d1a8d7b8ac24a5d35ef.png,ba2e0dca7e034d1a8d7b8ac24a5d35ef,3
images/9d0f4dca4dd94b81b39a9ac45a5d3d02.jpg,masks/9d0f4dca4dd94b81b39a9ac45a5d3d02.png,9d0f4dca4dd94b81b39a9ac45a5d3d02,3
images/10139affb7164d01b17b3509a63a176a.jpg,masks/10139affb7164d01b17b3509a63a176a.png,10139affb7164d01b17b3509a63a176a,3
images/deb86c0dcdf645bc8085138179e1b627.jpg,masks/deb86c0dcdf645bc8085138179e1b627.png,deb86c0dcdf645bc8085138179e1b627,3
images/6da502e7c9914a329be9d815704bbb6a.jpg,masks/6da502e7c9914a329be9d815704bbb6a.png,6da502e7c9914a329be9d815704bbb6a,3
images/b25bfa043d96440ca5087ec59aabd042.jpg,masks/b25bfa043d96440ca5087ec59aabd042.png,b25bfa043d96440ca5087ec59aabd042,3
images/fa2eb2fb98a044909e613df5465b38c8.jpg,masks/fa2eb2fb98a044909e613df5465b38c8.png,fa2eb2fb98a044909e613df5465b38c8,3
images/e3138bb6767c4129b8ed93ce017cc5d9.jpg,masks/e3138bb6767c4129b8ed93ce017cc5d9.png,e3138bb6767c4129b8ed93ce017cc5d9,3
images/a1725a8edb5446ec8f4abd8fe5e9f654.jpg,masks/a1725a8edb5446ec8f4abd8fe5e9f654.png,a1725a8edb5446ec8f4abd8fe5e9f654,3
images/f16b3772bdba4c6d91e6f822b283528d.jpg,masks/f16b3772bdba4c6d91e6f822b283528d.png,f16b3772bdba4c6d91e6f822b283528d,3
images/35ea4ff9add94caf8509f5eb3c8da8e0.jpg,masks/35ea4ff9add94caf8509f5eb3c8da8e0.png,35ea4ff9add94caf8509f5eb3c8da8e0,3
images/a9e7755683054152b73a21c37e2ba43d.jpg,masks/a9e7755683054152b73a21c37e2ba43d.png,a9e7755683054152b73a21c37e2ba43d,3
images/2e37056abea14bc0872f23c1d0b312b7.jpg,masks/2e37056abea14bc0872f23c1d0b312b7.png,2e37056abea14bc0872f23c1d0b312b7,3
images/3e6f2d97474f4861a4f3cf147995100a.jpg,masks/3e6f2d97474f4861a4f3cf147995100a.png,3e6f2d97474f4861a4f3cf147995100a,3
images/20f568cfcf554528a1cedb7590baf8e8.jpg,masks/20f568cfcf554528a1cedb7590baf8e8.png,20f568cfcf554528a1cedb7590baf8e8,3
images/77291ba01ca04c67951813be9d2a0082.jpg,masks/77291ba01ca04c67951813be9d2a0082.png,77291ba01ca04c67951813be9d2a0082,3
images/00990a9676434e83800749dd727d14ef.jpg,masks/00990a9676434e83800749dd727d14ef.png,00990a9676434e83800749dd727d14ef,3
images/c964691b17d14bf284ac295e77b2a8fd.jpg,masks/c964691b17d14bf284ac295e77b2a8fd.png,c964691b17d14bf284ac295e77b2a8fd,3
images/a834a359d5184734aa762c3c41e40155.jpg,masks/a834a359d5184734aa762c3c41e40155.png,a834a359d5184734aa762c3c41e40155,3
images/f752dcd7f9634e65a0fc00c9fca45824.jpg,masks/f752dcd7f9634e65a0fc00c9fca45824.png,f752dcd7f9634e65a0fc00c9fca45824,3
images/76071c9010414f70aa1735479298e2de.jpg,masks/76071c9010414f70aa1735479298e2de.png,76071c9010414f70aa1735479298e2de,3
images/0516838c873848bf8535d8008ac2f79a.jpg,masks/0516838c873848bf8535d8008ac2f79a.png,0516838c873848bf8535d8008ac2f79a,3
images/1b3461ec31aa4bf3bf1f0134d02a9009.jpg,masks/1b3461ec31aa4bf3bf1f0134d02a9009.png,1b3461ec31aa4bf3bf1f0134d02a9009,3
images/80878b3cf3a44f2491b8ab2a6164bb7f.jpg,masks/80878b3cf3a44f2491b8ab2a6164bb7f.png,80878b3cf3a44f2491b8ab2a6164bb7f,3
images/4e33b58fdbe44b83824879a4f5ab4ecc.jpg,masks/4e33b58fdbe44b83824879a4f5ab4ecc.png,4e33b58fdbe44b83824879a4f5ab4ecc,3
images/3b9fc8287d5d419d9a178d1ef4a27ec5.jpg,masks/3b9fc8287d5d419d9a178d1ef4a27ec5.png,3b9fc8287d5d419d9a178d1ef4a27ec5,3
images/34351d07fb7449be93d221ef2e03fdec.jpg,masks/34351d07fb7449be93d221ef2e03fdec.png,34351d07fb7449be93d221ef2e03fdec,3
images/b1efc666a1c74391b14ea5fb5b071622.jpg,masks/b1efc666a1c74391b14ea5fb5b071622.png,b1efc666a1c74391b14ea5fb5b071622,3
images/cae6a44f339c4195859aa7cf7c323e92.jpg,masks/cae6a44f339c4195859aa7cf7c323e92.png,cae6a44f339c4195859aa7cf7c323e92,3
images/c6cabaed4b6746acbfd70b4ddb2a432f.jpg,masks/c6cabaed4b6746acbfd70b4ddb2a432f.png,c6cabaed4b6746acbfd70b4ddb2a432f,3
images/e7310af02e974a03b5c207a3301f085a.jpg,masks/e7310af02e974a03b5c207a3301f085a.png,e7310af02e974a03b5c207a3301f085a,3
images/14f6f1fa179d47f49dfde475ec72c317.jpg,masks/14f6f1fa179d47f49dfde475ec72c317.png,14f6f1fa179d47f49dfde475ec72c317,3
images/ba832bdbf8d74436a0f34a4cc3e40ceb.jpg,masks/ba832bdbf8d74436a0f34a4cc3e40ceb.png,ba832bdbf8d74436a0f34a4cc3e40ceb,3
images/3adab4cf3c2b4fd1bd315543620c134d.jpg,masks/3adab4cf3c2b4fd1bd315543620c134d.png,3adab4cf3c2b4fd1bd315543620c134d,3
images/2ff5bcc29c164181a1fd15d36cd4d809.jpg,masks/2ff5bcc29c164181a1fd15d36cd4d809.png,2ff5bcc29c164181a1fd15d36cd4d809,3
images/a28a2112706a4c90a53cbd6b441a2ec3.jpg,masks/a28a2112706a4c90a53cbd6b441a2ec3.png,a28a2112706a4c90a53cbd6b441a2ec3,3
images/19468d7142fe4ea496fb09cb065e8b0a.jpg,masks/19468d7142fe4ea496fb09cb065e8b0a.png,19468d7142fe4ea496fb09cb065e8b0a,3
images/111db89c7e9e457f8eb388697b329c72.jpg,masks/111db89c7e9e457f8eb388697b329c72.png,111db89c7e9e457f8eb388697b329c72,3
images/cd6ee03a8744496e8f31e12b7ec99ce6.jpg,masks/cd6ee03a8744496e8f31e12b7ec99ce6.png,cd6ee03a8744496e8f31e12b7ec99ce6,3
images/5a80d8996c4f43169c53fbec6aae39f6.jpg,masks/5a80d8996c4f43169c53fbec6aae39f6.png,5a80d8996c4f43169c53fbec6aae39f6,3
images/0748306400b64488a3c33530e17c81dd.jpg,masks/0748306400b64488a3c33530e17c81dd.png,0748306400b64488a3c33530e17c81dd,3
images/dfeb17e5e6be45feac1572748e430ac9.jpg,masks/dfeb17e5e6be45feac1572748e430ac9.png,dfeb17e5e6be45feac1572748e430ac9,3
images/180f81728c844902a6dd3897430ad85a.jpg,masks/180f81728c844902a6dd3897430ad85a.png,180f81728c844902a6dd3897430ad85a,3
images/1fe18df8f7ed4ac188fd19ed36b4443b.jpg,masks/1fe18df8f7ed4ac188fd19ed36b4443b.png,1fe18df8f7ed4ac188fd19ed36b4443b,3
images/a534a94f91f145eabae38a9b969e716c.jpg,masks/a534a94f91f145eabae38a9b969e716c.png,a534a94f91f145eabae38a9b969e716c,3
images/b50e21e2790c4013a21fe06629433a01.jpg,masks/b50e21e2790c4013a21fe06629433a01.png,b50e21e2790c4013a21fe06629433a01,3
images/b2dfe06216e741dda557e5c080fe2659.jpg,masks/b2dfe06216e741dda557e5c080fe2659.png,b2dfe06216e741dda557e5c080fe2659,3
images/2c0b2cc93eaf49cdbbe976ac369a7b4a.jpg,masks/2c0b2cc93eaf49cdbbe976ac369a7b4a.png,2c0b2cc93eaf49cdbbe976ac369a7b4a,3
images/024f3583ec7d4a9b8dd7dcc59fd04b41.jpg,masks/024f3583ec7d4a9b8dd7dcc59fd04b41.png,024f3583ec7d4a9b8dd7dcc59fd04b41,3
images/3112c0c1dc8b4bdb8752c5b9f154f577.jpg,masks/3112c0c1dc8b4bdb8752c5b9f154f577.png,3112c0c1dc8b4bdb8752c5b9f154f577,3
images/452ef1e3b2794a918e25887f646e3298.jpg,masks/452ef1e3b2794a918e25887f646e3298.png,452ef1e3b2794a918e25887f646e3298,3
images/067616dba473488c91e91aac4c33e7aa.jpg,masks/067616dba473488c91e91aac4c33e7aa.png,067616dba473488c91e91aac4c33e7aa,3
images/c96b4933f8f34577b41477f335cee57f.jpg,masks/c96b4933f8f34577b41477f335cee57f.png,c96b4933f8f34577b41477f335cee57f,3
images/e7feaa19b9f244a99d0156798fe66c36.jpg,masks/e7feaa19b9f244a99d0156798fe66c36.png,e7feaa19b9f244a99d0156798fe66c36,3
images/bf0dc897340f4d34839ba9fa99d74a99.jpg,masks/bf0dc897340f4d34839ba9fa99d74a99.png,bf0dc897340f4d34839ba9fa99d74a99,3
images/a66f04c111a747f193b03a7c742562a2.jpg,masks/a66f04c111a747f193b03a7c742562a2.png,a66f04c111a747f193b03a7c742562a2,3
images/420141a3cdde45f093dfa5a1d0d8a64b.jpg,masks/420141a3cdde45f093dfa5a1d0d8a64b.png,420141a3cdde45f093dfa5a1d0d8a64b,3
images/6589976b74304606ae70e150b80742e4.jpg,masks/6589976b74304606ae70e150b80742e4.png,6589976b74304606ae70e150b80742e4,3
images/adf80c12113542bcaa3bd5811969ea61.jpg,masks/adf80c12113542bcaa3bd5811969ea61.png,adf80c12113542bcaa3bd5811969ea61,3
images/3886b8db909c40b281bbb86ba5ac81cb.jpg,masks/3886b8db909c40b281bbb86ba5ac81cb.png,3886b8db909c40b281bbb86ba5ac81cb,3
images/137a3c0cc8ad4d69bbb17df603df9769.jpg,masks/137a3c0cc8ad4d69bbb17df603df9769.png,137a3c0cc8ad4d69bbb17df603df9769,3
images/2e4865741dff41ef9b41ff723d988a03.jpg,masks/2e4865741dff41ef9b41ff723d988a03.png,2e4865741dff41ef9b41ff723d988a03,3
images/bad08411ca4f4c4498544e7c061b2719.jpg,masks/bad08411ca4f4c4498544e7c061b2719.png,bad08411ca4f4c4498544e7c061b2719,3
images/ffbdc5e43c5948b7a57463ffd48b26a0.jpg,masks/ffbdc5e43c5948b7a57463ffd48b26a0.png,ffbdc5e43c5948b7a57463ffd48b26a0,3
images/03c6cc4001fe4d1e8e5cf08970a21e07.jpg,masks/03c6cc4001fe4d1e8e5cf08970a21e07.png,03c6cc4001fe4d1e8e5cf08970a21e07,3
images/1c11824c9cb446f8bb9d225a155fa29f.jpg,masks/1c11824c9cb446f8bb9d225a155fa29f.png,1c11824c9cb446f8bb9d225a155fa29f,3
images/274ecc4fd77f4ca7b0743a558118ae5c.jpg,masks/274ecc4fd77f4ca7b0743a558118ae5c.png,274ecc4fd77f4ca7b0743a558118ae5c,3
images/9dc17c9dab4e4836855db309f1747434.jpg,masks/9dc17c9dab4e4836855db309f1747434.png,9dc17c9dab4e4836855db309f1747434,3
images/ba86adbfc5874d08af6c1e997f8d0426.jpg,masks/ba86adbfc5874d08af6c1e997f8d0426.png,ba86adbfc5874d08af6c1e997f8d0426,3
images/ecb9b243a4444993b01a27b0a83d1154.jpg,masks/ecb9b243a4444993b01a27b0a83d1154.png,ecb9b243a4444993b01a27b0a83d1154,3
images/bc836bea9dbb487e930cf4783c51f4d4.jpg,masks/bc836bea9dbb487e930cf4783c51f4d4.png,bc836bea9dbb487e930cf4783c51f4d4,3
images/4927904f913d41f69d7c646f99691a21.jpg,masks/4927904f913d41f69d7c646f99691a21.png,4927904f913d41f69d7c646f99691a21,3
images/da976195ead9405fab7b8bed25510a9d.jpg,masks/da976195ead9405fab7b8bed25510a9d.png,da976195ead9405fab7b8bed25510a9d,3
images/870fafaed9cc4f558b96b3735e1062fb.jpg,masks/870fafaed9cc4f558b96b3735e1062fb.png,870fafaed9cc4f558b96b3735e1062fb,3
images/82955235a45b4bbdac494f2185e4c385.jpg,masks/82955235a45b4bbdac494f2185e4c385.png,82955235a45b4bbdac494f2185e4c385,3
images/036e2b0329c64350b9ddc6af5816ebb0.jpg,masks/036e2b0329c64350b9ddc6af5816ebb0.png,036e2b0329c64350b9ddc6af5816ebb0,3
images/8e6ac5837e0c4719ad5e255b853cfca0.jpg,masks/8e6ac5837e0c4719ad5e255b853cfca0.png,8e6ac5837e0c4719ad5e255b853cfca0,3
images/26e7d0bed0e443f2b7ac5520a9968a24.jpg,masks/26e7d0bed0e443f2b7ac5520a9968a24.png,26e7d0bed0e443f2b7ac5520a9968a24,3
images/05940865eda84a3f8d77a7b7780145ae.jpg,masks/05940865eda84a3f8d77a7b7780145ae.png,05940865eda84a3f8d77a7b7780145ae,3
images/c1f894d0f54247479992becd0aaf326d.jpg,masks/c1f894d0f54247479992becd0aaf326d.png,c1f894d0f54247479992becd0aaf326d,3
images/7cd0ca30a2c842a5a01115de2de640d3.jpg,masks/7cd0ca30a2c842a5a01115de2de640d3.png,7cd0ca30a2c842a5a01115de2de640d3,3
images/c4d76ca3b8a54da482122c0046348687.jpg,masks/c4d76ca3b8a54da482122c0046348687.png,c4d76ca3b8a54da482122c0046348687,3
images/6471638867ae445382e3ef3034abef6f.jpg,masks/6471638867ae445382e3ef3034abef6f.png,6471638867ae445382e3ef3034abef6f,3
images/89cfa7ef9200444a8a5ff373ffa8267e.jpg,masks/89cfa7ef9200444a8a5ff373ffa8267e.png,89cfa7ef9200444a8a5ff373ffa8267e,3
images/18978986c3b04e7481008c80db8520bc.jpg,masks/18978986c3b04e7481008c80db8520bc.png,18978986c3b04e7481008c80db8520bc,3
images/ed853dd429414187bafdb7877b760ffe.jpg,masks/ed853dd429414187bafdb7877b760ffe.png,ed853dd429414187bafdb7877b760ffe,3
images/d9f8e3239b7240068f76702083c9f1ac.jpg,masks/d9f8e3239b7240068f76702083c9f1ac.png,d9f8e3239b7240068f76702083c9f1ac,3
images/247430ce587645728ca858e68549012b.jpg,masks/247430ce587645728ca858e68549012b.png,247430ce587645728ca858e68549012b,3
images/2489f324aa4541cbbe6ebdfa91187b02.jpg,masks/2489f324aa4541cbbe6ebdfa91187b02.png,2489f324aa4541cbbe6ebdfa91187b02,3
images/91b7512f900f453782b77669a90b6a5b.jpg,masks/91b7512f900f453782b77669a90b6a5b.png,91b7512f900f453782b77669a90b6a5b,3
images/cda79f4ba1304bc4aec293fad0937233.jpg,masks/cda79f4ba1304bc4aec293fad0937233.png,cda79f4ba1304bc4aec293fad0937233,3
images/5e85df6178014633ac9f4c4d4f4f1a1d.jpg,masks/5e85df6178014633ac9f4c4d4f4f1a1d.png,5e85df6178014633ac9f4c4d4f4f1a1d,3
images/0bc98c6563cd4b628c41cc60aefa3b8c.jpg,masks/0bc98c6563cd4b628c41cc60aefa3b8c.png,0bc98c6563cd4b628c41cc60aefa3b8c,3
images/d8dcb76a641646688058df334560ace6.jpg,masks/d8dcb76a641646688058df334560ace6.png,d8dcb76a641646688058df334560ace6,3
images/0c71ae257cda44a69ba24f81e94b8274.jpg,masks/0c71ae257cda44a69ba24f81e94b8274.png,0c71ae257cda44a69ba24f81e94b8274,3
images/ef585238883c495fac57f2e24cfacc0a.jpg,masks/ef585238883c495fac57f2e24cfacc0a.png,ef585238883c495fac57f2e24cfacc0a,3
images/9fae4f5232164537952d04064ce3341d.jpg,masks/9fae4f5232164537952d04064ce3341d.png,9fae4f5232164537952d04064ce3341d,3
images/bd5a8b0ff3ce484fa963fed9dc95e593.jpg,masks/bd5a8b0ff3ce484fa963fed9dc95e593.png,bd5a8b0ff3ce484fa963fed9dc95e593,3
images/43e9da374b3047ebb00a1ef1b9c4f891.jpg,masks/43e9da374b3047ebb00a1ef1b9c4f891.png,43e9da374b3047ebb00a1ef1b9c4f891,3
images/d92c3a8ace464a9f92c65f5c5a5677f0.jpg,masks/d92c3a8ace464a9f92c65f5c5a5677f0.png,d92c3a8ace464a9f92c65f5c5a5677f0,3
images/f9e2c8ce29c04451a1f7602fac70e79a.jpg,masks/f9e2c8ce29c04451a1f7602fac70e79a.png,f9e2c8ce29c04451a1f7602fac70e79a,3
images/70ec3327b8d648e682e2e9c027dc8764.jpg,masks/70ec3327b8d648e682e2e9c027dc8764.png,70ec3327b8d648e682e2e9c027dc8764,3
images/cfff5a05a772459c879a5b2465dd4d4e.jpg,masks/cfff5a05a772459c879a5b2465dd4d4e.png,cfff5a05a772459c879a5b2465dd4d4e,3
images/055527320a094347b4cb2818b82c463b.jpg,masks/055527320a094347b4cb2818b82c463b.png,055527320a094347b4cb2818b82c463b,3
images/4ebcdc4d6dcc461b980d38b8f668f1d2.jpg,masks/4ebcdc4d6dcc461b980d38b8f668f1d2.png,4ebcdc4d6dcc461b980d38b8f668f1d2,3
images/1562a5e7562d43088bf2ead668120cfc.jpg,masks/1562a5e7562d43088bf2ead668120cfc.png,1562a5e7562d43088bf2ead668120cfc,3
images/cd0cc599c8d1427c916dca5f3b41ade1.jpg,masks/cd0cc599c8d1427c916dca5f3b41ade1.png,cd0cc599c8d1427c916dca5f3b41ade1,3
images/1c5c439a1a80481f888b9c63d7f9ab6f.jpg,masks/1c5c439a1a80481f888b9c63d7f9ab6f.png,1c5c439a1a80481f888b9c63d7f9ab6f,3
images/c3f895c9e9094cf7bf4a8f828609e562.jpg,masks/c3f895c9e9094cf7bf4a8f828609e562.png,c3f895c9e9094cf7bf4a8f828609e562,3
images/4e0c40ae83b142f0acacdfb56b447ed8.jpg,masks/4e0c40ae83b142f0acacdfb56b447ed8.png,4e0c40ae83b142f0acacdfb56b447ed8,3
images/60664c23097041b0ac37a0e1ca4ee9e6.jpg,masks/60664c23097041b0ac37a0e1ca4ee9e6.png,60664c23097041b0ac37a0e1ca4ee9e6,3
images/aae9a7e0bee6415186bbb04a3e2f13b1.jpg,masks/aae9a7e0bee6415186bbb04a3e2f13b1.png,aae9a7e0bee6415186bbb04a3e2f13b1,3
images/5aeba6cfeab6461a8abd29a51398b251.jpg,masks/5aeba6cfeab6461a8abd29a51398b251.png,5aeba6cfeab6461a8abd29a51398b251,3
images/86d482e97d5b44adbc3639ad34564c89.jpg,masks/86d482e97d5b44adbc3639ad34564c89.png,86d482e97d5b44adbc3639ad34564c89,3
images/6ed05113a1084c59855b187ebe621e1d.jpg,masks/6ed05113a1084c59855b187ebe621e1d.png,6ed05113a1084c59855b187ebe621e1d,3
images/509b8a0cff9f4eb3a978bdb65995086f.jpg,masks/509b8a0cff9f4eb3a978bdb65995086f.png,509b8a0cff9f4eb3a978bdb65995086f,3
images/bd26b20ef8674ce7b9ff72428aaf2f10.jpg,masks/bd26b20ef8674ce7b9ff72428aaf2f10.png,bd26b20ef8674ce7b9ff72428aaf2f10,3
images/0605e337b73846b29e06331619c84e64.jpg,masks/0605e337b73846b29e06331619c84e64.png,0605e337b73846b29e06331619c84e64,3
images/dc4d60a7da8c42e2a43936bb2fc1d90b.jpg,masks/dc4d60a7da8c42e2a43936bb2fc1d90b.png,dc4d60a7da8c42e2a43936bb2fc1d90b,3
images/ce33517b451341178a36a88f3b34da0d.jpg,masks/ce33517b451341178a36a88f3b34da0d.png,ce33517b451341178a36a88f3b34da0d,3
images/6e164cb07ad34a3b87aa48366a6e04da.jpg,masks/6e164cb07ad34a3b87aa48366a6e04da.png,6e164cb07ad34a3b87aa48366a6e04da,3
images/b620c1a1a6894ad183d6ed62c18c9a56.jpg,masks/b620c1a1a6894ad183d6ed62c18c9a56.png,b620c1a1a6894ad183d6ed62c18c9a56,3
images/364e3dcef6a94545a9264b23e333791f.jpg,masks/364e3dcef6a94545a9264b23e333791f.png,364e3dcef6a94545a9264b23e333791f,3
images/31721502c5e5487fa141a9da48b457ec.jpg,masks/31721502c5e5487fa141a9da48b457ec.png,31721502c5e5487fa141a9da48b457ec,3
images/d3418035f3da4ae2be271ee38e8a7592.jpg,masks/d3418035f3da4ae2be271ee38e8a7592.png,d3418035f3da4ae2be271ee38e8a7592,3
images/547da44182664812a1b10431153bed27.jpg,masks/547da44182664812a1b10431153bed27.png,547da44182664812a1b10431153bed27,3
images/ef64df8774524a88adcdf0337979045a.jpg,masks/ef64df8774524a88adcdf0337979045a.png,ef64df8774524a88adcdf0337979045a,3
images/fcb90e2c4b2c43f5a2ef453df5e31490.jpg,masks/fcb90e2c4b2c43f5a2ef453df5e31490.png,fcb90e2c4b2c43f5a2ef453df5e31490,3
images/19981db4439f47d7a5bb896fe1a3f1dd.jpg,masks/19981db4439f47d7a5bb896fe1a3f1dd.png,19981db4439f47d7a5bb896fe1a3f1dd,3
images/57760758d3ea416b8f9d41da99bbaaa7.jpg,masks/57760758d3ea416b8f9d41da99bbaaa7.png,57760758d3ea416b8f9d41da99bbaaa7,3
images/9dc0b98dc678481fa44dbee292f7e4e5.jpg,masks/9dc0b98dc678481fa44dbee292f7e4e5.png,9dc0b98dc678481fa44dbee292f7e4e5,3
images/0d5fd7236a9342a4b1fd303b17777469.jpg,masks/0d5fd7236a9342a4b1fd303b17777469.png,0d5fd7236a9342a4b1fd303b17777469,3
images/3668c13a95b144d4b7bfa4304a251684.jpg,masks/3668c13a95b144d4b7bfa4304a251684.png,3668c13a95b144d4b7bfa4304a251684,3
images/fe48f88585e441d090a87a86a9799259.jpg,masks/fe48f88585e441d090a87a86a9799259.png,fe48f88585e441d090a87a86a9799259,3
images/6c065881c42c4c3ea0837346d186392e.jpg,masks/6c065881c42c4c3ea0837346d186392e.png,6c065881c42c4c3ea0837346d186392e,3
images/4ac714960a3f4ee2922d26a0c812901b.jpg,masks/4ac714960a3f4ee2922d26a0c812901b.png,4ac714960a3f4ee2922d26a0c812901b,3
images/4b34e067850d49efad3711b3acbada41.jpg,masks/4b34e067850d49efad3711b3acbada41.png,4b34e067850d49efad3711b3acbada41,3
images/da623f77fb614a429016204e23df6fb8.jpg,masks/da623f77fb614a429016204e23df6fb8.png,da623f77fb614a429016204e23df6fb8,3
images/152328dfaf9147d3abf138e18ff9d699.jpg,masks/152328dfaf9147d3abf138e18ff9d699.png,152328dfaf9147d3abf138e18ff9d699,3
images/2b019b01a7c04f049f1c1fdbc2be0586.jpg,masks/2b019b01a7c04f049f1c1fdbc2be0586.png,2b019b01a7c04f049f1c1fdbc2be0586,3
images/8e9c68a750d743e784a06961986e6257.jpg,masks/8e9c68a750d743e784a06961986e6257.png,8e9c68a750d743e784a06961986e6257,3
images/cf7659009c354f6fbf201db6e81f247a.jpg,masks/cf7659009c354f6fbf201db6e81f247a.png,cf7659009c354f6fbf201db6e81f247a,3
images/6d24f2caecad4a9787743d871b17b0a9.jpg,masks/6d24f2caecad4a9787743d871b17b0a9.png,6d24f2caecad4a9787743d871b17b0a9,3
images/5374dab5d51844d2bacb41b18337a70d.jpg,masks/5374dab5d51844d2bacb41b18337a70d.png,5374dab5d51844d2bacb41b18337a70d,3
images/2b4773bc93b04416905d44495167b0c2.jpg,masks/2b4773bc93b04416905d44495167b0c2.png,2b4773bc93b04416905d44495167b0c2,3
images/853207f2a0014a9fb274609e7b3176fd.jpg,masks/853207f2a0014a9fb274609e7b3176fd.png,853207f2a0014a9fb274609e7b3176fd,3
images/31b828908f2d4a92bd2ade0b0d9edaa7.jpg,masks/31b828908f2d4a92bd2ade0b0d9edaa7.png,31b828908f2d4a92bd2ade0b0d9edaa7,3
images/c5977ba2aa8746eda9e9cbcb4a943143.jpg,masks/c5977ba2aa8746eda9e9cbcb4a943143.png,c5977ba2aa8746eda9e9cbcb4a943143,3
images/7ed86c617e034c14b8cb854d2d7485a4.jpg,masks/7ed86c617e034c14b8cb854d2d7485a4.png,7ed86c617e034c14b8cb854d2d7485a4,3
images/d7648d41475e46768dd5174e3f7d0d67.jpg,masks/d7648d41475e46768dd5174e3f7d0d67.png,d7648d41475e46768dd5174e3f7d0d67,3
images/5f8da9288a5f4e908806f0fe0c72875e.jpg,masks/5f8da9288a5f4e908806f0fe0c72875e.png,5f8da9288a5f4e908806f0fe0c72875e,3
images/99142685d60a46dab11a4aa6d3a4e3d0.jpg,masks/99142685d60a46dab11a4aa6d3a4e3d0.png,99142685d60a46dab11a4aa6d3a4e3d0,3
images/161763d420af479c85c22174a985f272.jpg,masks/161763d420af479c85c22174a985f272.png,161763d420af479c85c22174a985f272,3
images/81efb1570e3f4a319cc3c9da82671d9c.jpg,masks/81efb1570e3f4a319cc3c9da82671d9c.png,81efb1570e3f4a319cc3c9da82671d9c,3
images/04d6a4759e46422b94e59a42e7100be2.jpg,masks/04d6a4759e46422b94e59a42e7100be2.png,04d6a4759e46422b94e59a42e7100be2,3
images/360017094ac94377bc794526ea0a4ab4.jpg,masks/360017094ac94377bc794526ea0a4ab4.png,360017094ac94377bc794526ea0a4ab4,3
images/6b4049a77cef491e8d770e3ccccfb746.jpg,masks/6b4049a77cef491e8d770e3ccccfb746.png,6b4049a77cef491e8d770e3ccccfb746,3
images/c2394211a6334ab3bc387296adcb07fd.jpg,masks/c2394211a6334ab3bc387296adcb07fd.png,c2394211a6334ab3bc387296adcb07fd,3
images/bccdc5e317904250b9fae5a773aecee2.jpg,masks/bccdc5e317904250b9fae5a773aecee2.png,bccdc5e317904250b9fae5a773aecee2,3
images/729f00d5c178489fb3139182c1b990e4.jpg,masks/729f00d5c178489fb3139182c1b990e4.png,729f00d5c178489fb3139182c1b990e4,3
images/1fb513ccc14745d885ac4f71844ba293.jpg,masks/1fb513ccc14745d885ac4f71844ba293.png,1fb513ccc14745d885ac4f71844ba293,3
images/efaf82ae0fe541418062d35d78902786.jpg,masks/efaf82ae0fe541418062d35d78902786.png,efaf82ae0fe541418062d35d78902786,3
images/518ae8c15f1b48598d4115dd2c2a253f.jpg,masks/518ae8c15f1b48598d4115dd2c2a253f.png,518ae8c15f1b48598d4115dd2c2a253f,3
images/c33864c5b39e48ebbc9d961685e5b58d.jpg,masks/c33864c5b39e48ebbc9d961685e5b58d.png,c33864c5b39e48ebbc9d961685e5b58d,3
images/5a680dd0087c4c78a7a9dd67878921e4.jpg,masks/5a680dd0087c4c78a7a9dd67878921e4.png,5a680dd0087c4c78a7a9dd67878921e4,3
images/167b0eaa061e4309a3926aca1a4c463f.jpg,masks/167b0eaa061e4309a3926aca1a4c463f.png,167b0eaa061e4309a3926aca1a4c463f,3
images/35baf35ee18848178d2054c7954f44af.jpg,masks/35baf35ee18848178d2054c7954f44af.png,35baf35ee18848178d2054c7954f44af,3
images/7a335e7eb7074151947f477184ed3504.jpg,masks/7a335e7eb7074151947f477184ed3504.png,7a335e7eb7074151947f477184ed3504,3
images/a50b41464e0c41ccb2a270c1f7218e55.jpg,masks/a50b41464e0c41ccb2a270c1f7218e55.png,a50b41464e0c41ccb2a270c1f7218e55,3
images/4e336e23d47246ab894bdf66f17d65ea.jpg,masks/4e336e23d47246ab894bdf66f17d65ea.png,4e336e23d47246ab894bdf66f17d65ea,3
images/03de663cecd442b5b5cc9e29c386622c.jpg,masks/03de663cecd442b5b5cc9e29c386622c.png,03de663cecd442b5b5cc9e29c386622c,3
images/2ad80cc427164612bf48236f6aa1a089.jpg,masks/2ad80cc427164612bf48236f6aa1a089.png,2ad80cc427164612bf48236f6aa1a089,3
images/08641450315a43b996ea3e8d02f4b8f5.jpg,masks/08641450315a43b996ea3e8d02f4b8f5.png,08641450315a43b996ea3e8d02f4b8f5,3
images/ade8a886b9fd433698c6508226320446.jpg,masks/ade8a886b9fd433698c6508226320446.png,ade8a886b9fd433698c6508226320446,3
images/ad79acd3f17742a28e57b4fc1677fd14.jpg,masks/ad79acd3f17742a28e57b4fc1677fd14.png,ad79acd3f17742a28e57b4fc1677fd14,3
images/bab0703dbd2c4997bd0e8b69a1450d3b.jpg,masks/bab0703dbd2c4997bd0e8b69a1450d3b.png,bab0703dbd2c4997bd0e8b69a1450d3b,3
images/17beb777897b4d318c69d32fa44b457f.jpg,masks/17beb777897b4d318c69d32fa44b457f.png,17beb777897b4d318c69d32fa44b457f,3
images/f6c82427085f4c3d822e2170fd43d409.jpg,masks/f6c82427085f4c3d822e2170fd43d409.png,f6c82427085f4c3d822e2170fd43d409,3
images/dd528e1e418b43cda3583b7fb422414a.jpg,masks/dd528e1e418b43cda3583b7fb422414a.png,dd528e1e418b43cda3583b7fb422414a,3
images/290d1ce0adf24b1db8e1f3697783de3d.jpg,masks/290d1ce0adf24b1db8e1f3697783de3d.png,290d1ce0adf24b1db8e1f3697783de3d,3
images/ef94cd5f928148ca81cfd2b6b09cfa5d.jpg,masks/ef94cd5f928148ca81cfd2b6b09cfa5d.png,ef94cd5f928148ca81cfd2b6b09cfa5d,3
images/d1ee580705824a9d9f6c966108e62fda.jpg,masks/d1ee580705824a9d9f6c966108e62fda.png,d1ee580705824a9d9f6c966108e62fda,3
images/0966b9b7ecb64e7da7d2ca6d5d804be6.jpg,masks/0966b9b7ecb64e7da7d2ca6d5d804be6.png,0966b9b7ecb64e7da7d2ca6d5d804be6,3
images/a35cc56fb2314ab78618cee76ddd0cf0.jpg,masks/a35cc56fb2314ab78618cee76ddd0cf0.png,a35cc56fb2314ab78618cee76ddd0cf0,3
images/180fdec9d20240d48061a8ec9e545fa7.jpg,masks/180fdec9d20240d48061a8ec9e545fa7.png,180fdec9d20240d48061a8ec9e545fa7,3
images/19172bed28f54e79a83f3a8b7f703b03.jpg,masks/19172bed28f54e79a83f3a8b7f703b03.png,19172bed28f54e79a83f3a8b7f703b03,3
images/89b45f9220914d889b4befeb9ab454c1.jpg,masks/89b45f9220914d889b4befeb9ab454c1.png,89b45f9220914d889b4befeb9ab454c1,3
images/cce493233ec54d959baa05a1358a12a8.jpg,masks/cce493233ec54d959baa05a1358a12a8.png,cce493233ec54d959baa05a1358a12a8,3
images/9b6ed332888f4eabb042b5955c78ac91.jpg,masks/9b6ed332888f4eabb042b5955c78ac91.png,9b6ed332888f4eabb042b5955c78ac91,3
images/eae0c5f9d941436db1d399e3a9a4dced.jpg,masks/eae0c5f9d941436db1d399e3a9a4dced.png,eae0c5f9d941436db1d399e3a9a4dced,3
images/959ff1bfe9374272ba3f0f1835cdc596.jpg,masks/959ff1bfe9374272ba3f0f1835cdc596.png,959ff1bfe9374272ba3f0f1835cdc596,3
images/e4640af3324244389829e6b16e673fcc.jpg,masks/e4640af3324244389829e6b16e673fcc.png,e4640af3324244389829e6b16e673fcc,3
images/8170549a92234376aae632485cd7115d.jpg,masks/8170549a92234376aae632485cd7115d.png,8170549a92234376aae632485cd7115d,3
images/463785aca0fd4c07ac2dbf2cb35714f3.jpg,masks/463785aca0fd4c07ac2dbf2cb35714f3.png,463785aca0fd4c07ac2dbf2cb35714f3,3
images/90f7c92b15634fff81e037ff95abd8db.jpg,masks/90f7c92b15634fff81e037ff95abd8db.png,90f7c92b15634fff81e037ff95abd8db,3
images/f5d247e0302c40be91149138359815db.jpg,masks/f5d247e0302c40be91149138359815db.png,f5d247e0302c40be91149138359815db,3
images/f1497b2e6e744a6eb2347a3bfedbb7d6.jpg,masks/f1497b2e6e744a6eb2347a3bfedbb7d6.png,f1497b2e6e744a6eb2347a3bfedbb7d6,3
images/7e92fbf871fb470fa4a957f9eefdcc68.jpg,masks/7e92fbf871fb470fa4a957f9eefdcc68.png,7e92fbf871fb470fa4a957f9eefdcc68,3
images/c44609cea7974ed3ad39a72b1eaeca9c.jpg,masks/c44609cea7974ed3ad39a72b1eaeca9c.png,c44609cea7974ed3ad39a72b1eaeca9c,3
images/7e614e0dbd974077af170bde147de9e7.jpg,masks/7e614e0dbd974077af170bde147de9e7.png,7e614e0dbd974077af170bde147de9e7,3
images/3d4058a869d64f3db20396158a0cdf79.jpg,masks/3d4058a869d64f3db20396158a0cdf79.png,3d4058a869d64f3db20396158a0cdf79,3
images/080eaba52821409c85e5ff0c0204ceb9.jpg,masks/080eaba52821409c85e5ff0c0204ceb9.png,080eaba52821409c85e5ff0c0204ceb9,3
images/399e82bc6bfb4d78a2277413be68245b.jpg,masks/399e82bc6bfb4d78a2277413be68245b.png,399e82bc6bfb4d78a2277413be68245b,3
images/d4f6525711fe4febbc67f78716746075.jpg,masks/d4f6525711fe4febbc67f78716746075.png,d4f6525711fe4febbc67f78716746075,3
images/c93e7b7841bd4acdbe7b488e99a2f299.jpg,masks/c93e7b7841bd4acdbe7b488e99a2f299.png,c93e7b7841bd4acdbe7b488e99a2f299,3
images/fb7549d237fe49b393d69116c9f88f6f.jpg,masks/fb7549d237fe49b393d69116c9f88f6f.png,fb7549d237fe49b393d69116c9f88f6f,3
images/2c78976971304ac69f1cf19d836220ad.jpg,masks/2c78976971304ac69f1cf19d836220ad.png,2c78976971304ac69f1cf19d836220ad,3
images/9743a31d0b5e4acfbc3b5e68368f59ed.jpg,masks/9743a31d0b5e4acfbc3b5e68368f59ed.png,9743a31d0b5e4acfbc3b5e68368f59ed,3
images/2659ace1d00d43c78d33b85f346fb366.jpg,masks/2659ace1d00d43c78d33b85f346fb366.png,2659ace1d00d43c78d33b85f346fb366,3
images/67b75045c63643d5a2771919e9e25593.jpg,masks/67b75045c63643d5a2771919e9e25593.png,67b75045c63643d5a2771919e9e25593,3
images/fc81143e92ce46aaab8663ae72896f0d.jpg,masks/fc81143e92ce46aaab8663ae72896f0d.png,fc81143e92ce46aaab8663ae72896f0d,3
images/17906c8e56cb44a28301d8246a0dc849.jpg,masks/17906c8e56cb44a28301d8246a0dc849.png,17906c8e56cb44a28301d8246a0dc849,3
images/2c960fa013cd4c14a78ba13d7d67d37b.jpg,masks/2c960fa013cd4c14a78ba13d7d67d37b.png,2c960fa013cd4c14a78ba13d7d67d37b,3
images/4e1d940ad6204cf799cdc5651c3dd1c5.jpg,masks/4e1d940ad6204cf799cdc5651c3dd1c5.png,4e1d940ad6204cf799cdc5651c3dd1c5,3
images/da77f45e161d42ff9ff4c262b1b791b4.jpg,masks/da77f45e161d42ff9ff4c262b1b791b4.png,da77f45e161d42ff9ff4c262b1b791b4,3
images/11da55705d7b46758bebd91492ce1272.jpg,masks/11da55705d7b46758bebd91492ce1272.png,11da55705d7b46758bebd91492ce1272,3
images/58e33bccd20e4ba99d51b70440457213.jpg,masks/58e33bccd20e4ba99d51b70440457213.png,58e33bccd20e4ba99d51b70440457213,3
images/6c9e5ef595264192978dd78bf117e945.jpg,masks/6c9e5ef595264192978dd78bf117e945.png,6c9e5ef595264192978dd78bf117e945,3
images/8e537dd758dc49ddb7ab254ef90cc773.jpg,masks/8e537dd758dc49ddb7ab254ef90cc773.png,8e537dd758dc49ddb7ab254ef90cc773,3
images/2723a57717c349fb8e3c39b02866e41e.jpg,masks/2723a57717c349fb8e3c39b02866e41e.png,2723a57717c349fb8e3c39b02866e41e,3
images/36097d8dc5d4443da8330fee51bb2bcc.jpg,masks/36097d8dc5d4443da8330fee51bb2bcc.png,36097d8dc5d4443da8330fee51bb2bcc,3
images/2f4de4474ca940719b2e3ca183822da3.jpg,masks/2f4de4474ca940719b2e3ca183822da3.png,2f4de4474ca940719b2e3ca183822da3,3
images/1d82cb45dc79422fb3f0bc446f0426d7.jpg,masks/1d82cb45dc79422fb3f0bc446f0426d7.png,1d82cb45dc79422fb3f0bc446f0426d7,3
images/7ed4d85674524e4c9a89708b61360bf2.jpg,masks/7ed4d85674524e4c9a89708b61360bf2.png,7ed4d85674524e4c9a89708b61360bf2,3
images/ad488853207c479381abad5f1732efc1.jpg,masks/ad488853207c479381abad5f1732efc1.png,ad488853207c479381abad5f1732efc1,3
images/dc13990695cc4ba983927ae576246bef.jpg,masks/dc13990695cc4ba983927ae576246bef.png,dc13990695cc4ba983927ae576246bef,3
images/bd1f0275489049579d108271fd944156.jpg,masks/bd1f0275489049579d108271fd944156.png,bd1f0275489049579d108271fd944156,3
images/90b48d34e4234b00a821721a1311480a.jpg,masks/90b48d34e4234b00a821721a1311480a.png,90b48d34e4234b00a821721a1311480a,3
images/d4871c6d43e24a7390dc71d4abdee3d2.jpg,masks/d4871c6d43e24a7390dc71d4abdee3d2.png,d4871c6d43e24a7390dc71d4abdee3d2,3
images/a9524cb29774446fb2fb9d2bb20ea0db.jpg,masks/a9524cb29774446fb2fb9d2bb20ea0db.png,a9524cb29774446fb2fb9d2bb20ea0db,3
images/9233eabd4c9b4f0b81fd4a208fefbb6f.jpg,masks/9233eabd4c9b4f0b81fd4a208fefbb6f.png,9233eabd4c9b4f0b81fd4a208fefbb6f,3
images/12e97106a8614823a5ef5e5a23df266c.jpg,masks/12e97106a8614823a5ef5e5a23df266c.png,12e97106a8614823a5ef5e5a23df266c,3
images/3618f04983c4450cbdc89a565333b079.jpg,masks/3618f04983c4450cbdc89a565333b079.png,3618f04983c4450cbdc89a565333b079,3
images/f84598b3c2a34fe2a3f7bba34d01d1d2.jpg,masks/f84598b3c2a34fe2a3f7bba34d01d1d2.png,f84598b3c2a34fe2a3f7bba34d01d1d2,3
images/18008d38529549748f0a5ac5587327e2.jpg,masks/18008d38529549748f0a5ac5587327e2.png,18008d38529549748f0a5ac5587327e2,3
images/9c17b9baec3948f9a6aac6e0647813d3.jpg,masks/9c17b9baec3948f9a6aac6e0647813d3.png,9c17b9baec3948f9a6aac6e0647813d3,3
images/84e4ab4766ab4a3495d2250abd01b49f.jpg,masks/84e4ab4766ab4a3495d2250abd01b49f.png,84e4ab4766ab4a3495d2250abd01b49f,3
images/b90b0e8f353948ab84490b3953e0832d.jpg,masks/b90b0e8f353948ab84490b3953e0832d.png,b90b0e8f353948ab84490b3953e0832d,3
images/8820e607cd34419798c27dd9b834b4ea.jpg,masks/8820e607cd34419798c27dd9b834b4ea.png,8820e607cd34419798c27dd9b834b4ea,3
images/fbab4356c4b14614956f71ac187ed36a.jpg,masks/fbab4356c4b14614956f71ac187ed36a.png,fbab4356c4b14614956f71ac187ed36a,3
images/b3f8d816850544e0842fc58c06ff5b58.jpg,masks/b3f8d816850544e0842fc58c06ff5b58.png,b3f8d816850544e0842fc58c06ff5b58,3
images/2f397f3e28204dafbe188aa6a19260b7.jpg,masks/2f397f3e28204dafbe188aa6a19260b7.png,2f397f3e28204dafbe188aa6a19260b7,3
images/5e1114e57e2b4485b205eeffcf8ff89f.jpg,masks/5e1114e57e2b4485b205eeffcf8ff89f.png,5e1114e57e2b4485b205eeffcf8ff89f,3
images/c7e7feca1f4948a486930459ecd99155.jpg,masks/c7e7feca1f4948a486930459ecd99155.png,c7e7feca1f4948a486930459ecd99155,3
images/a50d3648eb3741a99daa6c17561e192c.jpg,masks/a50d3648eb3741a99daa6c17561e192c.png,a50d3648eb3741a99daa6c17561e192c,3
images/b30dcdf71cc94220a9486528a311d6a4.jpg,masks/b30dcdf71cc94220a9486528a311d6a4.png,b30dcdf71cc94220a9486528a311d6a4,3
images/49d886f54c334192a3c651a828ae6719.jpg,masks/49d886f54c334192a3c651a828ae6719.png,49d886f54c334192a3c651a828ae6719,3
images/610a82d0498b4f6f829f83f264c377bf.jpg,masks/610a82d0498b4f6f829f83f264c377bf.png,610a82d0498b4f6f829f83f264c377bf,3
images/b4d9761fb96c4cb2b2ecf79d01220e36.jpg,masks/b4d9761fb96c4cb2b2ecf79d01220e36.png,b4d9761fb96c4cb2b2ecf79d01220e36,3
images/7a61aefab2b14f85a5c47cc7f29ad93f.jpg,masks/7a61aefab2b14f85a5c47cc7f29ad93f.png,7a61aefab2b14f85a5c47cc7f29ad93f,3
images/a78ed86341e446cf91cb65201ecfea07.jpg,masks/a78ed86341e446cf91cb65201ecfea07.png,a78ed86341e446cf91cb65201ecfea07,3
images/4733f7cfe30d4fb2a808d130a7bf3555.jpg,masks/4733f7cfe30d4fb2a808d130a7bf3555.png,4733f7cfe30d4fb2a808d130a7bf3555,3
images/152166bb68e2404fb2d9f6af725b9db5.jpg,masks/152166bb68e2404fb2d9f6af725b9db5.png,152166bb68e2404fb2d9f6af725b9db5,3
images/57fea4d9cb9946c1820e36a0065da2d2.jpg,masks/57fea4d9cb9946c1820e36a0065da2d2.png,57fea4d9cb9946c1820e36a0065da2d2,3
images/eac79e9a72414022a2953591ec756610.jpg,masks/eac79e9a72414022a2953591ec756610.png,eac79e9a72414022a2953591ec756610,3
images/4e27428d290e4c7ebbccae1c93920343.jpg,masks/4e27428d290e4c7ebbccae1c93920343.png,4e27428d290e4c7ebbccae1c93920343,3
images/e44d4a660db843fdbafcd54618db9a59.jpg,masks/e44d4a660db843fdbafcd54618db9a59.png,e44d4a660db843fdbafcd54618db9a59,3
images/ce466fdc2081464998f6e8e8c60cdbef.jpg,masks/ce466fdc2081464998f6e8e8c60cdbef.png,ce466fdc2081464998f6e8e8c60cdbef,3
images/fdd8c2c78bf641fd94dba350318ab457.jpg,masks/fdd8c2c78bf641fd94dba350318ab457.png,fdd8c2c78bf641fd94dba350318ab457,3
images/359718f7a2a44b7e8bba854000385d13.jpg,masks/359718f7a2a44b7e8bba854000385d13.png,359718f7a2a44b7e8bba854000385d13,3
images/9f5de1c5f41d46a9bc94b0cc568000e0.jpg,masks/9f5de1c5f41d46a9bc94b0cc568000e0.png,9f5de1c5f41d46a9bc94b0cc568000e0,3
images/6b323a8b119340f3a504a808d14b080e.jpg,masks/6b323a8b119340f3a504a808d14b080e.png,6b323a8b119340f3a504a808d14b080e,3
images/c4082af0a9e444c482115202e496cc9e.jpg,masks/c4082af0a9e444c482115202e496cc9e.png,c4082af0a9e444c482115202e496cc9e,3
images/3031231e9a82430394f3090fb135c72e.jpg,masks/3031231e9a82430394f3090fb135c72e.png,3031231e9a82430394f3090fb135c72e,3
images/a8278438f39c41079991ab185238265f.jpg,masks/a8278438f39c41079991ab185238265f.png,a8278438f39c41079991ab185238265f,3
images/794459ca42964e48a9985b0b6745c3eb.jpg,masks/794459ca42964e48a9985b0b6745c3eb.png,794459ca42964e48a9985b0b6745c3eb,3
images/44c37c8a18fa4f7ca5ccff9b58ea2147.jpg,masks/44c37c8a18fa4f7ca5ccff9b58ea2147.png,44c37c8a18fa4f7ca5ccff9b58ea2147,3
images/bd8fbccd7ba84daebbb9ad737d6532ac.jpg,masks/bd8fbccd7ba84daebbb9ad737d6532ac.png,bd8fbccd7ba84daebbb9ad737d6532ac,3
images/85bec20416ee4570b26f79a349e98153.jpg,masks/85bec20416ee4570b26f79a349e98153.png,85bec20416ee4570b26f79a349e98153,3
images/87814d1c2ffe434bab5de4273f37ab10.jpg,masks/87814d1c2ffe434bab5de4273f37ab10.png,87814d1c2ffe434bab5de4273f37ab10,3
images/b6f963a304034f7aabfdfaffcae0ff87.jpg,masks/b6f963a304034f7aabfdfaffcae0ff87.png,b6f963a304034f7aabfdfaffcae0ff87,3
images/a3d605d572ea406f8f49bf5241617282.jpg,masks/a3d605d572ea406f8f49bf5241617282.png,a3d605d572ea406f8f49bf5241617282,3
images/08afd2766abb4bdabc7ccc82ee87bfe5.jpg,masks/08afd2766abb4bdabc7ccc82ee87bfe5.png,08afd2766abb4bdabc7ccc82ee87bfe5,3
images/0d9579315d1647f6b907bf165d0e90f4.jpg,masks/0d9579315d1647f6b907bf165d0e90f4.png,0d9579315d1647f6b907bf165d0e90f4,3
images/33b724ce33e44f8e9ab98eb7bdc6e111.jpg,masks/33b724ce33e44f8e9ab98eb7bdc6e111.png,33b724ce33e44f8e9ab98eb7bdc6e111,3
images/f94e813816414ce8b53d189da25253db.jpg,masks/f94e813816414ce8b53d189da25253db.png,f94e813816414ce8b53d189da25253db,3
images/b8921d68796740eea6dcd1dfd8220c67.jpg,masks/b8921d68796740eea6dcd1dfd8220c67.png,b8921d68796740eea6dcd1dfd8220c67,3
images/b2a2e9a3b8fd4ff18da29fba2f0d68b3.jpg,masks/b2a2e9a3b8fd4ff18da29fba2f0d68b3.png,b2a2e9a3b8fd4ff18da29fba2f0d68b3,3
images/7a541917177e49bc8a44fdac39119957.jpg,masks/7a541917177e49bc8a44fdac39119957.png,7a541917177e49bc8a44fdac39119957,3
images/9db725c672cd4419a208c8eaa89065a5.jpg,masks/9db725c672cd4419a208c8eaa89065a5.png,9db725c672cd4419a208c8eaa89065a5,3
images/a186bbd0c90545aca5a064af6db086d0.jpg,masks/a186bbd0c90545aca5a064af6db086d0.png,a186bbd0c90545aca5a064af6db086d0,3
images/c1b984795bef45f8a3619e68a338fec1.jpg,masks/c1b984795bef45f8a3619e68a338fec1.png,c1b984795bef45f8a3619e68a338fec1,3
images/e0f1765685bc4bbeb9fbddedba34cdad.jpg,masks/e0f1765685bc4bbeb9fbddedba34cdad.png,e0f1765685bc4bbeb9fbddedba34cdad,3
images/26f80afd5a6d49da9ec9f68e8953cc13.jpg,masks/26f80afd5a6d49da9ec9f68e8953cc13.png,26f80afd5a6d49da9ec9f68e8953cc13,3
images/ed4bfe8fcdca4c3591e427a655a040e7.jpg,masks/ed4bfe8fcdca4c3591e427a655a040e7.png,ed4bfe8fcdca4c3591e427a655a040e7,3
images/879027622f8a44058027090448ab8537.jpg,masks/879027622f8a44058027090448ab8537.png,879027622f8a44058027090448ab8537,3
images/c65efcf1a92041b7a56bdd95d9a1e01e.jpg,masks/c65efcf1a92041b7a56bdd95d9a1e01e.png,c65efcf1a92041b7a56bdd95d9a1e01e,3
images/0eead3cd0a33463598fbedcee1a1f860.jpg,masks/0eead3cd0a33463598fbedcee1a1f860.png,0eead3cd0a33463598fbedcee1a1f860,3
images/ec02b94a3a7e45398cbdfe2972456ffe.jpg,masks/ec02b94a3a7e45398cbdfe2972456ffe.png,ec02b94a3a7e45398cbdfe2972456ffe,3
images/1d3b02244f5f421692cff2a4ae51261d.jpg,masks/1d3b02244f5f421692cff2a4ae51261d.png,1d3b02244f5f421692cff2a4ae51261d,3
images/e580e90ba2ff4d0e89d36c40f32d2372.jpg,masks/e580e90ba2ff4d0e89d36c40f32d2372.png,e580e90ba2ff4d0e89d36c40f32d2372,3
images/00334015d6c44dfd99410c2de4983cec.jpg,masks/00334015d6c44dfd99410c2de4983cec.png,00334015d6c44dfd99410c2de4983cec,3
images/7077de7eaa8446deb8572fd147b237e8.jpg,masks/7077de7eaa8446deb8572fd147b237e8.png,7077de7eaa8446deb8572fd147b237e8,3
images/da56d2b1122d4150ba0545f29ed422d5.jpg,masks/da56d2b1122d4150ba0545f29ed422d5.png,da56d2b1122d4150ba0545f29ed422d5,3
images/361e44acb1aa4319a3400c01a506a03e.jpg,masks/361e44acb1aa4319a3400c01a506a03e.png,361e44acb1aa4319a3400c01a506a03e,3
images/dce9e0917d054a2d8c1125e130283469.jpg,masks/dce9e0917d054a2d8c1125e130283469.png,dce9e0917d054a2d8c1125e130283469,3
images/93bcc86bd17147abaa894187b3fd0f7d.jpg,masks/93bcc86bd17147abaa894187b3fd0f7d.png,93bcc86bd17147abaa894187b3fd0f7d,3
images/e8493b5904db41d6aae6777cda94fe54.jpg,masks/e8493b5904db41d6aae6777cda94fe54.png,e8493b5904db41d6aae6777cda94fe54,3
images/20ca551d2adc4069b76795d7eaeae29a.jpg,masks/20ca551d2adc4069b76795d7eaeae29a.png,20ca551d2adc4069b76795d7eaeae29a,3
images/00c7cc3a99af4416a638405f39026262.jpg,masks/00c7cc3a99af4416a638405f39026262.png,00c7cc3a99af4416a638405f39026262,3
images/11507ad17dfa4859b52191a725914e3c.jpg,masks/11507ad17dfa4859b52191a725914e3c.png,11507ad17dfa4859b52191a725914e3c,3
images/557faeaf57684fa5ad053b66ac260691.jpg,masks/557faeaf57684fa5ad053b66ac260691.png,557faeaf57684fa5ad053b66ac260691,3
images/77605053a11946d196279c535abf81d4.jpg,masks/77605053a11946d196279c535abf81d4.png,77605053a11946d196279c535abf81d4,3
images/b33d6c00177340c4bb27c1046c07c961.jpg,masks/b33d6c00177340c4bb27c1046c07c961.png,b33d6c00177340c4bb27c1046c07c961,3
images/c198a58f77bc48a597132dc772c9d371.jpg,masks/c198a58f77bc48a597132dc772c9d371.png,c198a58f77bc48a597132dc772c9d371,3
images/111e31310cba45adbdb10232aab93b8f.jpg,masks/111e31310cba45adbdb10232aab93b8f.png,111e31310cba45adbdb10232aab93b8f,3
images/5150ceaabcc3494da48776aa32a9709f.jpg,masks/5150ceaabcc3494da48776aa32a9709f.png,5150ceaabcc3494da48776aa32a9709f,3
images/a895a6bc8ace4e1db13a4bbaebe99397.jpg,masks/a895a6bc8ace4e1db13a4bbaebe99397.png,a895a6bc8ace4e1db13a4bbaebe99397,3
images/9439a2bf3f9f4e9783b190a08a7aa1cd.jpg,masks/9439a2bf3f9f4e9783b190a08a7aa1cd.png,9439a2bf3f9f4e9783b190a08a7aa1cd,3
images/cba708e6b201403a9f4c16460282d9f7.jpg,masks/cba708e6b201403a9f4c16460282d9f7.png,cba708e6b201403a9f4c16460282d9f7,3
images/cc3b38cd63814b8f8f99061af6c0a210.jpg,masks/cc3b38cd63814b8f8f99061af6c0a210.png,cc3b38cd63814b8f8f99061af6c0a210,3
images/2961d71173c7423786474f5c40b51534.jpg,masks/2961d71173c7423786474f5c40b51534.png,2961d71173c7423786474f5c40b51534,3
images/0a66ec7f228d4b17977b8a9e0e921a38.jpg,masks/0a66ec7f228d4b17977b8a9e0e921a38.png,0a66ec7f228d4b17977b8a9e0e921a38,3
images/7249c1a38305467aa7b6855a61db1886.jpg,masks/7249c1a38305467aa7b6855a61db1886.png,7249c1a38305467aa7b6855a61db1886,3
images/cc6bee8c235c40d7ad7028759d913bef.jpg,masks/cc6bee8c235c40d7ad7028759d913bef.png,cc6bee8c235c40d7ad7028759d913bef,3
images/215ccf3b252042b3ac4114a089fdb46c.jpg,masks/215ccf3b252042b3ac4114a089fdb46c.png,215ccf3b252042b3ac4114a089fdb46c,3
images/beda528c07d44c98be1ab356501a9e11.jpg,masks/beda528c07d44c98be1ab356501a9e11.png,beda528c07d44c98be1ab356501a9e11,3
images/89acedb06ac24320aea33cbe3797a0dd.jpg,masks/89acedb06ac24320aea33cbe3797a0dd.png,89acedb06ac24320aea33cbe3797a0dd,3
images/76d5fcf647da4fd8bfcb2e90e52f0680.jpg,masks/76d5fcf647da4fd8bfcb2e90e52f0680.png,76d5fcf647da4fd8bfcb2e90e52f0680,3
images/1bf96cd4aab74dac9911bcf84fb5e958.jpg,masks/1bf96cd4aab74dac9911bcf84fb5e958.png,1bf96cd4aab74dac9911bcf84fb5e958,3
images/1bd6fa24aa8e483caf60bbfd266695f8.jpg,masks/1bd6fa24aa8e483caf60bbfd266695f8.png,1bd6fa24aa8e483caf60bbfd266695f8,3
images/70236359152f43929db096ea609215e3.jpg,masks/70236359152f43929db096ea609215e3.png,70236359152f43929db096ea609215e3,3
images/22479a9c4f2342379af3643699644122.jpg,masks/22479a9c4f2342379af3643699644122.png,22479a9c4f2342379af3643699644122,3
images/80af6810db5646dc93b3a3ca810e2bbe.jpg,masks/80af6810db5646dc93b3a3ca810e2bbe.png,80af6810db5646dc93b3a3ca810e2bbe,3
images/d648531b26b14b698f981eba434e2275.jpg,masks/d648531b26b14b698f981eba434e2275.png,d648531b26b14b698f981eba434e2275,3
images/f7f8cf5c3a814c43814062b92698f029.jpg,masks/f7f8cf5c3a814c43814062b92698f029.png,f7f8cf5c3a814c43814062b92698f029,3
images/f030576562644733b515a3261d540f25.jpg,masks/f030576562644733b515a3261d540f25.png,f030576562644733b515a3261d540f25,3
images/fa47647d70414bedbf5ba3cfba39f8db.jpg,masks/fa47647d70414bedbf5ba3cfba39f8db.png,fa47647d70414bedbf5ba3cfba39f8db,3
images/7c89af44f33b4b2481fa13747616e611.jpg,masks/7c89af44f33b4b2481fa13747616e611.png,7c89af44f33b4b2481fa13747616e611,3
images/bb0b5a77d49c4f51b7a4a62e6e84b305.jpg,masks/bb0b5a77d49c4f51b7a4a62e6e84b305.png,bb0b5a77d49c4f51b7a4a62e6e84b305,3
images/ebe4602597134368815053ddd61eabc7.jpg,masks/ebe4602597134368815053ddd61eabc7.png,ebe4602597134368815053ddd61eabc7,3
images/d2de07f50cf8475d8f4e7553eae1d402.jpg,masks/d2de07f50cf8475d8f4e7553eae1d402.png,d2de07f50cf8475d8f4e7553eae1d402,3
images/9d5a5a937dc840f1b425099d6baa4ae8.jpg,masks/9d5a5a937dc840f1b425099d6baa4ae8.png,9d5a5a937dc840f1b425099d6baa4ae8,3
images/912b280b58a04b0b851a96ad2a5f2e4d.jpg,masks/912b280b58a04b0b851a96ad2a5f2e4d.png,912b280b58a04b0b851a96ad2a5f2e4d,3
images/e15a7d85191342c590d3d04a320f6c51.jpg,masks/e15a7d85191342c590d3d04a320f6c51.png,e15a7d85191342c590d3d04a320f6c51,3
images/cee8f39e36af40138893a41bc53b45a3.jpg,masks/cee8f39e36af40138893a41bc53b45a3.png,cee8f39e36af40138893a41bc53b45a3,3
images/957a8c72740e4856b61d38a16114dcfb.jpg,masks/957a8c72740e4856b61d38a16114dcfb.png,957a8c72740e4856b61d38a16114dcfb,3
images/ec96dde237b64acdaca69b90ef4c6753.jpg,masks/ec96dde237b64acdaca69b90ef4c6753.png,ec96dde237b64acdaca69b90ef4c6753,3
images/202845068e8545fbac1dfa0bbfaf6241.jpg,masks/202845068e8545fbac1dfa0bbfaf6241.png,202845068e8545fbac1dfa0bbfaf6241,3
images/cd7942030070447ab5be9884741b3b24.jpg,masks/cd7942030070447ab5be9884741b3b24.png,cd7942030070447ab5be9884741b3b24,3
images/9993d4bd26904b48a57079ac912f9c60.jpg,masks/9993d4bd26904b48a57079ac912f9c60.png,9993d4bd26904b48a57079ac912f9c60,3
images/9fa47868f4d04db48da246fb4780c450.jpg,masks/9fa47868f4d04db48da246fb4780c450.png,9fa47868f4d04db48da246fb4780c450,3
images/5441f83e865e4c5eb195bd957c17700d.jpg,masks/5441f83e865e4c5eb195bd957c17700d.png,5441f83e865e4c5eb195bd957c17700d,3
images/69ec8d9d5d24499e8be5aa1a5e7a6d44.jpg,masks/69ec8d9d5d24499e8be5aa1a5e7a6d44.png,69ec8d9d5d24499e8be5aa1a5e7a6d44,3
images/f5885b62a38245d2b7f5edf4f0071f2d.jpg,masks/f5885b62a38245d2b7f5edf4f0071f2d.png,f5885b62a38245d2b7f5edf4f0071f2d,3
images/dfcbebe2c8824e0a8cbae185ab4aa98f.jpg,masks/dfcbebe2c8824e0a8cbae185ab4aa98f.png,dfcbebe2c8824e0a8cbae185ab4aa98f,3
images/0402ae265f994265b80badd27f634e36.jpg,masks/0402ae265f994265b80badd27f634e36.png,0402ae265f994265b80badd27f634e36,3
images/635c68a84bb64d2d94dbf8455a0fea60.jpg,masks/635c68a84bb64d2d94dbf8455a0fea60.png,635c68a84bb64d2d94dbf8455a0fea60,3
images/4ea9640f9c0f47ed9d1407efc4c25cc2.jpg,masks/4ea9640f9c0f47ed9d1407efc4c25cc2.png,4ea9640f9c0f47ed9d1407efc4c25cc2,3
images/807ebe2fa60c4872bf5aaedecb69a547.jpg,masks/807ebe2fa60c4872bf5aaedecb69a547.png,807ebe2fa60c4872bf5aaedecb69a547,3
images/d3d9c425c80d4b5f9f642d72f8e9cda4.jpg,masks/d3d9c425c80d4b5f9f642d72f8e9cda4.png,d3d9c425c80d4b5f9f642d72f8e9cda4,3
images/172083bb6e4f404c9cab86fdeefbd1d6.jpg,masks/172083bb6e4f404c9cab86fdeefbd1d6.png,172083bb6e4f404c9cab86fdeefbd1d6,3
images/cc819366743a4f23a1b87c3af2267168.jpg,masks/cc819366743a4f23a1b87c3af2267168.png,cc819366743a4f23a1b87c3af2267168,3
images/8a621c01629a4ae19235d3e14890ab6b.jpg,masks/8a621c01629a4ae19235d3e14890ab6b.png,8a621c01629a4ae19235d3e14890ab6b,3
images/bf1ddb42eb1a4144b352bec66e549d90.jpg,masks/bf1ddb42eb1a4144b352bec66e549d90.png,bf1ddb42eb1a4144b352bec66e549d90,3
images/b091b497541641eca78ef5d8378c158a.jpg,masks/b091b497541641eca78ef5d8378c158a.png,b091b497541641eca78ef5d8378c158a,3
images/d2366a33b0404a3b93f7f05cd7934c04.jpg,masks/d2366a33b0404a3b93f7f05cd7934c04.png,d2366a33b0404a3b93f7f05cd7934c04,3
images/c8e86ed1dba1485b8381306dcb2e71a7.jpg,masks/c8e86ed1dba1485b8381306dcb2e71a7.png,c8e86ed1dba1485b8381306dcb2e71a7,3
images/5be8ccd576c24e6da4760260b2c89368.jpg,masks/5be8ccd576c24e6da4760260b2c89368.png,5be8ccd576c24e6da4760260b2c89368,3
images/cd2d8f85f4f34437a86270b7ad554a9d.jpg,masks/cd2d8f85f4f34437a86270b7ad554a9d.png,cd2d8f85f4f34437a86270b7ad554a9d,3
images/8b19d8c38f964b2bac451163b82c3360.jpg,masks/8b19d8c38f964b2bac451163b82c3360.png,8b19d8c38f964b2bac451163b82c3360,3
images/ee1ab3bed90f4abbb8cdd55bd9cf4669.jpg,masks/ee1ab3bed90f4abbb8cdd55bd9cf4669.png,ee1ab3bed90f4abbb8cdd55bd9cf4669,3
images/552ad5fdae9b4a649a8395f93a717cc6.jpg,masks/552ad5fdae9b4a649a8395f93a717cc6.png,552ad5fdae9b4a649a8395f93a717cc6,3
images/1ad919dd786840a09c406de2d2d23fce.jpg,masks/1ad919dd786840a09c406de2d2d23fce.png,1ad919dd786840a09c406de2d2d23fce,3
images/da31cce917c54fdc9fd58aa3317a32a5.jpg,masks/da31cce917c54fdc9fd58aa3317a32a5.png,da31cce917c54fdc9fd58aa3317a32a5,3
images/22a8936a74d442d0bebf44ddf946cf31.jpg,masks/22a8936a74d442d0bebf44ddf946cf31.png,22a8936a74d442d0bebf44ddf946cf31,3
images/b08fa303eee340fda2af6441845fcf8b.jpg,masks/b08fa303eee340fda2af6441845fcf8b.png,b08fa303eee340fda2af6441845fcf8b,3
images/d485205c7b3d4b6988872c598c0ed361.jpg,masks/d485205c7b3d4b6988872c598c0ed361.png,d485205c7b3d4b6988872c598c0ed361,3
images/06f097ea68dc4a7cb20f5dab49e98cc3.jpg,masks/06f097ea68dc4a7cb20f5dab49e98cc3.png,06f097ea68dc4a7cb20f5dab49e98cc3,3
images/acd0ebd276244cd998551b22bfdcbb21.jpg,masks/acd0ebd276244cd998551b22bfdcbb21.png,acd0ebd276244cd998551b22bfdcbb21,3
images/ff278b646dc9409c9b00f77e24dc2c96.jpg,masks/ff278b646dc9409c9b00f77e24dc2c96.png,ff278b646dc9409c9b00f77e24dc2c96,3
images/b557715462e941d59563d4f01f965aac.jpg,masks/b557715462e941d59563d4f01f965aac.png,b557715462e941d59563d4f01f965aac,3
images/136ec727fdaa47dab695874daa6d5081.jpg,masks/136ec727fdaa47dab695874daa6d5081.png,136ec727fdaa47dab695874daa6d5081,3
images/1eaaa785a3924296877a7e379ab2bc37.jpg,masks/1eaaa785a3924296877a7e379ab2bc37.png,1eaaa785a3924296877a7e379ab2bc37,3
images/e165bcded1b64857aec146b3701da9fd.jpg,masks/e165bcded1b64857aec146b3701da9fd.png,e165bcded1b64857aec146b3701da9fd,3
images/9dc99e22fa9143d08fa1d927e71e17fd.jpg,masks/9dc99e22fa9143d08fa1d927e71e17fd.png,9dc99e22fa9143d08fa1d927e71e17fd,3
images/7a51340b02c343ab83416a15b05c4d9d.jpg,masks/7a51340b02c343ab83416a15b05c4d9d.png,7a51340b02c343ab83416a15b05c4d9d,3
images/dd0e380cd59e420a955f8163da3bb22e.jpg,masks/dd0e380cd59e420a955f8163da3bb22e.png,dd0e380cd59e420a955f8163da3bb22e,3
images/118c4716d6504580a8b3df56b9c38e43.jpg,masks/118c4716d6504580a8b3df56b9c38e43.png,118c4716d6504580a8b3df56b9c38e43,3
images/ef8e4faf45a54fcbb88e16be4569c680.jpg,masks/ef8e4faf45a54fcbb88e16be4569c680.png,ef8e4faf45a54fcbb88e16be4569c680,3
images/69096347174f4a51af35b6cb22c1007c.jpg,masks/69096347174f4a51af35b6cb22c1007c.png,69096347174f4a51af35b6cb22c1007c,3
images/96c89e24c1074d578d70b3eba6377a77.jpg,masks/96c89e24c1074d578d70b3eba6377a77.png,96c89e24c1074d578d70b3eba6377a77,3
images/960fb30d125442dc93a168e4bce0763a.jpg,masks/960fb30d125442dc93a168e4bce0763a.png,960fb30d125442dc93a168e4bce0763a,3
images/2c95fc7cbbe44873a45fd7e5715a9d64.jpg,masks/2c95fc7cbbe44873a45fd7e5715a9d64.png,2c95fc7cbbe44873a45fd7e5715a9d64,3
images/fd1ee23e3dbf4d82aa9fe4d6807b89e5.jpg,masks/fd1ee23e3dbf4d82aa9fe4d6807b89e5.png,fd1ee23e3dbf4d82aa9fe4d6807b89e5,3
images/e881ef84b5f8405b99c1ee78a987369c.jpg,masks/e881ef84b5f8405b99c1ee78a987369c.png,e881ef84b5f8405b99c1ee78a987369c,3
images/8e53b4bd51cc4aa88429afef8570036a.jpg,masks/8e53b4bd51cc4aa88429afef8570036a.png,8e53b4bd51cc4aa88429afef8570036a,3
images/c2207c4db3d3473dabf0936cfd85bbaa.jpg,masks/c2207c4db3d3473dabf0936cfd85bbaa.png,c2207c4db3d3473dabf0936cfd85bbaa,3
images/c86b58afb3de47d9a543369e5cc0fa34.jpg,masks/c86b58afb3de47d9a543369e5cc0fa34.png,c86b58afb3de47d9a543369e5cc0fa34,3
images/ee8f21a83bd148efbe67e37ca3c380c9.jpg,masks/ee8f21a83bd148efbe67e37ca3c380c9.png,ee8f21a83bd148efbe67e37ca3c380c9,3
images/02eb67b876de41e8889f5f6282590e8a.jpg,masks/02eb67b876de41e8889f5f6282590e8a.png,02eb67b876de41e8889f5f6282590e8a,3
images/cc5b8e4a05a34e3b9b706a93b2e662fa.jpg,masks/cc5b8e4a05a34e3b9b706a93b2e662fa.png,cc5b8e4a05a34e3b9b706a93b2e662fa,3
images/674f91806f8d496b82d3d29f1c90e422.jpg,masks/674f91806f8d496b82d3d29f1c90e422.png,674f91806f8d496b82d3d29f1c90e422,3
images/f8e96d0d096549408338dfc71a8be89f.jpg,masks/f8e96d0d096549408338dfc71a8be89f.png,f8e96d0d096549408338dfc71a8be89f,3
images/ad1fffc27dfb45bcb686686c8a0aac31.jpg,masks/ad1fffc27dfb45bcb686686c8a0aac31.png,ad1fffc27dfb45bcb686686c8a0aac31,3
images/a305884054cd4971ac6fecec625e282e.jpg,masks/a305884054cd4971ac6fecec625e282e.png,a305884054cd4971ac6fecec625e282e,3
images/8b10f705ff554d4e9b49e6c2557ffc76.jpg,masks/8b10f705ff554d4e9b49e6c2557ffc76.png,8b10f705ff554d4e9b49e6c2557ffc76,3
images/badc40e7090147fea2401e1f55fd65ff.jpg,masks/badc40e7090147fea2401e1f55fd65ff.png,badc40e7090147fea2401e1f55fd65ff,3
images/ea6e6b76123b4ca9a9ef3a8bc47289f5.jpg,masks/ea6e6b76123b4ca9a9ef3a8bc47289f5.png,ea6e6b76123b4ca9a9ef3a8bc47289f5,3
images/fd93c29ef8e14f44a85bddbb7d52a386.jpg,masks/fd93c29ef8e14f44a85bddbb7d52a386.png,fd93c29ef8e14f44a85bddbb7d52a386,3
images/0937b40ec3154e57960edb8a0ee69593.jpg,masks/0937b40ec3154e57960edb8a0ee69593.png,0937b40ec3154e57960edb8a0ee69593,3
images/ca44eb4659ab41d6abb05535ade7a74d.jpg,masks/ca44eb4659ab41d6abb05535ade7a74d.png,ca44eb4659ab41d6abb05535ade7a74d,3
images/3f840f6799bd4e31abfa6b09cf90f066.jpg,masks/3f840f6799bd4e31abfa6b09cf90f066.png,3f840f6799bd4e31abfa6b09cf90f066,3
images/22436eea26f94f7aae15bbcc2ab7a66c.jpg,masks/22436eea26f94f7aae15bbcc2ab7a66c.png,22436eea26f94f7aae15bbcc2ab7a66c,3
images/bbdf959dfc7a4c46baa68d73d2a27b6e.jpg,masks/bbdf959dfc7a4c46baa68d73d2a27b6e.png,bbdf959dfc7a4c46baa68d73d2a27b6e,3
images/77a656f2c5b04616bf99100de5f3a795.jpg,masks/77a656f2c5b04616bf99100de5f3a795.png,77a656f2c5b04616bf99100de5f3a795,3
images/85093925545147a3a3f91c254e135c1f.jpg,masks/85093925545147a3a3f91c254e135c1f.png,85093925545147a3a3f91c254e135c1f,3
images/cf75b2be75394568bb67cec0118fc04a.jpg,masks/cf75b2be75394568bb67cec0118fc04a.png,cf75b2be75394568bb67cec0118fc04a,3
images/a7f7e52a718948ed9e637ea71d78bf32.jpg,masks/a7f7e52a718948ed9e637ea71d78bf32.png,a7f7e52a718948ed9e637ea71d78bf32,3
images/62006313bb7c4e31951f4b3d31ca3da1.jpg,masks/62006313bb7c4e31951f4b3d31ca3da1.png,62006313bb7c4e31951f4b3d31ca3da1,3
images/b63ae3e2acc544e9bd78d282c6da2c17.jpg,masks/b63ae3e2acc544e9bd78d282c6da2c17.png,b63ae3e2acc544e9bd78d282c6da2c17,3
images/a8463bbc039b4eb1a40286b6164e5eb9.jpg,masks/a8463bbc039b4eb1a40286b6164e5eb9.png,a8463bbc039b4eb1a40286b6164e5eb9,3
images/44c717ee6e1b43e29addb4871843b80f.jpg,masks/44c717ee6e1b43e29addb4871843b80f.png,44c717ee6e1b43e29addb4871843b80f,3
images/ec40348aeeec4830a9a47e13d1c1c3ac.jpg,masks/ec40348aeeec4830a9a47e13d1c1c3ac.png,ec40348aeeec4830a9a47e13d1c1c3ac,3
images/033efc15f6e044408a766a62a45f1202.jpg,masks/033efc15f6e044408a766a62a45f1202.png,033efc15f6e044408a766a62a45f1202,3
images/6249225ec7bd4e948712706c98d8b549.jpg,masks/6249225ec7bd4e948712706c98d8b549.png,6249225ec7bd4e948712706c98d8b549,3
images/dafedca4f19e421e991382d09e80c93f.jpg,masks/dafedca4f19e421e991382d09e80c93f.png,dafedca4f19e421e991382d09e80c93f,3
images/297ee48a83f241cdb0b00bb801a80481.jpg,masks/297ee48a83f241cdb0b00bb801a80481.png,297ee48a83f241cdb0b00bb801a80481,3
images/27c32dada06d4ed0a18ae4d0d662b73b.jpg,masks/27c32dada06d4ed0a18ae4d0d662b73b.png,27c32dada06d4ed0a18ae4d0d662b73b,3
images/3f22a5674f584db3b121b96906f2520c.jpg,masks/3f22a5674f584db3b121b96906f2520c.png,3f22a5674f584db3b121b96906f2520c,3
images/aa424b1fb0284b1f8745bb0d4f5be62f.jpg,masks/aa424b1fb0284b1f8745bb0d4f5be62f.png,aa424b1fb0284b1f8745bb0d4f5be62f,3
images/058f51721f8d4830888c8ad8bd3d24bc.jpg,masks/058f51721f8d4830888c8ad8bd3d24bc.png,058f51721f8d4830888c8ad8bd3d24bc,3
images/6354238c925d4f7d8121b61430b7948e.jpg,masks/6354238c925d4f7d8121b61430b7948e.png,6354238c925d4f7d8121b61430b7948e,3
images/4324e219af604103a9b74372a7389e74.jpg,masks/4324e219af604103a9b74372a7389e74.png,4324e219af604103a9b74372a7389e74,3
images/bfa91de0b790434db020d40e5849b391.jpg,masks/bfa91de0b790434db020d40e5849b391.png,bfa91de0b790434db020d40e5849b391,3
images/2e336cecf1a448979e08168e0e44f72f.jpg,masks/2e336cecf1a448979e08168e0e44f72f.png,2e336cecf1a448979e08168e0e44f72f,3
images/2647695f080049e28ff4776ab84ced9f.jpg,masks/2647695f080049e28ff4776ab84ced9f.png,2647695f080049e28ff4776ab84ced9f,3
images/a04fe063237543dd9e9e482fa427ee97.jpg,masks/a04fe063237543dd9e9e482fa427ee97.png,a04fe063237543dd9e9e482fa427ee97,3
images/a8abb06521a642eeb5307b608513beaf.jpg,masks/a8abb06521a642eeb5307b608513beaf.png,a8abb06521a642eeb5307b608513beaf,3
images/19024f27d6c94c7a9f58900c55740b0a.jpg,masks/19024f27d6c94c7a9f58900c55740b0a.png,19024f27d6c94c7a9f58900c55740b0a,3
images/f0ac8758355548c2af5c34b5cb958809.jpg,masks/f0ac8758355548c2af5c34b5cb958809.png,f0ac8758355548c2af5c34b5cb958809,3
images/7929f66e503f4cebb4a57fd69097b941.jpg,masks/7929f66e503f4cebb4a57fd69097b941.png,7929f66e503f4cebb4a57fd69097b941,3
images/aa5384fc342a4ff2925e60a4e5b16f26.jpg,masks/aa5384fc342a4ff2925e60a4e5b16f26.png,aa5384fc342a4ff2925e60a4e5b16f26,3
images/23642dc38d7b4afaa627f48a05c93450.jpg,masks/23642dc38d7b4afaa627f48a05c93450.png,23642dc38d7b4afaa627f48a05c93450,3
images/600cf4ccd751497ebabc0c88714483f0.jpg,masks/600cf4ccd751497ebabc0c88714483f0.png,600cf4ccd751497ebabc0c88714483f0,3
images/3883b0950cdc46269cfbb09002f96af9.jpg,masks/3883b0950cdc46269cfbb09002f96af9.png,3883b0950cdc46269cfbb09002f96af9,3
images/76bfe78f190b47a0a525789a5ba079dc.jpg,masks/76bfe78f190b47a0a525789a5ba079dc.png,76bfe78f190b47a0a525789a5ba079dc,3
images/89f1c6e9453649feb9be8a2106a066b0.jpg,masks/89f1c6e9453649feb9be8a2106a066b0.png,89f1c6e9453649feb9be8a2106a066b0,3
images/0c2a9a0aacbc42dcbaaf71b151f782da.jpg,masks/0c2a9a0aacbc42dcbaaf71b151f782da.png,0c2a9a0aacbc42dcbaaf71b151f782da,3
images/70e86898c4c6480f89f261a000c4be6f.jpg,masks/70e86898c4c6480f89f261a000c4be6f.png,70e86898c4c6480f89f261a000c4be6f,3
images/0bfd6ece10cd4f8cbc91d94e1686203f.jpg,masks/0bfd6ece10cd4f8cbc91d94e1686203f.png,0bfd6ece10cd4f8cbc91d94e1686203f,3
images/5d51531f758f44ce9369cc252b409589.jpg,masks/5d51531f758f44ce9369cc252b409589.png,5d51531f758f44ce9369cc252b409589,3
images/da993a7b974c45cdb5cd64c640987e10.jpg,masks/da993a7b974c45cdb5cd64c640987e10.png,da993a7b974c45cdb5cd64c640987e10,3
images/07e09dfb76b8443e83b60d504fd4d9c0.jpg,masks/07e09dfb76b8443e83b60d504fd4d9c0.png,07e09dfb76b8443e83b60d504fd4d9c0,3
images/7cb45cdbd6de4c52bf1a73114e6c865e.jpg,masks/7cb45cdbd6de4c52bf1a73114e6c865e.png,7cb45cdbd6de4c52bf1a73114e6c865e,3
images/088a3122ea68490a95b32037325b3cfd.jpg,masks/088a3122ea68490a95b32037325b3cfd.png,088a3122ea68490a95b32037325b3cfd,3
images/5dd92677e5b940f5ae0dc4d79201258c.jpg,masks/5dd92677e5b940f5ae0dc4d79201258c.png,5dd92677e5b940f5ae0dc4d79201258c,3
images/501352731db04aa681abdbf094d9a144.jpg,masks/501352731db04aa681abdbf094d9a144.png,501352731db04aa681abdbf094d9a144,3
images/0de9c1b01a5048ea82d382e13941d0a5.jpg,masks/0de9c1b01a5048ea82d382e13941d0a5.png,0de9c1b01a5048ea82d382e13941d0a5,3
images/d656df4a5840468ba3715ef988e7acb2.jpg,masks/d656df4a5840468ba3715ef988e7acb2.png,d656df4a5840468ba3715ef988e7acb2,3
images/0b5816dba99a4c2380d736eaecdd3a50.jpg,masks/0b5816dba99a4c2380d736eaecdd3a50.png,0b5816dba99a4c2380d736eaecdd3a50,3
images/476d78b829d8430a860c5f8d7d9820ab.jpg,masks/476d78b829d8430a860c5f8d7d9820ab.png,476d78b829d8430a860c5f8d7d9820ab,3
images/11922ef7e7a14e5c836287ce7be156e1.jpg,masks/11922ef7e7a14e5c836287ce7be156e1.png,11922ef7e7a14e5c836287ce7be156e1,3
images/811423b6e991404dbed43371b0d67163.jpg,masks/811423b6e991404dbed43371b0d67163.png,811423b6e991404dbed43371b0d67163,3
images/a30ea78bf9b6470aadfc898eb08ca51e.jpg,masks/a30ea78bf9b6470aadfc898eb08ca51e.png,a30ea78bf9b6470aadfc898eb08ca51e,3
images/fe5676e2b834428f904021d1a8391d50.jpg,masks/fe5676e2b834428f904021d1a8391d50.png,fe5676e2b834428f904021d1a8391d50,3
images/8cd6cdd6d56b411eba8a66c37c659914.jpg,masks/8cd6cdd6d56b411eba8a66c37c659914.png,8cd6cdd6d56b411eba8a66c37c659914,3
images/d0a7c080e46443fa8acc242c0e613d4c.jpg,masks/d0a7c080e46443fa8acc242c0e613d4c.png,d0a7c080e46443fa8acc242c0e613d4c,3
images/ccb4e178aed641628058ade7dc036b7a.jpg,masks/ccb4e178aed641628058ade7dc036b7a.png,ccb4e178aed641628058ade7dc036b7a,3
images/b52ee13fd3c2483a84ca07b5a7608d86.jpg,masks/b52ee13fd3c2483a84ca07b5a7608d86.png,b52ee13fd3c2483a84ca07b5a7608d86,3
images/2aa4b42b45194766ab7fc83f4c0084ae.jpg,masks/2aa4b42b45194766ab7fc83f4c0084ae.png,2aa4b42b45194766ab7fc83f4c0084ae,3
images/7871d6a12ef24866b5723e6cfb9c1d19.jpg,masks/7871d6a12ef24866b5723e6cfb9c1d19.png,7871d6a12ef24866b5723e6cfb9c1d19,3
images/232dd926a90e4df58d27ca83cbab3adb.jpg,masks/232dd926a90e4df58d27ca83cbab3adb.png,232dd926a90e4df58d27ca83cbab3adb,3
images/1863f105b78a44ad8fdbf7237660c664.jpg,masks/1863f105b78a44ad8fdbf7237660c664.png,1863f105b78a44ad8fdbf7237660c664,3
images/cb2ce0a4650f430ebacbf08f477645e6.jpg,masks/cb2ce0a4650f430ebacbf08f477645e6.png,cb2ce0a4650f430ebacbf08f477645e6,3
images/e8d8a0d9b6c047d1a032d88b5636a1ad.jpg,masks/e8d8a0d9b6c047d1a032d88b5636a1ad.png,e8d8a0d9b6c047d1a032d88b5636a1ad,3
images/db952a0b8fb349bba04573f32e743fac.jpg,masks/db952a0b8fb349bba04573f32e743fac.png,db952a0b8fb349bba04573f32e743fac,3
images/ffe80ac0346244b1a6eb9f19be289e5c.jpg,masks/ffe80ac0346244b1a6eb9f19be289e5c.png,ffe80ac0346244b1a6eb9f19be289e5c,3
images/7b52f2b8317b4bd7bc24ab290ddb4941.jpg,masks/7b52f2b8317b4bd7bc24ab290ddb4941.png,7b52f2b8317b4bd7bc24ab290ddb4941,3
images/b0e8af3b10fb4ed2bb912ac47cc8375f.jpg,masks/b0e8af3b10fb4ed2bb912ac47cc8375f.png,b0e8af3b10fb4ed2bb912ac47cc8375f,3
images/2aba3f344c9044929db6037a4cb51399.jpg,masks/2aba3f344c9044929db6037a4cb51399.png,2aba3f344c9044929db6037a4cb51399,3
images/1f6198f01e4348aea43ddaa08e4af48b.jpg,masks/1f6198f01e4348aea43ddaa08e4af48b.png,1f6198f01e4348aea43ddaa08e4af48b,3
images/d1fa7ae9da574632813cdb1febe34adf.jpg,masks/d1fa7ae9da574632813cdb1febe34adf.png,d1fa7ae9da574632813cdb1febe34adf,3
images/e55b32a4850a4b608e939bf4ba02bd3d.jpg,masks/e55b32a4850a4b608e939bf4ba02bd3d.png,e55b32a4850a4b608e939bf4ba02bd3d,3
images/3181c82cf50541b6b61b310c3db8a646.jpg,masks/3181c82cf50541b6b61b310c3db8a646.png,3181c82cf50541b6b61b310c3db8a646,3
images/e3952c590d654a08acba6ccad4982895.jpg,masks/e3952c590d654a08acba6ccad4982895.png,e3952c590d654a08acba6ccad4982895,3
images/24ada3c057fb46dcbe4ae3b41f08b71c.jpg,masks/24ada3c057fb46dcbe4ae3b41f08b71c.png,24ada3c057fb46dcbe4ae3b41f08b71c,3
images/c037f87ad3f9458b839891f5a411d419.jpg,masks/c037f87ad3f9458b839891f5a411d419.png,c037f87ad3f9458b839891f5a411d419,3
images/d84a495ce10d40e8aa600b1cc3920bbe.jpg,masks/d84a495ce10d40e8aa600b1cc3920bbe.png,d84a495ce10d40e8aa600b1cc3920bbe,3
images/7d8bc57964b045e19158aea09b2a6b02.jpg,masks/7d8bc57964b045e19158aea09b2a6b02.png,7d8bc57964b045e19158aea09b2a6b02,3
images/72ced2f35ae148daadd574fb3de21a63.jpg,masks/72ced2f35ae148daadd574fb3de21a63.png,72ced2f35ae148daadd574fb3de21a63,3
images/4fc3ffa3370e4fca873cc91147ffc0ff.jpg,masks/4fc3ffa3370e4fca873cc91147ffc0ff.png,4fc3ffa3370e4fca873cc91147ffc0ff,3
images/9abb854df7784e5f9d897e2b1e5d9144.jpg,masks/9abb854df7784e5f9d897e2b1e5d9144.png,9abb854df7784e5f9d897e2b1e5d9144,3
images/bba013845985429b980c19cbfb295788.jpg,masks/bba013845985429b980c19cbfb295788.png,bba013845985429b980c19cbfb295788,3
images/5a2ef884ec3e4fdeaee8ec2bcb6db569.jpg,masks/5a2ef884ec3e4fdeaee8ec2bcb6db569.png,5a2ef884ec3e4fdeaee8ec2bcb6db569,3
images/8f23ef37172f406fb541a2d4c2dcc66d.jpg,masks/8f23ef37172f406fb541a2d4c2dcc66d.png,8f23ef37172f406fb541a2d4c2dcc66d,3
images/926761050b7b4197a43680b783d35664.jpg,masks/926761050b7b4197a43680b783d35664.png,926761050b7b4197a43680b783d35664,3
images/635eec3ada5f4469b392addeab00c602.jpg,masks/635eec3ada5f4469b392addeab00c602.png,635eec3ada5f4469b392addeab00c602,3
images/cc93405715a34e82971f24d314824f77.jpg,masks/cc93405715a34e82971f24d314824f77.png,cc93405715a34e82971f24d314824f77,3
images/3093c1a6e35b4aa89caaebdd7608b0e8.jpg,masks/3093c1a6e35b4aa89caaebdd7608b0e8.png,3093c1a6e35b4aa89caaebdd7608b0e8,3
images/42cca565acda4bd5866b68e96f9efc8c.jpg,masks/42cca565acda4bd5866b68e96f9efc8c.png,42cca565acda4bd5866b68e96f9efc8c,3
images/bf0bc25f70c54312acf44153a0990ad2.jpg,masks/bf0bc25f70c54312acf44153a0990ad2.png,bf0bc25f70c54312acf44153a0990ad2,3
images/34da55ffbfae4ffe8c1591ab7abc5ccf.jpg,masks/34da55ffbfae4ffe8c1591ab7abc5ccf.png,34da55ffbfae4ffe8c1591ab7abc5ccf,3
images/10bd381b921e425299837b91c9805538.jpg,masks/10bd381b921e425299837b91c9805538.png,10bd381b921e425299837b91c9805538,3
images/60bb7e1b3eee425caa3deefad313aa86.jpg,masks/60bb7e1b3eee425caa3deefad313aa86.png,60bb7e1b3eee425caa3deefad313aa86,3
images/2ef07ce6e01449499bb7eafe6b77b283.jpg,masks/2ef07ce6e01449499bb7eafe6b77b283.png,2ef07ce6e01449499bb7eafe6b77b283,3
images/eadbf118bc284bdcaf562b9ec3ff80e3.jpg,masks/eadbf118bc284bdcaf562b9ec3ff80e3.png,eadbf118bc284bdcaf562b9ec3ff80e3,3
images/c4e3cebe29054c09a8029d01f85ff512.jpg,masks/c4e3cebe29054c09a8029d01f85ff512.png,c4e3cebe29054c09a8029d01f85ff512,3
images/84a5b8e5383b433086c2f39a65cd9f83.jpg,masks/84a5b8e5383b433086c2f39a65cd9f83.png,84a5b8e5383b433086c2f39a65cd9f83,3
images/ecd01fe521324fe094b28d39eecff086.jpg,masks/ecd01fe521324fe094b28d39eecff086.png,ecd01fe521324fe094b28d39eecff086,3
images/72b9ff1d9ee741e88ad1829bea886775.jpg,masks/72b9ff1d9ee741e88ad1829bea886775.png,72b9ff1d9ee741e88ad1829bea886775,3
images/effe0da1bc094e949e699e69139b63a0.jpg,masks/effe0da1bc094e949e699e69139b63a0.png,effe0da1bc094e949e699e69139b63a0,3
images/70423f17b1c24d8ea1790fd504cd6fdb.jpg,masks/70423f17b1c24d8ea1790fd504cd6fdb.png,70423f17b1c24d8ea1790fd504cd6fdb,3
images/83536fbc166e4d74852424da530263cf.jpg,masks/83536fbc166e4d74852424da530263cf.png,83536fbc166e4d74852424da530263cf,3
images/5695cc935c8846d1aa5e1a471d761271.jpg,masks/5695cc935c8846d1aa5e1a471d761271.png,5695cc935c8846d1aa5e1a471d761271,3
images/55be204ce50e4f88a3f7ac68a522671d.jpg,masks/55be204ce50e4f88a3f7ac68a522671d.png,55be204ce50e4f88a3f7ac68a522671d,3
images/b174abd7c3be4b8e80ec8c440c8b075c.jpg,masks/b174abd7c3be4b8e80ec8c440c8b075c.png,b174abd7c3be4b8e80ec8c440c8b075c,3
images/e2ca627a66e7487ca796ae83103bc1db.jpg,masks/e2ca627a66e7487ca796ae83103bc1db.png,e2ca627a66e7487ca796ae83103bc1db,3
images/e9706a7d940e49a6b8aa7a4126172b1b.jpg,masks/e9706a7d940e49a6b8aa7a4126172b1b.png,e9706a7d940e49a6b8aa7a4126172b1b,3
images/05bbde707aa347799b48e7f91bbef1c0.jpg,masks/05bbde707aa347799b48e7f91bbef1c0.png,05bbde707aa347799b48e7f91bbef1c0,3
images/d89f603440304f93b5676fa472594be5.jpg,masks/d89f603440304f93b5676fa472594be5.png,d89f603440304f93b5676fa472594be5,3
images/b0f3f7403ebc43bfb194a8f1eb387512.jpg,masks/b0f3f7403ebc43bfb194a8f1eb387512.png,b0f3f7403ebc43bfb194a8f1eb387512,3
images/4ab9ed97cbd444a18b2f138410612b6b.jpg,masks/4ab9ed97cbd444a18b2f138410612b6b.png,4ab9ed97cbd444a18b2f138410612b6b,3
images/af0bce91862d4e938e81775e10a80d85.jpg,masks/af0bce91862d4e938e81775e10a80d85.png,af0bce91862d4e938e81775e10a80d85,3
images/971b5e80a2fa4e27838dbd5115552524.jpg,masks/971b5e80a2fa4e27838dbd5115552524.png,971b5e80a2fa4e27838dbd5115552524,3
images/1e51670e73f440b08d9872f6693b089f.jpg,masks/1e51670e73f440b08d9872f6693b089f.png,1e51670e73f440b08d9872f6693b089f,3
images/6464bc0002624a06a04e7a11132b6431.jpg,masks/6464bc0002624a06a04e7a11132b6431.png,6464bc0002624a06a04e7a11132b6431,3
images/f3f81fac97e24a848ac48001c41abbd4.jpg,masks/f3f81fac97e24a848ac48001c41abbd4.png,f3f81fac97e24a848ac48001c41abbd4,3
images/5c71cc6975bc46c990a3c9cddcd23fb0.jpg,masks/5c71cc6975bc46c990a3c9cddcd23fb0.png,5c71cc6975bc46c990a3c9cddcd23fb0,3
images/f222db50372845c3bd1c7042ec12a6d2.jpg,masks/f222db50372845c3bd1c7042ec12a6d2.png,f222db50372845c3bd1c7042ec12a6d2,3
images/40b3fd49fa804f498910b7180cc55679.jpg,masks/40b3fd49fa804f498910b7180cc55679.png,40b3fd49fa804f498910b7180cc55679,3
images/f5680a882dd8430a8452e6b9f3e5acfc.jpg,masks/f5680a882dd8430a8452e6b9f3e5acfc.png,f5680a882dd8430a8452e6b9f3e5acfc,3
images/b0acdf65c6be4dc19acd768a13c4e8fc.jpg,masks/b0acdf65c6be4dc19acd768a13c4e8fc.png,b0acdf65c6be4dc19acd768a13c4e8fc,3
images/8e920bc409a6462998c25f6464ce8eca.jpg,masks/8e920bc409a6462998c25f6464ce8eca.png,8e920bc409a6462998c25f6464ce8eca,3
images/0937869153dd4c5d92de18f88bf08f88.jpg,masks/0937869153dd4c5d92de18f88bf08f88.png,0937869153dd4c5d92de18f88bf08f88,3
images/4ab2c3dc26e04cd8b11540d35041fb70.jpg,masks/4ab2c3dc26e04cd8b11540d35041fb70.png,4ab2c3dc26e04cd8b11540d35041fb70,3
images/73615450827e4052967203965293e8c3.jpg,masks/73615450827e4052967203965293e8c3.png,73615450827e4052967203965293e8c3,3
images/665e7602cee741edb19e42526dc5593b.jpg,masks/665e7602cee741edb19e42526dc5593b.png,665e7602cee741edb19e42526dc5593b,3
images/aaedc2a0764d4bce9ce980d58f1eeeb2.jpg,masks/aaedc2a0764d4bce9ce980d58f1eeeb2.png,aaedc2a0764d4bce9ce980d58f1eeeb2,3
images/87d057fa11044e99891a06c788c0c8f8.jpg,masks/87d057fa11044e99891a06c788c0c8f8.png,87d057fa11044e99891a06c788c0c8f8,3
images/76d88dd3de2d47a7bc69327919b45999.jpg,masks/76d88dd3de2d47a7bc69327919b45999.png,76d88dd3de2d47a7bc69327919b45999,3
images/5fdbbae6d2e343e49ead36f2177a0d7e.jpg,masks/5fdbbae6d2e343e49ead36f2177a0d7e.png,5fdbbae6d2e343e49ead36f2177a0d7e,3
images/2a589bddcfc44805989756cf5a853e59.jpg,masks/2a589bddcfc44805989756cf5a853e59.png,2a589bddcfc44805989756cf5a853e59,3
images/03198207516b45e9868dd8f9fd85470c.jpg,masks/03198207516b45e9868dd8f9fd85470c.png,03198207516b45e9868dd8f9fd85470c,3
images/b8481fb088ab4ae5aae6a322cd1939d8.jpg,masks/b8481fb088ab4ae5aae6a322cd1939d8.png,b8481fb088ab4ae5aae6a322cd1939d8,3
images/271f2c0cfb2348da963150ffe0cd66c7.jpg,masks/271f2c0cfb2348da963150ffe0cd66c7.png,271f2c0cfb2348da963150ffe0cd66c7,3
images/6465e2b7ad384b5385b31f26387b70ae.jpg,masks/6465e2b7ad384b5385b31f26387b70ae.png,6465e2b7ad384b5385b31f26387b70ae,3
images/0f595b6e36e746739ced7b12223dbdc0.jpg,masks/0f595b6e36e746739ced7b12223dbdc0.png,0f595b6e36e746739ced7b12223dbdc0,3
images/02d63786ccf14b7283c9059aa0f00afc.jpg,masks/02d63786ccf14b7283c9059aa0f00afc.png,02d63786ccf14b7283c9059aa0f00afc,3
images/de9eef32b0fa4105a5d667717c444d9b.jpg,masks/de9eef32b0fa4105a5d667717c444d9b.png,de9eef32b0fa4105a5d667717c444d9b,3
images/c3d7e9fca8674b58b3b213d3d1dd5840.jpg,masks/c3d7e9fca8674b58b3b213d3d1dd5840.png,c3d7e9fca8674b58b3b213d3d1dd5840,3
images/b002441df5d14883b5b407eaab85f0b5.jpg,masks/b002441df5d14883b5b407eaab85f0b5.png,b002441df5d14883b5b407eaab85f0b5,3
images/3a26ae5d8a8844d89e6d5e97952b87d4.jpg,masks/3a26ae5d8a8844d89e6d5e97952b87d4.png,3a26ae5d8a8844d89e6d5e97952b87d4,3
images/6d9bc243bacc427590a873231a574da1.jpg,masks/6d9bc243bacc427590a873231a574da1.png,6d9bc243bacc427590a873231a574da1,3
images/06e85c68289241cb98b554c12dfc69b9.jpg,masks/06e85c68289241cb98b554c12dfc69b9.png,06e85c68289241cb98b554c12dfc69b9,3
images/630f31ff2fbb496587ed89b06793efa5.jpg,masks/630f31ff2fbb496587ed89b06793efa5.png,630f31ff2fbb496587ed89b06793efa5,3
images/3ffac04df1c64f61b5b10fcff080996a.jpg,masks/3ffac04df1c64f61b5b10fcff080996a.png,3ffac04df1c64f61b5b10fcff080996a,3
images/359ca05cd6f645b79af19992f015afd5.jpg,masks/359ca05cd6f645b79af19992f015afd5.png,359ca05cd6f645b79af19992f015afd5,3
images/f9505a433d864c419c1c931ba72ccf9e.jpg,masks/f9505a433d864c419c1c931ba72ccf9e.png,f9505a433d864c419c1c931ba72ccf9e,3
images/ddf1bf5a8cb44a429499318b946346da.jpg,masks/ddf1bf5a8cb44a429499318b946346da.png,ddf1bf5a8cb44a429499318b946346da,3
images/c86591c7788a455b90728f13b906b9b9.jpg,masks/c86591c7788a455b90728f13b906b9b9.png,c86591c7788a455b90728f13b906b9b9,3
images/3045a67cf34e4c0eafdc80ba6f250a03.jpg,masks/3045a67cf34e4c0eafdc80ba6f250a03.png,3045a67cf34e4c0eafdc80ba6f250a03,3
images/367f851455db41efb8bf6a1d1b59400b.jpg,masks/367f851455db41efb8bf6a1d1b59400b.png,367f851455db41efb8bf6a1d1b59400b,3
images/00937b9dc7304c67acc2e2eba6557230.jpg,masks/00937b9dc7304c67acc2e2eba6557230.png,00937b9dc7304c67acc2e2eba6557230,3
images/69841a7f1efe41f0805ed77ea751c191.jpg,masks/69841a7f1efe41f0805ed77ea751c191.png,69841a7f1efe41f0805ed77ea751c191,3
images/68c337fc94d746888a162c56f0461150.jpg,masks/68c337fc94d746888a162c56f0461150.png,68c337fc94d746888a162c56f0461150,3
images/cb98a3e808324e6b83a94cb3bb0d212b.jpg,masks/cb98a3e808324e6b83a94cb3bb0d212b.png,cb98a3e808324e6b83a94cb3bb0d212b,3
images/3075a42bc29e4034961a261ec9705628.jpg,masks/3075a42bc29e4034961a261ec9705628.png,3075a42bc29e4034961a261ec9705628,3
images/de398ccf5de340a5a1aef6da70f88819.jpg,masks/de398ccf5de340a5a1aef6da70f88819.png,de398ccf5de340a5a1aef6da70f88819,3
images/5c05d7614fe442b7a3de99441c18c00a.jpg,masks/5c05d7614fe442b7a3de99441c18c00a.png,5c05d7614fe442b7a3de99441c18c00a,3
images/f2ed17edfb5541738f52a6c62806bfac.jpg,masks/f2ed17edfb5541738f52a6c62806bfac.png,f2ed17edfb5541738f52a6c62806bfac,3
images/1f291f97dc884e81b2e23c835dd138cb.jpg,masks/1f291f97dc884e81b2e23c835dd138cb.png,1f291f97dc884e81b2e23c835dd138cb,3
images/db65252fc4d3458faedb157e9f9ec09c.jpg,masks/db65252fc4d3458faedb157e9f9ec09c.png,db65252fc4d3458faedb157e9f9ec09c,3
images/6185e6e2fd1e42b0b3fda9d751683198.jpg,masks/6185e6e2fd1e42b0b3fda9d751683198.png,6185e6e2fd1e42b0b3fda9d751683198,3
images/fb62484cb9794a87817b24a972063568.jpg,masks/fb62484cb9794a87817b24a972063568.png,fb62484cb9794a87817b24a972063568,3
images/61de9bce223442fe9acded20a53706ce.jpg,masks/61de9bce223442fe9acded20a53706ce.png,61de9bce223442fe9acded20a53706ce,3
images/485ebf5ae4cd4209983a002401224e51.jpg,masks/485ebf5ae4cd4209983a002401224e51.png,485ebf5ae4cd4209983a002401224e51,3
images/b9adf8ddfdc9467194af13fea9352444.jpg,masks/b9adf8ddfdc9467194af13fea9352444.png,b9adf8ddfdc9467194af13fea9352444,3
images/d0a1c7736c274d929ed2aadf5f9c875e.jpg,masks/d0a1c7736c274d929ed2aadf5f9c875e.png,d0a1c7736c274d929ed2aadf5f9c875e,3
images/a95fba0bdfc94ac8a64435713a7f787c.jpg,masks/a95fba0bdfc94ac8a64435713a7f787c.png,a95fba0bdfc94ac8a64435713a7f787c,3
images/0be66c6958fa4d7499d4235dc84a719e.jpg,masks/0be66c6958fa4d7499d4235dc84a719e.png,0be66c6958fa4d7499d4235dc84a719e,3
images/e74040120d7f443bb2b5812c9e3c36b7.jpg,masks/e74040120d7f443bb2b5812c9e3c36b7.png,e74040120d7f443bb2b5812c9e3c36b7,3
images/c00b6885271049f2916abd43df5593f1.jpg,masks/c00b6885271049f2916abd43df5593f1.png,c00b6885271049f2916abd43df5593f1,3
images/b45e6d58f80b49c1870abcbc54489e25.jpg,masks/b45e6d58f80b49c1870abcbc54489e25.png,b45e6d58f80b49c1870abcbc54489e25,3
images/7279371525804567b52e6e5c40296bcc.jpg,masks/7279371525804567b52e6e5c40296bcc.png,7279371525804567b52e6e5c40296bcc,3
images/f0cba88c23c941ecac6d39897b835df7.jpg,masks/f0cba88c23c941ecac6d39897b835df7.png,f0cba88c23c941ecac6d39897b835df7,3
images/cac5ec15a5f14580928f7ef01e0b6fb3.jpg,masks/cac5ec15a5f14580928f7ef01e0b6fb3.png,cac5ec15a5f14580928f7ef01e0b6fb3,3
images/665ac6563202432bbde4a76b18538aef.jpg,masks/665ac6563202432bbde4a76b18538aef.png,665ac6563202432bbde4a76b18538aef,3
images/6ace1719bcd94c53bf8781c12a9078b2.jpg,masks/6ace1719bcd94c53bf8781c12a9078b2.png,6ace1719bcd94c53bf8781c12a9078b2,3
images/1bd2867ccbbc419aa261e457e3c14c05.jpg,masks/1bd2867ccbbc419aa261e457e3c14c05.png,1bd2867ccbbc419aa261e457e3c14c05,3
images/5b5bcd5aad2a43fbb885496c41b525e1.jpg,masks/5b5bcd5aad2a43fbb885496c41b525e1.png,5b5bcd5aad2a43fbb885496c41b525e1,3
images/c78ef974818140eebe1287c4e8cb9149.jpg,masks/c78ef974818140eebe1287c4e8cb9149.png,c78ef974818140eebe1287c4e8cb9149,3
images/0cb2e2d3b2144d02a1d5d845612d21a9.jpg,masks/0cb2e2d3b2144d02a1d5d845612d21a9.png,0cb2e2d3b2144d02a1d5d845612d21a9,3
images/7ade3cb522b9417eb8d26c755849f235.jpg,masks/7ade3cb522b9417eb8d26c755849f235.png,7ade3cb522b9417eb8d26c755849f235,3
images/a0434351d17d42bab526fa4fcf32000c.jpg,masks/a0434351d17d42bab526fa4fcf32000c.png,a0434351d17d42bab526fa4fcf32000c,3
images/c80e0cecf8244671a6b391e10bf5e7a2.jpg,masks/c80e0cecf8244671a6b391e10bf5e7a2.png,c80e0cecf8244671a6b391e10bf5e7a2,3
images/99b12ac440874acda2bce1a06d1052ef.jpg,masks/99b12ac440874acda2bce1a06d1052ef.png,99b12ac440874acda2bce1a06d1052ef,3
images/1433ea300cba4279a88254fb8d6a5322.jpg,masks/1433ea300cba4279a88254fb8d6a5322.png,1433ea300cba4279a88254fb8d6a5322,3
images/3fb3db47b09548e199c9aed3611d3429.jpg,masks/3fb3db47b09548e199c9aed3611d3429.png,3fb3db47b09548e199c9aed3611d3429,3
images/85160e6d5d3b478183ffdedde1d4501b.jpg,masks/85160e6d5d3b478183ffdedde1d4501b.png,85160e6d5d3b478183ffdedde1d4501b,3
images/f238d1336c0d4a3992f704bc8b82645f.jpg,masks/f238d1336c0d4a3992f704bc8b82645f.png,f238d1336c0d4a3992f704bc8b82645f,3
images/dce4f0e6a03e452fb5c295460ef30bba.jpg,masks/dce4f0e6a03e452fb5c295460ef30bba.png,dce4f0e6a03e452fb5c295460ef30bba,3
images/4555a286b1f34b119ca95662028b2c37.jpg,masks/4555a286b1f34b119ca95662028b2c37.png,4555a286b1f34b119ca95662028b2c37,3
images/5d27d030e1024dfd8f38065244283069.jpg,masks/5d27d030e1024dfd8f38065244283069.png,5d27d030e1024dfd8f38065244283069,3
images/aee42f2ff45f4f4c9d03294ff7a499de.jpg,masks/aee42f2ff45f4f4c9d03294ff7a499de.png,aee42f2ff45f4f4c9d03294ff7a499de,3
images/9e051ce7b2aa466296895799c12ccd23.jpg,masks/9e051ce7b2aa466296895799c12ccd23.png,9e051ce7b2aa466296895799c12ccd23,3
images/e2595734a5074b5481784508966fcbad.jpg,masks/e2595734a5074b5481784508966fcbad.png,e2595734a5074b5481784508966fcbad,3
images/54ff14f5279a4c918e0f9c0bb86e0191.jpg,masks/54ff14f5279a4c918e0f9c0bb86e0191.png,54ff14f5279a4c918e0f9c0bb86e0191,3
images/0078be63a1244399b4013c89a9ab54c0.jpg,masks/0078be63a1244399b4013c89a9ab54c0.png,0078be63a1244399b4013c89a9ab54c0,3
images/add1a910f3834bc6a2f6de54cb047c08.jpg,masks/add1a910f3834bc6a2f6de54cb047c08.png,add1a910f3834bc6a2f6de54cb047c08,3
images/168428d43e7c49d8a91a763dd90cdfe6.jpg,masks/168428d43e7c49d8a91a763dd90cdfe6.png,168428d43e7c49d8a91a763dd90cdfe6,3
images/11c5efdef3ae4fcbbcded36af40a80d6.jpg,masks/11c5efdef3ae4fcbbcded36af40a80d6.png,11c5efdef3ae4fcbbcded36af40a80d6,3
images/2473878758064ea0942144d6d6c3fd3d.jpg,masks/2473878758064ea0942144d6d6c3fd3d.png,2473878758064ea0942144d6d6c3fd3d,3
images/b58c3db804984f0d9d7aa386ba9e890d.jpg,masks/b58c3db804984f0d9d7aa386ba9e890d.png,b58c3db804984f0d9d7aa386ba9e890d,3
images/3786fc5bce904ce5ac864fe697afaccc.jpg,masks/3786fc5bce904ce5ac864fe697afaccc.png,3786fc5bce904ce5ac864fe697afaccc,3
images/d828744d80b6467ba141d335da00cf20.jpg,masks/d828744d80b6467ba141d335da00cf20.png,d828744d80b6467ba141d335da00cf20,3
images/38075ce5912b4034a95f1f2dfa045378.jpg,masks/38075ce5912b4034a95f1f2dfa045378.png,38075ce5912b4034a95f1f2dfa045378,3
images/c399508a7c8746799cc420f91cdf7e7b.jpg,masks/c399508a7c8746799cc420f91cdf7e7b.png,c399508a7c8746799cc420f91cdf7e7b,3
images/d8cb4232dca0449ea27700da369f0944.jpg,masks/d8cb4232dca0449ea27700da369f0944.png,d8cb4232dca0449ea27700da369f0944,3
images/5434658bbd8442759944be13ab675bf9.jpg,masks/5434658bbd8442759944be13ab675bf9.png,5434658bbd8442759944be13ab675bf9,3
images/2da9fe84a0b5422482ba99ef6a3591cf.jpg,masks/2da9fe84a0b5422482ba99ef6a3591cf.png,2da9fe84a0b5422482ba99ef6a3591cf,3
images/703ee51dd8ae4f37a6639da6894d9053.jpg,masks/703ee51dd8ae4f37a6639da6894d9053.png,703ee51dd8ae4f37a6639da6894d9053,3
images/18d2adb4a846431b81bd679ada561f25.jpg,masks/18d2adb4a846431b81bd679ada561f25.png,18d2adb4a846431b81bd679ada561f25,3
images/06d8fe6c8dea441b87522e358665d9d5.jpg,masks/06d8fe6c8dea441b87522e358665d9d5.png,06d8fe6c8dea441b87522e358665d9d5,3
images/3207b334b1cb4859ad3f796dd4065158.jpg,masks/3207b334b1cb4859ad3f796dd4065158.png,3207b334b1cb4859ad3f796dd4065158,3
images/94ee7c3037de48159d016b3d6434fdc7.jpg,masks/94ee7c3037de48159d016b3d6434fdc7.png,94ee7c3037de48159d016b3d6434fdc7,3
images/7dbf6f3590754f6f86a19c9cfac26ea6.jpg,masks/7dbf6f3590754f6f86a19c9cfac26ea6.png,7dbf6f3590754f6f86a19c9cfac26ea6,3
images/6d5bc7fb8e1f432296f66d6ed0b37a85.jpg,masks/6d5bc7fb8e1f432296f66d6ed0b37a85.png,6d5bc7fb8e1f432296f66d6ed0b37a85,3
images/ce9a702ffc3d4b76ad40469f9de285d3.jpg,masks/ce9a702ffc3d4b76ad40469f9de285d3.png,ce9a702ffc3d4b76ad40469f9de285d3,3
images/c95d12bee7c248bc80a87e1b566330ed.jpg,masks/c95d12bee7c248bc80a87e1b566330ed.png,c95d12bee7c248bc80a87e1b566330ed,3
images/35ae6ed5a6834a1eb7606182e23c200d.jpg,masks/35ae6ed5a6834a1eb7606182e23c200d.png,35ae6ed5a6834a1eb7606182e23c200d,3
images/f6d39fc641304f12a340a7dad1f73675.jpg,masks/f6d39fc641304f12a340a7dad1f73675.png,f6d39fc641304f12a340a7dad1f73675,3
images/c61efd2129c14095b3cf2470f51112d3.jpg,masks/c61efd2129c14095b3cf2470f51112d3.png,c61efd2129c14095b3cf2470f51112d3,3
images/fcd2e0b08e844544aecb7dc68dbaae11.jpg,masks/fcd2e0b08e844544aecb7dc68dbaae11.png,fcd2e0b08e844544aecb7dc68dbaae11,3
images/ce16f982f3a14b7ca4ef40a21f87247a.jpg,masks/ce16f982f3a14b7ca4ef40a21f87247a.png,ce16f982f3a14b7ca4ef40a21f87247a,3
images/b0ac6896ec12440caf62dc152122d4a3.jpg,masks/b0ac6896ec12440caf62dc152122d4a3.png,b0ac6896ec12440caf62dc152122d4a3,3
images/21e9f3e1d0844677ab70edd5219681ca.jpg,masks/21e9f3e1d0844677ab70edd5219681ca.png,21e9f3e1d0844677ab70edd5219681ca,3
images/8300850a79ba45ba91c7314d17564f9f.jpg,masks/8300850a79ba45ba91c7314d17564f9f.png,8300850a79ba45ba91c7314d17564f9f,3
images/a05ef2b1f1034cb9964e01b5de2e2b19.jpg,masks/a05ef2b1f1034cb9964e01b5de2e2b19.png,a05ef2b1f1034cb9964e01b5de2e2b19,3
images/b72a2ef931a342109e81ba959114bef9.jpg,masks/b72a2ef931a342109e81ba959114bef9.png,b72a2ef931a342109e81ba959114bef9,3
images/d2044525f5404482996e90b5284bb0a6.jpg,masks/d2044525f5404482996e90b5284bb0a6.png,d2044525f5404482996e90b5284bb0a6,3
images/547e28713ed34f0c9913bd66ced203d1.jpg,masks/547e28713ed34f0c9913bd66ced203d1.png,547e28713ed34f0c9913bd66ced203d1,3
images/12eb1732751b42379ca526abc870e6f3.jpg,masks/12eb1732751b42379ca526abc870e6f3.png,12eb1732751b42379ca526abc870e6f3,3
images/1e924ec09a9c402b928188fec957568d.jpg,masks/1e924ec09a9c402b928188fec957568d.png,1e924ec09a9c402b928188fec957568d,3
images/1db54024088a4b22a4cf28daa4d7fa63.jpg,masks/1db54024088a4b22a4cf28daa4d7fa63.png,1db54024088a4b22a4cf28daa4d7fa63,3
images/7b91011a16b54393a4444fd4211dbe47.jpg,masks/7b91011a16b54393a4444fd4211dbe47.png,7b91011a16b54393a4444fd4211dbe47,3
images/8ae2f72c27fd419abc31571a171b5db1.jpg,masks/8ae2f72c27fd419abc31571a171b5db1.png,8ae2f72c27fd419abc31571a171b5db1,3
images/41dca366aee64efcad922c1c636786d5.jpg,masks/41dca366aee64efcad922c1c636786d5.png,41dca366aee64efcad922c1c636786d5,3
images/5c1cf6c0a98f48d49e27dfe24344b4f7.jpg,masks/5c1cf6c0a98f48d49e27dfe24344b4f7.png,5c1cf6c0a98f48d49e27dfe24344b4f7,3
images/0603ebc402fc4b1d8f62260733e7422a.jpg,masks/0603ebc402fc4b1d8f62260733e7422a.png,0603ebc402fc4b1d8f62260733e7422a,3
images/8f0c0f2f5ab14598a5ad8bd150517444.jpg,masks/8f0c0f2f5ab14598a5ad8bd150517444.png,8f0c0f2f5ab14598a5ad8bd150517444,3
images/434fc8859bd941d7802c3132eb959347.jpg,masks/434fc8859bd941d7802c3132eb959347.png,434fc8859bd941d7802c3132eb959347,3
images/433e4dfdfe7048c29f49dd1808d4835f.jpg,masks/433e4dfdfe7048c29f49dd1808d4835f.png,433e4dfdfe7048c29f49dd1808d4835f,3
images/448296cd7ce744a280167783a159036d.jpg,masks/448296cd7ce744a280167783a159036d.png,448296cd7ce744a280167783a159036d,3
images/d1af9a70fd37452bb465d21d34cef401.jpg,masks/d1af9a70fd37452bb465d21d34cef401.png,d1af9a70fd37452bb465d21d34cef401,3
images/15f5be74f0e0466a96a459906b05a7f2.jpg,masks/15f5be74f0e0466a96a459906b05a7f2.png,15f5be74f0e0466a96a459906b05a7f2,3
images/578cb9efed8d405192baf2448e95a2e0.jpg,masks/578cb9efed8d405192baf2448e95a2e0.png,578cb9efed8d405192baf2448e95a2e0,3
images/4031d05b293d4099a3cc9949068d867d.jpg,masks/4031d05b293d4099a3cc9949068d867d.png,4031d05b293d4099a3cc9949068d867d,3
images/57fe3e48fb0b48cbabeb4b39dc16620a.jpg,masks/57fe3e48fb0b48cbabeb4b39dc16620a.png,57fe3e48fb0b48cbabeb4b39dc16620a,3
images/01c5ea6e5fce4c0cbbeaf4ee2d731af8.jpg,masks/01c5ea6e5fce4c0cbbeaf4ee2d731af8.png,01c5ea6e5fce4c0cbbeaf4ee2d731af8,3
images/77a2fb22836a4ba0b32a545a094d3fc5.jpg,masks/77a2fb22836a4ba0b32a545a094d3fc5.png,77a2fb22836a4ba0b32a545a094d3fc5,3
images/05bd10a5ee0a4b92abeaeddbfcd1f6ff.jpg,masks/05bd10a5ee0a4b92abeaeddbfcd1f6ff.png,05bd10a5ee0a4b92abeaeddbfcd1f6ff,3
images/7bdb15e5943f42b1be9c9c49490b5735.jpg,masks/7bdb15e5943f42b1be9c9c49490b5735.png,7bdb15e5943f42b1be9c9c49490b5735,3
images/9d83a997fa12406087e209ac7548626e.jpg,masks/9d83a997fa12406087e209ac7548626e.png,9d83a997fa12406087e209ac7548626e,3
images/675cf7b520e841b989f2adcbb96a64d8.jpg,masks/675cf7b520e841b989f2adcbb96a64d8.png,675cf7b520e841b989f2adcbb96a64d8,3
images/6bac017b430b46e3aaef1c0919cfc1d2.jpg,masks/6bac017b430b46e3aaef1c0919cfc1d2.png,6bac017b430b46e3aaef1c0919cfc1d2,3
images/9081db8cbc9d4b26a0e5a8c14ad52806.jpg,masks/9081db8cbc9d4b26a0e5a8c14ad52806.png,9081db8cbc9d4b26a0e5a8c14ad52806,3
images/616e9faefd6e4e7a99615448c81e759d.jpg,masks/616e9faefd6e4e7a99615448c81e759d.png,616e9faefd6e4e7a99615448c81e759d,3
images/dc8eb75a200543d298f3b4413db357a6.jpg,masks/dc8eb75a200543d298f3b4413db357a6.png,dc8eb75a200543d298f3b4413db357a6,3
images/d9d272a339ff40c7a7b71bae1e95307d.jpg,masks/d9d272a339ff40c7a7b71bae1e95307d.png,d9d272a339ff40c7a7b71bae1e95307d,3
images/53e9e59e06ef48b1b8c145223f6e9ee1.jpg,masks/53e9e59e06ef48b1b8c145223f6e9ee1.png,53e9e59e06ef48b1b8c145223f6e9ee1,3
images/ce0bac045e194379a1847228592ebb39.jpg,masks/ce0bac045e194379a1847228592ebb39.png,ce0bac045e194379a1847228592ebb39,3
images/b55ecb1f9a334b6087412285936ca5de.jpg,masks/b55ecb1f9a334b6087412285936ca5de.png,b55ecb1f9a334b6087412285936ca5de,3
images/d2634e09a16b4d768b662607a69ca627.jpg,masks/d2634e09a16b4d768b662607a69ca627.png,d2634e09a16b4d768b662607a69ca627,3
images/58cc43d50ff747409b02a2d1469b5f83.jpg,masks/58cc43d50ff747409b02a2d1469b5f83.png,58cc43d50ff747409b02a2d1469b5f83,3
images/dbd57803221a483f99833b15e5ffcd1e.jpg,masks/dbd57803221a483f99833b15e5ffcd1e.png,dbd57803221a483f99833b15e5ffcd1e,3
images/0433ed536ca14499aa7ba2fa3c63425f.jpg,masks/0433ed536ca14499aa7ba2fa3c63425f.png,0433ed536ca14499aa7ba2fa3c63425f,3
images/2127742cd4ee48ada8534f359b84d87a.jpg,masks/2127742cd4ee48ada8534f359b84d87a.png,2127742cd4ee48ada8534f359b84d87a,3
images/d486804badf74150b420e582d7a866f2.jpg,masks/d486804badf74150b420e582d7a866f2.png,d486804badf74150b420e582d7a866f2,3
images/5a5a3f475ce24b608ac050e946fde112.jpg,masks/5a5a3f475ce24b608ac050e946fde112.png,5a5a3f475ce24b608ac050e946fde112,3
images/df664b38539e46c8bb5b6c21de9a4782.jpg,masks/df664b38539e46c8bb5b6c21de9a4782.png,df664b38539e46c8bb5b6c21de9a4782,3
images/761658a4a462474c813828660cde21d1.jpg,masks/761658a4a462474c813828660cde21d1.png,761658a4a462474c813828660cde21d1,3
images/3f204fce8dc54772b27af682fbaefb95.jpg,masks/3f204fce8dc54772b27af682fbaefb95.png,3f204fce8dc54772b27af682fbaefb95,3
images/4daabd7031564779977d56e418e5ab38.jpg,masks/4daabd7031564779977d56e418e5ab38.png,4daabd7031564779977d56e418e5ab38,3
images/2b9a2b298d70419abfa00d092f671926.jpg,masks/2b9a2b298d70419abfa00d092f671926.png,2b9a2b298d70419abfa00d092f671926,3
images/c38b5923d8a34881939236262c2fb9ce.jpg,masks/c38b5923d8a34881939236262c2fb9ce.png,c38b5923d8a34881939236262c2fb9ce,3
images/a11e39a076104dc2b5f99e23a691da82.jpg,masks/a11e39a076104dc2b5f99e23a691da82.png,a11e39a076104dc2b5f99e23a691da82,3
images/3fdfce405aa342479e26583469f1ef56.jpg,masks/3fdfce405aa342479e26583469f1ef56.png,3fdfce405aa342479e26583469f1ef56,3
images/dfb2ec667c0c443d8df581b336ad7639.jpg,masks/dfb2ec667c0c443d8df581b336ad7639.png,dfb2ec667c0c443d8df581b336ad7639,3
images/f5771566302448cc9727220971e65bc4.jpg,masks/f5771566302448cc9727220971e65bc4.png,f5771566302448cc9727220971e65bc4,3
images/5e32c03551be4395b8c50c32c0ddc214.jpg,masks/5e32c03551be4395b8c50c32c0ddc214.png,5e32c03551be4395b8c50c32c0ddc214,3
images/2e7788235df6401a9b62a9a66d8168c5.jpg,masks/2e7788235df6401a9b62a9a66d8168c5.png,2e7788235df6401a9b62a9a66d8168c5,3
images/239f44fe58af4286866337da0b2faa86.jpg,masks/239f44fe58af4286866337da0b2faa86.png,239f44fe58af4286866337da0b2faa86,3
images/70fd4d9970974e49877adb67197f069a.jpg,masks/70fd4d9970974e49877adb67197f069a.png,70fd4d9970974e49877adb67197f069a,3
images/9697fb1812a0427b81e44ceced009774.jpg,masks/9697fb1812a0427b81e44ceced009774.png,9697fb1812a0427b81e44ceced009774,3
images/736a1c71aa264972af85e8a7748b26a8.jpg,masks/736a1c71aa264972af85e8a7748b26a8.png,736a1c71aa264972af85e8a7748b26a8,3
images/5dc087966b524d0e971a5b79365e783e.jpg,masks/5dc087966b524d0e971a5b79365e783e.png,5dc087966b524d0e971a5b79365e783e,3
images/a78088a9d24f49908483a0cae8a2421a.jpg,masks/a78088a9d24f49908483a0cae8a2421a.png,a78088a9d24f49908483a0cae8a2421a,3
images/587f7ed935534f6b94f5a2bad28e39f3.jpg,masks/587f7ed935534f6b94f5a2bad28e39f3.png,587f7ed935534f6b94f5a2bad28e39f3,3
images/0ac4be62144243a58bcadac91f1967d4.jpg,masks/0ac4be62144243a58bcadac91f1967d4.png,0ac4be62144243a58bcadac91f1967d4,3
images/a226cb177673484081bf36c83275a1aa.jpg,masks/a226cb177673484081bf36c83275a1aa.png,a226cb177673484081bf36c83275a1aa,3
images/515f46cb72d14dbd99bc43cd975d3130.jpg,masks/515f46cb72d14dbd99bc43cd975d3130.png,515f46cb72d14dbd99bc43cd975d3130,3
images/da9ed71711094053b3d4e06c0c4dd4bf.jpg,masks/da9ed71711094053b3d4e06c0c4dd4bf.png,da9ed71711094053b3d4e06c0c4dd4bf,3
images/243ba164d9d54b689224b41d12f08849.jpg,masks/243ba164d9d54b689224b41d12f08849.png,243ba164d9d54b689224b41d12f08849,3
images/67324a6b36bb48209821157a8065c739.jpg,masks/67324a6b36bb48209821157a8065c739.png,67324a6b36bb48209821157a8065c739,3
images/bbb73fdf59924077afdea1d07f40839c.jpg,masks/bbb73fdf59924077afdea1d07f40839c.png,bbb73fdf59924077afdea1d07f40839c,3
images/bc141506ff52424ab7735cb063f7d5e2.jpg,masks/bc141506ff52424ab7735cb063f7d5e2.png,bc141506ff52424ab7735cb063f7d5e2,3
images/2326831e8b034a9096d41d0553fa5b63.jpg,masks/2326831e8b034a9096d41d0553fa5b63.png,2326831e8b034a9096d41d0553fa5b63,3
images/14fdc39a1cbf4fc4ab46b9502262fe00.jpg,masks/14fdc39a1cbf4fc4ab46b9502262fe00.png,14fdc39a1cbf4fc4ab46b9502262fe00,3
images/9750c465fb1b48a6818bece10fec0b53.jpg,masks/9750c465fb1b48a6818bece10fec0b53.png,9750c465fb1b48a6818bece10fec0b53,3
images/5d8cb7b85f5a449eb63780c9129b37bd.jpg,masks/5d8cb7b85f5a449eb63780c9129b37bd.png,5d8cb7b85f5a449eb63780c9129b37bd,3
images/b786f1815daf438cb481c3e80c899a26.jpg,masks/b786f1815daf438cb481c3e80c899a26.png,b786f1815daf438cb481c3e80c899a26,3
images/dab9e6b7143b4c64858e17a480d499e2.jpg,masks/dab9e6b7143b4c64858e17a480d499e2.png,dab9e6b7143b4c64858e17a480d499e2,3
images/7c7701d4606743d79d36e58ab34fdd54.jpg,masks/7c7701d4606743d79d36e58ab34fdd54.png,7c7701d4606743d79d36e58ab34fdd54,3
images/b7c9ccf7156041a7ac284957bb26c4be.jpg,masks/b7c9ccf7156041a7ac284957bb26c4be.png,b7c9ccf7156041a7ac284957bb26c4be,3
images/259e1eb9b6ef46428b90a4bba9c8bb23.jpg,masks/259e1eb9b6ef46428b90a4bba9c8bb23.png,259e1eb9b6ef46428b90a4bba9c8bb23,3
images/7a50a1b8e42b411f99b9ba39c3386062.jpg,masks/7a50a1b8e42b411f99b9ba39c3386062.png,7a50a1b8e42b411f99b9ba39c3386062,3
images/f09c9662e21845abb526f925ababf282.jpg,masks/f09c9662e21845abb526f925ababf282.png,f09c9662e21845abb526f925ababf282,3
images/93ebca1e8aa749428ede7b7b2d5cb8b5.jpg,masks/93ebca1e8aa749428ede7b7b2d5cb8b5.png,93ebca1e8aa749428ede7b7b2d5cb8b5,3
images/26ed3e9bedf4428e94f6818fe7dc4624.jpg,masks/26ed3e9bedf4428e94f6818fe7dc4624.png,26ed3e9bedf4428e94f6818fe7dc4624,3
images/d6cc019c6acd46fb8c99da29eee10c81.jpg,masks/d6cc019c6acd46fb8c99da29eee10c81.png,d6cc019c6acd46fb8c99da29eee10c81,3
images/6ee6b3dde3264c31a07eefd214b185ad.jpg,masks/6ee6b3dde3264c31a07eefd214b185ad.png,6ee6b3dde3264c31a07eefd214b185ad,3
images/3317b7bcc90144689e15707e3354e7d6.jpg,masks/3317b7bcc90144689e15707e3354e7d6.png,3317b7bcc90144689e15707e3354e7d6,3
images/5ab45880f0c84cf5814d2d10cb8f7a3f.jpg,masks/5ab45880f0c84cf5814d2d10cb8f7a3f.png,5ab45880f0c84cf5814d2d10cb8f7a3f,3
images/64fe817a294d4d8690594548b97cf6c0.jpg,masks/64fe817a294d4d8690594548b97cf6c0.png,64fe817a294d4d8690594548b97cf6c0,3
images/10c87a4549ac4ccbb636d1c264c2a043.jpg,masks/10c87a4549ac4ccbb636d1c264c2a043.png,10c87a4549ac4ccbb636d1c264c2a043,3
images/7b105422ffbe47b7b1ad511c5396e2dd.jpg,masks/7b105422ffbe47b7b1ad511c5396e2dd.png,7b105422ffbe47b7b1ad511c5396e2dd,3
images/31c5265b8ce1429ea8a9e04b41425774.jpg,masks/31c5265b8ce1429ea8a9e04b41425774.png,31c5265b8ce1429ea8a9e04b41425774,3
images/002ba4bfc4914d6d8cf0f2855a9d72b6.jpg,masks/002ba4bfc4914d6d8cf0f2855a9d72b6.png,002ba4bfc4914d6d8cf0f2855a9d72b6,3
images/96560c0140d64bbaa7c7f0c7018b5cbd.jpg,masks/96560c0140d64bbaa7c7f0c7018b5cbd.png,96560c0140d64bbaa7c7f0c7018b5cbd,3
images/3496bce643114c908bb1ecdafda6f199.jpg,masks/3496bce643114c908bb1ecdafda6f199.png,3496bce643114c908bb1ecdafda6f199,3
images/5ef1117317834b2eb13485eb2a6f05c6.jpg,masks/5ef1117317834b2eb13485eb2a6f05c6.png,5ef1117317834b2eb13485eb2a6f05c6,3
images/4f65be1311bd4b06b3618dc1cc3088d6.jpg,masks/4f65be1311bd4b06b3618dc1cc3088d6.png,4f65be1311bd4b06b3618dc1cc3088d6,3
images/0c832a7a171a466f9029794a1a7fb586.jpg,masks/0c832a7a171a466f9029794a1a7fb586.png,0c832a7a171a466f9029794a1a7fb586,3
images/c93865c332ca48f7b4ecfc3a905f1cdd.jpg,masks/c93865c332ca48f7b4ecfc3a905f1cdd.png,c93865c332ca48f7b4ecfc3a905f1cdd,3
images/9b9f8787167c48bdb52aa825fea60256.jpg,masks/9b9f8787167c48bdb52aa825fea60256.png,9b9f8787167c48bdb52aa825fea60256,3
images/60912ffcf9cc416681f3d9725c667498.jpg,masks/60912ffcf9cc416681f3d9725c667498.png,60912ffcf9cc416681f3d9725c667498,3
images/0e9d6cd430c44bfbada65b20498e1474.jpg,masks/0e9d6cd430c44bfbada65b20498e1474.png,0e9d6cd430c44bfbada65b20498e1474,3
images/35818425a7584d6d9a86245e4bc0975a.jpg,masks/35818425a7584d6d9a86245e4bc0975a.png,35818425a7584d6d9a86245e4bc0975a,3
images/18c1cda2643f442ea7aba0cfa0a23f8c.jpg,masks/18c1cda2643f442ea7aba0cfa0a23f8c.png,18c1cda2643f442ea7aba0cfa0a23f8c,3
images/a225de11c7b64aa1a7cabf7dbdcd0598.jpg,masks/a225de11c7b64aa1a7cabf7dbdcd0598.png,a225de11c7b64aa1a7cabf7dbdcd0598,3
images/d1721c95aacd42d28f71b4864707635a.jpg,masks/d1721c95aacd42d28f71b4864707635a.png,d1721c95aacd42d28f71b4864707635a,3
images/583a8ddf695c44ef94d5927fb199934c.jpg,masks/583a8ddf695c44ef94d5927fb199934c.png,583a8ddf695c44ef94d5927fb199934c,3
images/893b73321fd9400bbad64774a584d4ac.jpg,masks/893b73321fd9400bbad64774a584d4ac.png,893b73321fd9400bbad64774a584d4ac,3
images/5afc920ac4bc4c5d9593cf6b5ca1542a.jpg,masks/5afc920ac4bc4c5d9593cf6b5ca1542a.png,5afc920ac4bc4c5d9593cf6b5ca1542a,3
images/8232cbae6e8d43d2a3aee71b4b91d641.jpg,masks/8232cbae6e8d43d2a3aee71b4b91d641.png,8232cbae6e8d43d2a3aee71b4b91d641,3
images/e24d0c030e334b7193274c6868b9a593.jpg,masks/e24d0c030e334b7193274c6868b9a593.png,e24d0c030e334b7193274c6868b9a593,3
images/c869a7c10298481baf412b4aad4a11f1.jpg,masks/c869a7c10298481baf412b4aad4a11f1.png,c869a7c10298481baf412b4aad4a11f1,3
images/9b9c77fdce114149b60eee860950ca73.jpg,masks/9b9c77fdce114149b60eee860950ca73.png,9b9c77fdce114149b60eee860950ca73,3
images/dbd4d5db28f2450bbb319b0e7f48854a.jpg,masks/dbd4d5db28f2450bbb319b0e7f48854a.png,dbd4d5db28f2450bbb319b0e7f48854a,3
images/3b9ee18575b342f9980179b831208fcb.jpg,masks/3b9ee18575b342f9980179b831208fcb.png,3b9ee18575b342f9980179b831208fcb,3
images/5c56d41bcac2493aae95c00324839339.jpg,masks/5c56d41bcac2493aae95c00324839339.png,5c56d41bcac2493aae95c00324839339,3
images/7bb1696114094086bfb3edd4120b5d1d.jpg,masks/7bb1696114094086bfb3edd4120b5d1d.png,7bb1696114094086bfb3edd4120b5d1d,3
images/1f73871adb7f40cdb8f1ad33861c1a05.jpg,masks/1f73871adb7f40cdb8f1ad33861c1a05.png,1f73871adb7f40cdb8f1ad33861c1a05,3
images/ab1c902e16844c54b74be4a66ddacda6.jpg,masks/ab1c902e16844c54b74be4a66ddacda6.png,ab1c902e16844c54b74be4a66ddacda6,3
images/d7b2afec60c34956a862828057322a3c.jpg,masks/d7b2afec60c34956a862828057322a3c.png,d7b2afec60c34956a862828057322a3c,3
images/b7228fa635c5400bb201e35de3e2ca2c.jpg,masks/b7228fa635c5400bb201e35de3e2ca2c.png,b7228fa635c5400bb201e35de3e2ca2c,3
images/7d3f8a91f40c4f31b9b5fd86af9f6b41.jpg,masks/7d3f8a91f40c4f31b9b5fd86af9f6b41.png,7d3f8a91f40c4f31b9b5fd86af9f6b41,3
images/fdf640ef10f24896bdb342f759456ee5.jpg,masks/fdf640ef10f24896bdb342f759456ee5.png,fdf640ef10f24896bdb342f759456ee5,3
images/38c0a78362774b5590403dba3eb32887.jpg,masks/38c0a78362774b5590403dba3eb32887.png,38c0a78362774b5590403dba3eb32887,3
images/a3b336e6dbb4409dbcc3d7ad99720ae7.jpg,masks/a3b336e6dbb4409dbcc3d7ad99720ae7.png,a3b336e6dbb4409dbcc3d7ad99720ae7,3
images/8e2abb2a02bc426bbcf720a6f9639299.jpg,masks/8e2abb2a02bc426bbcf720a6f9639299.png,8e2abb2a02bc426bbcf720a6f9639299,3
images/dab1fa48321c4b26b3448d4bdaabd879.jpg,masks/dab1fa48321c4b26b3448d4bdaabd879.png,dab1fa48321c4b26b3448d4bdaabd879,3
images/20f8693054ed440aa910809fb2ed1b03.jpg,masks/20f8693054ed440aa910809fb2ed1b03.png,20f8693054ed440aa910809fb2ed1b03,3
images/344873edb3e6426993fff8827fde9703.jpg,masks/344873edb3e6426993fff8827fde9703.png,344873edb3e6426993fff8827fde9703,3
images/1fda035167fa4211a80e9f4a4e5f74b7.jpg,masks/1fda035167fa4211a80e9f4a4e5f74b7.png,1fda035167fa4211a80e9f4a4e5f74b7,3
images/32c9597c640a4c2b8375bf6e00dc04cf.jpg,masks/32c9597c640a4c2b8375bf6e00dc04cf.png,32c9597c640a4c2b8375bf6e00dc04cf,3
images/3f67e0086de34946a9cfff0063ccd728.jpg,masks/3f67e0086de34946a9cfff0063ccd728.png,3f67e0086de34946a9cfff0063ccd728,3
images/366a2b1deb2c45d496bb6b34e9e3ae23.jpg,masks/366a2b1deb2c45d496bb6b34e9e3ae23.png,366a2b1deb2c45d496bb6b34e9e3ae23,3
images/79cf5ae784554cab90f1a0d240d47fad.jpg,masks/79cf5ae784554cab90f1a0d240d47fad.png,79cf5ae784554cab90f1a0d240d47fad,3
images/7b80d5c882084cc3b74126a3f7771e4e.jpg,masks/7b80d5c882084cc3b74126a3f7771e4e.png,7b80d5c882084cc3b74126a3f7771e4e,3
images/76e30622351845559ead12c422d53c76.jpg,masks/76e30622351845559ead12c422d53c76.png,76e30622351845559ead12c422d53c76,3
images/02aa3a52ace543fea5611a6eff6b397e.jpg,masks/02aa3a52ace543fea5611a6eff6b397e.png,02aa3a52ace543fea5611a6eff6b397e,3
images/dfe7d08011b0451ea5fb9b0d57cf7353.jpg,masks/dfe7d08011b0451ea5fb9b0d57cf7353.png,dfe7d08011b0451ea5fb9b0d57cf7353,3
images/e1cd1841b44a4dc48a6035f1ac713851.jpg,masks/e1cd1841b44a4dc48a6035f1ac713851.png,e1cd1841b44a4dc48a6035f1ac713851,3
images/80ef62225d0940038a35692bd94b0cee.jpg,masks/80ef62225d0940038a35692bd94b0cee.png,80ef62225d0940038a35692bd94b0cee,3
images/5daa7004f15d4aba8133be9ed893d227.jpg,masks/5daa7004f15d4aba8133be9ed893d227.png,5daa7004f15d4aba8133be9ed893d227,3
images/f000c11e3b284f829d8466e9377084f2.jpg,masks/f000c11e3b284f829d8466e9377084f2.png,f000c11e3b284f829d8466e9377084f2,3
images/74efae2511a14f68b402e5d435e1d9d0.jpg,masks/74efae2511a14f68b402e5d435e1d9d0.png,74efae2511a14f68b402e5d435e1d9d0,3
images/eb21545e8a7b4d528a9669dfa32e681e.jpg,masks/eb21545e8a7b4d528a9669dfa32e681e.png,eb21545e8a7b4d528a9669dfa32e681e,3
images/58a57dfd7c774c9aaf61967a154844af.jpg,masks/58a57dfd7c774c9aaf61967a154844af.png,58a57dfd7c774c9aaf61967a154844af,3
images/7e20c06b24d1478bb30399bbdfdb5b68.jpg,masks/7e20c06b24d1478bb30399bbdfdb5b68.png,7e20c06b24d1478bb30399bbdfdb5b68,3
images/25f3f2695ce84b989fbb32e2f7db2d76.jpg,masks/25f3f2695ce84b989fbb32e2f7db2d76.png,25f3f2695ce84b989fbb32e2f7db2d76,3
images/33796a18c9a34b43a93604755fc40dd1.jpg,masks/33796a18c9a34b43a93604755fc40dd1.png,33796a18c9a34b43a93604755fc40dd1,3
images/83addce6722d41e592e91b913089ad52.jpg,masks/83addce6722d41e592e91b913089ad52.png,83addce6722d41e592e91b913089ad52,3
images/8222351cc5f7495b9831559c3443ad39.jpg,masks/8222351cc5f7495b9831559c3443ad39.png,8222351cc5f7495b9831559c3443ad39,3
images/2f6485cf6a694b76ae2fba8086033eec.jpg,masks/2f6485cf6a694b76ae2fba8086033eec.png,2f6485cf6a694b76ae2fba8086033eec,3
images/3dcaafcbf6704b08bd829f16a8ea11af.jpg,masks/3dcaafcbf6704b08bd829f16a8ea11af.png,3dcaafcbf6704b08bd829f16a8ea11af,3
images/b996fd6357ac485392979c6a70fdcc40.jpg,masks/b996fd6357ac485392979c6a70fdcc40.png,b996fd6357ac485392979c6a70fdcc40,3
images/6592c29fc19e430c94eda1a7145267df.jpg,masks/6592c29fc19e430c94eda1a7145267df.png,6592c29fc19e430c94eda1a7145267df,3
images/2a73865d9782444fbe73681789831d75.jpg,masks/2a73865d9782444fbe73681789831d75.png,2a73865d9782444fbe73681789831d75,3
images/6e05b6a1813144ae86b7677aab7dbdf4.jpg,masks/6e05b6a1813144ae86b7677aab7dbdf4.png,6e05b6a1813144ae86b7677aab7dbdf4,3
images/341543b58bbe42999b3b3ca8b6efa644.jpg,masks/341543b58bbe42999b3b3ca8b6efa644.png,341543b58bbe42999b3b3ca8b6efa644,3
images/583bf3f57a7248779f7fde252db2356b.jpg,masks/583bf3f57a7248779f7fde252db2356b.png,583bf3f57a7248779f7fde252db2356b,3
images/b79bac7aab2844659f74bed0f24012d2.jpg,masks/b79bac7aab2844659f74bed0f24012d2.png,b79bac7aab2844659f74bed0f24012d2,3
images/01f8dcf2ba104e56ae47df6ba50f6cd9.jpg,masks/01f8dcf2ba104e56ae47df6ba50f6cd9.png,01f8dcf2ba104e56ae47df6ba50f6cd9,3
images/508d2fad58fe470cac0e382ab50735c5.jpg,masks/508d2fad58fe470cac0e382ab50735c5.png,508d2fad58fe470cac0e382ab50735c5,3
images/6bf496a966544b3c902e5a4673fe1628.jpg,masks/6bf496a966544b3c902e5a4673fe1628.png,6bf496a966544b3c902e5a4673fe1628,3
images/7419b87fdb744a448386ce07cb68f73d.jpg,masks/7419b87fdb744a448386ce07cb68f73d.png,7419b87fdb744a448386ce07cb68f73d,3
images/10e6b1469a5d4a2d8bb18578a88c9864.jpg,masks/10e6b1469a5d4a2d8bb18578a88c9864.png,10e6b1469a5d4a2d8bb18578a88c9864,3
images/dd0ee108612e40aea6d30ff2de89f9d2.jpg,masks/dd0ee108612e40aea6d30ff2de89f9d2.png,dd0ee108612e40aea6d30ff2de89f9d2,3
images/863ec33a5a564b6f9c4b515075e6e55f.jpg,masks/863ec33a5a564b6f9c4b515075e6e55f.png,863ec33a5a564b6f9c4b515075e6e55f,3
images/fe057a28f92045369a7fcd6ff68be5b2.jpg,masks/fe057a28f92045369a7fcd6ff68be5b2.png,fe057a28f92045369a7fcd6ff68be5b2,3
images/fff6bf9142994e9fb224b373829b021e.jpg,masks/fff6bf9142994e9fb224b373829b021e.png,fff6bf9142994e9fb224b373829b021e,3
images/3e7f15a56b7148f8aa0b026429caad20.jpg,masks/3e7f15a56b7148f8aa0b026429caad20.png,3e7f15a56b7148f8aa0b026429caad20,3
images/f0ffe24457e84e4e904e0e36b982fac6.jpg,masks/f0ffe24457e84e4e904e0e36b982fac6.png,f0ffe24457e84e4e904e0e36b982fac6,3
images/6fffcdb5860e4788ba6f5933971c5f49.jpg,masks/6fffcdb5860e4788ba6f5933971c5f49.png,6fffcdb5860e4788ba6f5933971c5f49,3
images/1585dadd75c042a7862df2370adf8c99.jpg,masks/1585dadd75c042a7862df2370adf8c99.png,1585dadd75c042a7862df2370adf8c99,3
images/8f5022513c9246b4af82b96dd0d017ce.jpg,masks/8f5022513c9246b4af82b96dd0d017ce.png,8f5022513c9246b4af82b96dd0d017ce,3
images/7d5ced41df9845339123c71d43adb553.jpg,masks/7d5ced41df9845339123c71d43adb553.png,7d5ced41df9845339123c71d43adb553,3
images/9a05e447147c4f86bc40365902d252a3.jpg,masks/9a05e447147c4f86bc40365902d252a3.png,9a05e447147c4f86bc40365902d252a3,3
images/27d3d391a50b485496ca383ea579cb43.jpg,masks/27d3d391a50b485496ca383ea579cb43.png,27d3d391a50b485496ca383ea579cb43,3
images/87b8af93e44c42b9afb0e6d527e863f5.jpg,masks/87b8af93e44c42b9afb0e6d527e863f5.png,87b8af93e44c42b9afb0e6d527e863f5,3
images/d8572657c12f4e5198b670a1a5ccb1fe.jpg,masks/d8572657c12f4e5198b670a1a5ccb1fe.png,d8572657c12f4e5198b670a1a5ccb1fe,3
images/0cf4559fa5924a28a3449d1f6f151973.jpg,masks/0cf4559fa5924a28a3449d1f6f151973.png,0cf4559fa5924a28a3449d1f6f151973,3
images/7781fa97467a4a1d8d5e28758dc3047d.jpg,masks/7781fa97467a4a1d8d5e28758dc3047d.png,7781fa97467a4a1d8d5e28758dc3047d,3
images/14faf83f48cd46a0b27c117db0579d32.jpg,masks/14faf83f48cd46a0b27c117db0579d32.png,14faf83f48cd46a0b27c117db0579d32,3
images/c68100e9325a4c968f2bb03839bb169a.jpg,masks/c68100e9325a4c968f2bb03839bb169a.png,c68100e9325a4c968f2bb03839bb169a,3
images/94fc03e3e3a242f48d76d75010f393b5.jpg,masks/94fc03e3e3a242f48d76d75010f393b5.png,94fc03e3e3a242f48d76d75010f393b5,3
images/e78debacab844601a7b39fb3e7f6d9e8.jpg,masks/e78debacab844601a7b39fb3e7f6d9e8.png,e78debacab844601a7b39fb3e7f6d9e8,3
images/e0e8c22c7b87466b8f0b20d8b112a75b.jpg,masks/e0e8c22c7b87466b8f0b20d8b112a75b.png,e0e8c22c7b87466b8f0b20d8b112a75b,3
images/ed06cd938fca46d58ea64bbce8ffdd8a.jpg,masks/ed06cd938fca46d58ea64bbce8ffdd8a.png,ed06cd938fca46d58ea64bbce8ffdd8a,3
images/82a470b3b9f54c5681c91e0cbafb086c.jpg,masks/82a470b3b9f54c5681c91e0cbafb086c.png,82a470b3b9f54c5681c91e0cbafb086c,3
images/5ac1ee45a6d2433fac4fd7af2697a211.jpg,masks/5ac1ee45a6d2433fac4fd7af2697a211.png,5ac1ee45a6d2433fac4fd7af2697a211,3
images/371f1749edc44057954c1af17a175907.jpg,masks/371f1749edc44057954c1af17a175907.png,371f1749edc44057954c1af17a175907,3
images/b71ed980302048f1bb38fb00ae7cf1f9.jpg,masks/b71ed980302048f1bb38fb00ae7cf1f9.png,b71ed980302048f1bb38fb00ae7cf1f9,3
images/22152562819f45af9f20dad21d2faf07.jpg,masks/22152562819f45af9f20dad21d2faf07.png,22152562819f45af9f20dad21d2faf07,3
images/4601ce01439c423eb9edb0d2885aacee.jpg,masks/4601ce01439c423eb9edb0d2885aacee.png,4601ce01439c423eb9edb0d2885aacee,3
images/2c5cea6887944e6c974c4562ce63eda3.jpg,masks/2c5cea6887944e6c974c4562ce63eda3.png,2c5cea6887944e6c974c4562ce63eda3,3
images/83821e21140b4ead8d959eedf56f0c5c.jpg,masks/83821e21140b4ead8d959eedf56f0c5c.png,83821e21140b4ead8d959eedf56f0c5c,3
images/28fbeb8ddf6448b8875383f4c7cc6dc4.jpg,masks/28fbeb8ddf6448b8875383f4c7cc6dc4.png,28fbeb8ddf6448b8875383f4c7cc6dc4,3
images/42c2144ad55748b2beee78fa8287ef4f.jpg,masks/42c2144ad55748b2beee78fa8287ef4f.png,42c2144ad55748b2beee78fa8287ef4f,3
images/49ca0891d6a94a358b38525b29aa3d45.jpg,masks/49ca0891d6a94a358b38525b29aa3d45.png,49ca0891d6a94a358b38525b29aa3d45,3
images/6f37f5a0bee14ad38f67ec8d0f884133.jpg,masks/6f37f5a0bee14ad38f67ec8d0f884133.png,6f37f5a0bee14ad38f67ec8d0f884133,3
images/a214337dedf84f0da8c157347a67c3af.jpg,masks/a214337dedf84f0da8c157347a67c3af.png,a214337dedf84f0da8c157347a67c3af,3
images/3eccb2fbefb6497282c660485c9e34c6.jpg,masks/3eccb2fbefb6497282c660485c9e34c6.png,3eccb2fbefb6497282c660485c9e34c6,3
images/fdc611c3cb98407190ce20856a66df97.jpg,masks/fdc611c3cb98407190ce20856a66df97.png,fdc611c3cb98407190ce20856a66df97,3
images/2500bff41ea94fbaaab8dd046459be6e.jpg,masks/2500bff41ea94fbaaab8dd046459be6e.png,2500bff41ea94fbaaab8dd046459be6e,3
images/ae63b7466c11440f8e57350c68874924.jpg,masks/ae63b7466c11440f8e57350c68874924.png,ae63b7466c11440f8e57350c68874924,3
images/82d9cffb813542358178a47b1bcc87f6.jpg,masks/82d9cffb813542358178a47b1bcc87f6.png,82d9cffb813542358178a47b1bcc87f6,3
images/9e0abdafb9d1401bad08950531fcb830.jpg,masks/9e0abdafb9d1401bad08950531fcb830.png,9e0abdafb9d1401bad08950531fcb830,3
images/73026c1891d9469aba5c3c64a805cf67.jpg,masks/73026c1891d9469aba5c3c64a805cf67.png,73026c1891d9469aba5c3c64a805cf67,3
images/7e8d1934de974ca6af955a2d320f1360.jpg,masks/7e8d1934de974ca6af955a2d320f1360.png,7e8d1934de974ca6af955a2d320f1360,3
images/dca5f4bba5214708af19e339083f13b0.jpg,masks/dca5f4bba5214708af19e339083f13b0.png,dca5f4bba5214708af19e339083f13b0,3
images/67753edf14ea4562bb572be42ae9be42.jpg,masks/67753edf14ea4562bb572be42ae9be42.png,67753edf14ea4562bb572be42ae9be42,3
images/c9c2afe234a84f419808c2faf7a9c250.jpg,masks/c9c2afe234a84f419808c2faf7a9c250.png,c9c2afe234a84f419808c2faf7a9c250,3
images/c7e5739dba7147349fa926a9101a3545.jpg,masks/c7e5739dba7147349fa926a9101a3545.png,c7e5739dba7147349fa926a9101a3545,3
images/dbf0de7a50cb4d2daf9de3b0dfe53690.jpg,masks/dbf0de7a50cb4d2daf9de3b0dfe53690.png,dbf0de7a50cb4d2daf9de3b0dfe53690,3
images/915e32e7c98e49b6af2332f960056426.jpg,masks/915e32e7c98e49b6af2332f960056426.png,915e32e7c98e49b6af2332f960056426,3
images/bc582d537485442ab151556766d32329.jpg,masks/bc582d537485442ab151556766d32329.png,bc582d537485442ab151556766d32329,3
images/8586f79b6cc94c78a5ec9c8af6aee914.jpg,masks/8586f79b6cc94c78a5ec9c8af6aee914.png,8586f79b6cc94c78a5ec9c8af6aee914,3
images/b6e359f580084d5ba285fd29d8ac3acf.jpg,masks/b6e359f580084d5ba285fd29d8ac3acf.png,b6e359f580084d5ba285fd29d8ac3acf,3
images/c293fa346e8f4eff9e2d225b8bcaf39d.jpg,masks/c293fa346e8f4eff9e2d225b8bcaf39d.png,c293fa346e8f4eff9e2d225b8bcaf39d,3
images/ee5c134577d54c739a9e12bb4bc83032.jpg,masks/ee5c134577d54c739a9e12bb4bc83032.png,ee5c134577d54c739a9e12bb4bc83032,3
images/948a03d029f04b77b678f3ae3c129e01.jpg,masks/948a03d029f04b77b678f3ae3c129e01.png,948a03d029f04b77b678f3ae3c129e01,3
images/5ace41494a0b4613b0998fdadabdc1b7.jpg,masks/5ace41494a0b4613b0998fdadabdc1b7.png,5ace41494a0b4613b0998fdadabdc1b7,3
images/fb1e5af13ee94c2eb69fd64f12e10e82.jpg,masks/fb1e5af13ee94c2eb69fd64f12e10e82.png,fb1e5af13ee94c2eb69fd64f12e10e82,3
images/e81c33c2dd3247a4bb31c5d825ebf2a8.jpg,masks/e81c33c2dd3247a4bb31c5d825ebf2a8.png,e81c33c2dd3247a4bb31c5d825ebf2a8,3
images/dab79a5484ea4444a2e1d8580f8b9546.jpg,masks/dab79a5484ea4444a2e1d8580f8b9546.png,dab79a5484ea4444a2e1d8580f8b9546,3
images/84e8ea01daa34ef2963ec79655e55436.jpg,masks/84e8ea01daa34ef2963ec79655e55436.png,84e8ea01daa34ef2963ec79655e55436,3
images/c6e4568927084f228e3213d330b865ad.jpg,masks/c6e4568927084f228e3213d330b865ad.png,c6e4568927084f228e3213d330b865ad,3
images/697cab79cf2f4bc38b95e33c471b40e1.jpg,masks/697cab79cf2f4bc38b95e33c471b40e1.png,697cab79cf2f4bc38b95e33c471b40e1,3
images/dbca7e88f1404508aa2bd9ce7f4d8705.jpg,masks/dbca7e88f1404508aa2bd9ce7f4d8705.png,dbca7e88f1404508aa2bd9ce7f4d8705,3
images/b98f7afc69d442a480815cbdf773fe76.jpg,masks/b98f7afc69d442a480815cbdf773fe76.png,b98f7afc69d442a480815cbdf773fe76,3
images/8033e55c8b504c4d88e3cc13bb2f2ba5.jpg,masks/8033e55c8b504c4d88e3cc13bb2f2ba5.png,8033e55c8b504c4d88e3cc13bb2f2ba5,3
images/bde5f16f4e3949118e6f373d3823b381.jpg,masks/bde5f16f4e3949118e6f373d3823b381.png,bde5f16f4e3949118e6f373d3823b381,3
images/5bf88690454d4765be3e7d69ee941124.jpg,masks/5bf88690454d4765be3e7d69ee941124.png,5bf88690454d4765be3e7d69ee941124,3
images/d5ebdc8908004fe4bba946e4519ba68a.jpg,masks/d5ebdc8908004fe4bba946e4519ba68a.png,d5ebdc8908004fe4bba946e4519ba68a,3
images/e686105491cd4d11b0b9773f942b3047.jpg,masks/e686105491cd4d11b0b9773f942b3047.png,e686105491cd4d11b0b9773f942b3047,3
images/cea671f436bc4de6815dcaca539c28cf.jpg,masks/cea671f436bc4de6815dcaca539c28cf.png,cea671f436bc4de6815dcaca539c28cf,3
images/a55aaf393e5a40349a6b4666871c588d.jpg,masks/a55aaf393e5a40349a6b4666871c588d.png,a55aaf393e5a40349a6b4666871c588d,3
images/bb32e0ee3d7045049bb1f72abc0b2324.jpg,masks/bb32e0ee3d7045049bb1f72abc0b2324.png,bb32e0ee3d7045049bb1f72abc0b2324,3
images/364e877364054605812c714e59ce194b.jpg,masks/364e877364054605812c714e59ce194b.png,364e877364054605812c714e59ce194b,3
images/d8e4c59e56e44ed68b786fcc016049c7.jpg,masks/d8e4c59e56e44ed68b786fcc016049c7.png,d8e4c59e56e44ed68b786fcc016049c7,3
images/054a0649c9c841c18e48720c142ec562.jpg,masks/054a0649c9c841c18e48720c142ec562.png,054a0649c9c841c18e48720c142ec562,3
images/b7dfa7cf9b3841bfbbc5263a4f5a2ea0.jpg,masks/b7dfa7cf9b3841bfbbc5263a4f5a2ea0.png,b7dfa7cf9b3841bfbbc5263a4f5a2ea0,3
images/f66b352bf7b64075865e19f5b6a3b7dc.jpg,masks/f66b352bf7b64075865e19f5b6a3b7dc.png,f66b352bf7b64075865e19f5b6a3b7dc,3
images/bba92cf3043d460eab3c2a7e8d9e2e9c.jpg,masks/bba92cf3043d460eab3c2a7e8d9e2e9c.png,bba92cf3043d460eab3c2a7e8d9e2e9c,3
images/63faa6bb436144cdbee9f8a3b092f5e5.jpg,masks/63faa6bb436144cdbee9f8a3b092f5e5.png,63faa6bb436144cdbee9f8a3b092f5e5,3
images/9a1892fe56a34ee097d7f9c8ee4ea32f.jpg,masks/9a1892fe56a34ee097d7f9c8ee4ea32f.png,9a1892fe56a34ee097d7f9c8ee4ea32f,3
images/f98467602d1e4d87960ff470ccb50394.jpg,masks/f98467602d1e4d87960ff470ccb50394.png,f98467602d1e4d87960ff470ccb50394,3
images/ce34beab59114b87b6b490cf661a1713.jpg,masks/ce34beab59114b87b6b490cf661a1713.png,ce34beab59114b87b6b490cf661a1713,3
images/3b907896c0174df68fa1ad4dcfda666a.jpg,masks/3b907896c0174df68fa1ad4dcfda666a.png,3b907896c0174df68fa1ad4dcfda666a,3
images/723a512e999644608f2b49f28f28c97f.jpg,masks/723a512e999644608f2b49f28f28c97f.png,723a512e999644608f2b49f28f28c97f,3
images/4a99e44497f6464ba7835bb98687c18b.jpg,masks/4a99e44497f6464ba7835bb98687c18b.png,4a99e44497f6464ba7835bb98687c18b,3
images/a1105e529e814144948c3480942819bd.jpg,masks/a1105e529e814144948c3480942819bd.png,a1105e529e814144948c3480942819bd,3
images/9b24f064212d41a9ba66e2537a2ff50c.jpg,masks/9b24f064212d41a9ba66e2537a2ff50c.png,9b24f064212d41a9ba66e2537a2ff50c,3
images/7a4b278225f84026acafa6f4ad0b5bfb.jpg,masks/7a4b278225f84026acafa6f4ad0b5bfb.png,7a4b278225f84026acafa6f4ad0b5bfb,3
images/d3544e4e23034fa5be4f3c1521c19132.jpg,masks/d3544e4e23034fa5be4f3c1521c19132.png,d3544e4e23034fa5be4f3c1521c19132,3
images/23dcf43339474856ad3ad2676bcfc76b.jpg,masks/23dcf43339474856ad3ad2676bcfc76b.png,23dcf43339474856ad3ad2676bcfc76b,3
images/76a2352727da4b90904f348d2b815917.jpg,masks/76a2352727da4b90904f348d2b815917.png,76a2352727da4b90904f348d2b815917,3
images/e708ac39e5d04edeb5d6d3d332ff1184.jpg,masks/e708ac39e5d04edeb5d6d3d332ff1184.png,e708ac39e5d04edeb5d6d3d332ff1184,3
images/12dcd2a223e244379b4b742625cb4493.jpg,masks/12dcd2a223e244379b4b742625cb4493.png,12dcd2a223e244379b4b742625cb4493,3
images/98acb50236fc499eb39951f5bc0d0f8b.jpg,masks/98acb50236fc499eb39951f5bc0d0f8b.png,98acb50236fc499eb39951f5bc0d0f8b,3
images/e538d757b22342ee8521e42a9902b1ef.jpg,masks/e538d757b22342ee8521e42a9902b1ef.png,e538d757b22342ee8521e42a9902b1ef,3
images/8a5b97a262d64bcc8f0590985fd2ed20.jpg,masks/8a5b97a262d64bcc8f0590985fd2ed20.png,8a5b97a262d64bcc8f0590985fd2ed20,3
images/b94237cb79cb4ecdbe5430e882b226aa.jpg,masks/b94237cb79cb4ecdbe5430e882b226aa.png,b94237cb79cb4ecdbe5430e882b226aa,3
images/9b5de586253a4d90ad1333dcdb56f0b5.jpg,masks/9b5de586253a4d90ad1333dcdb56f0b5.png,9b5de586253a4d90ad1333dcdb56f0b5,3
images/49f40cbf8d794868a4cf88f4b3999ee4.jpg,masks/49f40cbf8d794868a4cf88f4b3999ee4.png,49f40cbf8d794868a4cf88f4b3999ee4,3
images/d1b1cead7ca3402b87adc2d5d917b532.jpg,masks/d1b1cead7ca3402b87adc2d5d917b532.png,d1b1cead7ca3402b87adc2d5d917b532,3
images/8bd33e724fee41b091c3579c010cedcf.jpg,masks/8bd33e724fee41b091c3579c010cedcf.png,8bd33e724fee41b091c3579c010cedcf,3
images/92fa746feff244a781a435c478671247.jpg,masks/92fa746feff244a781a435c478671247.png,92fa746feff244a781a435c478671247,3
images/e45e25b6b95945cd9655ab469b4d9a61.jpg,masks/e45e25b6b95945cd9655ab469b4d9a61.png,e45e25b6b95945cd9655ab469b4d9a61,3
images/6d283cc23ec7479a901d2a84f4ba0475.jpg,masks/6d283cc23ec7479a901d2a84f4ba0475.png,6d283cc23ec7479a901d2a84f4ba0475,3
images/771a470832664563b2a687a2af05cce2.jpg,masks/771a470832664563b2a687a2af05cce2.png,771a470832664563b2a687a2af05cce2,3
images/dfb0b4c223134eb4b1484a7bc0eb9d2e.jpg,masks/dfb0b4c223134eb4b1484a7bc0eb9d2e.png,dfb0b4c223134eb4b1484a7bc0eb9d2e,3
images/b35aadb3d2fb40b89fe693311157f849.jpg,masks/b35aadb3d2fb40b89fe693311157f849.png,b35aadb3d2fb40b89fe693311157f849,3
images/804b0991f4c64393ac3797975c3b4500.jpg,masks/804b0991f4c64393ac3797975c3b4500.png,804b0991f4c64393ac3797975c3b4500,3
images/a43b9a1db9d84e769444321b84445890.jpg,masks/a43b9a1db9d84e769444321b84445890.png,a43b9a1db9d84e769444321b84445890,3
images/f40ab4e5696c4813b600a28b8278ed06.jpg,masks/f40ab4e5696c4813b600a28b8278ed06.png,f40ab4e5696c4813b600a28b8278ed06,3
images/2a5f9f18a1db4a0b85898cc4ce93221a.jpg,masks/2a5f9f18a1db4a0b85898cc4ce93221a.png,2a5f9f18a1db4a0b85898cc4ce93221a,3
images/ccaffaf3e6ce40db8cb8c0f18dbbe7a6.jpg,masks/ccaffaf3e6ce40db8cb8c0f18dbbe7a6.png,ccaffaf3e6ce40db8cb8c0f18dbbe7a6,3
images/a6fd658eec774d679cee45e4680904aa.jpg,masks/a6fd658eec774d679cee45e4680904aa.png,a6fd658eec774d679cee45e4680904aa,3
images/a5f514191bef4ef28aa3dadd6dd06673.jpg,masks/a5f514191bef4ef28aa3dadd6dd06673.png,a5f514191bef4ef28aa3dadd6dd06673,3
images/14725a2167bc4928b21369a256f60143.jpg,masks/14725a2167bc4928b21369a256f60143.png,14725a2167bc4928b21369a256f60143,3
images/be99264d269341bcad942a656a0e77d5.jpg,masks/be99264d269341bcad942a656a0e77d5.png,be99264d269341bcad942a656a0e77d5,3
images/9e6ef49679e648c9a62980344c8489ef.jpg,masks/9e6ef49679e648c9a62980344c8489ef.png,9e6ef49679e648c9a62980344c8489ef,3
images/756a94bff33644e49f1bb1325d9ba8f7.jpg,masks/756a94bff33644e49f1bb1325d9ba8f7.png,756a94bff33644e49f1bb1325d9ba8f7,3
images/336214f2cde34cfbb26f7f12cac0b24e.jpg,masks/336214f2cde34cfbb26f7f12cac0b24e.png,336214f2cde34cfbb26f7f12cac0b24e,3
images/02fe4602bc474f3d8be9cd401f67069d.jpg,masks/02fe4602bc474f3d8be9cd401f67069d.png,02fe4602bc474f3d8be9cd401f67069d,3
images/7b0ded98339c49d084738ffb62502ba0.jpg,masks/7b0ded98339c49d084738ffb62502ba0.png,7b0ded98339c49d084738ffb62502ba0,3
images/cf70f6854d364e10ba9dfd9d8e326c33.jpg,masks/cf70f6854d364e10ba9dfd9d8e326c33.png,cf70f6854d364e10ba9dfd9d8e326c33,3
images/4207a7a55d914e999d168cf6f3e9a382.jpg,masks/4207a7a55d914e999d168cf6f3e9a382.png,4207a7a55d914e999d168cf6f3e9a382,3
images/99b646dfd2be40a594f74b1f1e6bc92b.jpg,masks/99b646dfd2be40a594f74b1f1e6bc92b.png,99b646dfd2be40a594f74b1f1e6bc92b,3
images/654844e0dd4742f88212d2f35da4d5bc.jpg,masks/654844e0dd4742f88212d2f35da4d5bc.png,654844e0dd4742f88212d2f35da4d5bc,3
images/af049cf17cb94befa18cae3e842f010a.jpg,masks/af049cf17cb94befa18cae3e842f010a.png,af049cf17cb94befa18cae3e842f010a,3
images/af09ed9d647347af87318f5692f1150b.jpg,masks/af09ed9d647347af87318f5692f1150b.png,af09ed9d647347af87318f5692f1150b,3
images/9ac4136cfe1449fa821fc804e57a68a3.jpg,masks/9ac4136cfe1449fa821fc804e57a68a3.png,9ac4136cfe1449fa821fc804e57a68a3,3
images/82e7328e5e0049e6a297b5facecdbda6.jpg,masks/82e7328e5e0049e6a297b5facecdbda6.png,82e7328e5e0049e6a297b5facecdbda6,3
images/7693fe10b259466f8c71f8815887e903.jpg,masks/7693fe10b259466f8c71f8815887e903.png,7693fe10b259466f8c71f8815887e903,3
images/9cc8fb229ed34c838613de63716ca6b0.jpg,masks/9cc8fb229ed34c838613de63716ca6b0.png,9cc8fb229ed34c838613de63716ca6b0,3
images/ae0b4f5d3d4044c08088c483b2555eb6.jpg,masks/ae0b4f5d3d4044c08088c483b2555eb6.png,ae0b4f5d3d4044c08088c483b2555eb6,3
images/523e4813d90540968698675b3eb59483.jpg,masks/523e4813d90540968698675b3eb59483.png,523e4813d90540968698675b3eb59483,3
images/3377fc1898f8420fb578f762de821aae.jpg,masks/3377fc1898f8420fb578f762de821aae.png,3377fc1898f8420fb578f762de821aae,3
images/a93e1a6b9a604ee384eed1713ec19cba.jpg,masks/a93e1a6b9a604ee384eed1713ec19cba.png,a93e1a6b9a604ee384eed1713ec19cba,3
images/3f16cd1d1eea4cad84061383ece46e9e.jpg,masks/3f16cd1d1eea4cad84061383ece46e9e.png,3f16cd1d1eea4cad84061383ece46e9e,3
images/ff2faf8abd084710a697b1a96a85b68a.jpg,masks/ff2faf8abd084710a697b1a96a85b68a.png,ff2faf8abd084710a697b1a96a85b68a,3
images/f496b431cc2e4e28b5b556ee581036aa.jpg,masks/f496b431cc2e4e28b5b556ee581036aa.png,f496b431cc2e4e28b5b556ee581036aa,3
images/e7bcab92dee547f588d4bf449a4fee30.jpg,masks/e7bcab92dee547f588d4bf449a4fee30.png,e7bcab92dee547f588d4bf449a4fee30,3
images/34357efc38464acea781c4cb30801bf9.jpg,masks/34357efc38464acea781c4cb30801bf9.png,34357efc38464acea781c4cb30801bf9,3
images/10a562c6243747328776372fe56836ef.jpg,masks/10a562c6243747328776372fe56836ef.png,10a562c6243747328776372fe56836ef,3
images/eb4b761b8a644417bf05ebbf433e2fd4.jpg,masks/eb4b761b8a644417bf05ebbf433e2fd4.png,eb4b761b8a644417bf05ebbf433e2fd4,3
images/c617e59392a74fb78b8ec5bb0b550565.jpg,masks/c617e59392a74fb78b8ec5bb0b550565.png,c617e59392a74fb78b8ec5bb0b550565,3
images/0aa34b8d427d45639b7626e0497ce6bd.jpg,masks/0aa34b8d427d45639b7626e0497ce6bd.png,0aa34b8d427d45639b7626e0497ce6bd,3
images/a7e7b1c725a442fe8c38bd00fbe1dc66.jpg,masks/a7e7b1c725a442fe8c38bd00fbe1dc66.png,a7e7b1c725a442fe8c38bd00fbe1dc66,3
images/c7703581a3634beb996236ce5e8f95a5.jpg,masks/c7703581a3634beb996236ce5e8f95a5.png,c7703581a3634beb996236ce5e8f95a5,3
images/92e0f2faba1a40a78cb5953b8a785086.jpg,masks/92e0f2faba1a40a78cb5953b8a785086.png,92e0f2faba1a40a78cb5953b8a785086,3
images/e7dab22e175b41d39c05efe1ba2197e0.jpg,masks/e7dab22e175b41d39c05efe1ba2197e0.png,e7dab22e175b41d39c05efe1ba2197e0,3
images/084bd7653e12416aa2ec83add79e98b1.jpg,masks/084bd7653e12416aa2ec83add79e98b1.png,084bd7653e12416aa2ec83add79e98b1,3
images/0fbfa89e98b44fe5bf0473a07d5de3d5.jpg,masks/0fbfa89e98b44fe5bf0473a07d5de3d5.png,0fbfa89e98b44fe5bf0473a07d5de3d5,3
images/6413d6a7e040441db493b54c0bd08731.jpg,masks/6413d6a7e040441db493b54c0bd08731.png,6413d6a7e040441db493b54c0bd08731,3
images/0fb2769dace04b14a8aaf9973bbe0da2.jpg,masks/0fb2769dace04b14a8aaf9973bbe0da2.png,0fb2769dace04b14a8aaf9973bbe0da2,3
images/e1ecf670707f4ef68fd5ffb42ee8e242.jpg,masks/e1ecf670707f4ef68fd5ffb42ee8e242.png,e1ecf670707f4ef68fd5ffb42ee8e242,3
images/f3469b8578c045519befb6c819b63ac5.jpg,masks/f3469b8578c045519befb6c819b63ac5.png,f3469b8578c045519befb6c819b63ac5,3
images/c3556e78d38b472a96293e40fe82e457.jpg,masks/c3556e78d38b472a96293e40fe82e457.png,c3556e78d38b472a96293e40fe82e457,3
images/905163c9b5ee4b9ba76f3b170bad194e.jpg,masks/905163c9b5ee4b9ba76f3b170bad194e.png,905163c9b5ee4b9ba76f3b170bad194e,3
images/1e60088c8ca94f449703d42e067e63f4.jpg,masks/1e60088c8ca94f449703d42e067e63f4.png,1e60088c8ca94f449703d42e067e63f4,3
images/2c2610f829b24d31a5ee85d2feac21e2.jpg,masks/2c2610f829b24d31a5ee85d2feac21e2.png,2c2610f829b24d31a5ee85d2feac21e2,3
images/7ca57e29fff7462e9af317d0ffbc7b8f.jpg,masks/7ca57e29fff7462e9af317d0ffbc7b8f.png,7ca57e29fff7462e9af317d0ffbc7b8f,3
images/d29adc8d6142490784d9d685df3686e3.jpg,masks/d29adc8d6142490784d9d685df3686e3.png,d29adc8d6142490784d9d685df3686e3,3
images/91fb3cbecfe34e06b672a0d3bde45ea1.jpg,masks/91fb3cbecfe34e06b672a0d3bde45ea1.png,91fb3cbecfe34e06b672a0d3bde45ea1,3
images/dfffdaeb4f3e4862ab7824ea177b6e8c.jpg,masks/dfffdaeb4f3e4862ab7824ea177b6e8c.png,dfffdaeb4f3e4862ab7824ea177b6e8c,3
images/8d06b517f02f484db2e54ff3117c78a7.jpg,masks/8d06b517f02f484db2e54ff3117c78a7.png,8d06b517f02f484db2e54ff3117c78a7,3
images/5804e4038415477d8d10e96a3de174b4.jpg,masks/5804e4038415477d8d10e96a3de174b4.png,5804e4038415477d8d10e96a3de174b4,3
images/2c3e395440074ee2bf5d98ba160ca676.jpg,masks/2c3e395440074ee2bf5d98ba160ca676.png,2c3e395440074ee2bf5d98ba160ca676,3
images/6de24853abb64cf7bb422d83ef36375e.jpg,masks/6de24853abb64cf7bb422d83ef36375e.png,6de24853abb64cf7bb422d83ef36375e,3
images/6234f9ec4868431298b721c9e29627b6.jpg,masks/6234f9ec4868431298b721c9e29627b6.png,6234f9ec4868431298b721c9e29627b6,3
images/c1bb2a6bfc6f48ea80756c5567ff8440.jpg,masks/c1bb2a6bfc6f48ea80756c5567ff8440.png,c1bb2a6bfc6f48ea80756c5567ff8440,3
images/4a4073b1e4504a23abcecf87bdf8e577.jpg,masks/4a4073b1e4504a23abcecf87bdf8e577.png,4a4073b1e4504a23abcecf87bdf8e577,3
images/ecaef297d1ba4d838f9bac8aaa8bcbc1.jpg,masks/ecaef297d1ba4d838f9bac8aaa8bcbc1.png,ecaef297d1ba4d838f9bac8aaa8bcbc1,3
images/02d00fd82c2a4f0c8ef6fe823c22090b.jpg,masks/02d00fd82c2a4f0c8ef6fe823c22090b.png,02d00fd82c2a4f0c8ef6fe823c22090b,3
images/52ac0a0f636645d0af8ccc0c38cc597e.jpg,masks/52ac0a0f636645d0af8ccc0c38cc597e.png,52ac0a0f636645d0af8ccc0c38cc597e,3
images/ccc016ac9a7f4be8a67f1154947769ab.jpg,masks/ccc016ac9a7f4be8a67f1154947769ab.png,ccc016ac9a7f4be8a67f1154947769ab,3
images/0869d6657d134ecf89bb7b41cd6d75f6.jpg,masks/0869d6657d134ecf89bb7b41cd6d75f6.png,0869d6657d134ecf89bb7b41cd6d75f6,3
images/48e281a4c5a04802868822d219eba757.jpg,masks/48e281a4c5a04802868822d219eba757.png,48e281a4c5a04802868822d219eba757,3
images/744bfc6c3fa74d41b17f66df36ac14cf.jpg,masks/744bfc6c3fa74d41b17f66df36ac14cf.png,744bfc6c3fa74d41b17f66df36ac14cf,3
