filename,label,is_anomaly,role
0ee653a4f5434716a1de5efd6c2723fc,6,0,CALIBRATION
19039a43b1644180be98e8c39f5fa5bd,6,0,CALIBRATION
1ad16dcea4a8456696c9078b934bcc15,6,0,CALIBRATION
2fffcffd06e945b6a9d3dc40c0b4ed7f,6,0,CALIBRATION
3387d383ebc44b209225c9732fb57c5a,6,0,CALIBRATION
3e5ead12d4024c6793871f2bf042d045,6,0,CALIBRATION
4380a84094d0462fabcd0ed36153016f,6,0,CALIBRATION
47f2559af3ff4ae695c8d0785425056f,6,0,CALIBRATION
48c1abd802f440e0b1d0d5f2181bf79a,6,0,CALIBRATION
4a35dba8302d462a8f28176cddcb92d5,6,0,CALIBRATION
529004b1d3ef4b208884146922534cfe,6,0,CALIBRATION
58fa584bcc9c4e75815f0b0c02410607,6,0,CALIBRATION
5f8b5a183ed3492cb81d3734cd47c29c,6,0,CALIBRATION
61b90b63dcb9479c9a7064c07a4d6645,6,0,CALIBRATION
662673f5bf06427aaba1cf91b6dbaaf7,6,0,CALIBRATION
75de489a0dd540c9a58256e5b02c27af,6,0,CALIBRATION
7942dbe142cd423fb4f615cdc383b35a,6,0,CALIBRATION
80128a65381d4febb98b434b8c2da852,6,0,CALIBRATION
822d37feaed748b1a24dcafa0e3bfa97,6,0,CALIBRATION
85228ffbec764b838b319e42d78ab96e,6,0,CALIBRATION
8631b03f1c824be2918c370deff952e3,6,0,CALIBRATION
88965bce1a804cd6b754de7f50c43471,6,0,CALIBRATION
8a0a3492db88428d998390d3b6deff7f,6,0,CALIBRATION
90262194cd4a4cb0b9dd90d0f3f3de33,6,0,CALIBRATION
914fb20844ac470da0f8ea22b2d5d7ae,6,0,CALIBRATION
97d9007f618b4df8ab0f55148ecc44d1,6,0,CALIBRATION
9d5ba933c3f9410cbb20dc9a0a62ced4,6,0,CALIBRATION
a24634e910564e9ca283d23cc4dde1ff,6,0,CALIBRATION
a6805b35d09d4b1ea3f0b1b51de6e32e,6,0,CALIBRATION
a7060e5f32b34a9eb716d6a64cb5431b,6,0,CALIBRATION
b4c5a36308f744299ac0630934c02588,6,0,CALIBRATION
b6b2b4ac7bc74b78b771849d25dcbfa0,6,0,CALIBRATION
b716c9abfa8c4fb99cb2a0ba56ca1c98,6,0,CALIBRATION
b7ade80d4706456baec44a68e9af55ee,6,0,CALIBRATION
bc228459f662459f80fbce99bedd9d20,6,0,CALIBRATION
bd6f29ebe7584435a3bb21daa8d9842a,6,0,CALIBRATION
c9c1df9795fa4a8a9293c4077ceb430f,6,0,CALIBRATION
d0b796def98543e2a0357bed29fd83fd,6,0,CALIBRATION
d6f7d2e0fbfd4781b073b5c7dc642619,6,0,CALIBRATION
e164dd09cd3e4ee5872166facccc9c4c,6,0,CALIBRATION
e43cce40f446493dab61d3ff30b17fbc,6,0,CALIBRATION
ea0ccf9087aa4cd8995288cc0ab6d2ba,6,0,CALIBRATION
f3517241b6414013abe798cd97354341,6,0,CALIBRATION
f6ede391e3b84eeb99dfcab8bcb452b2,6,0,CALIBRATION
fcfa9ba42433420b9f21e88b59cee0db,6,0,CALIBRATION
0017d91a631f4eeead5d810b314fd3b2,3,1,POLICY_VALIDATION
0024e071a0d547ac8d261f496de039b3,3,1,POLICY_VALIDATION
00b6c17bee1345458384080eb445f1db,3,1,POLICY_VALIDATION
00c7cc3a99af4416a638405f39026262,3,1,POLICY_VALIDATION
00dafa82d50842588b5c3320bf9b4f86,3,1,POLICY_VALIDATION
01ac37becca34f9a9ef181712006dacd,3,1,POLICY_VALIDATION
01b20c7ad4b74638b2fbf48173ae566d,3,1,POLICY_VALIDATION
01b7f82a0e8c472d9029169b77e36153,3,1,POLICY_VALIDATION
01c94b4d87874d22bfa9b7811b067f27,3,1,POLICY_VALIDATION
01fb0133824e4afd8cbba5e3854f08d8,6,0,POLICY_VALIDATION
02eb67b876de41e8889f5f6282590e8a,3,1,POLICY_VALIDATION
042f0dd0e3ae4de1b3f5134daac90c2e,3,1,POLICY_VALIDATION
043fde5cdf53455182755351add8ed8c,3,1,POLICY_VALIDATION
049690db781b4e0c955cf0bfa0eb3bbf,3,1,POLICY_VALIDATION
04a3b017311b48b58c88cf01af40ed7d,3,1,POLICY_VALIDATION
04a3c03184d943c6937721136b204e20,3,1,POLICY_VALIDATION
04d69c12b0e0438da42ca51a55799b07,3,1,POLICY_VALIDATION
04dd6418b2e244cbbbb7df797bae4459,3,1,POLICY_VALIDATION
0605d0e741ba41d19ce635f46771c6f1,3,1,POLICY_VALIDATION
06d8fe6c8dea441b87522e358665d9d5,3,1,POLICY_VALIDATION
0704737ed6ea4af8b19e86e30e66759b,3,1,POLICY_VALIDATION
072845282fe948ed8e92811694bc5ebd,3,1,POLICY_VALIDATION
07b71e2aa3ac40beb0c8b6b1ae8dae71,3,1,POLICY_VALIDATION
07e121bffe634c94983e7e4640f66d91,3,1,POLICY_VALIDATION
07f4f38ffce34d5a8b3933d3bf70a9c6,3,1,POLICY_VALIDATION
08062d58604e4bdc9d154dc0a0f9b9c3,4,1,POLICY_VALIDATION
080eaba52821409c85e5ff0c0204ceb9,3,1,POLICY_VALIDATION
082d8c1b72c246e1828afac7483b2a74,3,1,POLICY_VALIDATION
083585c1607b4b8783ca4eb3189a24ef,3,1,POLICY_VALIDATION
0842d140f6cd47b58b8e720c53f09cd0,3,1,POLICY_VALIDATION
0851a581ce6a4c809cbfbea8efdce0b5,3,1,POLICY_VALIDATION
08c3773787eb40c893b4c3799a2875f1,3,1,POLICY_VALIDATION
09035e9c9032462e971f68ac4a9a6ddb,3,1,POLICY_VALIDATION
096082c508e64f9e9e580912835c9df2,3,1,POLICY_VALIDATION
0a285584702447edbe0c4a473b2ab4e8,3,1,POLICY_VALIDATION
0a60a7252ec3485bb6711c72ac1dd43d,3,1,POLICY_VALIDATION
0a66ec7f228d4b17977b8a9e0e921a38,3,1,POLICY_VALIDATION
0af0b6b7e7eb4ecd8e0d343bbb6504bb,3,1,POLICY_VALIDATION
0b5816dba99a4c2380d736eaecdd3a50,3,1,POLICY_VALIDATION
0bc8dba8b0f445d7b05b5f662eedc6fa,3,1,POLICY_VALIDATION
0c15addfbe4742b9839ee18abc3b2d5e,1,1,POLICY_VALIDATION
0cf1528ea93b4088845c5a6b71cc1f48,3,1,POLICY_VALIDATION
0d07c4a007ab46679a84c693217e6cad,3,1,POLICY_VALIDATION
0d465e0c265d431a919cd8d87b958b55,3,1,POLICY_VALIDATION
0d5fd7236a9342a4b1fd303b17777469,3,1,POLICY_VALIDATION
0d79a2a15fb34fd39d99ec7a9a4da807,3,1,POLICY_VALIDATION
0dcffa9318e24acc99e97a90f075f2cb,3,1,POLICY_VALIDATION
0de5312325234574a9ff258b02b65839,3,1,POLICY_VALIDATION
0e28f24e52c746a2a27036ce6c539c03,3,1,POLICY_VALIDATION
0e84963d88c8455883718e26e1023e7b,1,1,POLICY_VALIDATION
0e9d6cd430c44bfbada65b20498e1474,3,1,POLICY_VALIDATION
0ea107df5a7f4a918199dcd840ce3066,3,1,POLICY_VALIDATION
0ec4d7d348804340baf2ec6e59169dc8,4,1,POLICY_VALIDATION
0ec8eeb89907447a95cf2f4366f5f659,3,1,POLICY_VALIDATION
0f6c4766b6d04d098436acedc6eddc41,4,1,POLICY_VALIDATION
0f760a3a19894f3f989ff632287117dd,3,1,POLICY_VALIDATION
0fb2769dace04b14a8aaf9973bbe0da2,3,1,POLICY_VALIDATION
0fbfa89e98b44fe5bf0473a07d5de3d5,3,1,POLICY_VALIDATION
0fc11828490f493eabf68d54fa36b185,3,1,POLICY_VALIDATION
109f2d98205a457fadc7d214bc7cd68e,3,1,POLICY_VALIDATION
116bf28ebda247a69768dd75428ec21c,3,1,POLICY_VALIDATION
11c5efdef3ae4fcbbcded36af40a80d6,3,1,POLICY_VALIDATION
121efd5000174104b9ef3afc4cd8472d,3,1,POLICY_VALIDATION
12359f9dbf1347f6bf42e2eb6e9823d1,6,0,POLICY_VALIDATION
126df6426f9f4696bf26c64de05f414b,3,1,POLICY_VALIDATION
12b93437c61d4127b9dfa8d12ff2aabd,3,1,POLICY_VALIDATION
137a3c0cc8ad4d69bbb17df603df9769,3,1,POLICY_VALIDATION
13d5880116fe466391a0ead2c0da238d,3,1,POLICY_VALIDATION
13de58fc87694059810dac1cc59cbc27,3,1,POLICY_VALIDATION
1433ea300cba4279a88254fb8d6a5322,3,1,POLICY_VALIDATION
14c63ab2aa204abcb5f8cfdbd5b1acd9,3,1,POLICY_VALIDATION
14f06df300ef431392b355ea2fc1a728,3,1,POLICY_VALIDATION
14f6f1fa179d47f49dfde475ec72c317,3,1,POLICY_VALIDATION
15367c9746cc4e15bc637b5800cde61a,3,1,POLICY_VALIDATION
15a87fe2eb3c451e885b9cf1b7d849ac,4,1,POLICY_VALIDATION
15d49b2688244e87bec42f4b4be175dd,3,1,POLICY_VALIDATION
168428d43e7c49d8a91a763dd90cdfe6,3,1,POLICY_VALIDATION
16b03fb9f1c04dbda61638314bf26c70,3,1,POLICY_VALIDATION
172083bb6e4f404c9cab86fdeefbd1d6,3,1,POLICY_VALIDATION
17d8458adbd0417d8f06b90f83e028f8,6,0,POLICY_VALIDATION
1808fe1cadf74fcc85a4aa7834b136b6,3,1,POLICY_VALIDATION
1844d76817184dbeae099eb998e8859e,3,1,POLICY_VALIDATION
19024f27d6c94c7a9f58900c55740b0a,3,1,POLICY_VALIDATION
19cc89b5779f40acb888206f8a4e60d7,3,1,POLICY_VALIDATION
1a0d61f4964f4aaf91c72aba2ea3b172,3,1,POLICY_VALIDATION
1a3abe674e53419baf64dd6f0315dd0b,3,1,POLICY_VALIDATION
1a66081c92a2495b9782b882f6f991ee,3,1,POLICY_VALIDATION
1ab1c1ef67ca4aabac0033e943e05d3d,3,1,POLICY_VALIDATION
1b2cbfe0c19d49c1a232cac2cc0db6e4,3,1,POLICY_VALIDATION
1b413b033f9a411f867331e060290a71,3,1,POLICY_VALIDATION
1b942732cf51410fb40a6f78e13993ff,3,1,POLICY_VALIDATION
1bcaa0c0e05347b0b998f415d9aa9964,3,1,POLICY_VALIDATION
1bf20f9c19b642438dc547aa16f09207,4,1,POLICY_VALIDATION
1bf96cd4aab74dac9911bcf84fb5e958,3,1,POLICY_VALIDATION
1c3a0a589e054761b4a6e9d139e34a58,3,1,POLICY_VALIDATION
1c7b3799c3d1466e8f258255d0481a68,3,1,POLICY_VALIDATION
1c951dfe68904ea6813be21af6456072,3,1,POLICY_VALIDATION
1ce1102672934067b8349057ddbd413e,3,1,POLICY_VALIDATION
1d706bf6b8bf4594adc4f166917fe059,3,1,POLICY_VALIDATION
1d82cb45dc79422fb3f0bc446f0426d7,3,1,POLICY_VALIDATION
1d87cd39fd7c4ae986a43bb0927c1112,3,1,POLICY_VALIDATION
1d8be8cd3cb44a489a4b74ad0c6a0e18,3,1,POLICY_VALIDATION
1de81adccf5a40e390374d904540b8d6,3,1,POLICY_VALIDATION
1e2e290e6292474e9f298129e83a5e22,3,1,POLICY_VALIDATION
1e51670e73f440b08d9872f6693b089f,3,1,POLICY_VALIDATION
1e6fbce91cdd49609c60dbd11e274333,3,1,POLICY_VALIDATION
1ef0114c13d94c1cb2bec06d714d6da4,3,1,POLICY_VALIDATION
1f291f97dc884e81b2e23c835dd138cb,3,1,POLICY_VALIDATION
1f3d32c400c74d19b7e3fdf04e31504b,3,1,POLICY_VALIDATION
1f3d48e522d042b4b2020402b582c447,3,1,POLICY_VALIDATION
1f6198f01e4348aea43ddaa08e4af48b,3,1,POLICY_VALIDATION
1fd4d7b7d23344139aecb036d89b530b,3,1,POLICY_VALIDATION
1fda035167fa4211a80e9f4a4e5f74b7,3,1,POLICY_VALIDATION
202845068e8545fbac1dfa0bbfaf6241,3,1,POLICY_VALIDATION
203c683dcd8e458dbacae861ec1afb01,4,1,POLICY_VALIDATION
208ea87369e14af38eceb1e3693d244f,3,1,POLICY_VALIDATION
20b43f2c2cda46a080ea3ce2e257253a,3,1,POLICY_VALIDATION
20dc8a8f347b4696a403a0efdfd354ef,3,1,POLICY_VALIDATION
215ccf3b252042b3ac4114a089fdb46c,3,1,POLICY_VALIDATION
21a77113109645f898fb49298ec1e7d6,3,1,POLICY_VALIDATION
22026f2ea89e4db083a6f98683bc212f,3,1,POLICY_VALIDATION
2224128eae2a4127aad7ff6ea3141193,3,1,POLICY_VALIDATION
225704b52f3b447a820308f072926ddb,3,1,POLICY_VALIDATION
22a9d7b27b6b4a5482275389eb456d5a,3,1,POLICY_VALIDATION
22eed7dcad524c0c87cd33d51d46f233,3,1,POLICY_VALIDATION
2310c800929f4b9a853ebd21c8cf9719,3,1,POLICY_VALIDATION
2326638fa4b8488da13180531ba50db4,2,1,POLICY_VALIDATION
23f4aa714694417687d048047819bedb,3,1,POLICY_VALIDATION
24604bee705145618dbc15bdbf352940,3,1,POLICY_VALIDATION
2473878758064ea0942144d6d6c3fd3d,3,1,POLICY_VALIDATION
247e7a38f610456094c3f9ffd0ee8727,3,1,POLICY_VALIDATION
24c62da6548a4a76aff6206eb7d85428,3,1,POLICY_VALIDATION
25a6ae7e21574957a90dec5e1c948e5f,3,1,POLICY_VALIDATION
25b8b959a6304e6b84b62e0488036099,3,1,POLICY_VALIDATION
25cc121ab4ca4f03ad01d911487aa52f,3,1,POLICY_VALIDATION
262552a9be19455585d8afe8f64c6816,3,1,POLICY_VALIDATION
262e467cab034155ab8a193d1814e873,3,1,POLICY_VALIDATION
27122fb5bf184d308e9631ae839ed4d6,3,1,POLICY_VALIDATION
274ecc4fd77f4ca7b0743a558118ae5c,3,1,POLICY_VALIDATION
27624e08c3b744f1bdc036e997fe4d3e,3,1,POLICY_VALIDATION
27a232cd810d40b395f828df1c7a0571,3,1,POLICY_VALIDATION
27f1195f3e41458caf5b96cf252d5316,3,1,POLICY_VALIDATION
28025cfc2b4f447eb6848f1fd57934b6,3,1,POLICY_VALIDATION
284c514859134d94bf9bbbcba76a913a,3,1,POLICY_VALIDATION
2861db9465c54e11bcdf4a6fa98302dc,4,1,POLICY_VALIDATION
288ffe31295d452a988578746875c64f,3,1,POLICY_VALIDATION
289fba9a4e67468891c93ae4666acb72,3,1,POLICY_VALIDATION
290d1ce0adf24b1db8e1f3697783de3d,3,1,POLICY_VALIDATION
2929ad282a194ac382a0a1b98d8b950a,4,1,POLICY_VALIDATION
2954abad8f104b9e8f1b0c2b409fc06c,3,1,POLICY_VALIDATION
29a65565e28a4c42a177c44eff70f852,3,1,POLICY_VALIDATION
29b25533f5294e76bb6fddcfa82cab88,3,1,POLICY_VALIDATION
2a536888dea540acbcf66f179e6fb31c,4,1,POLICY_VALIDATION
2a73865d9782444fbe73681789831d75,3,1,POLICY_VALIDATION
2ad8f095b89f4eed85065523764e4b74,3,1,POLICY_VALIDATION
2b69921fb0594a578482c3778424fc5f,3,1,POLICY_VALIDATION
2b8dfe27d48c4852a56fd5fd73e7cfad,3,1,POLICY_VALIDATION
2bf5899f0cd64ef9b1269b8e942a5d6f,3,1,POLICY_VALIDATION
2bfc395d10094cc1b832380816b5702e,3,1,POLICY_VALIDATION
2c4a7723364d4e319d8b33d97142edda,3,1,POLICY_VALIDATION
2c5cea6887944e6c974c4562ce63eda3,3,1,POLICY_VALIDATION
2c625e0b327b40b7a5004c838c220612,3,1,POLICY_VALIDATION
2c960fa013cd4c14a78ba13d7d67d37b,3,1,POLICY_VALIDATION
2ca44d8bded64a109ca503e30e9e9512,3,1,POLICY_VALIDATION
2cf12de999d94d05be30dc3e62543c22,3,1,POLICY_VALIDATION
2de61b7c2f5846efaaf5d49672e6398f,3,1,POLICY_VALIDATION
2e12988c39e2472f9ff1d497a4064afb,6,0,POLICY_VALIDATION
2e2acf49b24d46329c88743aa409e4c4,3,1,POLICY_VALIDATION
2ebb4e131121473880690efb1436a998,3,1,POLICY_VALIDATION
2eda394f07fe46ca981f3a75457af62a,3,1,POLICY_VALIDATION
2f33d7aaa7684ad9a96e21845c8c7126,6,0,POLICY_VALIDATION
2f68a4c7c1c24f3b873c6a574f926e3b,3,1,POLICY_VALIDATION
2fbb5502b01343c9af1505d724688d1d,3,1,POLICY_VALIDATION
2fd1e6db482741baa42e98fc7535d524,3,1,POLICY_VALIDATION
2fe714d50b014e569871af28f5e5c1e0,3,1,POLICY_VALIDATION
2fea19fa31754f8a8a1be480ce25735e,3,1,POLICY_VALIDATION
2ff8d1029d3a4c258aff8f7738d1d39d,6,0,POLICY_VALIDATION
309321eb40db45b4bd58d7a9e523eee6,3,1,POLICY_VALIDATION
30fdcf1b96b843f0ace2168b5972c902,3,1,POLICY_VALIDATION
31086d3a27d24a2b92cb60886bdb6be1,3,1,POLICY_VALIDATION
3131bd850057419db0a23f73a5637126,3,1,POLICY_VALIDATION
3181c82cf50541b6b61b310c3db8a646,3,1,POLICY_VALIDATION
3199cb5c288f40adb09ee6dc33cceded,3,1,POLICY_VALIDATION
31f3ecc697ee44038019e5ccb94b40c7,3,1,POLICY_VALIDATION
3213ac684e07421c940fc6986dae2cda,3,1,POLICY_VALIDATION
321a066bc81241c2b2d675fba098f1ab,3,1,POLICY_VALIDATION
3283a7048633479aabe8c6b14738cff1,3,1,POLICY_VALIDATION
3303bf5873954b0e85c0e4c89ecbc504,3,1,POLICY_VALIDATION
3317b7bcc90144689e15707e3354e7d6,3,1,POLICY_VALIDATION
33500493c1664f06a917af3a7d4240e3,3,1,POLICY_VALIDATION
344873edb3e6426993fff8827fde9703,3,1,POLICY_VALIDATION
3531e9467b034961b1afe510af96fea1,4,1,POLICY_VALIDATION
35ea4ff9add94caf8509f5eb3c8da8e0,3,1,POLICY_VALIDATION
35fd1d0d3e1d41dea5a594814b456512,3,1,POLICY_VALIDATION
3618f04983c4450cbdc89a565333b079,3,1,POLICY_VALIDATION
363f4cbdd190411abb1e1f18ffa381d6,3,1,POLICY_VALIDATION
366a2b1deb2c45d496bb6b34e9e3ae23,3,1,POLICY_VALIDATION
367f851455db41efb8bf6a1d1b59400b,3,1,POLICY_VALIDATION
36e6558933b24d5e8c13a5dba9b64c23,3,1,POLICY_VALIDATION
379e41840c1745a38da28516c9c5277d,3,1,POLICY_VALIDATION
37a85a4ab6964b3589ba70b61d3b9aef,4,1,POLICY_VALIDATION
37e7bbddf60d4d1d8a076e7278dc2c96,3,1,POLICY_VALIDATION
3804cc78db9f49858bdece4808353734,3,1,POLICY_VALIDATION
385f2bd31ccd46f3b36cbd0551e2a787,3,1,POLICY_VALIDATION
3871caebb64b44ca8cbe86e3e6845a1d,6,0,POLICY_VALIDATION
38a02edeb5c24db6b72588177133d6a6,3,1,POLICY_VALIDATION
39046b8e96ed4c2eafc28a4f1f622666,1,1,POLICY_VALIDATION
393ade1df7364762a3400eb8299ce932,3,1,POLICY_VALIDATION
3aeb2de5fb6245a188541ec4b263824c,4,1,POLICY_VALIDATION
3af924bd13014b66b2d71badcb57e7b5,3,1,POLICY_VALIDATION
3bb223fa42914c5098ff70e5d1e27d1e,6,0,POLICY_VALIDATION
3c4423f1c5bd42cdbad8ef941b6d815a,3,1,POLICY_VALIDATION
3c69b47ad8944888b20a1413242d76bd,3,1,POLICY_VALIDATION
3cd08cbbb15640fc85a6456b92a56481,3,1,POLICY_VALIDATION
3cd19a4a7c114449a916721a28d3a9c8,3,1,POLICY_VALIDATION
3d6820f1586440d3a6394320817968f3,3,1,POLICY_VALIDATION
3df6c3cdcec049a2adb8f902e3ec3421,3,1,POLICY_VALIDATION
3eb97902b1c947df862c15f87a9cd61c,3,1,POLICY_VALIDATION
3f46475e35b84819b72e62b4054d5f96,3,1,POLICY_VALIDATION
3f63c1da37cd45fa91e9c4d927494c26,4,1,POLICY_VALIDATION
3fbf1dbfe0634f3693596699319d6c1a,3,1,POLICY_VALIDATION
3fc1c00f1d4d45b8870392831bd49e95,4,1,POLICY_VALIDATION
4036acf371364f998a6506aeffbbd1d1,4,1,POLICY_VALIDATION
4058547399cb48d199b675ff3f4ee2ae,3,1,POLICY_VALIDATION
406a64e82876410fa6dbed6a72a4ce67,3,1,POLICY_VALIDATION
4085455e942a4d3fb413638a5d04d0f7,5,1,POLICY_VALIDATION
40a9d08b70d947b68f79d0d67a1d0238,6,0,POLICY_VALIDATION
40f5f1a622e04291ada4719105062f37,3,1,POLICY_VALIDATION
413272d3198442b2b18ed867538dab65,3,1,POLICY_VALIDATION
417b013ca517493ebeb001892bb42944,3,1,POLICY_VALIDATION
417d4288fdee4381af07f36052bbc081,3,1,POLICY_VALIDATION
424910c033144c4ba31e66c7d251c55c,3,1,POLICY_VALIDATION
42b97bd57c4f4714a3bebe66f371e08e,6,0,POLICY_VALIDATION
43584efec0894a2491049e483e6ea5c7,4,1,POLICY_VALIDATION
437d817197154efb91bb1b9eaf84840e,3,1,POLICY_VALIDATION
43fb8c469b9841e89d795282085e7585,3,1,POLICY_VALIDATION
44025c2d52fe4699b63553685c9d03bf,3,1,POLICY_VALIDATION
4421f047ef6e4045a3a03ed31c2ce892,3,1,POLICY_VALIDATION
44840b4c95ce4db0893b5cb890abfed6,3,1,POLICY_VALIDATION
44b16bb8cac14575b3884b0cfa4aea3f,3,1,POLICY_VALIDATION
44b691ece9644c99bfcc153bc0a9864d,1,1,POLICY_VALIDATION
454b7b915a7649909777e61d4e732008,3,1,POLICY_VALIDATION
4555a286b1f34b119ca95662028b2c37,3,1,POLICY_VALIDATION
458b6eef8e734b1c9d140022c59d781b,3,1,POLICY_VALIDATION
45a2ef37b74647209748149e83d97da1,3,1,POLICY_VALIDATION
45b755ed753e4cdc8910c476bd9396af,4,1,POLICY_VALIDATION
45c4ba602a3c40539630e4361e126dad,3,1,POLICY_VALIDATION
45e7eaf9dc6d4612af56a1b8c45d77dd,3,1,POLICY_VALIDATION
468e19c25d4f48568d35642cdfb01c73,3,1,POLICY_VALIDATION
4690e1b7a86f456a869fad39d45f22a5,6,0,POLICY_VALIDATION
46c1361e0a9a46f1a35c08c715bb43ed,3,1,POLICY_VALIDATION
4725b48512b84a26853e9f6d4664cf38,3,1,POLICY_VALIDATION
476d78b829d8430a860c5f8d7d9820ab,3,1,POLICY_VALIDATION
47cb962da87942da8390472f0a2661f1,3,1,POLICY_VALIDATION
47dcde0056af4a9ea1f4c6982203f6d1,3,1,POLICY_VALIDATION
482fe04837214f54b58305d85b28e081,3,1,POLICY_VALIDATION
48c8e8781738448cb69800e6ef3e1f27,4,1,POLICY_VALIDATION
48df1f54e6e14b23b2f32e5f2ceb411e,3,1,POLICY_VALIDATION
49c3cc066a494c5997dce8dffec739a3,3,1,POLICY_VALIDATION
49f40cbf8d794868a4cf88f4b3999ee4,3,1,POLICY_VALIDATION
4a398e91182a45cfb5747924a6f61989,3,1,POLICY_VALIDATION
4a4073b1e4504a23abcecf87bdf8e577,3,1,POLICY_VALIDATION
4a92864e4b1e4cd9bbb0ff2cc53b7c93,3,1,POLICY_VALIDATION
4ab2c3dc26e04cd8b11540d35041fb70,3,1,POLICY_VALIDATION
4acf94c9bed3405a8d305df41870637a,3,1,POLICY_VALIDATION
4b1697345abd42f89313955cdeabe785,3,1,POLICY_VALIDATION
4b17067980e448bf807fee59d3ce5883,3,1,POLICY_VALIDATION
4b3c0facf9db409fb4b149132cd78d3a,3,1,POLICY_VALIDATION
4bb38f8186b1440b8f2f0d5a7c3d39b9,3,1,POLICY_VALIDATION
4bec7202f68143d390ad394dbc4d6d68,3,1,POLICY_VALIDATION
4c2c2c27c65a491fa02df4473d6a8b27,3,1,POLICY_VALIDATION
4caceffbd4794210a2b12f5a6152f36d,3,1,POLICY_VALIDATION
4d33fa15770b4f9187b6a3140171847e,3,1,POLICY_VALIDATION
4d3f644f6a6a43b8b7014df8bbaad609,3,1,POLICY_VALIDATION
4d72dda6ce79403abd3642c8e1259640,3,1,POLICY_VALIDATION
4dbfee54149a40d8ab2ce3dee7948a46,3,1,POLICY_VALIDATION
4e6fa730d0674a2f8fb8facfb45aaad0,3,1,POLICY_VALIDATION
4fb50e81509b469993fe6e3d445c3d52,3,1,POLICY_VALIDATION
4fe4d7d83d8446bab63dddd52be86f2b,6,0,POLICY_VALIDATION
50061db4dc804976a69627de4432b6f1,3,1,POLICY_VALIDATION
50607b8599da43b9baae493aafa20225,3,1,POLICY_VALIDATION
5070a60d980b40caa45292bb75e41ce2,3,1,POLICY_VALIDATION
5092bf446ef14bb1a5600985a1588c79,4,1,POLICY_VALIDATION
50b9d2eb0e694d939f41f11becac0639,4,1,POLICY_VALIDATION
5116a2477ef348dbb031177b95f90304,3,1,POLICY_VALIDATION
515a6d89e8d544bf9100b5ef85b6ab63,3,1,POLICY_VALIDATION
51648bf36c8d496a9e53b7f95c69e7a8,3,1,POLICY_VALIDATION
5165ef5d9b4c441e8b4a9fd1616f3bbb,3,1,POLICY_VALIDATION
516adca4733e4d1ead1fb70abea8e172,4,1,POLICY_VALIDATION
51dbf308a24d4636b3214517da6f22be,3,1,POLICY_VALIDATION
5225e0aa0efd4c599e5c6f06c9c4f6ba,3,1,POLICY_VALIDATION
523e4813d90540968698675b3eb59483,3,1,POLICY_VALIDATION
52ad6a59f4734e92958d23d6d5a574f5,3,1,POLICY_VALIDATION
532038aba06a49dea35a4bdc811746b9,3,1,POLICY_VALIDATION
53555e6dfce949d09835589ad368c979,3,1,POLICY_VALIDATION
535566b817434703b42f5c4fb3eec249,3,1,POLICY_VALIDATION
5379a74ba8d340f9a2308cbc6f423d50,3,1,POLICY_VALIDATION
53e9e59e06ef48b1b8c145223f6e9ee1,3,1,POLICY_VALIDATION
54e144271cc148a2b7c8396060895a80,4,1,POLICY_VALIDATION
54f3699c9fd94f99ae5ab0688189a7a5,3,1,POLICY_VALIDATION
54ff14f5279a4c918e0f9c0bb86e0191,3,1,POLICY_VALIDATION
553436b5420c4c18a206900bc5ba287d,3,1,POLICY_VALIDATION
55be204ce50e4f88a3f7ac68a522671d,3,1,POLICY_VALIDATION
55d38275b3f440d78e588f52b3f0ec97,3,1,POLICY_VALIDATION
561b202c73204c399dc0e8841cfb175b,3,1,POLICY_VALIDATION
563e5ccf3dde4be3b0196882050bff28,3,1,POLICY_VALIDATION
5695cc935c8846d1aa5e1a471d761271,3,1,POLICY_VALIDATION
56bd57f384b54329bbb0a7725812dbf9,3,1,POLICY_VALIDATION
572b87097bd547d58eb31351aaf512e0,3,1,POLICY_VALIDATION
57760758d3ea416b8f9d41da99bbaaa7,3,1,POLICY_VALIDATION
578cb9efed8d405192baf2448e95a2e0,3,1,POLICY_VALIDATION
57d8483579ff48ec9f1c6cdea1626769,3,1,POLICY_VALIDATION
57f14318d91045a08bd5785b47967323,3,1,POLICY_VALIDATION
57fe3e48fb0b48cbabeb4b39dc16620a,3,1,POLICY_VALIDATION
5804e4038415477d8d10e96a3de174b4,3,1,POLICY_VALIDATION
58136ae40f7b422d9b576d0a14e99ec7,3,1,POLICY_VALIDATION
5821ab8200b24f859a57604d801cb5ce,3,1,POLICY_VALIDATION
583bf3f57a7248779f7fde252db2356b,3,1,POLICY_VALIDATION
587f7ed935534f6b94f5a2bad28e39f3,3,1,POLICY_VALIDATION
58e7053e848e4f5ebf2259cde55b98c1,3,1,POLICY_VALIDATION
590268a6b2aa47ff8c5040fa0f5ff624,3,1,POLICY_VALIDATION
593c11fa96d5461a87e6483480d4f5e3,3,1,POLICY_VALIDATION
59d030ebfaf84fdbbafad4c83d9a2815,3,1,POLICY_VALIDATION
5a2ef884ec3e4fdeaee8ec2bcb6db569,3,1,POLICY_VALIDATION
5a4e5c62af4044c4a0bbe0ec324c74bc,3,1,POLICY_VALIDATION
5a76b1c9016e4254a393a6466222f4a3,3,1,POLICY_VALIDATION
5ab45880f0c84cf5814d2d10cb8f7a3f,3,1,POLICY_VALIDATION
5aee24c7dde94294aff49d68472b1e8a,3,1,POLICY_VALIDATION
5b5bcd5aad2a43fbb885496c41b525e1,3,1,POLICY_VALIDATION
5b81dd733f764344aaa16c4b6634aaa8,3,1,POLICY_VALIDATION
5bacdbb0709c4e4bbc80e62d1cfd391a,3,1,POLICY_VALIDATION
5c065f390bfc47b89d0764730e242425,3,1,POLICY_VALIDATION
5c3597047ed54e11a4d7f1daadea04f0,3,1,POLICY_VALIDATION
5c71cc6975bc46c990a3c9cddcd23fb0,3,1,POLICY_VALIDATION
5cd10c170bd84aa1b19c2bad36257458,3,1,POLICY_VALIDATION
5cf8998c08ed4bf29a335e7c4c9ebc4a,3,1,POLICY_VALIDATION
5d268c80b3cf43c0bad9f484db914936,3,1,POLICY_VALIDATION
5d27d030e1024dfd8f38065244283069,3,1,POLICY_VALIDATION
5d812a8954464ee4b60f57dad1f6058c,3,1,POLICY_VALIDATION
5dd92677e5b940f5ae0dc4d79201258c,3,1,POLICY_VALIDATION
5e1b9be5fc0347f4a940b0214486d826,3,1,POLICY_VALIDATION
5e7204b24c564535baa4f19018e4f604,3,1,POLICY_VALIDATION
5e9c34ab352445a7b19740348ab2f377,3,1,POLICY_VALIDATION
5ee69772d15441a9ace5987b26c3ea33,3,1,POLICY_VALIDATION
5ef5d387b3514f42928b5a6adcb7fe10,3,1,POLICY_VALIDATION
5ef88c57d3ae4e6fbfb541e6259e9d97,3,1,POLICY_VALIDATION
5f3b43555bce4f07a4ffbbb68a111cdc,3,1,POLICY_VALIDATION
5fd4d5b960424cf19f3095d91da33d9b,3,1,POLICY_VALIDATION
603981d116e24661b39d83cb7743276b,1,1,POLICY_VALIDATION
6046cff81e1d4410bbe6c67fff067d3c,3,1,POLICY_VALIDATION
605b09fc91754e3e9300eef6374be366,3,1,POLICY_VALIDATION
60ba1bbd79d744bf90a25bc23b9b0346,4,1,POLICY_VALIDATION
610a82d0498b4f6f829f83f264c377bf,3,1,POLICY_VALIDATION
62006313bb7c4e31951f4b3d31ca3da1,3,1,POLICY_VALIDATION
620b7119643b475c930d3f069ebd0d40,3,1,POLICY_VALIDATION
624bdcb37f0d442ebe8e167d5751c683,3,1,POLICY_VALIDATION
6287c3980d0444b5b94b1d6ca5b11040,3,1,POLICY_VALIDATION
631abdd5ce0b493694cc2cdb7e3b29ba,3,1,POLICY_VALIDATION
635c68a84bb64d2d94dbf8455a0fea60,3,1,POLICY_VALIDATION
641a5618464c415fa630a4c03e4a24dd,3,1,POLICY_VALIDATION
6464bc0002624a06a04e7a11132b6431,3,1,POLICY_VALIDATION
64b8051bad8148a6af85095bfb5602b0,3,1,POLICY_VALIDATION
6554751b7dd34f8096b2628238795a3b,3,1,POLICY_VALIDATION
6567af2722204293ae62dc6803e056a2,3,1,POLICY_VALIDATION
6597aba611a74275bfb445bee214db62,4,1,POLICY_VALIDATION
65b9a2287c434fd1943b95ca9e950a07,4,1,POLICY_VALIDATION
65dec6457eb447ce9f34d51834cf7e94,1,1,POLICY_VALIDATION
66717f5107f64907a2ae8c4eadd6a0f0,3,1,POLICY_VALIDATION
67052dbe804c42a6b5b84495c64df859,3,1,POLICY_VALIDATION
675cf7b520e841b989f2adcbb96a64d8,3,1,POLICY_VALIDATION
681fd80838db4b7c87e880bb3849eef8,3,1,POLICY_VALIDATION
68f21a1a8f5f4ebcb04074f967791024,3,1,POLICY_VALIDATION
693d56df3b9e4492a72860417ed4fa69,3,1,POLICY_VALIDATION
69567a98307947dea16611bf83048c1a,3,1,POLICY_VALIDATION
6974972cafc14072a240330644b88ecc,3,1,POLICY_VALIDATION
6992a5479f0743fba2143b54842e800b,3,1,POLICY_VALIDATION
69de079e8ac8430787ef8aca08350b5a,3,1,POLICY_VALIDATION
6aafe497af3249ffa9c5aa7ee5aec554,3,1,POLICY_VALIDATION
6ac93d467d7343a7bc4dc1c9ff587212,3,1,POLICY_VALIDATION
6aec95acd23a435a96c8d6feea862268,3,1,POLICY_VALIDATION
6afe0dbdbc4c4ba9b8c6e61809d1e6ef,3,1,POLICY_VALIDATION
6b21cf320e8046f3abeaacfd17032202,3,1,POLICY_VALIDATION
6b4bfe6d94af4dda91404d21508cb32f,3,1,POLICY_VALIDATION
6c906a13e5ca45cda2daa49fc9c88428,3,1,POLICY_VALIDATION
6db7ae06744b4c1f8968c481d784e479,3,1,POLICY_VALIDATION
6dc51e2029fe4d95bb16859416dac8a0,3,1,POLICY_VALIDATION
6de24853abb64cf7bb422d83ef36375e,3,1,POLICY_VALIDATION
6dfabcc58a4b4622a3f76aa901940ddb,3,1,POLICY_VALIDATION
6eab22869682439e9f640b36c7441cd1,3,1,POLICY_VALIDATION
6f49bbb1d0804c44948ce6b8485508f8,3,1,POLICY_VALIDATION
6f734115a3fd483aa9d96ff86b239655,3,1,POLICY_VALIDATION
6fb78d2911b848fda797464491541ef2,4,1,POLICY_VALIDATION
6fdaf6bf4ed54f31a2e9666e0e21fbb9,3,1,POLICY_VALIDATION
7047b946a60046018ce08e46cf316fca,3,1,POLICY_VALIDATION
7077de7eaa8446deb8572fd147b237e8,3,1,POLICY_VALIDATION
70fd4d9970974e49877adb67197f069a,3,1,POLICY_VALIDATION
714c15f04438460594cda99897b2c718,3,1,POLICY_VALIDATION
71702769efa041f79f71b2ad44f28f61,3,1,POLICY_VALIDATION
72ed02f1d6564e1db688b3b942052932,3,1,POLICY_VALIDATION
73207c39aff842a98bd56c304ff6233c,3,1,POLICY_VALIDATION
733cf1be36e34252b750a0aeae8f971e,3,1,POLICY_VALIDATION
73615450827e4052967203965293e8c3,3,1,POLICY_VALIDATION
736a1c71aa264972af85e8a7748b26a8,3,1,POLICY_VALIDATION
736ddd62ac72463ab0c1013bb1723377,2,1,POLICY_VALIDATION
737405f0c8db4a2caff96d3d3b32b483,3,1,POLICY_VALIDATION
738ff2c1dc6940d8ae42646c7da2cc07,3,1,POLICY_VALIDATION
744bfc6c3fa74d41b17f66df36ac14cf,3,1,POLICY_VALIDATION
7480aef2614b4beca7965fa193773654,3,1,POLICY_VALIDATION
75388d61644f41a88c574be62a4c2c2a,3,1,POLICY_VALIDATION
760c12697dd74fa6b04928b851a4c4ed,3,1,POLICY_VALIDATION
76853a545069412094d5107cc0a51d9c,3,1,POLICY_VALIDATION
77579e860baa4c09a61f1c02fbcdfbda,3,1,POLICY_VALIDATION
777d4613ea544c379a447e755a233c41,3,1,POLICY_VALIDATION
77c4ba00a5fc4f53a5e9593f7b8b6e1d,3,1,POLICY_VALIDATION
7808e80f9fa6459e8d3ef8fe3201f445,3,1,POLICY_VALIDATION
7868fb705d8b4cb2a9483632ff497921,3,1,POLICY_VALIDATION
78a1c469a2cb40a9af0ea0c59c68f405,1,1,POLICY_VALIDATION
78bc8f9788c9484481eea3f623ddc6d0,3,1,POLICY_VALIDATION
78c070cabe794122bfd865f0f241a0b3,3,1,POLICY_VALIDATION
793e794c943d4de8acd0c5000d80e0f1,3,1,POLICY_VALIDATION
7942c97593e94a7d908d957001060b4f,4,1,POLICY_VALIDATION
794459ca42964e48a9985b0b6745c3eb,3,1,POLICY_VALIDATION
79cc8b5ffc044335be94921c52b39dbc,4,1,POLICY_VALIDATION
7a4e7f02391a49169c2774e4cdc92a0e,6,0,POLICY_VALIDATION
7a541917177e49bc8a44fdac39119957,3,1,POLICY_VALIDATION
7aaa79a0888f401fbeb930a9f6d6b308,3,1,POLICY_VALIDATION
7abd9d659ba54c3987bd2cc474ae0c98,3,1,POLICY_VALIDATION
7b105422ffbe47b7b1ad511c5396e2dd,3,1,POLICY_VALIDATION
7b34463f89454b4bbdd26ad4b0c5d87a,3,1,POLICY_VALIDATION
7b91011a16b54393a4444fd4211dbe47,3,1,POLICY_VALIDATION
7bae2554db9b46bc96308762db4e3a86,3,1,POLICY_VALIDATION
7bc7c3d4e92144559ddfa50f19915f2a,3,1,POLICY_VALIDATION
7c0740ebd5074e0b88d0eb95d2bea22d,3,1,POLICY_VALIDATION
7c0d16c622a8427a9990a536a9e8ecc5,3,1,POLICY_VALIDATION
7c2cc165f8dd42c3ac8af8207408cce0,3,1,POLICY_VALIDATION
7c58d468907e45c18b52691d104935f2,4,1,POLICY_VALIDATION
7c68599eeabc4a4cb6c2191a8e62963d,3,1,POLICY_VALIDATION
7ca5b9d24edf4b278a31f2b3f6d0cddd,3,1,POLICY_VALIDATION
7cfd3ce4c5f041e1b757f13fee403c50,3,1,POLICY_VALIDATION
7cfd5348cb1844a6986f8b0afc4005a3,3,1,POLICY_VALIDATION
7d9cad55077f4e7fb1594277e2218017,3,1,POLICY_VALIDATION
7ed4d85674524e4c9a89708b61360bf2,3,1,POLICY_VALIDATION
7f660245861d4301912872c21b33cb73,3,1,POLICY_VALIDATION
7f81d616bbab448cb58b4993725780eb,3,1,POLICY_VALIDATION
800a506a9a804cb6bcd701efeef50130,3,1,POLICY_VALIDATION
80169256e1d64973bd86aa85ff81a3c0,3,1,POLICY_VALIDATION
80410f028ff54888aaaac09ee1fda0b2,3,1,POLICY_VALIDATION
80759bd790a74c2d904cda2320242113,3,1,POLICY_VALIDATION
807d9576a06e40518b6d725130ef1f7a,3,1,POLICY_VALIDATION
807ebe2fa60c4872bf5aaedecb69a547,3,1,POLICY_VALIDATION
81612204c43441aaab4f139db0bcc105,3,1,POLICY_VALIDATION
81ec631aa48e4866aadd05e59e9eada7,4,1,POLICY_VALIDATION
82061baa98b04a3f8334a9cfd99a44f0,3,1,POLICY_VALIDATION
8262ada4fa5745969785c8cebac9a173,3,1,POLICY_VALIDATION
82a21707424d478eb881c01a8fccd05e,3,1,POLICY_VALIDATION
82a470b3b9f54c5681c91e0cbafb086c,3,1,POLICY_VALIDATION
8371fa9f7e5a461e9a7b0fb731d332e2,3,1,POLICY_VALIDATION
84115c975dcc47a39b512b96c7038a64,3,1,POLICY_VALIDATION
842862e844d2472ca305e95d8edb82fe,3,1,POLICY_VALIDATION
84a5b8e5383b433086c2f39a65cd9f83,3,1,POLICY_VALIDATION
84e4ab4766ab4a3495d2250abd01b49f,3,1,POLICY_VALIDATION
85093925545147a3a3f91c254e135c1f,3,1,POLICY_VALIDATION
852abc1c991d4154a51e096b7b1f7eda,3,1,POLICY_VALIDATION
85882a81fce94e9da171c719038834b2,3,1,POLICY_VALIDATION
85bec20416ee4570b26f79a349e98153,3,1,POLICY_VALIDATION
85e6be8258e1406e9870a5928cf52c0e,3,1,POLICY_VALIDATION
85fd5e319fce4f66bd34e9e858a9322c,3,1,POLICY_VALIDATION
863ca76b589d4c799630e2e2fe5e896a,3,1,POLICY_VALIDATION
866e1d3f0e99474fbb8937c99d306a0d,3,1,POLICY_VALIDATION
875fbcf9740a4221aa47249108bc97df,3,1,POLICY_VALIDATION
878a54da81234e2eb055c1c26edf6c20,3,1,POLICY_VALIDATION
8799452435124a5c9856c684fd4e7909,3,1,POLICY_VALIDATION
87b8af93e44c42b9afb0e6d527e863f5,3,1,POLICY_VALIDATION
87d057fa11044e99891a06c788c0c8f8,3,1,POLICY_VALIDATION
8832ded0ceae4c078770b709cfc83221,3,1,POLICY_VALIDATION
88a6e2971ba545a28f73405cb9cce9de,3,1,POLICY_VALIDATION
88e6547fe5e342cfaffcf14cb61d8195,3,1,POLICY_VALIDATION
893b73321fd9400bbad64774a584d4ac,3,1,POLICY_VALIDATION
89ccdbdc12fa494e89a5707b297d6a0d,3,1,POLICY_VALIDATION
89e51540b55b407e9f82837590ff2151,3,1,POLICY_VALIDATION
89f1c6e9453649feb9be8a2106a066b0,3,1,POLICY_VALIDATION
8a621c01629a4ae19235d3e14890ab6b,3,1,POLICY_VALIDATION
8b91a8a707b045bcb8fbd449fb1bd589,3,1,POLICY_VALIDATION
8bc673780af2435f9acdf24575e88bd6,3,1,POLICY_VALIDATION
8bf7ff957a2340ff9542ecc4443f261b,6,0,POLICY_VALIDATION
8bfdfc13cce6415aa83f42535e3a4001,3,1,POLICY_VALIDATION
8c7e88d40ea348b088858475387ce3d3,3,1,POLICY_VALIDATION
8cb404eadfe442a49e480810e10fe276,3,1,POLICY_VALIDATION
8d06b517f02f484db2e54ff3117c78a7,3,1,POLICY_VALIDATION
8d124870527c48b988c68a8bda35f37d,3,1,POLICY_VALIDATION
8d2de0794e094445bc29b2e6e31b2aa5,3,1,POLICY_VALIDATION
8d32b1e16cb340c3b7ef9afadb4a945d,3,1,POLICY_VALIDATION
8d676b5e877f49988b81f5e84e1aa634,3,1,POLICY_VALIDATION
8d9f353dc243476a97f838a62391886f,3,1,POLICY_VALIDATION
8da607b1a57b48f7abe15efc0f9c1b41,3,1,POLICY_VALIDATION
8e23a14d096f45f9b03e58119eaeaac8,3,1,POLICY_VALIDATION
8e2b771fe60d4fabb88395f93a614982,3,1,POLICY_VALIDATION
8e53b4bd51cc4aa88429afef8570036a,3,1,POLICY_VALIDATION
8ee34e036c04441ea319fee903441ea6,3,1,POLICY_VALIDATION
8f18df2ecfca474ab822b8dd5c287754,4,1,POLICY_VALIDATION
8f281e8936234bab91c8ed3a4509e42d,4,1,POLICY_VALIDATION
8fa3d67b80864f338cbbb468ab93f159,3,1,POLICY_VALIDATION
8fcb2c51305c4b609e6df21d0e6c707b,3,1,POLICY_VALIDATION
90512c150de542a7868ddfda80f33778,3,1,POLICY_VALIDATION
90903680e93c4ac5810cf136732f4cd7,3,1,POLICY_VALIDATION
90b6121282eb437284c1e483dcce0f29,3,1,POLICY_VALIDATION
919b30ae0f864e949e61280450bdba77,3,1,POLICY_VALIDATION
91c00ec1ae5c4e81b6c811210f9b0cdd,3,1,POLICY_VALIDATION
926761050b7b4197a43680b783d35664,3,1,POLICY_VALIDATION
92bab99aadb7449eb774f1044b1c685f,3,1,POLICY_VALIDATION
92bf4705b94a4a5482462a7263dbc6b8,3,1,POLICY_VALIDATION
937bc9d47ea44c0fa0b1a17fb901d09c,3,1,POLICY_VALIDATION
93d1ceb335a74492a32adce091913cd5,3,1,POLICY_VALIDATION
9465d3a8098841b494ba846ea2436dc6,3,1,POLICY_VALIDATION
947e5159d35e44d0bf035874f8da9cd1,4,1,POLICY_VALIDATION
948a03d029f04b77b678f3ae3c129e01,3,1,POLICY_VALIDATION
94acce1b16b341ff8cafac1e39697af8,3,1,POLICY_VALIDATION
94fc03e3e3a242f48d76d75010f393b5,3,1,POLICY_VALIDATION
956044bc616a4472963275f5b3ce069a,4,1,POLICY_VALIDATION
95763d016afa439a823343c8bb912504,6,0,POLICY_VALIDATION
95a86717786f4746af8dae95aecb1ac5,3,1,POLICY_VALIDATION
9743a31d0b5e4acfbc3b5e68368f59ed,3,1,POLICY_VALIDATION
9750c465fb1b48a6818bece10fec0b53,3,1,POLICY_VALIDATION
97535b2f9c794968908e04250770e912,3,1,POLICY_VALIDATION
97b2cdda898b48e29c8ba5f48811f6a1,3,1,POLICY_VALIDATION
97e72ce2aded47058e4c6c08b39be969,3,1,POLICY_VALIDATION
97fda71698c54e2da97f8d4f72646204,3,1,POLICY_VALIDATION
98928d67a666414eb27d034524c54271,3,1,POLICY_VALIDATION
9894d43e0e254d4e859549ec5390a62a,3,1,POLICY_VALIDATION
9900cbc09ac4452db606ac8e6235bd3c,3,1,POLICY_VALIDATION
9993d4bd26904b48a57079ac912f9c60,3,1,POLICY_VALIDATION
9a4a5dcaa57c4ff3bc38cd8ac4eddbf2,3,1,POLICY_VALIDATION
9af8a280489a4a23a376d1aec6d88985,3,1,POLICY_VALIDATION
9b24f064212d41a9ba66e2537a2ff50c,3,1,POLICY_VALIDATION
9b6ed332888f4eabb042b5955c78ac91,3,1,POLICY_VALIDATION
9bd62f06fc9e4f2cbe707c229265297d,3,1,POLICY_VALIDATION
9c2f098a0bb7489c9694a1a780fd48de,3,1,POLICY_VALIDATION
9c78ac02a86042fab3bb6f1737989611,3,1,POLICY_VALIDATION
9db725c672cd4419a208c8eaa89065a5,3,1,POLICY_VALIDATION
9e112cefbefb47368a4d0a8a981bf4de,3,1,POLICY_VALIDATION
9eda8bf9897b4143a8e49d54bb28d2bd,3,1,POLICY_VALIDATION
9eeb643779534fe78b3de348d171be4f,3,1,POLICY_VALIDATION
9f4c20c342bc4845af6a105644312fcb,3,1,POLICY_VALIDATION
9f50c5fd3e2a4e07b70ad45d951b5c43,3,1,POLICY_VALIDATION
9f56d61d7d5540e8afc6443c607ef944,3,1,POLICY_VALIDATION
9f849a9bf3e445a3b2e47eb00750fb9b,3,1,POLICY_VALIDATION
9fceffb94ea14abca6443a62d50dcb1f,3,1,POLICY_VALIDATION
9fd5c5e7a489426fa8eb264702f92a1d,6,0,POLICY_VALIDATION
9ffc1eef3442433aa1ce3c44c90dde9c,3,1,POLICY_VALIDATION
a186bbd0c90545aca5a064af6db086d0,3,1,POLICY_VALIDATION
a1b1a95bc07242238fcc67aa32e442bb,3,1,POLICY_VALIDATION
a23f5a7c63be4552b2eca86fbe6369ea,3,1,POLICY_VALIDATION
a294f4fc1d8a493aa5e4b2080ff5a200,4,1,POLICY_VALIDATION
a2a6952b7d3b4969ad602656baf031f2,3,1,POLICY_VALIDATION
a302c995ccb74c95acd2b900d8e412c7,3,1,POLICY_VALIDATION
a30ea78bf9b6470aadfc898eb08ca51e,3,1,POLICY_VALIDATION
a3b336e6dbb4409dbcc3d7ad99720ae7,3,1,POLICY_VALIDATION
a3d605d572ea406f8f49bf5241617282,3,1,POLICY_VALIDATION
a408052c04cd4f6491020b36c993756e,3,1,POLICY_VALIDATION
a50d3648eb3741a99daa6c17561e192c,3,1,POLICY_VALIDATION
a63d3080d33a4a47bacad669d6e847fa,3,1,POLICY_VALIDATION
a651d8a74ad24db9b7dbc1928681246d,3,1,POLICY_VALIDATION
a74dc848adba4771a2ec2f4208934c90,3,1,POLICY_VALIDATION
a779fd0eb0254c05b1bac1d73213417e,4,1,POLICY_VALIDATION
a7c98197b334498486d45dafa4676eac,3,1,POLICY_VALIDATION
a7e7b1c725a442fe8c38bd00fbe1dc66,3,1,POLICY_VALIDATION
a7f5becf4df6499e9e423a40ca21d408,3,1,POLICY_VALIDATION
a8278438f39c41079991ab185238265f,3,1,POLICY_VALIDATION
a82c054b301744b984965f1cc3006347,3,1,POLICY_VALIDATION
a840df1bdefc445ca8a39b5f18677231,3,1,POLICY_VALIDATION
a8b0b594ba014560892e5e434ff14a6b,3,1,POLICY_VALIDATION
a93e1a6b9a604ee384eed1713ec19cba,3,1,POLICY_VALIDATION
a9474996b9a44324afc24d788e2ba495,3,1,POLICY_VALIDATION
a956303ae218424e821fdc345874c674,3,1,POLICY_VALIDATION
aa2674bae7274b2ead910940822689b5,3,1,POLICY_VALIDATION
aa6bd5cb14054905b531c98c42d864a9,3,1,POLICY_VALIDATION
ab1c902e16844c54b74be4a66ddacda6,3,1,POLICY_VALIDATION
ab4e7d01f7484e0c91bcfd881b533ad7,3,1,POLICY_VALIDATION
ab60f1db263341bc9d031552506b1b9e,4,1,POLICY_VALIDATION
abac0e36a21c43d8b3d9f30d42b60c11,3,1,POLICY_VALIDATION
ac39a536427b434ea7cdbb71bf448a1c,3,1,POLICY_VALIDATION
ac4089eff53642ce99ca76a71cce92ce,3,1,POLICY_VALIDATION
ac694af203f747bc92c7da4f94ed1b9c,3,1,POLICY_VALIDATION
ad488853207c479381abad5f1732efc1,3,1,POLICY_VALIDATION
ad79acd3f17742a28e57b4fc1677fd14,3,1,POLICY_VALIDATION
adc6af2bbfbb4affbe639230529476ae,3,1,POLICY_VALIDATION
ade8a886b9fd433698c6508226320446,3,1,POLICY_VALIDATION
ae19b77672274e16a12569e6533a2db8,3,1,POLICY_VALIDATION
af09ed9d647347af87318f5692f1150b,3,1,POLICY_VALIDATION
af1bc822ed5143928732a6d8ba65b48f,3,1,POLICY_VALIDATION
af45a043ee444774a61624c8e8c95522,3,1,POLICY_VALIDATION
af58e683b76c4be18a7b947fa1aad5e3,3,1,POLICY_VALIDATION
afb6e3e3ce3a42e4ab91a9d7352b4614,3,1,POLICY_VALIDATION
afc777466b764a978568daa672b3db74,3,1,POLICY_VALIDATION
b09647392e5a4118b65adfd14aee1887,3,1,POLICY_VALIDATION
b0acdf65c6be4dc19acd768a13c4e8fc,3,1,POLICY_VALIDATION
b0c7fce5e8b242c1878b03e008a7d7b9,4,1,POLICY_VALIDATION
b13149631c324273886a9ed482d0ae35,3,1,POLICY_VALIDATION
b174abd7c3be4b8e80ec8c440c8b075c,3,1,POLICY_VALIDATION
b1f86d5f033945dbb4da852fd3db41fe,3,1,POLICY_VALIDATION
b218212896af410a9a752ec009aac804,3,1,POLICY_VALIDATION
b2c728f6772f4955a8a59e43d7cdc055,3,1,POLICY_VALIDATION
b2c8e19ba0b54a048e512e75add11465,3,1,POLICY_VALIDATION
b2dfe06216e741dda557e5c080fe2659,3,1,POLICY_VALIDATION
b3126bc9fedd4f5a93b039144c30e5ef,3,1,POLICY_VALIDATION
b343c783f41d41f99bea81a90fd5e8a8,3,1,POLICY_VALIDATION
b35aadb3d2fb40b89fe693311157f849,3,1,POLICY_VALIDATION
b36bb31d8491497ab0621be5d3124939,3,1,POLICY_VALIDATION
b453a8ad7d0b4b8b9f9f34fe188aeee6,3,1,POLICY_VALIDATION
b45e6d58f80b49c1870abcbc54489e25,3,1,POLICY_VALIDATION
b4d3d70410224bf680d9101a49050baf,3,1,POLICY_VALIDATION
b55b12e84a584a3d84ccb3f262de488d,3,1,POLICY_VALIDATION
b6ae4fd7d14340ccba09f85557ebf61a,3,1,POLICY_VALIDATION
b6c37f8c21214f399cf8d09d52e42d66,3,1,POLICY_VALIDATION
b6cae4f8434c4db797e1682310930b70,3,1,POLICY_VALIDATION
b702b8b2c21e4b5b9cefa124f46a7bc8,3,1,POLICY_VALIDATION
b71ed980302048f1bb38fb00ae7cf1f9,3,1,POLICY_VALIDATION
b7698c76feff4178bc29a73a3d6e9dbb,3,1,POLICY_VALIDATION
b76d11f40521489ca4d2bf47804d81d1,4,1,POLICY_VALIDATION
b7c9ccf7156041a7ac284957bb26c4be,3,1,POLICY_VALIDATION
b7d15ab9ae8e4f868b970eeb87ee53c3,3,1,POLICY_VALIDATION
b7de5b9f8cf649a68cd52654617e6bd6,3,1,POLICY_VALIDATION
b8163e26ed3844a0b1b520f58907624f,3,1,POLICY_VALIDATION
b81a9650e48245c8b2f379929eaa0f31,3,1,POLICY_VALIDATION
b858554d324b43f38db46dcd243b9c79,6,0,POLICY_VALIDATION
b87bb9b99c384269b053eb141eeca121,3,1,POLICY_VALIDATION
b8a39b5332fe416e80143f5e9ffd41c2,3,1,POLICY_VALIDATION
b8e7a348d55943b4b0a77336525344a9,3,1,POLICY_VALIDATION
b90b0e8f353948ab84490b3953e0832d,3,1,POLICY_VALIDATION
b9505658b6d041a1853191c1d396e3e5,3,1,POLICY_VALIDATION
b974f93c18b84730aef1dbd095159568,3,1,POLICY_VALIDATION
b996fd6357ac485392979c6a70fdcc40,3,1,POLICY_VALIDATION
b9bb7cc95d3d48608972d8498e95b77a,3,1,POLICY_VALIDATION
ba0d47e6c4f442d59e88a52d0dc26913,3,1,POLICY_VALIDATION
ba830a7c5e8645a6b621c0c40e8c9aed,3,1,POLICY_VALIDATION
ba8669c00b524ec78b45fae5e568ab80,3,1,POLICY_VALIDATION
badc40e7090147fea2401e1f55fd65ff,3,1,POLICY_VALIDATION
bae31d4aba054277baf9eb0e0468aef6,3,1,POLICY_VALIDATION
bc03bd44322142d88336983c93e6b8c2,3,1,POLICY_VALIDATION
bc582d537485442ab151556766d32329,3,1,POLICY_VALIDATION
bccdc5e317904250b9fae5a773aecee2,3,1,POLICY_VALIDATION
bcd92aa999a841bf9f5635f649c8ff70,3,1,POLICY_VALIDATION
bd26b20ef8674ce7b9ff72428aaf2f10,3,1,POLICY_VALIDATION
bd5a8b0ff3ce484fa963fed9dc95e593,3,1,POLICY_VALIDATION
bd8fbccd7ba84daebbb9ad737d6532ac,3,1,POLICY_VALIDATION
bde5f16f4e3949118e6f373d3823b381,3,1,POLICY_VALIDATION
be76bcbe3046458292d1c2415f8a805d,3,1,POLICY_VALIDATION
be79260856dc44ffa7314c409ec187a7,3,1,POLICY_VALIDATION
becdd063fc5b45b2b892e4cb0543d7cb,3,1,POLICY_VALIDATION
bf1ddb42eb1a4144b352bec66e549d90,3,1,POLICY_VALIDATION
bf8136dd76614dc6b8eb35a8c4ef348b,3,1,POLICY_VALIDATION
bfb5c1f1253f477cafe0da4bef9c9b0b,3,1,POLICY_VALIDATION
bfba5a30d1e74d5e841a0a619ab4ba43,1,1,POLICY_VALIDATION
bfbf6a29dd7e484b98f569929ffc169e,3,1,POLICY_VALIDATION
bfdd980397854d5d878032d3375ac6a3,3,1,POLICY_VALIDATION
bfdf6dd48c4e4d2b90648341e4cc3047,3,1,POLICY_VALIDATION
c0078d07e85d40f9952991b06e0e1cbe,3,1,POLICY_VALIDATION
c010058b79694bf18bc84da1efb0c031,3,1,POLICY_VALIDATION
c01a6c18a4ce48dfb035407dd48a1150,3,1,POLICY_VALIDATION
c01be78de99143a6b5dc1f11df6a9717,3,1,POLICY_VALIDATION
c04b4834d1fd4007984b663d026cf877,3,1,POLICY_VALIDATION
c05183aca41c4a8f9eaced6c5a694abd,3,1,POLICY_VALIDATION
c06146e01af546f1a1df7093a8e4955f,3,1,POLICY_VALIDATION
c067c3081f9f47b6b40b1f6a0fcf0041,1,1,POLICY_VALIDATION
c114cd112cf94ed3944e18aad0305142,3,1,POLICY_VALIDATION
c123d6f3cdde47f5b61b1d0ba7808bce,3,1,POLICY_VALIDATION
c1254317c0264d06b19094f459d25f2b,3,1,POLICY_VALIDATION
c1a1524d25bc4c1ea342918a5debe701,3,1,POLICY_VALIDATION
c1a481f219fb4cc49b15ce3a4bbaf24b,3,1,POLICY_VALIDATION
c1ab77105e5e4d96a990d9941909a24f,6,0,POLICY_VALIDATION
c1f894d0f54247479992becd0aaf326d,3,1,POLICY_VALIDATION
c2207c4db3d3473dabf0936cfd85bbaa,3,1,POLICY_VALIDATION
c2754fb6740d4a78bd184626bdfa8d22,3,1,POLICY_VALIDATION
c2850d6af2934befb3291e4f0b250655,3,1,POLICY_VALIDATION
c293fa346e8f4eff9e2d225b8bcaf39d,3,1,POLICY_VALIDATION
c2cecdcfc1a846dcb86c20791da5a91c,3,1,POLICY_VALIDATION
c38b5923d8a34881939236262c2fb9ce,3,1,POLICY_VALIDATION
c3d63f3cdaa74ab2a82ae9fe9e76d02f,4,1,POLICY_VALIDATION
c4741969737e4dca92334649d1fe33e9,6,0,POLICY_VALIDATION
c49436f304cd4d788ee4897352b7f45f,3,1,POLICY_VALIDATION
c51b202c7dcb4f0c8573b5809ab94480,3,1,POLICY_VALIDATION
c5b74fd09a98409ca9af0b5c8d0007f3,3,1,POLICY_VALIDATION
c60224d0f4e64574908dcb72f0f32d17,4,1,POLICY_VALIDATION
c62f3275f805459799989df2227e88de,3,1,POLICY_VALIDATION
c6432222f2674818b898673a1aafca6b,3,1,POLICY_VALIDATION
c664187b704a4defa92a69099d80bbd1,4,1,POLICY_VALIDATION
c66dbac92d24479dadada8b99dcd70ec,3,1,POLICY_VALIDATION
c68100e9325a4c968f2bb03839bb169a,3,1,POLICY_VALIDATION
c6cabaed4b6746acbfd70b4ddb2a432f,3,1,POLICY_VALIDATION
c6e4568927084f228e3213d330b865ad,3,1,POLICY_VALIDATION
c7eb275750d94ccc93c2984e92ac40d7,3,1,POLICY_VALIDATION
c7f340477909428d88a281b40f53ace8,3,1,POLICY_VALIDATION
c80e0cecf8244671a6b391e10bf5e7a2,3,1,POLICY_VALIDATION
c80fc093852c43989f9075b2c73cf9ac,3,1,POLICY_VALIDATION
c862dbe74f234f1b850370a956767b8a,6,0,POLICY_VALIDATION
c86591c7788a455b90728f13b906b9b9,3,1,POLICY_VALIDATION
c86b58afb3de47d9a543369e5cc0fa34,3,1,POLICY_VALIDATION
c879f3aec6954847bf0135f476cfd95b,3,1,POLICY_VALIDATION
c88c4cfd2f9e49e9b767c1327ab9f4e0,3,1,POLICY_VALIDATION
c8f6ce1edd5741b6867562c7d2a7f80e,1,1,POLICY_VALIDATION
c906a3d1340d4de39d9ae3620d50f5c1,3,1,POLICY_VALIDATION
c964691b17d14bf284ac295e77b2a8fd,3,1,POLICY_VALIDATION
ca44eb4659ab41d6abb05535ade7a74d,3,1,POLICY_VALIDATION
ca91b603f7a444b18bb257e6d25275f5,3,1,POLICY_VALIDATION
caa42478a861451e93a2c0fd48e4841c,3,1,POLICY_VALIDATION
cab55589041a4d12847c2658d54a3569,4,1,POLICY_VALIDATION
cae6a44f339c4195859aa7cf7c323e92,3,1,POLICY_VALIDATION
cbc0c88340164d3fa83dd890bee9036c,3,1,POLICY_VALIDATION
cbc805ec59fa447aa99c81b95979dbc2,4,1,POLICY_VALIDATION
cbd1117653944640a6cf9197570240ee,3,1,POLICY_VALIDATION
cc5b8e4a05a34e3b9b706a93b2e662fa,3,1,POLICY_VALIDATION
cc93405715a34e82971f24d314824f77,3,1,POLICY_VALIDATION
ccbc6f4e697c46ea9fc3d23df88e4810,3,1,POLICY_VALIDATION
cccd548b26db4b0abca6f24dda4fdbe6,3,1,POLICY_VALIDATION
cce493233ec54d959baa05a1358a12a8,3,1,POLICY_VALIDATION
ccf1cdf9d6404c47b05bd0af0f287364,3,1,POLICY_VALIDATION
cd6125022560465ca0b7a650d6004d2d,3,1,POLICY_VALIDATION
cd75f42ceaca411ba84be166038dd756,3,1,POLICY_VALIDATION
cd7942030070447ab5be9884741b3b24,3,1,POLICY_VALIDATION
cd7b088c6d0844bbadf56c9b825ac6ba,3,1,POLICY_VALIDATION
cda3efce69ef43a18f22eccd5dbcece0,3,1,POLICY_VALIDATION
cdaa1b2958c746af809f4cc0c0376595,3,1,POLICY_VALIDATION
ce10881ec8354c3b8f1864ce5b508707,3,1,POLICY_VALIDATION
ce16f982f3a14b7ca4ef40a21f87247a,3,1,POLICY_VALIDATION
ce828ad169a042d3b951c8a92d998373,3,1,POLICY_VALIDATION
ce9a702ffc3d4b76ad40469f9de285d3,3,1,POLICY_VALIDATION
cee2ee40f6ed4aa6aa5219ae8e030bcd,4,1,POLICY_VALIDATION
cee441dcd0544f6b87bc653961c99846,3,1,POLICY_VALIDATION
cee8f39e36af40138893a41bc53b45a3,3,1,POLICY_VALIDATION
cf040de2681f448eacd8df5937cd85e3,4,1,POLICY_VALIDATION
cf7659009c354f6fbf201db6e81f247a,3,1,POLICY_VALIDATION
d01c068f41434461b46a9c1f5213812a,3,1,POLICY_VALIDATION
d0a1c7736c274d929ed2aadf5f9c875e,3,1,POLICY_VALIDATION
d0ef136366974bb6a61b05e1e5d3d2c7,3,1,POLICY_VALIDATION
d1b1cead7ca3402b87adc2d5d917b532,3,1,POLICY_VALIDATION
d1fa7ae9da574632813cdb1febe34adf,3,1,POLICY_VALIDATION
d25b95d03a8c437582a3c8f85299dd8a,3,1,POLICY_VALIDATION
d265698c5e8242828343c5147fa2ab10,3,1,POLICY_VALIDATION
d29adc8d6142490784d9d685df3686e3,3,1,POLICY_VALIDATION
d2e9c731c25d4ff4875bb0c7d89cfd17,3,1,POLICY_VALIDATION
d2fecca703b04e21ad6f38e6ce2d9fef,3,1,POLICY_VALIDATION
d3c4d79ded4a4092a6498c91da64fc7f,6,0,POLICY_VALIDATION
d3d7841f241d4bc2a61e4f2536552d70,3,1,POLICY_VALIDATION
d3d7d3be42314cb69185217211310467,3,1,POLICY_VALIDATION
d4128e5a1f9045e0a3fb3853309e84a1,3,1,POLICY_VALIDATION
d43bbb02aeff4ae087aa53b396a12b56,3,1,POLICY_VALIDATION
d44a9a1b3c7d40aaa2091006820e7ff2,3,1,POLICY_VALIDATION
d4871c6d43e24a7390dc71d4abdee3d2,3,1,POLICY_VALIDATION
d489a01f199647398f24f606a48bb451,4,1,POLICY_VALIDATION
d4a64b5231df4f7cae2d66005d49102b,3,1,POLICY_VALIDATION
d5abab18703344adb4a3c5a2330de423,3,1,POLICY_VALIDATION
d5ebdc8908004fe4bba946e4519ba68a,3,1,POLICY_VALIDATION
d615a57864c847ae97b1a045bc0c091f,3,1,POLICY_VALIDATION
d64e2b0bc0c44337865c2df059c3f3c5,3,1,POLICY_VALIDATION
d65a70f56e4e4c50b2f33ec913fd2619,3,1,POLICY_VALIDATION
d707ebaf75324beb8164dbafa93e3378,3,1,POLICY_VALIDATION
d7367c319ca647cd84c88551a0abbf09,3,1,POLICY_VALIDATION
d77e78accc4d44f4a2deea245990b1ab,3,1,POLICY_VALIDATION
d7a622d1c132483b94d317d6eaa94bf2,3,1,POLICY_VALIDATION
d7ae5f4af7844228ab2dea1db1755620,3,1,POLICY_VALIDATION
d7d89e6b038342d7a3550bfbb6498ea2,4,1,POLICY_VALIDATION
d8243aedb95e4b9482c52859248f2916,3,1,POLICY_VALIDATION
d828744d80b6467ba141d335da00cf20,3,1,POLICY_VALIDATION
d89644e9b0624e4f9fa71ffc71372f82,3,1,POLICY_VALIDATION
d8f41575d6ed4f89bbf9512bf7a9531d,3,1,POLICY_VALIDATION
d949adf90ff74e489e1333f7fe351a8a,3,1,POLICY_VALIDATION
d97261dd1693460ca27a08482dc92db7,4,1,POLICY_VALIDATION
d9ae2db8129d4f23b7f00a96b8c8f65a,3,1,POLICY_VALIDATION
d9bbecea697748b3844339bb635c0960,3,1,POLICY_VALIDATION
d9f8e3239b7240068f76702083c9f1ac,3,1,POLICY_VALIDATION
da5092bed0b0469a9abe7bc6bed062b1,3,1,POLICY_VALIDATION
daed72d38d38400c8cd355496d77b865,3,1,POLICY_VALIDATION
dafedca4f19e421e991382d09e80c93f,3,1,POLICY_VALIDATION
db8d42a9527b4b14a8b2f3f57a827196,3,1,POLICY_VALIDATION
dbca7e88f1404508aa2bd9ce7f4d8705,3,1,POLICY_VALIDATION
dc43451ff65645bf98518d7ef141fb64,3,1,POLICY_VALIDATION
dc5dfd8283844779b467264376007790,3,1,POLICY_VALIDATION
dc6130bc73214cdb83bf557d59e194e7,3,1,POLICY_VALIDATION
dc789cf642024865bef2ca69f8b553b5,3,1,POLICY_VALIDATION
dc7ba083d43f42d2bcda80b7a857d722,3,1,POLICY_VALIDATION
dd528e1e418b43cda3583b7fb422414a,3,1,POLICY_VALIDATION
dd5bd2d3cdab4169a686e850f5f307a7,4,1,POLICY_VALIDATION
ddba94f6a5524385889c028cb79013a0,3,1,POLICY_VALIDATION
ddd2b67c2c5a489cbbbe7ec0b2c05a65,3,1,POLICY_VALIDATION
de273bd404714067bf0707482d75eed5,3,1,POLICY_VALIDATION
de4287bd19de460aa09b6e303187f939,3,1,POLICY_VALIDATION
de793255f709494d92dcd32c2a69f434,3,1,POLICY_VALIDATION
df4db9f7be204c739c695779762f9196,3,1,POLICY_VALIDATION
df77f39c1e4d4165b0247e39444a5448,3,1,POLICY_VALIDATION
dfb0b4c223134eb4b1484a7bc0eb9d2e,3,1,POLICY_VALIDATION
dfbd5e4352664c0d9571a2d8fc6cd93a,3,1,POLICY_VALIDATION
dfce5cc1c71d4c6eb3672190c6dc6eaa,3,1,POLICY_VALIDATION
e0c78648376643a2964c703f6d529c3d,6,0,POLICY_VALIDATION
e168d6b6950b421f97ea8a4c874e8312,3,1,POLICY_VALIDATION
e28ff3917c664590964d1403ee59a781,3,1,POLICY_VALIDATION
e2ca627a66e7487ca796ae83103bc1db,3,1,POLICY_VALIDATION
e3138bb6767c4129b8ed93ce017cc5d9,3,1,POLICY_VALIDATION
e33754879bf44aef81b475446cbb6cba,3,1,POLICY_VALIDATION
e4640af3324244389829e6b16e673fcc,3,1,POLICY_VALIDATION
e474c13a99094b05bc0cda53b76dec58,3,1,POLICY_VALIDATION
e549698b3ed9495e89f52e5d68316741,3,1,POLICY_VALIDATION
e666805285fd4f018dc0473199c9e175,4,1,POLICY_VALIDATION
e68d6d0850a24ec0a0f14ec7ba11208f,3,1,POLICY_VALIDATION
e6ccf3a6b4e84124a868d1b0f1de5398,3,1,POLICY_VALIDATION
e708ac39e5d04edeb5d6d3d332ff1184,3,1,POLICY_VALIDATION
e73b70544adb471e9f8d9661a425cbfc,3,1,POLICY_VALIDATION
e7ac0aac03b745ffb875ff20fdba68f1,3,1,POLICY_VALIDATION
e7e5cc66a1ed4feebecb44ffddbd15fb,3,1,POLICY_VALIDATION
e827a84d33fe4c698e998d3ce75ed482,3,1,POLICY_VALIDATION
e8842e51099745dd92fd684142791317,3,1,POLICY_VALIDATION
e8c7ced090e540499dc0774cfa183424,6,0,POLICY_VALIDATION
e93478d36ff94458858d0b8ff28de2f3,3,1,POLICY_VALIDATION
e9706a7d940e49a6b8aa7a4126172b1b,3,1,POLICY_VALIDATION
e979d89d19e44f89bf3dfe673466fc58,3,1,POLICY_VALIDATION
e9adc6180ce14f6e9cffa23624ff52a3,3,1,POLICY_VALIDATION
e9b2d72b82ea4f07bbe27285e0d8c26d,4,1,POLICY_VALIDATION
e9ce9ce44da8425695c421a27c43f2b3,3,1,POLICY_VALIDATION
e9f5d2dc669c49c18061bda570a4022d,4,1,POLICY_VALIDATION
ea72806fc07c48a5a88a21b3f36ed865,1,1,POLICY_VALIDATION
eb21545e8a7b4d528a9669dfa32e681e,3,1,POLICY_VALIDATION
eb283ddd2e2140c2a5e0f9c8893c2a27,3,1,POLICY_VALIDATION
eb4b761b8a644417bf05ebbf433e2fd4,3,1,POLICY_VALIDATION
eb7bc0baebd142d8bdac19469f7ca5ce,3,1,POLICY_VALIDATION
ebbac231ee4e4c2e860e44f61523e1f4,4,1,POLICY_VALIDATION
ebc7ffda4ed74137b23ab9aed3513650,3,1,POLICY_VALIDATION
ebf5b5300bd94d4a8e1fab83222ce49d,3,1,POLICY_VALIDATION
ec6098b2267b43449b2535da67a3154b,3,1,POLICY_VALIDATION
ecce676ae3bd411d8e6aee3210a497b3,4,1,POLICY_VALIDATION
ecf3ab96c53c4ddab73a346813303767,3,1,POLICY_VALIDATION
ed299e15b229488cae5974edeb5d11e1,3,1,POLICY_VALIDATION
ed469ba2ead94a8188d86c1fdc5066b4,3,1,POLICY_VALIDATION
ed4bfe8fcdca4c3591e427a655a040e7,3,1,POLICY_VALIDATION
ed853dd429414187bafdb7877b760ffe,3,1,POLICY_VALIDATION
eda3ee12c8a24ae0b998054ff7ea62e4,3,1,POLICY_VALIDATION
ee0ddff8b17243199f243c8ea899118e,3,1,POLICY_VALIDATION
ee1ffb86f47b41f582665c6368203773,3,1,POLICY_VALIDATION
ee39da7c4c6145bcb79fad4ef5694bf4,3,1,POLICY_VALIDATION
ee4e89f67e68441ca7dd38f8f55af61c,3,1,POLICY_VALIDATION
ee5df12c9df2444886ca025171b3bffa,4,1,POLICY_VALIDATION
ee8bf11078d64a318b2788290c6fc208,3,1,POLICY_VALIDATION
eec52ae7a1a24a47b7a92d2f19b05781,3,1,POLICY_VALIDATION
ef33798bec1a457e8ce007fd39d6085c,3,1,POLICY_VALIDATION
ef94cd5f928148ca81cfd2b6b09cfa5d,3,1,POLICY_VALIDATION
f08bf90466e24c70b72f9a4bcfb3b248,3,1,POLICY_VALIDATION
f0ac8758355548c2af5c34b5cb958809,3,1,POLICY_VALIDATION
f0c15603e735404a943a6d425ddc6ab7,3,1,POLICY_VALIDATION
f0c447fc3e1f459f9da0fd8bef1a9206,4,1,POLICY_VALIDATION
f0ffe24457e84e4e904e0e36b982fac6,3,1,POLICY_VALIDATION
f1679a4c32e04dbe9b0496df3566eee0,3,1,POLICY_VALIDATION
f189ef96a32a4f6f89706ac6cbdeb321,3,1,POLICY_VALIDATION
f1bc7ca1075a4f0aabf816e7701d1fa6,3,1,POLICY_VALIDATION
f222db50372845c3bd1c7042ec12a6d2,3,1,POLICY_VALIDATION
f243230a938a4d49871e0664b3947eff,3,1,POLICY_VALIDATION
f2602d3683a74b428414b63fc7d95eec,3,1,POLICY_VALIDATION
f277863caa4140079389ea3de54553b7,3,1,POLICY_VALIDATION
f2ed17edfb5541738f52a6c62806bfac,3,1,POLICY_VALIDATION
f33c9878b9884abba743267611585e57,3,1,POLICY_VALIDATION
f3469b8578c045519befb6c819b63ac5,3,1,POLICY_VALIDATION
f39b60ee9c0745128ace117c849fa5eb,3,1,POLICY_VALIDATION
f438c058a37644feb48bdd7f7cf59842,3,1,POLICY_VALIDATION
f460b17290a34d838304b980927385de,3,1,POLICY_VALIDATION
f5140e3248724734a1a0cb8607480ec1,3,1,POLICY_VALIDATION
f5202e0496874878afb6664d399727f0,3,1,POLICY_VALIDATION
f655380a7f894cf58911a90d5a46457d,3,1,POLICY_VALIDATION
f68575cc90394f98a888f66bf93fdf93,3,1,POLICY_VALIDATION
f6cc06421fc9402b94f21eb2896f5c25,3,1,POLICY_VALIDATION
f6dc55f1865e488cb0ffaeb2b9d7988a,3,1,POLICY_VALIDATION
f752dcd7f9634e65a0fc00c9fca45824,3,1,POLICY_VALIDATION
f7a25a2afac04653aab9a7220032ba0d,3,1,POLICY_VALIDATION
f7c7ef412d35420aa59f0542e748abd8,3,1,POLICY_VALIDATION
f84598b3c2a34fe2a3f7bba34d01d1d2,3,1,POLICY_VALIDATION
f89ddadd508a4869bdf2bc101135f919,3,1,POLICY_VALIDATION
f8ae9ed2df8f432eb3294f1bac3a4639,3,1,POLICY_VALIDATION
f8cfd030b7d647638ce79d34e86bd646,3,1,POLICY_VALIDATION
f9098406f115417eb680fada5b430e64,4,1,POLICY_VALIDATION
f94e813816414ce8b53d189da25253db,3,1,POLICY_VALIDATION
f991df9793514d8a8d18cdb6530e9e8e,3,1,POLICY_VALIDATION
f9e2c8ce29c04451a1f7602fac70e79a,3,1,POLICY_VALIDATION
f9e7cb16140c4552b1534d3d155866d7,3,1,POLICY_VALIDATION
fad7752d5c2b4ec9aba7965961cb1012,3,1,POLICY_VALIDATION
fb046be2ebc24c4393e8c1cbb3a6ae7d,3,1,POLICY_VALIDATION
fb8a7a456afc4467b4c6d0fa31abd5d2,3,1,POLICY_VALIDATION
fbbced5c390a462ab347edb6e2730d62,3,1,POLICY_VALIDATION
fbd48c487d3d45098274029ce8ba5ec1,3,1,POLICY_VALIDATION
fc2b48b77d224b6d9a4c8401a1299343,3,1,POLICY_VALIDATION
fcd2e0b08e844544aecb7dc68dbaae11,3,1,POLICY_VALIDATION
fd1ee23e3dbf4d82aa9fe4d6807b89e5,3,1,POLICY_VALIDATION
fd4cc90a64f94208be9790d58597bfa5,3,1,POLICY_VALIDATION
fd8e239d33ea4daa8a1b42861e7dee23,3,1,POLICY_VALIDATION
fda540fa043345348df7e2e2315b31ca,3,1,POLICY_VALIDATION
fe057a28f92045369a7fcd6ff68be5b2,3,1,POLICY_VALIDATION
fe4151cb9ff246199bf3ec6e7b1fad88,3,1,POLICY_VALIDATION
fe7a7846aa0147309b3cd0ab74981edd,3,1,POLICY_VALIDATION
fe98aa0224964a3ea517bb051cb66095,3,1,POLICY_VALIDATION
ffafa763876740c38a505182566b41af,3,1,POLICY_VALIDATION
ffbc945ca0334f9ebcad35ea6da89e53,3,1,POLICY_VALIDATION
ffbdc5e43c5948b7a57463ffd48b26a0,3,1,POLICY_VALIDATION
0017618f77bc4dcfb36823422bd3d04c,3,1,TEST
001e80f214374b349cecef0c8e55d815,3,1,TEST
00334015d6c44dfd99410c2de4983cec,3,1,TEST
0050872905864bcda3f2d54b558b7fe2,3,1,TEST
005a94546c4e49b2be003722642f9430,3,1,TEST
005f21b91b53404097f1c111e144889d,3,1,TEST
007184cb72454f63b3fccd5024bd9b0f,4,1,TEST
0078be63a1244399b4013c89a9ab54c0,3,1,TEST
008887b21db0436eb5e2d4ef974198f1,3,1,TEST
0092cdbb2c29411ca564fe1fc1002dff,3,1,TEST
00990a9676434e83800749dd727d14ef,3,1,TEST
00a7233a4d564357844d59b7b38aa85a,3,1,TEST
00d9ab943ec6421ebcc94138e67aa404,4,1,TEST
00efadfd4aaf489ab4a9dda876e5ae5e,3,1,TEST
00fd7753e29f48539b35dd5741305597,3,1,TEST
010cc0a8e2da4ec08991d00a69fb2b9e,4,1,TEST
010d0fafffc84c43b8f3be5ee9c723a2,3,1,TEST
01160b7293e54a2aa4afb7684758023f,3,1,TEST
0127216fd90547e6a9abe484b4fe9531,3,1,TEST
0135cd16ac2f41b1a9a932d5d1255313,4,1,TEST
014709f9f9324bb98d1b6665ee5cbc69,3,1,TEST
016215bb34a34dd4a87b61e59a70a00a,3,1,TEST
016da4dd6d574eb3bb636e97a708b85f,3,1,TEST
0179dfa17f4943abbea2184d18a0a277,3,1,TEST
018adb945ea34603bf28da457150815a,4,1,TEST
01c4ab6c450f4dc1a4b282ddf2d7cc77,3,1,TEST
01c5ea6e5fce4c0cbbeaf4ee2d731af8,3,1,TEST
01cec6c75ccf48378d01b038d5e34a5b,3,1,TEST
01f8dcf2ba104e56ae47df6ba50f6cd9,3,1,TEST
02068945c63c480383a96a2fe217566c,3,1,TEST
0230fe7f891f4862b492299719cd408e,3,1,TEST
024941bf3b384906af07865223caf327,4,1,TEST
024f3583ec7d4a9b8dd7dcc59fd04b41,3,1,TEST
024fc42dbf2c4a3ab3c1a41bca780acb,3,1,TEST
02611b4294234d37ac2e369cfb807449,3,1,TEST
0284868bdb954147ae3d5e464aa12d2f,4,1,TEST
02a5158209594159bd91115b93432e54,3,1,TEST
02aa3a52ace543fea5611a6eff6b397e,3,1,TEST
02c088b6d2ff484e822a22d4a0e9e220,3,1,TEST
02caa4e7e23841378d76292a6ebdc0d2,4,1,TEST
02d63786ccf14b7283c9059aa0f00afc,3,1,TEST
02efa163c5cd4ad681ce317ad38beccb,3,1,TEST
02fe4602bc474f3d8be9cd401f67069d,3,1,TEST
030f86dca2eb4fc08219ab0ec8514404,3,1,TEST
03198207516b45e9868dd8f9fd85470c,3,1,TEST
03252083999f47ee9fbdaf5f8ec9fe1e,3,1,TEST
0327e8dae6c84a4698aedfe0d16ec14e,3,1,TEST
033efc15f6e044408a766a62a45f1202,3,1,TEST
03494e039521418889c9eb2f3c010e28,3,1,TEST
0349e1e221634578ad1fe0e1765c4ee2,3,1,TEST
034c8ff787644969a8f3076335681123,3,1,TEST
035200200a724dd591f029ceb803d7f6,3,1,TEST
036e2b0329c64350b9ddc6af5816ebb0,3,1,TEST
038ece40c1c242ac8d7519a8f5b40984,3,1,TEST
03c6cc4001fe4d1e8e5cf08970a21e07,3,1,TEST
03de663cecd442b5b5cc9e29c386622c,3,1,TEST
0400305a6b014c3a9ddd60db68dfb948,3,1,TEST
0402ae265f994265b80badd27f634e36,3,1,TEST
0433ed536ca14499aa7ba2fa3c63425f,3,1,TEST
044e34c2b23e42919679a6011421ad1b,4,1,TEST
046054e7c2f840c593e4a7985a373fa7,3,1,TEST
0461a2b370c94036adb46d455a445e10,3,1,TEST
04740734eb6d43b5b56070c8b5513152,3,1,TEST
0489ae223d6e42f6afb3ea6947eac537,3,1,TEST
049dfa9045584e5f93528c331e1fbac6,3,1,TEST
04cf59066c2b43aabb3632a7332b3b1d,3,1,TEST
04d6a4759e46422b94e59a42e7100be2,3,1,TEST
04de82bc978e4beb84155707267248e6,3,1,TEST
05117d65415b41d693959900de5cf93f,3,1,TEST
0516838c873848bf8535d8008ac2f79a,3,1,TEST
054a0649c9c841c18e48720c142ec562,3,1,TEST
055527320a094347b4cb2818b82c463b,3,1,TEST
056d364a9efc44ea961323197dd02c04,3,1,TEST
056fb85d53a040d99ab6b66ebacde194,3,1,TEST
058f51721f8d4830888c8ad8bd3d24bc,3,1,TEST
05940865eda84a3f8d77a7b7780145ae,3,1,TEST
05b3ae8884a941cdaf413f9fa9e78362,3,1,TEST
05bbde707aa347799b48e7f91bbef1c0,3,1,TEST
05bd10a5ee0a4b92abeaeddbfcd1f6ff,3,1,TEST
05d028ebc2984ccdbe7ff253611bde58,3,1,TEST
05ddc66c5379472a8950244c0b36579f,3,1,TEST
05ed6f9136b84406b9dda2458d08a679,3,1,TEST
0603ebc402fc4b1d8f62260733e7422a,3,1,TEST
0605e337b73846b29e06331619c84e64,3,1,TEST
061c2ddbc5fb460d805ab59c27d98fe2,3,1,TEST
063e2226efd94fda9aae34e62c410db7,3,1,TEST
066175ba993a43bf84007494066c3565,1,1,TEST
067616dba473488c91e91aac4c33e7aa,3,1,TEST
06a3125e34e2439bbd2f29a556ed83d5,3,1,TEST
06c0ca868a9a4fce93afdbaa3dadce50,1,1,TEST
06d3754750804bd888f3ba5d16bb35d9,3,1,TEST
06dadc07d14c47119617507e3955017a,3,1,TEST
06e85c68289241cb98b554c12dfc69b9,3,1,TEST
06eeb779fc0840feb098ebf6e55af2bd,3,1,TEST
06f097ea68dc4a7cb20f5dab49e98cc3,3,1,TEST
0709e11172b8446cb121de2bafadd893,3,1,TEST
07141c802cf04755b2383904f26bfe29,3,1,TEST
073b4f30fe004331a16eefc5636245d3,3,1,TEST
0748306400b64488a3c33530e17c81dd,3,1,TEST
07547749fb43437e9557eae222ac2ce8,3,1,TEST
075f6d3c830346dca328d2fa57b13aac,3,1,TEST
0781da226c12415ea2302b3eae02c430,3,1,TEST
079507b4b51b428180afba3051cf6f6e,3,1,TEST
07a7a3d049694efdb69d6b37f8600d46,4,1,TEST
07afbdc458484337a8bec1b2471d6fff,3,1,TEST
07e09dfb76b8443e83b60d504fd4d9c0,3,1,TEST
07e9727f53d34a91ad0147b1056e82f4,3,1,TEST
084bd7653e12416aa2ec83add79e98b1,3,1,TEST
085dad8e2acd48dd86d43afcfbe51174,3,1,TEST
085ef3019b904cb0bc7e08a35f1d176c,3,1,TEST
08641450315a43b996ea3e8d02f4b8f5,3,1,TEST
0865b12a41a6491083c69fe5c8c755f3,3,1,TEST
0869d6657d134ecf89bb7b41cd6d75f6,3,1,TEST
087d076579fe448aa63134c17668d194,3,1,TEST
088a3122ea68490a95b32037325b3cfd,3,1,TEST
088c67c954914ac4899ef4fbb2371bcb,3,1,TEST
08978e0a0ecd469c8f84dfa69fa3dad3,3,1,TEST
08a68b550acc4a17bc65e2cf7c7ffa79,3,1,TEST
08afd2766abb4bdabc7ccc82ee87bfe5,3,1,TEST
08bf19e64a2d4194b05512ff6b22f42d,4,1,TEST
08c553efd9ca424aba0bbe35e79bbe52,3,1,TEST
08d6aad123fc4acbac8a44ee35781194,4,1,TEST
08dc00e7515c40bfa66615a7d3bf1be1,3,1,TEST
08e9f7c930cc413487e64bfbde3339a4,3,1,TEST
091ba66735114361a9b8dd2fa546d90a,3,1,TEST
092cc0e90a044fdeb27a57f612016297,3,1,TEST
0937869153dd4c5d92de18f88bf08f88,3,1,TEST
0937b40ec3154e57960edb8a0ee69593,3,1,TEST
093a6884654e453d92d57234fc6762e0,6,0,TEST
09425b72c50f4a17b707c5169225509d,3,1,TEST
0958b39ac0ea4869833d76d1e21708d1,3,1,TEST
0966b9b7ecb64e7da7d2ca6d5d804be6,3,1,TEST
097c7d9128fe451485a1a70421440f53,3,1,TEST
09a2630d36144610ac1e16e0a8c56a04,3,1,TEST
09c500a1cf114abea3bdb2198c7ca4b7,3,1,TEST
09d0cca6b30a4def8bbf7df30692bb54,3,1,TEST
09de02ecde64405c926be189365b158f,3,1,TEST
09e37a6c371c49d7a5c6c7e11832422a,3,1,TEST
09f6e32bcb364aa7b05667ad72a55449,3,1,TEST
0a021a4d22ed4103b1c87374f989516f,3,1,TEST
0a17b93c1af242e2aae1c99514d06568,3,1,TEST
0a3a985ba39b47599d9056430a42ffba,3,1,TEST
0a5217a9983043f19128581103bbd373,3,1,TEST
0a54da74e6ad4cbdb96c9666313bdf44,3,1,TEST
0ac4be62144243a58bcadac91f1967d4,3,1,TEST
0ae9c630ae984932aad40b00cd2745e4,3,1,TEST
0af2b3c49f7d458fa6cb549c2bc8f100,3,1,TEST
0aff092f935b46538e047804b888c334,3,1,TEST
0b01cd947cc248cbb96fca43862de78d,3,1,TEST
0b792dca92ce428195960fa639d59c38,3,1,TEST
0b891f68fa4f4dbd9c79dc352a1a855e,3,1,TEST
0b95b109a902492c83ba1a7b470fa5b5,3,1,TEST
0bad0ad7639042d789a0ce582125d634,3,1,TEST
0bc9ec41bdf24069b204ef2ce4211198,3,1,TEST
0bd3a38027524533abff698f08395712,3,1,TEST
0be66c6958fa4d7499d4235dc84a719e,3,1,TEST
0be84ecb837a460f83a23ee69f9affda,3,1,TEST
0bfd6ece10cd4f8cbc91d94e1686203f,3,1,TEST
0c0d65a9284e4ecdb97a069d1ac19a7a,3,1,TEST
0c14d67fac4142f089b248d3b7440bb1,3,1,TEST
0c1e58b33b0a41de9addb19c23c5dc59,3,1,TEST
0c2a9a0aacbc42dcbaaf71b151f782da,3,1,TEST
0c71ae257cda44a69ba24f81e94b8274,3,1,TEST
0c832a7a171a466f9029794a1a7fb586,3,1,TEST
0c8aeb1ddcae4fe68f9ae3d4ca621cc8,3,1,TEST
0c96c0fa1ab14cf6a0d091467457e2a1,3,1,TEST
0ca1ed6003364dedbe8f069f03403b5f,3,1,TEST
0cb2e2d3b2144d02a1d5d845612d21a9,3,1,TEST
0ced0c24888c4bf18fcda6f403a97256,3,1,TEST
0ced545c26d74244818914502372e71e,4,1,TEST
0cf4559fa5924a28a3449d1f6f151973,3,1,TEST
0cf7e0f310c242d4b07d8f22bb7e9baa,3,1,TEST
0d269ef7fee24d43b7be20982e926a81,3,1,TEST
0d902f4f71c74016a2a2e69358983a3d,3,1,TEST
0d9579315d1647f6b907bf165d0e90f4,3,1,TEST
0de9c1b01a5048ea82d382e13941d0a5,3,1,TEST
0e17938dd1fc4093bfd47b148c5bbf85,3,1,TEST
0e30d25835ef463c93823e0e14f59cdb,3,1,TEST
0e383d9aa8fd432a9fb1d3fe155088eb,3,1,TEST
0e6791c4fb5641c7b14ca74b49c3c8ef,3,1,TEST
0e6bd5f950514feab738e376d8d67c70,3,1,TEST
0e7707bf640b40659c0009749ac789fa,3,1,TEST
0e80319a6dab4354bdb1a7432f51e1eb,3,1,TEST
0ec27efd197b4dadb1bf49dd635405f5,3,1,TEST
0ee45d1ed6eb4d1eb7640b7b369dab3a,3,1,TEST
0eead3cd0a33463598fbedcee1a1f860,3,1,TEST
0ef66cd9512e4feaa62e4ec3cb75cdc1,5,1,TEST
0f1d78af86ad49fba2944aab56bc9798,4,1,TEST
0f321a8301d4490ca6d9a5f0893cd0f9,3,1,TEST
0f355b4c525f49488bc73416c0760c91,3,1,TEST
0f3d7544137b4cddb2d46276c3fe8c97,3,1,TEST
0f595b6e36e746739ced7b12223dbdc0,3,1,TEST
0f67808a9d3c44a9966cab739275a532,3,1,TEST
0f8c4b7edfae4ca4aab087a4be33d853,3,1,TEST
0f8dc2f8302e4eaa9dc4a5cb85fe41df,3,1,TEST
0f8ecca34e9643639d94bd765c6a06c0,3,1,TEST
0f9074245dd4411586f42869fba5a912,3,1,TEST
0fb1b3d608d34595bdf39749f45e6b64,3,1,TEST
0fc2541b965149b689b4c421e5892d0f,3,1,TEST
0fcc6da755be47939ceb8cd9d58464da,3,1,TEST
0fd1954b8917425fa0561386c3d5f6b1,3,1,TEST
0ff621d21cb142459a3cff9c7563bedc,3,1,TEST
10064c4e0dda4dfa98a06a3fdd0eb7c7,3,1,TEST
10139affb7164d01b17b3509a63a176a,3,1,TEST
1037783dd4bf476fa4b97d754e608e02,3,1,TEST
1055b6a207644230aaa883f3df8495d9,3,1,TEST
1079519b735f41aabc8e7c642cb5e487,1,1,TEST
1080fd39bc9f4975b422905e7ad5ea28,3,1,TEST
1083c47d71a94d28a73f9d42eb3fca41,3,1,TEST
108d3b53bdae48c4a735470060c01d99,3,1,TEST
10a562c6243747328776372fe56836ef,3,1,TEST
10bd381b921e425299837b91c9805538,3,1,TEST
10c87a4549ac4ccbb636d1c264c2a043,3,1,TEST
10e6b1469a5d4a2d8bb18578a88c9864,3,1,TEST
10f990e60e1c493bb4037ee509be0fd0,3,1,TEST
10fd8d1c80394a5c9a019cc36e18369c,3,1,TEST
1118744b1b8f4081b4aad302d77d02ca,3,1,TEST
111db89c7e9e457f8eb388697b329c72,3,1,TEST
111e31310cba45adbdb10232aab93b8f,3,1,TEST
11507ad17dfa4859b52191a725914e3c,3,1,TEST
11632253d3484fe3b4615650816e1a87,3,1,TEST
1184112b4bcb415b91ed4e1a56dd8bcf,3,1,TEST
118c4716d6504580a8b3df56b9c38e43,3,1,TEST
11922ef7e7a14e5c836287ce7be156e1,3,1,TEST
11a0a133f9be4271808df2c098c6fbef,3,1,TEST
11a848d0175a4e8fb2544ed48ea16cd7,3,1,TEST
11d46bd783fa4155aa64ff97fdcd2312,3,1,TEST
11da55705d7b46758bebd91492ce1272,3,1,TEST
121295f178be4d9bb3cd1395dd4424bc,4,1,TEST
1229b9d02487403bbd07fd780d668f14,3,1,TEST
12418ca1404e4bfe9badfda65735974e,3,1,TEST
12605c7f6e1e4c5e875c9cb6b3293586,3,1,TEST
12915122215841bf828d27749f5ffd3e,3,1,TEST
129d15788be24536a48f38684bb7f718,3,1,TEST
12dcd2a223e244379b4b742625cb4493,3,1,TEST
12e97106a8614823a5ef5e5a23df266c,3,1,TEST
12eb1732751b42379ca526abc870e6f3,3,1,TEST
12ee2d940dd14e7da59fe18573e8ddfd,3,1,TEST
13180aba2ff2436ca764400d55c3d983,3,1,TEST
1343a6294b7d42c79f319f7abbac94f3,1,1,TEST
136bc00819754fc88a7e6a1e66a12d87,3,1,TEST
137690eb98424156bbfd00c42ab03887,3,1,TEST
139527bac95c4f7dae8c38841511d957,3,1,TEST
139a34a94ccf4e7bad4ebdd72cc045dc,3,1,TEST
13aed86081bd448a9a95b9bf90464303,3,1,TEST
13c579574da6498cb945ced703bd7f00,3,1,TEST
13d0622f9391421fb732a225f28e7fc4,3,1,TEST
141883efcbfb445aab054e6e2f36d47f,3,1,TEST
142daf52ed684996922a07441e7f8d8e,3,1,TEST
143bc8b4bde4485e8c9dba2aa1e10465,3,1,TEST
1453a5bfb22d4ffbb37b46a3fb7fb8e6,3,1,TEST
145a9202e9e542f5901ad0530ec97c10,3,1,TEST
145b8be275854e78bf510bd689ca89c3,3,1,TEST
1470d4fd459c4bc5be9ee664405d4e8b,3,1,TEST
14725a2167bc4928b21369a256f60143,3,1,TEST
147f6078689b4d5ba50864fe10ceb54b,3,1,TEST
14ae6c06e5cc4dc68ef31c27abc620d0,1,1,TEST
14faf83f48cd46a0b27c117db0579d32,3,1,TEST
14fdc39a1cbf4fc4ab46b9502262fe00,3,1,TEST
1504d43965ef49fda8c34a1a2970f3a3,3,1,TEST
150fb934ee7e4f829ea5b883cac03d05,3,1,TEST
150fda527e5f4611898b640cb7ae721f,3,1,TEST
152166bb68e2404fb2d9f6af725b9db5,3,1,TEST
152328dfaf9147d3abf138e18ff9d699,3,1,TEST
152cd973357e4edd97b0be4c059e38ae,3,1,TEST
153ff670a57e44d480d53461804c57ea,4,1,TEST
1558545a03394af89e21198af4d66209,3,1,TEST
1562a5e7562d43088bf2ead668120cfc,3,1,TEST
157e4034a9804d349b2bb360076e61e7,3,1,TEST
15afa28faffc47dd870c58a70d2cc4db,3,1,TEST
15b40a0884ba4c7fa23e008ded436a24,3,1,TEST
15cf04d7ec3d4928a018e1f859fc5aab,4,1,TEST
15f5be74f0e0466a96a459906b05a7f2,3,1,TEST
160c9413e71e4542951a4f18cbe6a074,3,1,TEST
161763d420af479c85c22174a985f272,3,1,TEST
1635499b793145a2a6e494824ce0055a,6,0,TEST
164a13c438a14ca4926fcf2da984ec6a,6,0,TEST
165ed53dbb6840298573e57b58456cb7,3,1,TEST
165f78507f0d42f0a10d4890e6d556ea,3,1,TEST
1662a85ba4734f479b3a5f9e064ddc57,3,1,TEST
1665ffafb35145528f741041face5f07,3,1,TEST
16702eda48814fdb852395f6bb5f82b4,3,1,TEST
167b0eaa061e4309a3926aca1a4c463f,3,1,TEST
1685d478d53549239d9d49da60626e86,3,1,TEST
16d4a8d2efa648ce9dfcab8c38540668,3,1,TEST
16d585490cbd4b2895cec117c9715a48,3,1,TEST
16e3b35528f94e4c81fa84871f873057,6,0,TEST
16eec73b7d384b769db19fc36acd9a12,3,1,TEST
170378e4664f4ed2b51efbba8545e65e,4,1,TEST
170b2bb90f4a4f99919bb9642ac11d65,3,1,TEST
171eff67647543c7a4fa40ea325c8325,4,1,TEST
17228a380576497398288f6c145789da,3,1,TEST
1739b441f07a41f8a921c125fce0af3f,3,1,TEST
17906c8e56cb44a28301d8246a0dc849,3,1,TEST
17bd766532bf4622a6cecc970949fe6e,3,1,TEST
17beb695652c4c99b2e2ec98bb081386,3,1,TEST
17beb777897b4d318c69d32fa44b457f,3,1,TEST
17e779e1dbe3404aaf190f5bd4107dcf,3,1,TEST
18008d38529549748f0a5ac5587327e2,3,1,TEST
180f81728c844902a6dd3897430ad85a,3,1,TEST
180fdec9d20240d48061a8ec9e545fa7,3,1,TEST
1819f2387b2d4eaa929f851bc6fed3eb,3,1,TEST
181b0d48b2f64fbca583372094462b6c,3,1,TEST
18534ff61b4d470787e35d7ee370aeee,3,1,TEST
1863f105b78a44ad8fdbf7237660c664,3,1,TEST
18978986c3b04e7481008c80db8520bc,3,1,TEST
18b2390397964d81859f120dc23c33cd,3,1,TEST
18d2adb4a846431b81bd679ada561f25,3,1,TEST
18d5f4c76449482384289a289e68b969,3,1,TEST
18e1b6e3eef24b998d703550017b4935,4,1,TEST
18f1deb1155640f2b7aaa064610feeae,4,1,TEST
18ffd9ee768b4e29ab856c32f5da199c,3,1,TEST
19172bed28f54e79a83f3a8b7f703b03,3,1,TEST
1928fe9b4423421c95ccede9644e0d8a,3,1,TEST
192eef2439e64e0a8d8ea3af68401101,3,1,TEST
195772f16af44f0bb689b17c76325597,3,1,TEST
19582bd8f93745dfa27cdf61229aa61d,3,1,TEST
195ce0cf29fe40bbb12ae084ea32eced,3,1,TEST
198d18540f19418ba05e38aafc545db8,3,1,TEST
19981db4439f47d7a5bb896fe1a3f1dd,3,1,TEST
199b374677ca46dbbe2fcb99f42e9a1e,3,1,TEST
19a3056fc02b4196be4f534c91f5138c,3,1,TEST
19a874da8985497f87b17fc8e43c9f4f,3,1,TEST
19b80e9a20534516a1ba6152bd26ca8d,3,1,TEST
19bdf4ef53634627981afe65d8c6e9e8,3,1,TEST
19cdf32e6b4d4ec183c261e637a318b3,6,0,TEST
19d9beb4383f499cb949d36c1ced9eeb,3,1,TEST
19f2c50263c44c14b3489711119a14b1,3,1,TEST
19f3a39da88640e28c5f4c5da366563f,3,1,TEST
1a1a6f2869d844b1842ca20c0e55e4ce,3,1,TEST
1a5ed25f71d343c6a8f93d3b01b074f7,3,1,TEST
1a8467f160e04af2a1ec1da134117d9c,3,1,TEST
1a977fea69f0451f8424308081eb46e7,3,1,TEST
1a9b7e540b3944509c91efedaa1c007d,3,1,TEST
1a9c1c1c1ca14292943a3edd0d9d9da1,3,1,TEST
1ab51ef778524e9882b25a6f4a80d1cd,3,1,TEST
1ad919dd786840a09c406de2d2d23fce,3,1,TEST
1addea53c8684514b0546c7fe3636aeb,3,1,TEST
1ae0d8e1cc074808b5a4de1eebc45734,3,1,TEST
1b0d9a574c3f4ab78db302076f6e85ed,3,1,TEST
1b3b5317ac93450c945fdeaeb292660d,4,1,TEST
1b3cdac257c44c849c1c64c5d60f5dde,3,1,TEST
1b7cf3947f004f038494c20a9aaddac8,3,1,TEST
1b81e240b19b4dc491ae5b89243d62d1,3,1,TEST
1b8652f8d95e4a44b742b2a855730016,6,0,TEST
1b88f607a7ee4f8492830030e3de6ee8,4,1,TEST
1bb052a795534bb7ac6cdfd46e7cf5dc,3,1,TEST
1bd2867ccbbc419aa261e457e3c14c05,3,1,TEST
1bd6fa24aa8e483caf60bbfd266695f8,3,1,TEST
1bebb7df839947e7b026040b0143c8ff,3,1,TEST
1c11824c9cb446f8bb9d225a155fa29f,3,1,TEST
1c11bf6481c04df7925a3d5e463b4047,3,1,TEST
1c36ca7af5fb44339bcddb2f3e70b7ea,3,1,TEST
1c5c439a1a80481f888b9c63d7f9ab6f,3,1,TEST
1c61ac94685e4e19b5ee3debd473f443,3,1,TEST
1c74b810f468402a98c0577d7e9bc7c4,3,1,TEST
1c75ebd33d304af19de4d29e09d19ee2,3,1,TEST
1ca0b8ddbc5a4cc8ab04b78c9aabaf83,3,1,TEST
1cd4dadf9dcd4a8081103f348b3103dc,3,1,TEST
1ce88783f79943a48f8354522c31adc6,3,1,TEST
1d17bac75ec9433ea626f1ec1bd41316,3,1,TEST
1d31aaf7792f4194973638040c9ac321,3,1,TEST
1d3b02244f5f421692cff2a4ae51261d,3,1,TEST
1d69947365a54cc59a26b647775056ca,3,1,TEST
1d6ee929586b4ce9a0e39670dbc87969,3,1,TEST
1d90a29336f9434c8c897d4856f3fe56,3,1,TEST
1d93d18bfbc3479295c7924e384951d1,3,1,TEST
1db54024088a4b22a4cf28daa4d7fa63,3,1,TEST
1db95315659048118a94b35fc838daa8,6,0,TEST
1dc6b5e724784ed28b8adc60d94b5887,3,1,TEST
1dee541f04ee43db81984a28850bdbc1,3,1,TEST
1df65f5a44e2417796ba580a5d550989,3,1,TEST
1e190f111e804455a052b3f646fcbd4e,3,1,TEST
1e2809ab09c84a6eae6e168b331c0dc7,3,1,TEST
1e2fe01bd8164087a8a595f429beaad7,4,1,TEST
1e32f7b0e52d40b690d722b271c9f3eb,3,1,TEST
1e41babe77bf47cb8a478a1d982177e0,3,1,TEST
1e47249cd214481e96d001d96e8a3b22,3,1,TEST
1e595669e1c4483b9cad25f1a5aee121,4,1,TEST
1e60088c8ca94f449703d42e067e63f4,3,1,TEST
1e7146e744b54f8583ba61de6df1ad10,3,1,TEST
1e924ec09a9c402b928188fec957568d,3,1,TEST
1eaaa785a3924296877a7e379ab2bc37,3,1,TEST
1f00972d456e477e8d1d8f8685045460,3,1,TEST
1f1ca115f1614b3e8dba2033965ec2eb,3,1,TEST
1f43eb9951af43498b1a8050c6e1c5ad,3,1,TEST
1f482fcd9a02477db01dcb536f7b79fb,4,1,TEST
1f671716837e4439b095ab2a47020e43,3,1,TEST
1f6dd80c8d674c5fa778fca06b1d9695,3,1,TEST
1f73871adb7f40cdb8f1ad33861c1a05,3,1,TEST
1fb513ccc14745d885ac4f71844ba293,3,1,TEST
1fba4b945a8e4cdbaf9511fb7008839d,3,1,TEST
1fc06ef6c6ad4370a04b0dbfdc0904a2,3,1,TEST
1fe18df8f7ed4ac188fd19ed36b4443b,3,1,TEST
2032c5be38cb4997b527592c8905eef4,3,1,TEST
20ca551d2adc4069b76795d7eaeae29a,3,1,TEST
20cc9526c58743019f12544ca3f6ffee,2,1,TEST
20e45825d1cc4e059ce5a78714a7daa0,3,1,TEST
20f568cfcf554528a1cedb7590baf8e8,3,1,TEST
20f8693054ed440aa910809fb2ed1b03,3,1,TEST
20fb49a498e84db9abce28408acc8e7b,3,1,TEST
20fb76000337459588aaecdc3a5a6c92,3,1,TEST
2117a05183264da29ab4bb118d8141b4,3,1,TEST
2127742cd4ee48ada8534f359b84d87a,3,1,TEST
2157df93ecfd4f458e8e974f575b1548,3,1,TEST
2189244e48fb4ef791e6a5b1557d9ccc,3,1,TEST
21d976a76c2d4f2cb5164a7e747881f3,3,1,TEST
21e9f3e1d0844677ab70edd5219681ca,3,1,TEST
22152562819f45af9f20dad21d2faf07,3,1,TEST
221778c5db6d443581cf9b75c684f2df,4,1,TEST
2220737b1a504d1088da2693304908f8,3,1,TEST
22436eea26f94f7aae15bbcc2ab7a66c,3,1,TEST
22479a9c4f2342379af3643699644122,3,1,TEST
226a013df62c4cd7ad82d0ad002649f9,3,1,TEST
2283ba3215c24ce3b314cdcb13cffd69,3,1,TEST
228d5b3ffb7e408eb0279d6bbe3f2276,3,1,TEST
22b577c1fbad437388fdf6e5285be477,3,1,TEST
22bebbdf24da4e8f908f67a147105592,3,1,TEST
22becaad1f084b81937c41c821edad3b,3,1,TEST
22e4c1a4e8aa4599ab8d5b52a42b68b2,4,1,TEST
22e867adbe744f12b7a241a6b5e95860,3,1,TEST
2326831e8b034a9096d41d0553fa5b63,3,1,TEST
2328a26fb16a49b5b2964a1735454eb0,2,1,TEST
232dd926a90e4df58d27ca83cbab3adb,3,1,TEST
2334d53d9b9d4fce8b5244e80b4547b1,3,1,TEST
2346255ea6804025bd0dfc15e0663b07,3,1,TEST
234b171344ab4577b6f7d792f1621fee,3,1,TEST
235eeb7b3e364795b0797e2caae194ea,3,1,TEST
23642dc38d7b4afaa627f48a05c93450,3,1,TEST
2375f5b3591b4d41a71717014d77f7af,3,1,TEST
237d429612fb4e2ea38f0002334ddaea,3,1,TEST
238e82dbe0e14e218c0d8aebe6d960a1,3,1,TEST
239f44fe58af4286866337da0b2faa86,3,1,TEST
23dcf43339474856ad3ad2676bcfc76b,3,1,TEST
23f251124b2a4da3b07b11eb79680e0b,3,1,TEST
23f2d211943043ed8d524f5695a0734f,3,1,TEST
23fe35684d09482abe733a50e40045b8,4,1,TEST
2433cc8b2fef4b7d9aab4186c54bed00,3,1,TEST
2438380d7ff245b6b0c9a59b06736364,4,1,TEST
243ba164d9d54b689224b41d12f08849,3,1,TEST
247430ce587645728ca858e68549012b,3,1,TEST
247f39bb97894bdaaca591ccee6db329,3,1,TEST
2489f324aa4541cbbe6ebdfa91187b02,3,1,TEST
248a539995f84294b14894349f12106c,3,1,TEST
2494793b9a45444f9e6175bcf7cff0b6,3,1,TEST
249d801ff929408ea12bdfcca4f1f859,3,1,TEST
24a0f97f674b40d9b5a36e61b6576c1e,3,1,TEST
24ad8026ff184c3f899954bc8fc50924,3,1,TEST
24ada3c057fb46dcbe4ae3b41f08b71c,3,1,TEST
24b8487e937148bca3e33fbb2f0e76d9,3,1,TEST
24e923b09d774a8d9f44da099b98239d,3,1,TEST
24ef9b2cfd854b168ea26cf3948e908b,4,1,TEST
24ff4a93eb0d48e190a8abb9c6df37d4,3,1,TEST
2500167204fa4fd0ae11a6025834ea8d,3,1,TEST
2500bff41ea94fbaaab8dd046459be6e,3,1,TEST
2508b5b99d6a4564a7560985f6d67020,3,1,TEST
250f1949dc3f4413b56f9adb6d7e6744,3,1,TEST
251f36277697404c864d55dc636bf1f5,3,1,TEST
2566da853f6341a1b0199a4d910ee195,3,1,TEST
256bc5fab58f4019893143fa702e6118,3,1,TEST
259e1eb9b6ef46428b90a4bba9c8bb23,3,1,TEST
25a9f26927704355a4905e94eba6745b,3,1,TEST
25b72864ecc1452ca32536df6e13a177,4,1,TEST
25ce0c89e3c643faa73412ecac394be9,3,1,TEST
25d51def27b54decadc310448e38e306,3,1,TEST
25e9e63d32084365985f5f1eb53496c0,3,1,TEST
25f0b27c0006447c9db5c0f1388a8edc,3,1,TEST
25f3f2695ce84b989fbb32e2f7db2d76,3,1,TEST
2604ff5184784fc997b2c36f41a88796,3,1,TEST
26190accda944b5f9aed2185b95390d9,3,1,TEST
262120a01be0469583e8928bf46d106f,3,1,TEST
26241e27b3c846fabc39e4d277902357,3,1,TEST
263fde80f8d64ffe80a1e2a290008d5d,3,1,TEST
264d32861ab14deb9b08f8378fb3bacc,3,1,TEST
2661734b21874fdf9e35a4319a9e7462,6,0,TEST
266a8e0227a943d3beb7b68d5153a452,6,0,TEST
26777e75551f41baae93b295e5e9981e,3,1,TEST
268518b1fadd470da7ace6369194efee,3,1,TEST
26d04f9a37a54fdabbe92a862262b6ea,3,1,TEST
26e7d0bed0e443f2b7ac5520a9968a24,3,1,TEST
26ed3e9bedf4428e94f6818fe7dc4624,3,1,TEST
26f80afd5a6d49da9ec9f68e8953cc13,3,1,TEST
2702f9f92a39431faa4ef414e20a23dc,3,1,TEST
27178f1195704f789f5a6679413297f9,6,0,TEST
271f2c0cfb2348da963150ffe0cd66c7,3,1,TEST
2723a57717c349fb8e3c39b02866e41e,3,1,TEST
275337aa8d0145fa90d8534b6100d64d,3,1,TEST
276e3cf6f43d4d2797a59d11a04fd6cf,3,1,TEST
279696fcf1ba46a5a8cd8e1c026343b5,4,1,TEST
279a4a8056e44a489f8df19d3a346c52,3,1,TEST
27acf89a7e5f4cefbef726f49bcb4d94,3,1,TEST
27c32dada06d4ed0a18ae4d0d662b73b,3,1,TEST
27c3e6c9659948ef8b13505aaff8dac2,6,0,TEST
27d3d391a50b485496ca383ea579cb43,3,1,TEST
27e4226aa73f43368f123c1459b8c245,4,1,TEST
27faf8d0cddc469d919d0ed955b12af6,3,1,TEST
2826fce7ca2d422caaae36269d7fe2e0,3,1,TEST
28a990059a26489fa8d8a140683614a6,3,1,TEST
28c17b6d765f4517ac455d774b258d8c,4,1,TEST
28d4fde507ab45e889daf16077eefa4f,3,1,TEST
28fbeb8ddf6448b8875383f4c7cc6dc4,3,1,TEST
290e6e49a3e64f639cddc44a74a2b656,3,1,TEST
293356d4c3184371aa3962de251acf64,3,1,TEST
2958cc4340e44225a5ff8d56791b04e3,3,1,TEST
29613e685ecb4545ac166b53ec1b0ea5,3,1,TEST
2961d71173c7423786474f5c40b51534,3,1,TEST
297ee48a83f241cdb0b00bb801a80481,3,1,TEST
2990d28a6a4642b1a61eebff36a4bc16,3,1,TEST
299d7af945be441d929e4ce021f923b6,3,1,TEST
29a8f2138f4a4a638efef6558b508328,3,1,TEST
29b104a6742b43f1b7f6aae909d92b11,3,1,TEST
29f2159393f342338c6551bcab2f5ab0,3,1,TEST
2a04b2982fad4580be5468e5876f27ec,4,1,TEST
2a576662e7dd4595983ef562679197e1,3,1,TEST
2a589bddcfc44805989756cf5a853e59,3,1,TEST
2a5efa6c2cc940af9c725783c326720b,3,1,TEST
2a5f9f18a1db4a0b85898cc4ce93221a,3,1,TEST
2a6ee526b179441ba6752135b1d4a524,3,1,TEST
2a846d800a6945d59cda4ecd0925757b,3,1,TEST
2ab96952ebb243f791b7fadbb29bf28d,6,0,TEST
2aba3f344c9044929db6037a4cb51399,3,1,TEST
2abc111464b3492eab5b6c6aded41507,3,1,TEST
2ad80cc427164612bf48236f6aa1a089,3,1,TEST
2ad94c8b322542f6acf29a9993194def,3,1,TEST
2af5bf4b70ba4f2582f498a208862702,3,1,TEST
2afd5c7889ac457e8c6cbc6b3d18f6fa,3,1,TEST
2b14b1ec824c46c9b48b3b0abb3da037,3,1,TEST
2b3672f8bfd44120a143bcaba01630f7,3,1,TEST
2b422e2879a44bc8aa4ad551c40abc49,3,1,TEST
2b4773bc93b04416905d44495167b0c2,3,1,TEST
2b8dedc5e83e4019ba17e99ed8a0ca60,4,1,TEST
2b9a2b298d70419abfa00d092f671926,3,1,TEST
2bb07e7a459d426bb48b72f14cfa2858,3,1,TEST
2bb926e9835a4238b859bef94cca3cfd,3,1,TEST
2bbc0d1f267f45a1afecd442f53ff0d4,3,1,TEST
2bfea735766744898d4b6fa3f2132b08,3,1,TEST
2c0b2cc93eaf49cdbbe976ac369a7b4a,3,1,TEST
2c2610f829b24d31a5ee85d2feac21e2,3,1,TEST
2c2fc1cdae7945518a0194a0a633b181,3,1,TEST
2c3e395440074ee2bf5d98ba160ca676,3,1,TEST
2c63511bc0504185848b5d9d72e974f3,3,1,TEST
2c78976971304ac69f1cf19d836220ad,3,1,TEST
2c8a17cd3bc8489797872a86a2fd4f45,4,1,TEST
2c944ea2e1d54c7283ff87c36a9793aa,3,1,TEST
2c95fc7cbbe44873a45fd7e5715a9d64,3,1,TEST
2cb3776b7fcc46bcac4c2b13cb00abcc,3,1,TEST
2cbcb61267814dbc8691040d0c7d79c6,3,1,TEST
2cd85ba4f7b943ec8b59801613349b2d,3,1,TEST
2cf9d3042bfa4b80a6c1b4deebd697cc,3,1,TEST
2d3ecb54ecdc453e9aa5522f421c1d5c,3,1,TEST
2d46817d33dd4b389ff167604ef1e548,3,1,TEST
2d5c0282f04a4982b28d4fcae291b6b7,3,1,TEST
2d7dc3ebc40847d6942767ad22df98ee,3,1,TEST
2d844431bcdd4d8ca94fcbe3ea3fd0c3,3,1,TEST
2da928ed7a76493e8282a1ad63b5e305,3,1,TEST
2da9fe84a0b5422482ba99ef6a3591cf,3,1,TEST
2dade3ad5e1b4ed3a1c43952dd5c9b6c,3,1,TEST
2dc0437dad634b79b67b3545e16ba85a,3,1,TEST
2dcc54a283874021af6c1457083fa839,4,1,TEST
2de005f5b4e54ef0836f5033ac3745dd,3,1,TEST
2de87e8287724acc9ce2d736080dc10d,3,1,TEST
2df86cef7db144728d9d4fa0776a8f16,3,1,TEST
2e336cecf1a448979e08168e0e44f72f,3,1,TEST
2e34361c89124ca394ba02c4dde1e0df,6,0,TEST
2e37056abea14bc0872f23c1d0b312b7,3,1,TEST
2e4865741dff41ef9b41ff723d988a03,3,1,TEST
2e7002f6eb084e5f86a28d0a19be77b0,3,1,TEST
2e7788235df6401a9b62a9a66d8168c5,3,1,TEST
2e9a7dbc644043c5b150d45b70b7f102,3,1,TEST
2ea0951ea96c4d10b0bbd64b73a298e6,3,1,TEST
2ef07ce6e01449499bb7eafe6b77b283,3,1,TEST
2efea7a24d684a84acde1db1a9b94aec,4,1,TEST
2f2c8f4aea1f431589cdc7e0575744f8,3,1,TEST
2f397f3e28204dafbe188aa6a19260b7,3,1,TEST
2f3b6d8a19a84441b65df5516b9b4f02,3,1,TEST
2f40e9ff2b4a40f486158e227f3c40e0,3,1,TEST
2f4de4474ca940719b2e3ca183822da3,3,1,TEST
2f6485cf6a694b76ae2fba8086033eec,3,1,TEST
2f765b999f4f4f028233d1ab71a60e06,3,1,TEST
2fb95055d13c40d5af645135f4f9c3c6,3,1,TEST
2fc6f52095de41e59bed0cb126fbd679,3,1,TEST
2ff5bcc29c164181a1fd15d36cd4d809,3,1,TEST
2ffc9100cc724ea09175b3e94590e75d,6,0,TEST
3016e6a731b24982b964748c26129a0a,3,1,TEST
302841a54c3e48c8a6edbd79faf6b914,3,1,TEST
3038cd580d404847b70bc78122dac5b0,3,1,TEST
3045a67cf34e4c0eafdc80ba6f250a03,3,1,TEST
3075a42bc29e4034961a261ec9705628,3,1,TEST
307dfd458de14c03a06c9633de295f32,3,1,TEST
3093c1a6e35b4aa89caaebdd7608b0e8,3,1,TEST
30b6db2efc9f4da3aac9223f8fa95f52,6,0,TEST
30fb57f8930441469303a5d78ce8bb68,3,1,TEST
3112c0c1dc8b4bdb8752c5b9f154f577,3,1,TEST
3113524172e246ea9a823e2caa4ade9d,3,1,TEST
312974164b6e47e897b40e5d502dd767,3,1,TEST
314c009dd7a242d2aabb0b8bf318b1b1,3,1,TEST
315d44a985c94d7f88e02a47512fecd4,3,1,TEST
315ead33c75b403b9abcf3e547e0aebc,4,1,TEST
31721502c5e5487fa141a9da48b457ec,3,1,TEST
3198294a063e4bfa86b8542c530b469b,3,1,TEST
31b828908f2d4a92bd2ade0b0d9edaa7,3,1,TEST
31c5265b8ce1429ea8a9e04b41425774,3,1,TEST
31cbaec5011446e6995a0b75efc10771,3,1,TEST
31ce6ec5c2c3438f8f6c26d90c0147fd,3,1,TEST
31e57b3d392a41e39daf4492b6ee5c3c,3,1,TEST
320a3751ebc44209a31e61fca50c4c3a,3,1,TEST
32180e4c2d8d415fb170ed567cf28726,3,1,TEST
3221f42007804ece89b3365608457e9d,3,1,TEST
3224520a75114298956e3e4059e9a60f,3,1,TEST
32276fee5ffc40e99bef57fa98877f06,3,1,TEST
323ea5b3701a4ff5b9cb25289e025005,3,1,TEST
32bd8348450b41e093c7d625ebf71038,3,1,TEST
32be37df4982474c9862def030310d9c,3,1,TEST
32e58eaa0d2445eabbd038ac2f57218e,3,1,TEST
32f4685e25214921b34b9e7de19f34de,3,1,TEST
331094b2ee794c7e96f1dd3aad243edb,3,1,TEST
3328ddeb1d9c49879f6487b8c245aa3e,3,1,TEST
3329233a22564ea2892c69d7c56f325d,3,1,TEST
33450a42fe424ff98716d3af1a9cbe21,3,1,TEST
335a6e5950c441bba6a6c6719d04074e,3,1,TEST
336214f2cde34cfbb26f7f12cac0b24e,3,1,TEST
336bddf1b3fc4acbbaa0a1031b8d190c,3,1,TEST
336e0e79809d40999c673dfa24fe9648,3,1,TEST
3377fc1898f8420fb578f762de821aae,3,1,TEST
33796a18c9a34b43a93604755fc40dd1,3,1,TEST
337edf795fff48948161e2d0b33d0f48,4,1,TEST
338b5eca04324752bc21542ebba5f43f,3,1,TEST
33ab2240d739475986f364e3751ae956,4,1,TEST
33aeade1aca44ba4ab130991f86db49e,3,1,TEST
33b0785d1f324b4ea4ef27a3a3081a73,3,1,TEST
33b724ce33e44f8e9ab98eb7bdc6e111,3,1,TEST
33c1230da81b46d9a2e1986d286c5894,3,1,TEST
33c79709b92b4693b0b07b88827eba97,3,1,TEST
33c86a054530491c9b86ee6594d6de04,3,1,TEST
33d7616a2f934e78bc49bf91337b80ed,3,1,TEST
33d93d7870a441809ddbac1f9c929cb8,4,1,TEST
33e1b4bce9ff45f88b17f3cbcc9c5ffd,6,0,TEST
341543b58bbe42999b3b3ca8b6efa644,3,1,TEST
342056fb15754757a7865b5dd075d940,3,1,TEST
34357efc38464acea781c4cb30801bf9,3,1,TEST
34498e3370cd41628f99618ac4d2ac29,3,1,TEST
346f2603106b4591849088ec5f82e0ed,3,1,TEST
3485d52d39094702a3e1c999dc4d4526,3,1,TEST
34889274e5144887932037b71528612d,3,1,TEST
3496bce643114c908bb1ecdafda6f199,3,1,TEST
3498b9ec5c4b433a81870533a5a29e82,3,1,TEST
34afa0677bd440a5aaab92708f4feaff,1,1,TEST
34bb79f7b6d04f50a7c476c1ac68444d,4,1,TEST
34da55ffbfae4ffe8c1591ab7abc5ccf,3,1,TEST
34e9aeea704b490d9ac2a73f48dab3ae,3,1,TEST
34ee4aa3fe70414c924b6249ad7cb291,4,1,TEST
34fdd2f0cc664e87bfeda63fb96dcfab,3,1,TEST
3506d17fe7554e98a464b6db88bf6af8,3,1,TEST
35218bc01586455199947036101c87d9,3,1,TEST
354f3522809f4eabbd9c7dc2239cce77,3,1,TEST
355b40c8290f4886a84ccf48424ee998,3,1,TEST
35818425a7584d6d9a86245e4bc0975a,3,1,TEST
3585f475f5a94debacffd7ed07893c2a,3,1,TEST
3590aedb201d4533b4dc5a2934bea214,3,1,TEST
359718f7a2a44b7e8bba854000385d13,3,1,TEST
359ca05cd6f645b79af19992f015afd5,3,1,TEST
35ae6ed5a6834a1eb7606182e23c200d,3,1,TEST
35b2667598c84e6eb24d1449d7e86d3c,3,1,TEST
35baf35ee18848178d2054c7954f44af,3,1,TEST
35e2bf0bed184ea9a695f92d45b15cfc,3,1,TEST
35f2f24d57954296afb5e8589649e8a9,3,1,TEST
360017094ac94377bc794526ea0a4ab4,3,1,TEST
36097d8dc5d4443da8330fee51bb2bcc,3,1,TEST
361e44acb1aa4319a3400c01a506a03e,3,1,TEST
36262e361f61451d96bb6bf76f05b7ce,3,1,TEST
363aeae0ebc94eb9a67ab75cdd00a867,3,1,TEST
364e3dcef6a94545a9264b23e333791f,3,1,TEST
364e877364054605812c714e59ce194b,3,1,TEST
36658b4a43ea4c1da38361f7226561af,3,1,TEST
3668c13a95b144d4b7bfa4304a251684,3,1,TEST
36710b64f114401a925e4c6fc96fdde3,3,1,TEST
367114b474624ad391437ac594f9f7a1,3,1,TEST
367502071a1640e5a7381a0327d4c107,3,1,TEST
367ac652fae34d80aea597b6055f2997,3,1,TEST
36876e19e7784e24a2b08163602f03cc,3,1,TEST
36b410f0b7454bf5b8fd9308db1d38df,3,1,TEST
36baba0872c94ed483a437bbd5ddce5f,3,1,TEST
36bf4b0dac99454b88a7e2f570851d9e,3,1,TEST
36c2acede5034547a34a5a7c2116e99d,3,1,TEST
36ee04ed714345078081fe724d7fbe59,3,1,TEST
371f1749edc44057954c1af17a175907,3,1,TEST
37aef6ef5d2347a4bdc8e3000768159f,4,1,TEST
37c555880cf141bda78a2bbfbbcf22e6,3,1,TEST
37d97014439c49d3a15fd41c6a79e035,3,1,TEST
37e61c6cd8b144b3b8174ae43a497218,3,1,TEST
37e8e3e3e590499c8fac4b8cfc5ab9dd,3,1,TEST
38075ce5912b4034a95f1f2dfa045378,3,1,TEST
382b4cdebbb54176a2392da8549a8133,3,1,TEST
386f945dfd944c6caae354d3a06de243,2,1,TEST
38771e5999f44cacbb9c4c731415a72c,3,1,TEST
387a4fd2ab9d45f29a1ea144319c0fa4,3,1,TEST
387e7002fee24f0e8c04bb9b7257cc68,3,1,TEST
3883b0950cdc46269cfbb09002f96af9,3,1,TEST
3886b8db909c40b281bbb86ba5ac81cb,3,1,TEST
38ae6c2813ef43df918ccbf053b3cdbb,3,1,TEST
38be76a513f24d1dacf8ae7f2982ef87,3,1,TEST
38c0a78362774b5590403dba3eb32887,3,1,TEST
3924a96b7484412481752512a03cfd9d,3,1,TEST
39480c5fc2774c0d925e5fbef0a74939,3,1,TEST
396545e1301848bcbd2dd39766f7e0bc,3,1,TEST
396ad90336f646599998f18c0fad1e3a,3,1,TEST
396f186b0aab494b8086dc2c879be1ca,3,1,TEST
397a6bffa3ac482aa1641a8dd0f0f38a,3,1,TEST
3990a073c0b64c63916787f7f7ab5e1c,3,1,TEST
399e82bc6bfb4d78a2277413be68245b,3,1,TEST
39b32ef0ceb04253ac24b47ca7e8dbe8,3,1,TEST
39c90ffde2ff46e782a909b27362abff,1,1,TEST
39d6aeb3bf29442eacde7528a7089722,3,1,TEST
39e068db484a49aebda6ba368eabd2d2,3,1,TEST
39e62d8be7694dbb8aed5d4f3abb8f36,4,1,TEST
39e94991899942529505cbc35e13f959,3,1,TEST
39fc25bce212433b94924569c7666b42,3,1,TEST
3a15d69fd0964e60a74bc672f73d1a2c,3,1,TEST
3a26ae5d8a8844d89e6d5e97952b87d4,3,1,TEST
3a5be2553bc141318e349f6e5a26fcdb,3,1,TEST
3a9df001ec054300b5855bab464cb647,3,1,TEST
3a9f31f859ec4bb5a7c54e3b0ed67eeb,3,1,TEST
3ab764a6a9314b68b66a55f81d6b0d6e,4,1,TEST
3adab4cf3c2b4fd1bd315543620c134d,3,1,TEST
3aef449ec410474194da31926c7c303c,3,1,TEST
3b0644904d5d4c62836c61b653944592,3,1,TEST
3b2549d3a8ed49c6840b96159c4ea8f1,3,1,TEST
3b2e40bc05834be8835c7c34e57c8b5c,3,1,TEST
3b47071422614e59833c4a9b189dd622,3,1,TEST
3b5425297d614857af2244cf3f4c82c8,3,1,TEST
3b575399b74f4ec4a1c8e6a84746f971,4,1,TEST
3b76af4c9d704d82a3a218c6a0841d90,3,1,TEST
3b79276a919d40e6a4abf9d913479da9,3,1,TEST
3b907896c0174df68fa1ad4dcfda666a,3,1,TEST
3b9ee18575b342f9980179b831208fcb,3,1,TEST
3b9fc8287d5d419d9a178d1ef4a27ec5,3,1,TEST
3ba833dff51e494b8ee4c8bde503a6bf,3,1,TEST
3bd91b55720b45199e466c47aebead63,3,1,TEST
3bf43cb4b7a74fd7affb1f3f2aca1882,3,1,TEST
3c17447c82bc4cda863787bf7fd11bdb,3,1,TEST
3c227744afff496298f42f6176b12019,3,1,TEST
3c27e2af0a4e4bb786ad28add16c552d,3,1,TEST
3c3462423db94ad7b57a5d8b7e35e0c4,4,1,TEST
3c66f62f07b341359dd7dfc575ad3377,3,1,TEST
3c84551a99934110923ee1883a6785b2,3,1,TEST
3c90c2a219d94bbe8f341d5cc03a44e7,3,1,TEST
3cc5a10cf0514aadae466b0850fe7833,3,1,TEST
3cce116179064f31aee6c377b1c903df,3,1,TEST
3cfe2f2f1b144a1cb8e0646647810e86,3,1,TEST
3d0bebb2a0214b2684a9a8aa89024ddf,3,1,TEST
3d193b2057fc409eb83cdc5faa4ad3fc,6,0,TEST
3d25c7f6c4334370a7630cf0e98f4270,3,1,TEST
3d3533d675954b228e2d1b37ceb69f02,3,1,TEST
3d4058a869d64f3db20396158a0cdf79,3,1,TEST
3d5bb18d276d433da1003755a505852f,3,1,TEST
3d6c46427d2a4303bf86c87eb690ed5c,3,1,TEST
3d95dff3974e43279d7c42b78fd7f8df,3,1,TEST
3da8a88475ee4ee4a91302b0e1293c95,3,1,TEST
3dbc37f66282495e9d72d1e4d6de9b80,3,1,TEST
3dc752c8065642a2897148ec4924263f,3,1,TEST
3dcaafcbf6704b08bd829f16a8ea11af,3,1,TEST
3e15be3cc4a649e1a682a471569abf33,3,1,TEST
3e4b54dcff5341a7af402ddcd7b7302c,3,1,TEST
3e57f75f8d9d4e2ab85486a204d7c8d5,3,1,TEST
3e6f2d97474f4861a4f3cf147995100a,3,1,TEST
3e7f15a56b7148f8aa0b026429caad20,3,1,TEST
3e9f3370759340d8b37ba5bede1ab079,3,1,TEST
3ec01af879804acd9ce1c36d2b50bac6,3,1,TEST
3ec90ec4582642beb5d20162f33b9585,3,1,TEST
3eccb2fbefb6497282c660485c9e34c6,3,1,TEST
3eeaf752bc5d4bcbae8f4580a0d45f33,3,1,TEST
3f1009ec58fc4a5c82a1e1786f8be660,3,1,TEST
3f16cd1d1eea4cad84061383ece46e9e,3,1,TEST
3f1fe75e17934562aa3a63ee5867c3f9,3,1,TEST
3f204fce8dc54772b27af682fbaefb95,3,1,TEST
3f22a5674f584db3b121b96906f2520c,3,1,TEST
3f4398885b3a40febc8cfd4f12a8e148,3,1,TEST
3f44a09e749749b5830960a194ea01fa,3,1,TEST
3f67e0086de34946a9cfff0063ccd728,3,1,TEST
3f840f6799bd4e31abfa6b09cf90f066,3,1,TEST
3f8a3bca7ad14a4eb569cca4f94f110a,3,1,TEST
3f90329ebfdf404d814404dac21b0f60,3,1,TEST
3f9a7040c734465e9b44e2bb62b57a11,3,1,TEST
3fb3db47b09548e199c9aed3611d3429,3,1,TEST
3fb7eb4b69d547ee9c359743f260b504,3,1,TEST
3fdfce405aa342479e26583469f1ef56,3,1,TEST
3fec59f0559343dc84bc1af3092ae692,3,1,TEST
3ff34e18cfb94954bb4982284862e176,3,1,TEST
3ffac04df1c64f61b5b10fcff080996a,3,1,TEST
404e77708f1649dcb94ce4e692741ed4,6,0,TEST
40517227b0ed4970a2ecc1970937030c,3,1,TEST
40670c33f024430b9de7c6a1d5ff4ab3,3,1,TEST
40993791956f4bc1b841026fd80b2145,3,1,TEST
40a8aa7a5d674ec2b6af244fbcafd6f3,3,1,TEST
40b3fd49fa804f498910b7180cc55679,3,1,TEST
40bb8d6fe27440a3a6d1e1157464aa30,3,1,TEST
40dd81c831974dd5beb7dd52f4475058,3,1,TEST
40e9f401a8ec418aa9a661b95b33c1f3,4,1,TEST
40f1c77a75954f4d875d6c710dcecfd2,3,1,TEST
40f20f3fdfc141e9afabde236cc0b1ba,3,1,TEST
40fd0126604843dc884e0e0d2ab6d73c,3,1,TEST
410cea7b92ef48cdaf175d94a9b17f35,3,1,TEST
4126b11da1b6496d8f9adb5211041934,3,1,TEST
415067fbbce24f109b8bd73ee86d15e1,4,1,TEST
4171c134830e4676b40bdf203967e660,3,1,TEST
4183ba5f6abd47568d76811e41d037b9,3,1,TEST
418d7e7d356f411d80cefcc178ba1803,3,1,TEST
41c8f741d1a34f9f958e2eed34348b22,3,1,TEST
41d51dc4dfca48398a7d5941799e7f37,3,1,TEST
41d966faf5e84c4a831d3ab8ff280bb9,3,1,TEST
41dca366aee64efcad922c1c636786d5,3,1,TEST
41e694e0703a4f589a5f51024273a17b,3,1,TEST
41e81c26e15a47ceaa840ebff4e5b3ec,3,1,TEST
4207a7a55d914e999d168cf6f3e9a382,3,1,TEST
4210464f773b4d1fb92a1e147a7d4a53,3,1,TEST
4229722d45874770ab65a5af7e94b805,3,1,TEST
4235146d0e244eb6b99421ef2a7705a4,4,1,TEST
42568f6f23a045a5a2edcb027e12816c,3,1,TEST
4277afe331614bb2be86b7e1f5ad2ba2,3,1,TEST
42890ac6be4649609afa61f8893cddc5,3,1,TEST
42bbee913ffe4e1aaeb4f704dfb1e7c7,6,0,TEST
42c2144ad55748b2beee78fa8287ef4f,3,1,TEST
42ccaa845bf44914963b37894be9d2c9,3,1,TEST
42d51e550ea943fb93f04c03e0baf405,3,1,TEST
432795773e6a47cb996b9edc40f83b9c,3,1,TEST
43395e67b78943338b09f03ccc21ce22,3,1,TEST
433e4dfdfe7048c29f49dd1808d4835f,3,1,TEST
434a4fab1a67484f81e929a5f37c5300,1,1,TEST
434fc8859bd941d7802c3132eb959347,3,1,TEST
43da51b9d47b4e0ab9f126870cb3e1b1,3,1,TEST
43e7bb10dd6049e78db60010424b7a94,3,1,TEST
43e9da374b3047ebb00a1ef1b9c4f891,3,1,TEST
43f01fcfed684b458c2d9e99b83f2e70,4,1,TEST
43f8395e9c67402e862d4d694956a786,3,1,TEST
43fc47fc44fd40a6a480ad7409f9e174,4,1,TEST
43fe9a25d6824ad88d1831e48db1fdab,3,1,TEST
44134879d16942b686eb546cc6071271,3,1,TEST
4469a7bcda5549349f23743eb2821901,3,1,TEST
448296cd7ce744a280167783a159036d,3,1,TEST
4483e4fe9cbf4b3994a0f9f9175bf59f,3,1,TEST
4485439380534632bd111e872167ad2e,3,1,TEST
44b4b61853254538ae3bce421d869ae3,4,1,TEST
44c3f03eb4784c52badd083bacda0e5b,3,1,TEST
44c717ee6e1b43e29addb4871843b80f,3,1,TEST
44d26375c3134c2aaf25b0c8cb37d85e,4,1,TEST
44d2a5a485414f2d867c8594a24965e9,3,1,TEST
450a1f9c1a3a4c2cb6631a398d1e58ac,3,1,TEST
4510deb0622b4742bd8bee6569a8609c,3,1,TEST
451a6c534a254bfbad005b7c52b4b1f3,3,1,TEST
451d03ed859946d5a2bfded54cbd2f02,3,1,TEST
4536a96222b0458c909895ee7a49ccc6,4,1,TEST
454d93d01b0d4a9780c88bbef5b28430,3,1,TEST
455034aa1e834f509f6082ff77142010,3,1,TEST
456582b69a964dbaa009c74f1e80ccc9,4,1,TEST
456e657a4f7848ec84d9ff7402421924,3,1,TEST
45c0708c96994c8ebffaa0df0837e66a,3,1,TEST
45ca51c9b3b744fe9cafb8db656d7b4f,3,1,TEST
4601ce01439c423eb9edb0d2885aacee,3,1,TEST
463785aca0fd4c07ac2dbf2cb35714f3,3,1,TEST
46426e8554ed4d408efcbe25998d26c2,3,1,TEST
4643e84a1cf4424ba5a08f000ab27622,3,1,TEST
4649ebbbcfd847f4a88028467065e2d7,3,1,TEST
464c7bfff7d746a292093e20be78c562,3,1,TEST
465a0fb218094a6fb9e82fd2ddeca9fc,3,1,TEST
46efd26612ce4e0385b80982a8c35cc6,3,1,TEST
46f85aabf30d411483de4806cdcdd08a,3,1,TEST
473c5c1ead8d4ea6afce7cd29704040d,3,1,TEST
4747cd8337e34676967848966b353670,3,1,TEST
474f9a953ab446fcbf550177e656739d,3,1,TEST
474fe339a6504a5585bd8a142603cb64,3,1,TEST
475992a50f2d45e6a0af637e39a8f756,3,1,TEST
47619558f8be4c98a9dda6de457c4615,4,1,TEST
47674d9073c640c3adfe19c6b46d5c91,3,1,TEST
478767a4159d46b79f4c27747401f45c,3,1,TEST
47a60446f589468a8a4ed48d4e7799c8,3,1,TEST
47c10224ada24fc090c464c4fcec480a,3,1,TEST
47cb0bd50d84491e92d52ee32525816a,3,1,TEST
47d6b3ad9b8b408397319ac379f274aa,3,1,TEST
4830d82cc12f4c07b986444fcc5cd7d4,3,1,TEST
4854db12aa464ddc9c9b21f2e50c10ce,3,1,TEST
4883704142f74a90b989ee0f1847df07,3,1,TEST
48a0599f49fa4b1bad009fc3822734c3,3,1,TEST
48e281a4c5a04802868822d219eba757,3,1,TEST
490dea453287408684c3fd7b6a9f03d0,3,1,TEST
494a91517c7c4a1c84984c9807583bfd,3,1,TEST
494d969628324f7ebb5bda729afd8644,3,1,TEST
49c0795df4b84cbea7ff814813755239,3,1,TEST
49c55d8314e04950b7876bb791d61241,3,1,TEST
49ca0891d6a94a358b38525b29aa3d45,3,1,TEST
49cbe0aa7dea43bcb09db96743c2d096,3,1,TEST
49d886f54c334192a3c651a828ae6719,3,1,TEST
49dcbb49b173404cb8d435e25ecb5170,3,1,TEST
4a014d8f9f144e13b6770734a536e318,3,1,TEST
4a16f025058741a0a821502f0698de4d,3,1,TEST
4a2f0f92188341acaca07d39051e2b6b,3,1,TEST
4a3f8f2eb2874387ac51913819153f6b,1,1,TEST
4a568157a3b14258b5ce9180ee9c4c25,3,1,TEST
4a718677a21f4128850e472ec16ef817,3,1,TEST
4a99e44497f6464ba7835bb98687c18b,3,1,TEST
4aa38a8e40be4c95a1f633ccc2ba64f5,3,1,TEST
4ab9ed97cbd444a18b2f138410612b6b,3,1,TEST
4ac714960a3f4ee2922d26a0c812901b,3,1,TEST
4ae34040d4a14949ae2f6a8f7d4a400d,3,1,TEST
4ae5c92825924d7e9ae1d4fcb4b647da,3,1,TEST
4af5f442861c4ca2bc0dd9ff0c137ae1,3,1,TEST
4b34e067850d49efad3711b3acbada41,3,1,TEST
4b5a3eeecb6a43ebab115a82895eb2e9,3,1,TEST
4b5da27bbac9470ebca0f899a80e47fd,3,1,TEST
4b63a38cf11447de8191d70a73e42a23,3,1,TEST
4b92050b9f9c40b6a21cf5beb7de0cb1,3,1,TEST
4b9dea9754624d4b8d30ca4874304c02,3,1,TEST
4bc5b068432847798559e4c2a327cfe9,3,1,TEST
4bcb840b38b247a28c74c696327e4ca2,3,1,TEST
4beeb8dfc4df4dceb7eb1d850a87923e,1,1,TEST
4c18f57b1cfd499096abd86aa8d274c3,3,1,TEST
4c3c2c5dbc3949d39421d1d852bf03d1,3,1,TEST
4c50d4bd6fec445a85e3fd3202f5465f,3,1,TEST
4c62e3c39d85480c9ca53f27763a4dcd,3,1,TEST
4c77dffe0dd440dcb9c31c1f052fd33e,3,1,TEST
4c8d01dab4734593a6cd399066a1bdc7,3,1,TEST
4ca08c4ac89c42d2bf20876b88d95458,3,1,TEST
4cb85ad65a544513bda659195839c7bc,4,1,TEST
4cc304e91437400e9e42ce28e83fe694,3,1,TEST
4ce50650cc044f15abea2e57db9b070e,3,1,TEST
4d33a583bea2426b9f02e8f2ddfaf00e,3,1,TEST
4d49fb2e85cb48b89b7b8592a26450f0,4,1,TEST
4d4cbd1bc2014b7a8927db1514127e87,3,1,TEST
4d5526639ce24c25b42fb81691f49b7b,3,1,TEST
4d5c6a58fce14058bbaafaf0530c4951,3,1,TEST
4d61183378e94eadb66e4427f197abf6,3,1,TEST
4d653436c00e460ebbc75f44416bed7b,1,1,TEST
4d7f2c68cf3c4db6b53a1e441ac6378a,3,1,TEST
4d827dfda4ee4b949e9d494c2a299257,3,1,TEST
4da09489e48a4094bc2fdb47ebca5dac,3,1,TEST
4daabd7031564779977d56e418e5ab38,3,1,TEST
4dbfaaf0b5c245b59aef360423a3d763,3,1,TEST
4dfd43924566481db8b3ae108c835279,3,1,TEST
4dfd614337044240b33285eeb34194f5,3,1,TEST
4e02e02f05ef4214bebff32e219ffa8e,3,1,TEST
4e07507ff79d41fa96de46b6d3573999,3,1,TEST
4e0c40ae83b142f0acacdfb56b447ed8,3,1,TEST
4e1d940ad6204cf799cdc5651c3dd1c5,3,1,TEST
4e27428d290e4c7ebbccae1c93920343,3,1,TEST
4e277fc839c24a84a8904b23b80281cf,3,1,TEST
4e294bd61d524ce09a8cc6f2eeb4a6de,3,1,TEST
4e2e0288a82d46609a6adcf14b310283,3,1,TEST
4e336e23d47246ab894bdf66f17d65ea,3,1,TEST
4e33b58fdbe44b83824879a4f5ab4ecc,3,1,TEST
4e3780956dfa4dfca359afe2e2e44e21,3,1,TEST
4e52a8e935694027b754be306c406e44,3,1,TEST
4e6592b6550a44cfba3858e59c6963e5,3,1,TEST
4e7a1259ff594f6ea28b35561ec4bb7c,3,1,TEST
4e7b728bd71d460fa07006d1814f5980,4,1,TEST
4e7cbebbc7564af1b08f7c4dd8abc851,3,1,TEST
4e803a0ac76049c1884f574933deb2ef,3,1,TEST
4ea9640f9c0f47ed9d1407efc4c25cc2,3,1,TEST
4ebcdc4d6dcc461b980d38b8f668f1d2,3,1,TEST
4eebd5fac79648c796adbaeae1362c4f,3,1,TEST
4f3b46a715a24aebb6344d58c72fb5a7,3,1,TEST
4f65be1311bd4b06b3618dc1cc3088d6,3,1,TEST
4f8805f778c64e27b82b18a264da07cc,3,1,TEST
4fc19a60b4604e07a606d96fbbdf03c3,3,1,TEST
4fc1d5e8a73a47609bfe3b8344d3974f,3,1,TEST
4fc53f68d8d14f93839f139829fba692,3,1,TEST
501352731db04aa681abdbf094d9a144,3,1,TEST
501a0f20ca62454cb7f141da1a84bb23,3,1,TEST
5081d76855e048b0b5b5d4723695d8b1,3,1,TEST
508d2fad58fe470cac0e382ab50735c5,3,1,TEST
509b8a0cff9f4eb3a978bdb65995086f,3,1,TEST
50dc00edc234406fa3116b9e5ed8a835,3,1,TEST
50efc810a4b5461c9387b14ccf712f79,3,1,TEST
50f42546230945ffbca2b4a1c405e251,3,1,TEST
50f46ae5ed21447ca5f99aab942f8a98,3,1,TEST
510f7539eebc44b680af69a3a681b6cf,4,1,TEST
5143a4a0d62c4bd5a65f51a46f6206db,3,1,TEST
51463a2e8d374489862e1e9534c3b870,3,1,TEST
5150ceaabcc3494da48776aa32a9709f,3,1,TEST
5155987c8bdf4d63ac726f2d7378cdab,3,1,TEST
515f46cb72d14dbd99bc43cd975d3130,3,1,TEST
51781eeb8c0641599a4ad418450fd893,3,1,TEST
518889521019455a857729f9f1b9ab7e,6,0,TEST
51898cfbe0f7446aae1659e17e8fb441,3,1,TEST
518ae8c15f1b48598d4115dd2c2a253f,3,1,TEST
51bd2c9c94984ca09409d4a4264e6ed6,3,1,TEST
51dafb15090245c7afcebd4a27683a21,3,1,TEST
51e4c0f63a4d49dfbbfcaf2ee9927755,3,1,TEST
51e51158b1384d249cbd5edca49e2f86,3,1,TEST
51f1d40b354e49d488f702019a968b3f,3,1,TEST
51f1d6d1a665404fadc7d9a24c09893a,3,1,TEST
51f5046717914e3799ded2273590f1c4,3,1,TEST
5226fb8efa0c4c56a2e2a70cdda9bb34,3,1,TEST
522dfd53ca974ec498a8ef938eab3c5f,3,1,TEST
525bac1b84d944388f9e28fde2e342c7,3,1,TEST
526807f230a84bcf8782128121247284,3,1,TEST
528d034e641b4bcc95df050e744991b6,3,1,TEST
52aa1a519adc4cff9c83e09b1a744995,3,1,TEST
52ac0a0f636645d0af8ccc0c38cc597e,3,1,TEST
52b03c7a76c340cfb4cb40d2685673f1,3,1,TEST
52b234b5054840c7846fc6c00025c51d,3,1,TEST
52c81b0558194cd1a4626386b05345b2,3,1,TEST
52e6ba774e1c422c83f4a8e134ccc608,4,1,TEST
535dc978f1444d51ace9dd5cdde1efc4,3,1,TEST
536eab34843b4f6ba45f238b6733559a,3,1,TEST
5374dab5d51844d2bacb41b18337a70d,3,1,TEST
5388009d908c41009d2326adf7a71884,3,1,TEST
538a50a575874322ba9e50341a5e5e69,3,1,TEST
53ad0106972842528245ea933cc1f791,3,1,TEST
53b8ae470e11424699eb05460bec99a8,3,1,TEST
53b99e750991401981ea41d51942c8a1,3,1,TEST
53e67a10382945b9a7603bcce37857f9,4,1,TEST
540b53797332425faeefdf1d1880b05b,3,1,TEST
540f5bb22e30455784e96114c66746f6,3,1,TEST
54182e05e5eb41948ec3d1824897b98b,3,1,TEST
5419b5659e2a454f9ab27230e08d9b3c,3,1,TEST
541e880a71864f6cae315a12c04fdf0b,3,1,TEST
5431df7baac142a2b5b5a78f0a7271f6,3,1,TEST
5434658bbd8442759944be13ab675bf9,3,1,TEST
543b8d78c9aa47e4b10c04d8e69bd669,3,1,TEST
5444daaf9eec437293ad898ec7eac09f,3,1,TEST
54549e5f87054ad185b9beac99356d3c,3,1,TEST
54658d8169aa4527b815bea6fa778212,3,1,TEST
546b8bb00fb84b679bdcaf4a791a4ee8,3,1,TEST
54738b80c9224208b88c23000f48be9b,3,1,TEST
547da44182664812a1b10431153bed27,3,1,TEST
547e28713ed34f0c9913bd66ced203d1,3,1,TEST
54a6791f6a254a59bc0785b367b29323,3,1,TEST
54c86bc77e7e4e5586a26c714c35f754,3,1,TEST
54d38bae8033446cba96eabbf6d9fb3f,3,1,TEST
55091e1db1b442149b57545cc15f8019,3,1,TEST
552ad5fdae9b4a649a8395f93a717cc6,3,1,TEST
5546c582a81f45bf862f52f817592ec2,3,1,TEST
5552c3911fb9492b8017141379513fdf,3,1,TEST
5560e6fd12cf49ecb5977f95b1c09e4f,3,1,TEST
55727f892b3b4e37841f1682437283a2,3,1,TEST
557faeaf57684fa5ad053b66ac260691,3,1,TEST
5587e1725f2f456a9072e6ab00c67409,3,1,TEST
558e1438558d459dbb0023c095755eea,3,1,TEST
55a583bf977b4b17b81cb459caeb537c,3,1,TEST
55afce1b1ec643bdb187c92e3204072f,3,1,TEST
55b12361728e4fdb97546741fca7bfc1,3,1,TEST
55b504ef2a3243b29cddf9327522dbb1,3,1,TEST
55d6eaf3d71640d68af86ae76f06e1b3,4,1,TEST
55e9879ffc584a8682215eafb2f95dff,4,1,TEST
55ed75899a63429aa8bcbb29d6609f20,3,1,TEST
5605aee62e50424cb00a791f995f1ba1,3,1,TEST
56087477b36b4b9aa3f09020273b4e3a,3,1,TEST
5621b0cc90414e60a1a82928eeed9db8,3,1,TEST
5621d234d68346848cadf6bd84f60712,4,1,TEST
562fa561308d4676a5cb6e616c2c7a9d,3,1,TEST
56e2cc279c4944f2a89bdf693cdc53dc,3,1,TEST
56f3e7c137a24f259be1a2d03edde706,3,1,TEST
56f84694eb73465388b4620e19a540a5,3,1,TEST
5713e8edbe9e4dc694b99653147b4949,3,1,TEST
5722230499834dcfada5979f1d2d8bc8,3,1,TEST
57326d66465e46e68802140ee91ba087,3,1,TEST
5746431e0ed146b8b329039443465421,3,1,TEST
575c540edb454d05896278a297c6d5fe,3,1,TEST
577609cfecac438f8a91b1e31a751e7b,4,1,TEST
579128c2b6774515adb73161ec083376,3,1,TEST
57db8c9e51a74d85a75b81c8bb7f3e28,4,1,TEST
57dc5eddf41f4b338783487e6c02c63a,3,1,TEST
57e6d1b3de444d5daadcb4c1a662da9b,3,1,TEST
57ecc283489941e3aa00db6df3ca2e9d,3,1,TEST
57fea4d9cb9946c1820e36a0065da2d2,3,1,TEST
583a8ddf695c44ef94d5927fb199934c,3,1,TEST
5846956f4fab48ae9f2ff508f00bee90,3,1,TEST
584e889594ef450cbec79afb3784984b,4,1,TEST
587cbcf1bda1420e95a39f9bd235b8bc,4,1,TEST
58861edbf89049d0aad0449191490020,3,1,TEST
588a007bcdd247b4b73fabe061aae05b,4,1,TEST
5893661e1cf7457899a3b956321e6acf,3,1,TEST
5899c2b5d936450d9ef5caaf6c028f50,3,1,TEST
58a0eb6941eb4969914c19bbd52750b4,3,1,TEST
58a57dfd7c774c9aaf61967a154844af,3,1,TEST
58ab14a6bab44f67a108d7f040dc124e,3,1,TEST
58b9643aba2041ebbf326d9580de93a3,3,1,TEST
58c853ecc5c24a81bebd6da6892397c8,3,1,TEST
58cc43d50ff747409b02a2d1469b5f83,3,1,TEST
58e33bccd20e4ba99d51b70440457213,3,1,TEST
590c6c6e038e4ef0b819e13f8e81cf71,3,1,TEST
591c73d0c5844f3b98f1fdb50b60884a,3,1,TEST
593da6d2d5a346aabfdfc24c92915010,3,1,TEST
59595530216f4a1dafbe75dcd5e7367b,3,1,TEST
595d73a2fc1b4ad6baca38bf8c53c7bd,3,1,TEST
599737d8374d4387bb4254d671f22a8d,3,1,TEST
59a1513047da45eeaa3af46072b486b9,3,1,TEST
59bf06c74cfd4cd2826ccb5244e131f4,3,1,TEST
59ce7868217747a5a05b69de3ab02b12,3,1,TEST
59d510bd4f424096982be7a38b4b66f9,3,1,TEST
59e962a7f77548afb4bba87361ee42a6,3,1,TEST
59ff065c1a104b88a1c3d64e5d49828a,3,1,TEST
5a02dd80c1c04e90ba9f94854adc836d,3,1,TEST
5a5a3f475ce24b608ac050e946fde112,3,1,TEST
5a6624cd4e634663a7638244484ba988,3,1,TEST
5a680dd0087c4c78a7a9dd67878921e4,3,1,TEST
5a6b5dfe727746219decd800899d9fe2,3,1,TEST
5a7d5bc282204eceb0b74d8f2d701927,3,1,TEST
5a7ee6f17794405788aa2cdada2bd0f4,3,1,TEST
5a80d8996c4f43169c53fbec6aae39f6,3,1,TEST
5a818adfd0154d68bda623253cc8317d,3,1,TEST
5a848d736d524f01909b49169adb859d,3,1,TEST
5a889c14503b4b088379fa7c45576eb7,3,1,TEST
5ac0289667374782add91ce163986c73,3,1,TEST
5ac1ee45a6d2433fac4fd7af2697a211,3,1,TEST
5acb0f20d1c8497182ffd332dfe458dc,3,1,TEST
5acb6e52310d43daacf50fb3dc7453c7,3,1,TEST
5ace41494a0b4613b0998fdadabdc1b7,3,1,TEST
5aee2a0030e14dd08646cc3dafd3bec1,3,1,TEST
5afc920ac4bc4c5d9593cf6b5ca1542a,3,1,TEST
5b9026cd433a44a0b65e20b04c27441f,3,1,TEST
5b942ef380b54cff9415fc8c00cd2f9e,3,1,TEST
5bb0c6246d604da196a4f3ee9908cae3,4,1,TEST
5bc01f70d0b24e499f366a6ceb8d5b7c,3,1,TEST
5be8ccd576c24e6da4760260b2c89368,3,1,TEST
5bebfe6351174585b70c5f7045e16700,3,1,TEST
5bf88690454d4765be3e7d69ee941124,3,1,TEST
5bfb4615a4c243a6b4545295c6b6c531,3,1,TEST
5c05d7614fe442b7a3de99441c18c00a,3,1,TEST
5c17cf3e068e4b558e5bb69142ab7ee4,3,1,TEST
5c56d41bcac2493aae95c00324839339,3,1,TEST
5c9816e585f8420293ff94d15e282ea4,3,1,TEST
5cb74ce053534da0ae6d8a2c66d1f7c3,3,1,TEST
5cd95cb743ce4405b2092f9f51586270,3,1,TEST
5cfecb33785240589008621ff961b7cc,3,1,TEST
5d0c208d5b624d7594e9b57ce8a4f08b,3,1,TEST
5d3356ebae4747ca95cfe8ce97c72d97,3,1,TEST
5d4e3a757a1a4959a709493cc12c3e1b,3,1,TEST
5d51531f758f44ce9369cc252b409589,3,1,TEST
5d5b99b98c7a42d4aa9df259710af8a0,3,1,TEST
5d64806147874dbba33c06881228d981,3,1,TEST
5d8cb7b85f5a449eb63780c9129b37bd,3,1,TEST
5daa7004f15d4aba8133be9ed893d227,3,1,TEST
5dc087966b524d0e971a5b79365e783e,3,1,TEST
5de10019436d46b9832df661b3e18908,3,1,TEST
5dfbcffed60c492d8416c3c8ef7116a9,3,1,TEST
5e1114e57e2b4485b205eeffcf8ff89f,3,1,TEST
5e17518c84004b4ca5a61e1df05fca6d,3,1,TEST
5e23c56ef3c54487bbeb2952f88ac452,3,1,TEST
5e32c03551be4395b8c50c32c0ddc214,3,1,TEST
5e7439aa86f74510b597ceadfba5aca3,3,1,TEST
5e85df6178014633ac9f4c4d4f4f1a1d,3,1,TEST
5e8c5b0b0e30458495ac3f0cff3a5518,4,1,TEST
5ea5473a50384405a18a928bf13621b3,3,1,TEST
5eb4165e35c24e42a433de3473a6b224,3,1,TEST
5ef1117317834b2eb13485eb2a6f05c6,3,1,TEST
5f0988109d2f4ca3a8ddae6eabf95e07,3,1,TEST
5f1c135b0a8e401ba85e606c6f643984,4,1,TEST
5f2e1be8afc44ad4b9136ab7538e6ae5,3,1,TEST
5f41dcf95779474598cf3eaceeca2bd2,3,1,TEST
5f47dcf46c2b43fc9df3fbcd054b59ad,3,1,TEST
5f4d53d269d14905a9ccd0e0fd19ba6d,3,1,TEST
5f60208a6fb34cf9ae299447daa077cc,4,1,TEST
5f82619ede854b75accd75cae2512297,3,1,TEST
5f8aab1cc2084b8f9bd1ca5703874e12,3,1,TEST
5f8ab8ff2d1040ee97b18a40ac95b521,3,1,TEST
5f8da9288a5f4e908806f0fe0c72875e,3,1,TEST
5fa18a3635a84b908576b9ec82609b2d,3,1,TEST
5fa98f36a1644fe1aaef97d3c7ad0780,3,1,TEST
5fbc754a567d481ca9198b153bb6c879,3,1,TEST
5fdbbae6d2e343e49ead36f2177a0d7e,3,1,TEST
5fe0a834387b43f0972178e926fe63ff,4,1,TEST
604b879692c643fa941c23dd6c894acd,3,1,TEST
607a20e4a92d4d93916a93905dc47e71,4,1,TEST
60912ffcf9cc416681f3d9725c667498,3,1,TEST
60bb7e1b3eee425caa3deefad313aa86,3,1,TEST
610c9ce4ecda4fee8dc02ebe3e007266,3,1,TEST
6130619f4e8c4d7d9c10fe71b8b4da58,3,1,TEST
61425e9101244007bc18a15d8b45ecb8,3,1,TEST
615f6c442ee84b46ade2f525f4457d28,3,1,TEST
616e9faefd6e4e7a99615448c81e759d,3,1,TEST
6185e6e2fd1e42b0b3fda9d751683198,3,1,TEST
61933c6db2744220b38371a1e39e9a13,3,1,TEST
61957a8460a94bd99d66a6868fb5dc2f,3,1,TEST
61b38bca28be4a779322152da7c5970f,3,1,TEST
61bdf8f43f714beab2bd6222bebb207b,3,1,TEST
61c60c01956e423eaf128cc1ede7351d,3,1,TEST
61de9bce223442fe9acded20a53706ce,3,1,TEST
620555e6d68c473bb6d1cbfd6fef4b75,3,1,TEST
62294363a62e4e31a922ccd810fd9951,3,1,TEST
6234f9ec4868431298b721c9e29627b6,3,1,TEST
62425ba532ce4ba38e0d4106ae74c31e,3,1,TEST
6249225ec7bd4e948712706c98d8b549,3,1,TEST
624a5ba6b9414332ac9a774f77b67361,3,1,TEST
6256bcb40b804469afd78125b2fef85a,3,1,TEST
625f6d5baec24414b0c47e3b0621408b,3,1,TEST
626bceffea914a20914fc09e3dcbe14b,3,1,TEST
626d90bc61e6486e8ff213655f79d5f0,3,1,TEST
629cf8de5d2e4930ab9a74c6e3813e9e,3,1,TEST
62a25be889224789bc323d3658e5a184,3,1,TEST
62da2600c6d6434d84008392d59d74a6,3,1,TEST
62ef2c499d1b4ce8adf622de5d50adaf,3,1,TEST
63024d029c894753ae0a0061e39ba4a9,3,1,TEST
630af64250644c03bb4729b5197fe804,3,1,TEST
630f31ff2fbb496587ed89b06793efa5,3,1,TEST
631763548e1149b2bfa5d057de96610c,3,1,TEST
631ec9d3b782499683963a054a00d272,3,1,TEST
63404d94c4274bd1b4121a282e88d2ac,3,1,TEST
6354238c925d4f7d8121b61430b7948e,3,1,TEST
635eec3ada5f4469b392addeab00c602,3,1,TEST
635fd36361684311ba2514acdef7ca85,3,1,TEST
637a1f4aa6254418abe29415c78eba8e,3,1,TEST
63a54e3ac86746179e57927e77007374,3,1,TEST
63c3494bde514ed7b220ae34a8e721ff,3,1,TEST
63ddcebdc4924d3ea25b9e33ab6f74f5,3,1,TEST
63dec4e1458742a5870b95fc6ac2c0c8,3,1,TEST
63e1621864ce409f809d417cf4abcfd3,3,1,TEST
63faa6bb436144cdbee9f8a3b092f5e5,3,1,TEST
641329d064cd41c69446fa7ac5315e4d,4,1,TEST
6413d6a7e040441db493b54c0bd08731,3,1,TEST
64160c11015a4815ab054049334ae516,3,1,TEST
641b7e6549004695b4f864632ecf5262,3,1,TEST
6425c6d627294d3fbd4d3e8ccd688552,3,1,TEST
643399d83be8435582ff79ef12b7d449,3,1,TEST
64366186f4cb49adbd8a9beac3f66e39,3,1,TEST
6447643bcaf848ae9c797cb7b744f3e9,3,1,TEST
6465e2b7ad384b5385b31f26387b70ae,3,1,TEST
646bc33d2d2546c18ae752cc43fa1ae6,3,1,TEST
6471638867ae445382e3ef3034abef6f,3,1,TEST
649362e27577460c824a9f279586fa67,3,1,TEST
649622de06a34fc884b1d6c03a21f79b,3,1,TEST
64adeb96def44e4f99b5dc1054ae7b66,3,1,TEST
64fe817a294d4d8690594548b97cf6c0,3,1,TEST
6511649571a0452bb1e0d06cef214d5d,3,1,TEST
654844e0dd4742f88212d2f35da4d5bc,3,1,TEST
655a317d81644c108523dd608c95e4ad,3,1,TEST
6589976b74304606ae70e150b80742e4,3,1,TEST
6589a6097f8642c1bf8747f7b1c5334d,4,1,TEST
6592c29fc19e430c94eda1a7145267df,3,1,TEST
6592e946f5b140b8a980df5e8ad26780,3,1,TEST
65b44828c2824870a189df9614d481bb,3,1,TEST
65ca5e7b0345479398d22386e72b335c,3,1,TEST
65e3057ff28e4fcd84547cb1c6eed154,3,1,TEST
6600b884b3ea438ca2127a9980192fe8,3,1,TEST
661bff3a3c3440598501e91b109e56d9,3,1,TEST
66578eccaf1c4ccba06840c5503e4165,3,1,TEST
665ac6563202432bbde4a76b18538aef,3,1,TEST
667193f2213d45758e7aaf471bad9bfe,4,1,TEST
667a78ad566e4be2a6f2ec7eb79c75ee,3,1,TEST
668048b325524d2b9aaaa42e76eb6992,3,1,TEST
6699c0664de6449cb93fc085dd82202b,3,1,TEST
669e3d2fc97b4d4d92353c0ab2470c50,3,1,TEST
66aa889cf4094921abb5a847d4951b80,3,1,TEST
66e71d04d89644bfa472f0b8aad4e281,3,1,TEST
67324a6b36bb48209821157a8065c739,3,1,TEST
674a77db1c0848ccbb818f6f63ca948c,4,1,TEST
674f91806f8d496b82d3d29f1c90e422,3,1,TEST
675250a423a6495a8b1bb9a77b8f6677,3,1,TEST
6755a8259bb34b799561d81731f713ac,3,1,TEST
676aac693fb94f33b17acda579e58c9d,3,1,TEST
67753edf14ea4562bb572be42ae9be42,3,1,TEST
67777c5d1ffb4454be0d6095e404bfd4,3,1,TEST
6786ebe648334430b5535691baba9d22,3,1,TEST
67a141811b594e018490574693ec4721,3,1,TEST
67ad64c53c5e4ab58d192aa3b0ebd68f,3,1,TEST
67b2dee631d6440c8ddef0d4319844f3,3,1,TEST
67b75045c63643d5a2771919e9e25593,3,1,TEST
67c704cc86a54d54b1542f192a02bce4,3,1,TEST
67cbeb472d9944e09984ca81a148dae5,3,1,TEST
6805ae51518f4e479d3971da312700ed,3,1,TEST
68202b8939e2418f8be71439465435ba,3,1,TEST
682f70d142da471c88b940b2c4068553,4,1,TEST
6830f9ceb59a485681c6f5392493edc9,4,1,TEST
6842386c04414b07a153f07cef7faeaf,3,1,TEST
6867f8cbfb9c4964bbbdab96690070c4,3,1,TEST
688a65fcaf7a4fffa177cefa6bb497d5,3,1,TEST
688d8a0a9f924222b60029e57f7839cb,3,1,TEST
68c2f118564c4893a616b4f48172dce3,4,1,TEST
68e53fbf07254435850194357514b17d,3,1,TEST
69096347174f4a51af35b6cb22c1007c,3,1,TEST
6924b4ca1e744c8487895edc52aa26b2,3,1,TEST
6940d203a4884147b93ae11dcbc76e6f,3,1,TEST
6942283e03ad493fb8ed048e3033fcfe,1,1,TEST
69758e5157644a8ebf93475dfadccee0,3,1,TEST
697cab79cf2f4bc38b95e33c471b40e1,3,1,TEST
697fe2a1a7564a59a816f66dc8e35f8d,3,1,TEST
6998496f5d5e4e77b3d42878992483d7,3,1,TEST
69a369ecdd0a43ac82e4c2c4409eff09,3,1,TEST
69e8ad909f424f588e09003380a13e00,3,1,TEST
69ec8d9d5d24499e8be5aa1a5e7a6d44,3,1,TEST
6a10b285a1c9432da426d2ed61e95988,3,1,TEST
6a43130f15ec4be3ad0f974bd2047e2d,3,1,TEST
6a9f5792bb5a4f46a250ae8df3936de1,3,1,TEST
6aa50a5c1a71494aad103a90b71b8df0,3,1,TEST
6ace1719bcd94c53bf8781c12a9078b2,3,1,TEST
6b0648824de44da4a56580865535b494,3,1,TEST
6b086cc4e62c4633a0e76f43c706831e,3,1,TEST
6b0b87a8a7e54e87989ec544efa9caf3,3,1,TEST
6b11175f211b46f8a8ddc0f08e022a62,3,1,TEST
6b323a8b119340f3a504a808d14b080e,3,1,TEST
6b4049a77cef491e8d770e3ccccfb746,3,1,TEST
6b56f7c40eff4aa49add403efa7da554,3,1,TEST
6bac017b430b46e3aaef1c0919cfc1d2,3,1,TEST
6baee55c76c147d09a3c7046e975719c,3,1,TEST
6bf496a966544b3c902e5a4673fe1628,3,1,TEST
6bfe8356594b4276a54c7090c3e1717d,3,1,TEST
6c04849baab540a696b7e1bda913666c,3,1,TEST
6c065881c42c4c3ea0837346d186392e,3,1,TEST
6c3a6971158c4d8dab9e0e4777c05f20,3,1,TEST
6c3c891a09f04c218aea3e44cbdb6baa,4,1,TEST
6c524d57f9b3463e8d39f8a65f9846f8,3,1,TEST
6c66af898ac14a7982e6df828e361386,3,1,TEST
6c73bec1a6f04acaa50d450ed93665a8,3,1,TEST
6c7fa5188e734c40bf2cc644db5d0fdb,3,1,TEST
6c9e5ef595264192978dd78bf117e945,3,1,TEST
6cbe8db47e4e4cd0a8e08edd8a6c5046,3,1,TEST
6cefc311b6034c6daa560b015207c28e,3,1,TEST
6d24f2caecad4a9787743d871b17b0a9,3,1,TEST
6d2761e3b6284c1d9b5a1fb26832d5a6,3,1,TEST
6d283cc23ec7479a901d2a84f4ba0475,3,1,TEST
6d3a1ffd8b8c48c798c224c3b8c0f34c,4,1,TEST
6d4d0ed33d1c4eb9924770c535bd7786,3,1,TEST
6d5bc7fb8e1f432296f66d6ed0b37a85,3,1,TEST
6d9047a0498641c9bf07fc87cae3df12,3,1,TEST
6d9bc243bacc427590a873231a574da1,3,1,TEST
6da5020f1e1a48c2ad3ac5c0ef8011c7,4,1,TEST
6da502e7c9914a329be9d815704bbb6a,3,1,TEST
6ddf21099de54f2b9f07591fccb85c9f,4,1,TEST
6e05b6a1813144ae86b7677aab7dbdf4,3,1,TEST
6e0a7471bc2a40ee99856f1226e0dd35,3,1,TEST
6e164cb07ad34a3b87aa48366a6e04da,3,1,TEST
6e36e5e9c9354c9e8ba79ba431d95b4b,3,1,TEST
6e422515dae74df0835d639d1934f84e,3,1,TEST
6e4bf67a625f47c9a02b5c5965c0d801,3,1,TEST
6e56a6c450b44a52a443618a7ce2e91f,3,1,TEST
6e619eb421a04956a760923bd0aa5a52,4,1,TEST
6e73f1c79c9b48688541c6a01dc2ab13,1,1,TEST
6e96ff2300bd4897b0c52125aa53f03f,3,1,TEST
6ecd00742a1244bfb63438d852e0e389,3,1,TEST
6ed05113a1084c59855b187ebe621e1d,3,1,TEST
6ed39af99dae441295cc7ff094a14e9c,3,1,TEST
6ee6b3dde3264c31a07eefd214b185ad,3,1,TEST
6eea8227d1dc477f8b436e313748abac,3,1,TEST
6f1f84bc2eb64730be3583fb0d9b9cad,3,1,TEST
6f2e6015b5f34011bdd4fcf9943a7ad5,3,1,TEST
6f37f5a0bee14ad38f67ec8d0f884133,3,1,TEST
6f4a28c3eb4f476a8a2f32d7e3924c80,3,1,TEST
6f6aa790fed4456db6ff8bf687e48eb0,4,1,TEST
6f838e804c0c4ef4a1a79962e559a832,6,0,TEST
6f93d14d25184c4a9cf4462efb751e9f,3,1,TEST
6fa79cc963614f238e189d881cfb1199,3,1,TEST
6fe94bd5926844b3a92b76e806035e18,3,1,TEST
6ffde0484e2e4782af36c92b7a3ef9c9,3,1,TEST
6ffe265835454cd6ac5eea41126b4f20,3,1,TEST
700a9ca53289483f85d9ec9f7d94b8f4,3,1,TEST
70236359152f43929db096ea609215e3,3,1,TEST
703ee51dd8ae4f37a6639da6894d9053,3,1,TEST
70423f17b1c24d8ea1790fd504cd6fdb,3,1,TEST
705a21448ba54d5ea07af9badead97a9,3,1,TEST
706f2f20bd914ec58828a78c89c41685,4,1,TEST
7071358549234a8895ab79868d0e2258,3,1,TEST
709591466d42495fb7d6e4bd1d684fc6,3,1,TEST
70ae4d44c5004b17af3f67d0857d299c,3,1,TEST
70de8991156c4c8a8c385ada786ea647,3,1,TEST
70e86898c4c6480f89f261a000c4be6f,3,1,TEST
70ec3327b8d648e682e2e9c027dc8764,3,1,TEST
70f9bb6401334776bcb246f87e8d5585,3,1,TEST
7132f72085f14788a89ef946ead0950c,4,1,TEST
71376e425f4d4d9f8d3612a74815bcff,3,1,TEST
71376fd8f0924cc3be058f5e81050cb5,3,1,TEST
71440f0d14ae4839b5c3c02f8d14dbc8,3,1,TEST
7179f45002804a138b402bf15fdb6956,3,1,TEST
719eb7b8d4a9444f8b1e5b4cbb69bf61,3,1,TEST
71a73fd56d7b4a0dafc5d280433b2311,3,1,TEST
71af9f7947f94109990252a36eccf89d,3,1,TEST
71b5ef9d9c684d1d99d9e9ad08567c64,3,1,TEST
71c0f9e6d2d84cc6a60cfea5bf55d226,3,1,TEST
7216d30d83b24c818a2a9c0a1507e256,3,1,TEST
7232281f874646f6a7c2fcd0c8858224,4,1,TEST
72365fd1f5e74176b0b469955088729b,3,1,TEST
723a512e999644608f2b49f28f28c97f,3,1,TEST
7242b0b53ef047ad8bc14fd9afa4e01d,3,1,TEST
72439b7edf2648fa8b61ca535cfae81b,3,1,TEST
724515009f734a34a95b03f934b976a0,3,1,TEST
724857d1fb464193ad8992f139e2e6af,3,1,TEST
7249c1a38305467aa7b6855a61db1886,3,1,TEST
725201688ff64796b564ebf162d30fae,3,1,TEST
725f39f34fec4d589f06cf2da1c453b0,3,1,TEST
7279371525804567b52e6e5c40296bcc,3,1,TEST
728199b8622949f3ab10d989836089f7,3,1,TEST
7292ff9642994fab93323d1a7554f891,3,1,TEST
729f00d5c178489fb3139182c1b990e4,3,1,TEST
72b9ff1d9ee741e88ad1829bea886775,3,1,TEST
72c089662ac342068abb3c526535d414,3,1,TEST
72c103adf1714b8bbf8199ea80f56f84,3,1,TEST
72ced2f35ae148daadd574fb3de21a63,3,1,TEST
730030f08ec34813b2a19ba6e1e5422e,3,1,TEST
73026c1891d9469aba5c3c64a805cf67,3,1,TEST
731610aeb2cc42e0afcf6635e93a7797,3,1,TEST
731d2ae47e10466c8623ad6b46243f40,3,1,TEST
7332bfdcc2e74e12b474ff749b12f443,3,1,TEST
7356c519a13a44acb3dde48dfacb94ce,3,1,TEST
7363dcfaa3434745810f5e9324faf5f2,3,1,TEST
7392f0fb641447c991d656c7360a7101,3,1,TEST
73a43157be1c490dac519228d7960ceb,3,1,TEST
73a9d01b051642e49046973046ac9347,3,1,TEST
73b5a0c915ef42949c5562d512074c60,3,1,TEST
73c9b91b2d884324bee848e70e5f8176,3,1,TEST
7416421d65204dbd90afcdbfd3d6fedf,3,1,TEST
7419b87fdb744a448386ce07cb68f73d,3,1,TEST
741ec30fb4fd482b83e3e4bde66cd177,3,1,TEST
744ac0cfc7db4c4da7ad99ccc1e76b20,3,1,TEST
746bc132bd594bcf887ceb57aa66ce78,3,1,TEST
746da4e53c644a42984cffd191184015,3,1,TEST
748168790465473aaa6b65ac0cf9caa7,3,1,TEST
748412ceca2543a09b58c2d0d877a974,3,1,TEST
74879a1ede5e4f718a662d5dc9c14ed3,3,1,TEST
74a8ce14158b47d3862f096f64d28e14,3,1,TEST
74efae2511a14f68b402e5d435e1d9d0,3,1,TEST
75129518f60b43f3b6103bce59b6cc8c,3,1,TEST
7513b41495534c19be346bd17539719b,3,1,TEST
751e75b3dba545389afa1d23efe301b2,3,1,TEST
755f696bc45b4f4483a093b541d703d9,3,1,TEST
756a94bff33644e49f1bb1325d9ba8f7,3,1,TEST
757e9a0a2c2c473c982bf5e8ba4430c5,3,1,TEST
75b979d022c2455fa3126a968290c83e,3,1,TEST
75c32c017a09442da9a1621b461d9f14,3,1,TEST
75e64833559e418b8ee5a3760b0b6f21,5,1,TEST
76071c9010414f70aa1735479298e2de,3,1,TEST
761658a4a462474c813828660cde21d1,3,1,TEST
762f5eac3f504f8e972737503a811a0d,3,1,TEST
7657fcde99d244c9bcf0648061ec99ee,3,1,TEST
766b5067cfb948bd9aa44d935127174d,3,1,TEST
7693fe10b259466f8c71f8815887e903,3,1,TEST
769b58f9a17640d091ebb3e9519870b6,3,1,TEST
76a2352727da4b90904f348d2b815917,3,1,TEST
76bfe78f190b47a0a525789a5ba079dc,3,1,TEST
76d5fcf647da4fd8bfcb2e90e52f0680,3,1,TEST
76d88dd3de2d47a7bc69327919b45999,3,1,TEST
76e30622351845559ead12c422d53c76,3,1,TEST
76f4c0b402504241a94e6e9521fb182c,3,1,TEST
76f5d5d4591b4932bec83e38d7867327,3,1,TEST
7707ef40991d4437adf007154e1ba81a,3,1,TEST
770bedf0ad624572a39e8e999ed2f85b,3,1,TEST
770f7f662f394be7879cf3bfc0b695b7,3,1,TEST
771a470832664563b2a687a2af05cce2,3,1,TEST
77211c42892c4f019373f54fe3dc4b7e,3,1,TEST
77291ba01ca04c67951813be9d2a0082,3,1,TEST
772e629cbb58452896b51478361683a9,3,1,TEST
7733fcf6a62d457da354658221589b7c,3,1,TEST
7734531546a745868229d5024fd58ab2,3,1,TEST
77369b72807047a5979359631cf63769,3,1,TEST
77605053a11946d196279c535abf81d4,3,1,TEST
777eaed1274c46e48e10212415164e95,3,1,TEST
777f4928190842778bed75299ed05e62,3,1,TEST
7781fa97467a4a1d8d5e28758dc3047d,3,1,TEST
7787cd8a9a0d4aeeb242234207b7ea3b,6,0,TEST
77a2fb22836a4ba0b32a545a094d3fc5,3,1,TEST
77a656f2c5b04616bf99100de5f3a795,3,1,TEST
77c03b6c5a3347329fc5d24bab3514ab,4,1,TEST
77cf1c7006fb42088e6e4deb0085ca67,3,1,TEST
77e4594dfc574b36a741eb6061feefab,3,1,TEST
77ea2348706b49e0b74920900a4c4e78,3,1,TEST
7826cbc9e134476f92e52cb0955a306e,3,1,TEST
78302e85928c46229ae617a4a9ec03f3,3,1,TEST
78525b38c9b84cc1a0ef5b889181de25,4,1,TEST
785456e5ca2d41069f45e18f9967960d,3,1,TEST
7871d6a12ef24866b5723e6cfb9c1d19,3,1,TEST
787910d045954ec3bc474173fd29ba7f,3,1,TEST
7883883c741746c9bcb4f72a97fa3d0f,3,1,TEST
78eb89f6d1a749f8b347eefec8f92a2f,3,1,TEST
78ec4b80dcb64473b16c30ec585a7994,3,1,TEST
78f66d7173c340d39479d5176864d360,3,1,TEST
79025f854b6a4954bc7692b08598c89f,4,1,TEST
794e2f8da8bc41bf92c8bdbf6e148f34,3,1,TEST
7962d5e7f3bd4b76a9f5527e75b8222b,3,1,TEST
796fe07aba36440586ba9c28e6d1832d,3,1,TEST
7996e1c458aa42e187bcf7e46321e63a,3,1,TEST
799a313119a74a1ab1750374c8d9d309,3,1,TEST
79b58ad5f68f4f969d886f6a13b1e506,3,1,TEST
79c7271884fe4d7d911cbd1c52ed9da9,4,1,TEST
79cf5ae784554cab90f1a0d240d47fad,3,1,TEST
79f56519acd14e66a8a9a7ebdff3860c,1,1,TEST
7a026e4bb9414ab89a92dd58adb5a4af,3,1,TEST
7a082c5ddccf4a61a67510770e014033,3,1,TEST
7a15b8926b8e49e49925fca9a76ba87c,4,1,TEST
7a1badd7539042a093673d6b5a9146a7,4,1,TEST
7a2267e052304e81b29b49dae9aba1a1,3,1,TEST
7a2a4c6894bc48d9be64b069cfa0b509,3,1,TEST
7a335e7eb7074151947f477184ed3504,3,1,TEST
7a4b278225f84026acafa6f4ad0b5bfb,3,1,TEST
7a51340b02c343ab83416a15b05c4d9d,3,1,TEST
7a920069e8bb4683adefdd044c54f562,3,1,TEST
7aa89dd1607b4a0091c686fb7912d0ba,4,1,TEST
7ade3cb522b9417eb8d26c755849f235,3,1,TEST
7adea6b8f81b4d619133195b2f6dc372,3,1,TEST
7ae1cc0130f64d41bb9c7ed0cabdefb8,3,1,TEST
7b0ded98339c49d084738ffb62502ba0,3,1,TEST
7b32aa04cebf4fec89aebc9c883da480,3,1,TEST
7b368f51b3ed41879023734cefeb8cf5,3,1,TEST
7b42e66769c242e38a709ec90dfa3dae,3,1,TEST
7b52f2b8317b4bd7bc24ab290ddb4941,3,1,TEST
7b63a0c0bd3241d597f26293c1e06832,3,1,TEST
7b80d5c882084cc3b74126a3f7771e4e,3,1,TEST
7ba561e521594b2698e2003d2026cd14,3,1,TEST
7bb1696114094086bfb3edd4120b5d1d,3,1,TEST
7bdb15e5943f42b1be9c9c49490b5735,3,1,TEST
7befd80c1db34e7999b641e31adfcdec,3,1,TEST
7c049f1afb8f4487afb67f6d460b9de1,3,1,TEST
7c2a91bac1a54ac494d63214bf294b0d,4,1,TEST
7c7701d4606743d79d36e58ab34fdd54,3,1,TEST
7c79794d24954a0fa27b53795553b477,3,1,TEST
7c89af44f33b4b2481fa13747616e611,3,1,TEST
7ca57e29fff7462e9af317d0ffbc7b8f,3,1,TEST
7ca754a3aed84c1282853aabb0d01502,3,1,TEST
7ca903c730ad474bb64ed35b6d24a5d4,3,1,TEST
7caca5f7fd33462d84fb4d52570b4700,3,1,TEST
7cb45cdbd6de4c52bf1a73114e6c865e,3,1,TEST
7cbf39ef6f9e440abaabf6a08d42ac57,3,1,TEST
7ccfa77e4cd94bfb91b7a9e87cdd09c7,3,1,TEST
7cd0ca30a2c842a5a01115de2de640d3,3,1,TEST
7cf5ab38dc6d4a23922db58f2305e974,3,1,TEST
7d023547875749278b50952c3f33a882,4,1,TEST
7d0d0e40b5754a7583eb1bb1e5b248bf,3,1,TEST
7d322eecb2754db2a36a0e6fae638e67,3,1,TEST
7d3f8a91f40c4f31b9b5fd86af9f6b41,3,1,TEST
7d5ced41df9845339123c71d43adb553,3,1,TEST
7d70aa42867b4386957c674292e88953,3,1,TEST
7d8bc57964b045e19158aea09b2a6b02,3,1,TEST
7d8c7c1bfd0e466ebeea12ada45bfe2b,3,1,TEST
7dbf6f3590754f6f86a19c9cfac26ea6,3,1,TEST
7ddb2784f1f24c038349e532de15844f,3,1,TEST
7e060c95714a46b08390bd7af1c32fc6,4,1,TEST
7e076e79dcc5478cb9b47d76d590dac7,4,1,TEST
7e20c06b24d1478bb30399bbdfdb5b68,3,1,TEST
7e44cb94966c49969afd786127f7aa73,3,1,TEST
7e585def288e4f79bb8c9b921eab90be,3,1,TEST
7e614e0dbd974077af170bde147de9e7,3,1,TEST
7e898c973d314884988ea29667256aa4,3,1,TEST
7e8d1934de974ca6af955a2d320f1360,3,1,TEST
7e92fbf871fb470fa4a957f9eefdcc68,3,1,TEST
7e9ce51b811d4398b991349ce7b2e90d,6,0,TEST
7eb7d31abaab44a083de8dcbb0f180e2,3,1,TEST
7ebb6d69768c484aa48a4d5e6a3f88af,6,0,TEST
7ec3ff3744a54442ad92e5fc6dc27cd2,3,1,TEST
7ed86c617e034c14b8cb854d2d7485a4,3,1,TEST
7ede56340a694f3cab154a9cb9c99dde,3,1,TEST
7f1b1ffb009147eb9fe988d2cd5e5a67,3,1,TEST
7f28556dbdba4ebcbaed28fb7bdfadbb,3,1,TEST
7f37f4fd977343fba03ba15f2fd0a4e7,3,1,TEST
7f59d1c4a5cf4f48a423626f083d54cb,3,1,TEST
7f8d773a032f4539b886a9f5e5bd1a95,3,1,TEST
7ff3e3c2393d4cbcbb7c6825ce1faddc,3,1,TEST
8033e55c8b504c4d88e3cc13bb2f2ba5,3,1,TEST
8037c8d1c4474c72afff8c6b4fc49fef,3,1,TEST
80499526446c4c50ac18b5c21947c4eb,3,1,TEST
805b39a557e747999f6bb30dbb7688e1,3,1,TEST
80846236dd244aad8df645030bb584c6,3,1,TEST
8092b7b5a5f748999eeb7b21ddef91d1,6,0,TEST
80ae5e7639c943e1b5c05d73d993ea9e,3,1,TEST
80ae7895168e4c8bb4539ebbfeb94b18,3,1,TEST
80af6810db5646dc93b3a3ca810e2bbe,3,1,TEST
80bcc7f12e56440ca75340890a192fae,3,1,TEST
80d42ccc99924175830bcba8b65a8388,3,1,TEST
80ef62225d0940038a35692bd94b0cee,3,1,TEST
811423b6e991404dbed43371b0d67163,3,1,TEST
8148c0626c474e62810bc6e6356b1d70,3,1,TEST
8157e9537a8740f489f8adc67b4d56d4,4,1,TEST
8170549a92234376aae632485cd7115d,3,1,TEST
81aff59fd031435eb6ac13f1e97465ba,3,1,TEST
81b2594aaeca4d6aa731471167fc2c1e,3,1,TEST
81c3fcb4751d44eca07ff2818607abea,3,1,TEST
81dc73469ee74f9e8b08137dc352e959,3,1,TEST
820554388cdb465f808d8f18aec7d67a,3,1,TEST
820f764455dd45cb8697cfa406a75699,3,1,TEST
8219e571eee143c38b1812a0d82e65be,3,1,TEST
822adb4260c04bffb618731e0c8e583b,3,1,TEST
824e0ffb7d284471b842d528344ce438,3,1,TEST
826dda4b5f85472b95bc7fbed52723b3,3,1,TEST
82783226909943a3bbb9941bdcd79911,3,1,TEST
82901ed3ebe94b09ba42ca79865be61d,3,1,TEST
82955235a45b4bbdac494f2185e4c385,3,1,TEST
82aa80881bc647579a483e50c512f1c2,3,1,TEST
82ab695aa64b448c87cb75e77c4491e3,3,1,TEST
82ce30767deb454287c5ba198241cfc8,3,1,TEST
82d9cffb813542358178a47b1bcc87f6,3,1,TEST
82e3e79c8ec84390bde5ff7c237eca0e,3,1,TEST
82e7328e5e0049e6a297b5facecdbda6,3,1,TEST
82f51e9f49ba4840af72cfb284d15080,3,1,TEST
82fb32d389ce4b19b291fd78e138771a,3,1,TEST
8300850a79ba45ba91c7314d17564f9f,3,1,TEST
83067f277a904706845c51cacac0d5ee,3,1,TEST
8319924e9f604a7f88459ee3ca1a97c9,3,1,TEST
831d3d140fc64b068aa4f6ddfbaae6b1,3,1,TEST
831ed32b723a4e3b86f6614524b7db53,3,1,TEST
83225f8a095240509b11ca0d3e6ba323,3,1,TEST
83821e21140b4ead8d959eedf56f0c5c,3,1,TEST
83948c2d523c46af8a89acc203a7e386,3,1,TEST
839ad530f8f84542898a3303750c2bfa,3,1,TEST
83addce6722d41e592e91b913089ad52,3,1,TEST
83bba27c2b0148248a4b6234549a66a4,3,1,TEST
83d7b56e6ea94ba6aaf87c7505f146c0,3,1,TEST
83ea167e17514bd3b71c7e74be6d4d90,3,1,TEST
843b78f153114f14bc88161384a69704,3,1,TEST
843d2ee0aebe4fa9ad8fa6c9565a6408,3,1,TEST
843d74044ffe4aca890d3bf7edcf0b70,3,1,TEST
8466a360f56d40bfb99038f7cae9618d,3,1,TEST
848c57cf16934943bc35ff0c8c9b8e7a,3,1,TEST
849024d3f28b442c9f0d88520c34be72,3,1,TEST
84a4c5d228654f08ab0ac1d902970fb3,3,1,TEST
84b5a2ed3ef940b091676db19d9053ff,3,1,TEST
84b83904bd7e48c18c8c41682ac6ffc1,4,1,TEST
84c8553542204a07bd84efe53606d2b1,3,1,TEST
84e1a58a093b4b61b28452d17973be64,3,1,TEST
84e8de49346a45068d0b18dabaa3df97,4,1,TEST
84e8ea01daa34ef2963ec79655e55436,3,1,TEST
84eea851ed584a77b5429fd0c212b7fe,3,1,TEST
85182ff3bcac4ab7a4621364a294a25c,3,1,TEST
853207f2a0014a9fb274609e7b3176fd,3,1,TEST
85375f3183c74e028e7dcfe20e36efb2,3,1,TEST
854a191e1e474b0d9363ca595010a89c,3,1,TEST
856ec35c7772457c9da4c43fc3a303de,4,1,TEST
8586f79b6cc94c78a5ec9c8af6aee914,3,1,TEST
859b11de36dd4737ba18e69540d387ce,3,1,TEST
859ecaaa60df4a81b89487e569fe0140,3,1,TEST
85cbd89325dd44be822d59d546c24926,3,1,TEST
85cf0e67f21a4db9ae3985e7e6cc26ca,3,1,TEST
85cf6b2c9507485fbe0f59d6a3ac0b1a,3,1,TEST
85ec159d73454ba191b78c390ec23920,3,1,TEST
85ee98d4a397493788566dadf7ffc785,3,1,TEST
85fa42ccdfbb40b2b8093305ef249781,3,1,TEST
8620228ce4ba44028b3cac12ad40a3a5,1,1,TEST
863ec33a5a564b6f9c4b515075e6e55f,3,1,TEST
8647c700f301496ea2a14e07c0cf9160,3,1,TEST
8656dcf5b32544468f23b8fa42b2dc5d,3,1,TEST
86a6b575b89d417d8100e6e9b8aefb0a,3,1,TEST
86d482e97d5b44adbc3639ad34564c89,3,1,TEST
86ea32bb0f9242a6bc7e9db80d4495c3,3,1,TEST
8703c24d39f74517afa4859800bed2bc,3,1,TEST
870fafaed9cc4f558b96b3735e1062fb,3,1,TEST
8713f9f3568d44dd85cc9ed6eb51d114,3,1,TEST
872d9fd77f0041e1a5b9485efcbf66b6,3,1,TEST
87355a31111a4174a68cb9dd82d5591c,3,1,TEST
87814d1c2ffe434bab5de4273f37ab10,3,1,TEST
878950e28743403d837aa03849ab0707,3,1,TEST
879bb6e9d96741f985665c9b8519c2c8,4,1,TEST
87bd69c9f8a34eef948f8c6ba3496867,3,1,TEST
87d9f88f2eec4f55a77503194f41eaf6,3,1,TEST
87e78c298efa45d088f2362db0e26d4d,3,1,TEST
87fd611deb5a42b9a85187e9ce807706,3,1,TEST
8820e607cd34419798c27dd9b834b4ea,3,1,TEST
883faed2b4c84f9fa2fcdf6035f2ea88,4,1,TEST
884f6bf5c17a4ee79e5075718fd007df,3,1,TEST
886288f4c60c42ee850f67fd08eb43d3,3,1,TEST
886a76cdbbd54a49b34c0689aa4ade86,3,1,TEST
88acac5d00444981ab10ca19d4de73e0,3,1,TEST
89098b066926487ca57dfa895850389c,3,1,TEST
892f9b5fb6ed4dfcb7d07bbb1cf65341,3,1,TEST
89619789cd16430595527721b53870e8,3,1,TEST
896959dce31141289c23b6c6eba67354,3,1,TEST
896a9c06c6304c52a2a7318d341b58ce,3,1,TEST
897762a33d2f4727a2dc6d45cffc5276,3,1,TEST
8989841a9f114166a95d0ca48f30809a,3,1,TEST
89acedb06ac24320aea33cbe3797a0dd,3,1,TEST
89b45f9220914d889b4befeb9ab454c1,3,1,TEST
89cfa7ef9200444a8a5ff373ffa8267e,3,1,TEST
8a442a0c92df4fa9b4a86c9043140b74,3,1,TEST
8a49b400a689414db33b8926c60c1e84,3,1,TEST
8a5b97a262d64bcc8f0590985fd2ed20,3,1,TEST
8a61a83b2387416a99518fd2c0b8e731,4,1,TEST
8a63f0f037d94bb299f39e247086ed1a,3,1,TEST
8a8e970c51bf417480f08bf6eee12d3e,3,1,TEST
8ac7b2f8c85a4a74a7605992432fb2fe,3,1,TEST
8ada011ccf6e4f2383bb0cb76534af4d,3,1,TEST
8ae2f72c27fd419abc31571a171b5db1,3,1,TEST
8ae37cfd88684435be434b9b1a83b63a,3,1,TEST
8aeb840a73cd45aa8cca69355ef08bb6,3,1,TEST
8b003529104f4c4cbb134e2cc1ecb9ac,3,1,TEST
8b06bf05447c4df4add3bd2587a8e112,3,1,TEST
8b10f705ff554d4e9b49e6c2557ffc76,3,1,TEST
8b19d8c38f964b2bac451163b82c3360,3,1,TEST
8b6dd6f08565409cb881092136a9fe11,3,1,TEST
8b73c6246ee3420385f05b201dce5d57,3,1,TEST
8b782473c99742e394df74b430412232,6,1,TEST
8b82db98bb30496e85cab709d07f7142,3,1,TEST
8b8d6cc22ced439dab163c6196ce661f,3,1,TEST
8bd1529b1e5f421e9b2a5cfa7f173109,4,1,TEST
8bd33e724fee41b091c3579c010cedcf,3,1,TEST
8be0c9124a744d21b44631d7bb17e944,3,1,TEST
8c065440ee8f4bd295b6ac4cd8cabd32,3,1,TEST
8c06c0721cff497aa355f140b6b74c7b,3,1,TEST
8c1063d344ef42988d97af9ab31d62d8,3,1,TEST
8c2a8d9ef9894039b66cfe1c4516e7ac,3,1,TEST
8c3023d769ae4c3f89554adfd784c23b,3,1,TEST
8c4f7c33238d42ea9388b399d690a537,3,1,TEST
8c7610f9d55b431aae103742355b8043,3,1,TEST
8cb247310cd74457a9eaffdb1c6e89c8,3,1,TEST
8cc3c2ad9ebc47ab86663e3b80bbac71,3,1,TEST
8ccf97d212c04805bf9b8ba07db87138,3,1,TEST
8cd6cdd6d56b411eba8a66c37c659914,3,1,TEST
8cf5f72af79048fea8b63d510b663fc0,3,1,TEST
8d4c44edfb204cb3915672cce6c512c9,3,1,TEST
8d746ef9b9344cd3b0eb7a11267d79f9,3,1,TEST
8db7a4b6935c49598153aae43cdd1756,3,1,TEST
8e56f343cc0a4ecb9e5177d17a2f1eca,3,1,TEST
8e6ac5837e0c4719ad5e255b853cfca0,3,1,TEST
8e9359b5a3be44d8829ebec906a93956,3,1,TEST
8e9c68a750d743e784a06961986e6257,3,1,TEST
8eb92338980a439bb7eda838cec18654,3,1,TEST
8ec28f8dec32414b9a02af4499854fb9,1,1,TEST
8f04f1508883453889f75d25cdbce9ae,3,1,TEST
8f0c0f2f5ab14598a5ad8bd150517444,3,1,TEST
8f39a1d31f1d470e928a40de873d82ec,3,1,TEST
8f39a33528934d569c3f56080050e380,3,1,TEST
8f43ed3b1e874b03b7baebf6bf8d2ff8,3,1,TEST
8f5022513c9246b4af82b96dd0d017ce,3,1,TEST
8fabf4097a0a43adb8a66997b8e965a1,3,1,TEST
8fce8dfca0724cafb73ef8ce48ac8504,3,1,TEST
8fe0b15eb63447e59372d93b820fae4c,3,1,TEST
901ebe11b82b4c498028802d25d70848,3,1,TEST
904a17b67eef4c778972ca1a1a405e98,3,1,TEST
904b5567b8c34399915e5f84cbaa861d,3,1,TEST
904cc795834f40dca87c910af31e5668,3,1,TEST
905163c9b5ee4b9ba76f3b170bad194e,3,1,TEST
9052eccaa5cf461a9989ea62e297fb26,3,1,TEST
90535a1b6a4347298f080781ba0c90f3,3,1,TEST
907b249623d442b28f717f95555c0c8e,3,1,TEST
9081db8cbc9d4b26a0e5a8c14ad52806,3,1,TEST
909f5bdb94fa4768a26636d1f3d26766,3,1,TEST
90bfcea2fe01457d85f2b2eeef2d9fe4,3,1,TEST
90c0031f45fe4849ace5e622cd0028dc,3,1,TEST
90c6f13b7d224c579ac0de7dfb47b924,2,1,TEST
90cab65263d94736b06e178cd426a45b,3,1,TEST
90d82fa7c5764e31bfff242d17076e07,3,1,TEST
90e792453d9842f38bbf3810d1195eab,3,1,TEST
90e92bdb3c884e218e54e48cfbb0776c,3,1,TEST
90f7c92b15634fff81e037ff95abd8db,3,1,TEST
911d6a5321ff4769b6d572692b65fa37,3,1,TEST
912b280b58a04b0b851a96ad2a5f2e4d,3,1,TEST
914142872fdf41ee96082d707d98195c,3,1,TEST
915e32e7c98e49b6af2332f960056426,3,1,TEST
9169f76d8b1541a2863c73cc7368bcdc,3,1,TEST
917337cfafc64517b5427b0f6aa44781,3,1,TEST
9175ddd7cfe8496d901f2ccc9636eba5,3,1,TEST
9194eb929bbc4c9894774df7a82e6e71,3,1,TEST
919fe07befd4455fa39d481befc7191f,3,1,TEST
91b7512f900f453782b77669a90b6a5b,3,1,TEST
91c7f0f2fc9440f9aa3d219874714c53,3,1,TEST
91ee51a8bcd44d2fb2cd48b8de817a2a,4,1,TEST
91fae3082c954e7a9c7e29e5049b5b23,3,1,TEST
91fb3cbecfe34e06b672a0d3bde45ea1,3,1,TEST
920230ffae0b41248b1c21e7c36b9ebe,3,1,TEST
922b644059724f2ca32a5da56533c7cb,3,1,TEST
926013151f4d492d8ee987d7060a02c4,3,1,TEST
92aa229d690045c4925c0e5d7bf1c794,3,1,TEST
92e5a070802440969ccae3d5a66d5098,3,1,TEST
92fa746feff244a781a435c478671247,3,1,TEST
93043ffa645d48f6ab7abde1d96c2992,3,1,TEST
93070540b6fe4aeca73f5a488eee64d3,3,1,TEST
93170e2c6efb4d169b2185b26c15e3cf,3,1,TEST
931a6b81395a40f2adf0290b31128b22,3,1,TEST
9331164c50394a0bafd56768b3f7047c,3,1,TEST
933a771b6eca4fb7a5c4ad059f2daea1,3,1,TEST
933dd58f431147479755ca1d7e86f5e9,4,1,TEST
935e0ad54dc44738af5242c45e5c8f06,4,1,TEST
936d28390253410988ba67afdb41e5c2,3,1,TEST
93998affcdf64798ae947319c6b316c9,3,1,TEST
939f9f324b3f492083794d18a1b1032f,3,1,TEST
93a90a85f6c649fb87ecc260ba004920,3,1,TEST
93b23eb949cf47caa858fe3b13fd3868,3,1,TEST
93d667e7a542442d90b3be974aca3172,3,1,TEST
93ebca1e8aa749428ede7b7b2d5cb8b5,3,1,TEST
93f5cc460c3a4fd6b3245f923dc4b5ff,3,1,TEST
93f886e4dee4414382e96c1b8ab2b71b,3,1,TEST
9439a2bf3f9f4e9783b190a08a7aa1cd,3,1,TEST
944c0e36dc2d47dcbf8107c99a836228,3,1,TEST
945c286ef360483583cba711dc7fb967,3,1,TEST
945ee00058fa4ae4a1e5462f2863fce5,3,1,TEST
946b5bb81be5499ead37f324aa9c8127,3,1,TEST
947bcd4c7c7c4ee2929bf61d203c3ddc,3,1,TEST
9487ff2e307547d4bf6c0edea5600201,3,1,TEST
94bac8de53f14af9b528ebd4b1d296cb,3,1,TEST
94ca5a7c35c1431eaed30d44e7af2dfd,3,1,TEST
94d7b251d2314017bfe62e7dde353486,3,1,TEST
94e0b6c994ea4d57ac0a513fbe62e868,3,1,TEST
94e2bf1ba215430b80caadfad0e69207,4,1,TEST
94ff4618db6b4b6e96f54cf6de7d1538,3,1,TEST
955d0aadc1644265b38dfe58cc2afdd2,3,1,TEST
957a8c72740e4856b61d38a16114dcfb,3,1,TEST
959ff1bfe9374272ba3f0f1835cdc596,3,1,TEST
95a16940e2c94cc99c40eec7e3114863,3,1,TEST
95de45afdcc94e1ca28b87be5a4472e8,3,1,TEST
95deb1ede33f4c6ea9589fde800c0b94,3,1,TEST
95f4de5d39064ed0a0ae7ee8f2c79131,3,1,TEST
960fb30d125442dc93a168e4bce0763a,3,1,TEST
961f6b50d9c94627a2b56e091522f56e,3,1,TEST
96273e03f70b4466845e60b3a1b36a5d,3,1,TEST
9627afc29d3f43ac886d14dc50e4552f,3,1,TEST
962e5a80dece4b1090d25abc350558f8,3,1,TEST
96560c0140d64bbaa7c7f0c7018b5cbd,3,1,TEST
9667c973cbda48d5b2090494a74c76d4,3,1,TEST
9697fb1812a0427b81e44ceced009774,3,1,TEST
96a11d97c7dd42f6ba453c54225a572a,3,1,TEST
96c89e24c1074d578d70b3eba6377a77,3,1,TEST
96caf7d27678496291ac9f6123161ca4,3,1,TEST
96e16114c7c74c748c7873d132aa8d7e,1,1,TEST
9704cb6a6a314b36871955fdb1b1d492,3,1,TEST
971b5e80a2fa4e27838dbd5115552524,3,1,TEST
972981e9e3e54af4a29566f11552b796,3,1,TEST
973c428ab67d49eca27e1520ab5777f0,3,1,TEST
9744080b7daa4f94baebcaed92fb1eec,4,1,TEST
97490f1be78c4d9697ef02e711f23829,3,1,TEST
9756f4cb10b14a3b942f7ab2ccf8f4d3,4,1,TEST
975c4405258347acbae98637fd5f7cec,3,1,TEST
9774d7f349264d3faf2596b922b80347,3,1,TEST
97ac8d05077847f0aad704eb25926a54,3,1,TEST
97b29c44bc6b44858057ebd282d26d98,3,1,TEST
97f0f675eb3946bfbeb2ea47288ea8c3,3,1,TEST
9813f4ab8c5b407fb35b46ec5d5ab3ab,3,1,TEST
98288f18d65240a7aae384ed1be4d1e8,3,1,TEST
986aa3a46e81474db5e1ca5291fc8fe6,3,1,TEST
9878925e816e45eabb5e6d34473c1dd9,4,1,TEST
98805a4b48654b4b89d1713aca3f5638,3,1,TEST
988082eeeb7d43b09125fb82c0988c74,3,1,TEST
98acb50236fc499eb39951f5bc0d0f8b,3,1,TEST
98c42e50ef364da2bb187436b5a3ae13,3,1,TEST
98e7c62ebb584e1199f9f8cff18b9690,3,1,TEST
98f85296fe1b4519b994326ec79312e6,3,1,TEST
990da1ff294943598b18fdadd6ee69bf,3,1,TEST
9935ef51f7aa41f3b6c8690e4fe3f02c,3,1,TEST
995aabbfb7374fddae5404c30d7870e4,3,1,TEST
99649bce22cc4d0ab996afa48298b74e,1,1,TEST
997f8dccb818436f8fca8edafbd05dff,3,1,TEST
99b12ac440874acda2bce1a06d1052ef,3,1,TEST
99b646dfd2be40a594f74b1f1e6bc92b,3,1,TEST
99db41149ae642c18e5ebdb303b9e808,3,1,TEST
99dd992424f64203af2ff8bc5d2943da,3,1,TEST
99ddedfd13814684aae85b9ed2d4c74b,3,1,TEST
99e0e15f84824e85abc608dbbdd7bed2,3,1,TEST
99e45668e870489a82e28c383298ddc1,3,1,TEST
99efa74da9cd4dd2b9694dfd459e9779,3,1,TEST
9a0402d870ee4850bb3188936d7f7747,3,1,TEST
9a05e447147c4f86bc40365902d252a3,3,1,TEST
9a140a13915647d9b6429c068f61394b,3,1,TEST
9a1ee5b57f524a919c6b053bb43ca8c8,3,1,TEST
9a47c15f247648d0a044d366174e68d7,3,1,TEST
9a64396347b34ef2aae7b9d6b418a1a9,4,1,TEST
9a9a6a3759064f639e3ad2ae4be3dce6,3,1,TEST
9aa28dc5f68e4cbc8066134b55e7ed2c,3,1,TEST
9aa56691ca1c4ad3a1b044e5dde8b037,3,1,TEST
9aa73e4447814d8aad88edfb0f2d0d70,3,1,TEST
9aba60a49426484795246757702f41cf,3,1,TEST
9abb854df7784e5f9d897e2b1e5d9144,3,1,TEST
9ac4136cfe1449fa821fc804e57a68a3,3,1,TEST
9b0d3fffc8214c13abd8ac5e24e14c62,3,1,TEST
9b3e819e2486490abad880333581a9d6,3,1,TEST
9b555c51dba8411abc29192f989bab62,3,1,TEST
9b63b0d1a6f74ce8b7c9acaaebe18344,3,1,TEST
9b66555bda3e49f79f07250892563441,3,1,TEST
9b9c77fdce114149b60eee860950ca73,3,1,TEST
9b9f8787167c48bdb52aa825fea60256,3,1,TEST
9bb2ea2175e148e89097575c02456e61,3,1,TEST
9bb3e212a9f4495a952513b3cc5e4af4,3,1,TEST
9bc6dda417814dd694de76ba0896578e,3,1,TEST
9bd2774e0d0d4c7286ec9ff2248c5e4c,3,1,TEST
9beccc7d137b436a9eddb4aec101ed55,6,0,TEST
9bece48a85fa4446a978e0b0b688bdc7,3,1,TEST
9bf7f70369e042eb9d836b76531e2efa,3,1,TEST
9c042435c13d4ad88aa0af965199a171,3,1,TEST
9c17b9baec3948f9a6aac6e0647813d3,3,1,TEST
9c18db809c61455a98cbb6aee7209a51,3,1,TEST
9c1d25d8bbd54dd199250b9ab420163c,3,1,TEST
9c4dd7fb2c4a46a585e6d05245e7c209,6,0,TEST
9c642e02ecd14342a5e2a09d3af1609c,4,1,TEST
9cc428725d7f4b2ca36458ac19292d70,3,1,TEST
9cc8fb229ed34c838613de63716ca6b0,3,1,TEST
9d0ad746e50e4b02811c40c883c4aab6,3,1,TEST
9d19153e3d034b55a9d58f3ee1559205,3,1,TEST
9d3dd92470294fc8882fa7085f70029f,3,1,TEST
9d5a5a937dc840f1b425099d6baa4ae8,3,1,TEST
9d6b406cd7c4462a9c0c0aeb8510a652,3,1,TEST
9d83a997fa12406087e209ac7548626e,3,1,TEST
9d8760970da24292b321466645711166,3,1,TEST
9d9ac1e3f985480786f5e446b3c56a3f,3,1,TEST
9da8fa4203a94025b364100bea0ada2e,6,0,TEST
9db46151f8214d009acb537c208eaae2,3,1,TEST
9dc0b98dc678481fa44dbee292f7e4e5,3,1,TEST
9dc17c9dab4e4836855db309f1747434,3,1,TEST
9dc99e22fa9143d08fa1d927e71e17fd,3,1,TEST
9dfcb2229aad4c6886b7a9b1b4b807cf,3,1,TEST
9e01e4ad99534ed9b781071c04511489,6,0,TEST
9e063d4817244a178271a0fbb00f709e,3,1,TEST
9e0abdafb9d1401bad08950531fcb830,3,1,TEST
9e0b20d337d448f98d59edc25e849d44,6,0,TEST
9e129b8f5db44318992bface9ac4e805,4,1,TEST
9e44637cb6c44cf9b3b64dac0a20cc73,3,1,TEST
9e6ef49679e648c9a62980344c8489ef,3,1,TEST
9e7c9cdd4d874c2e88b2f22142a99860,3,1,TEST
9e9c3a062c7c40deac9ec60ed49275a1,3,1,TEST
9ea1de8fe8f649de9253b50c2f7014f8,3,1,TEST
9ea695f25d5b448f872600b44cb9d945,3,1,TEST
9ea7c876e0e946999c786e3c4a5a49ff,3,1,TEST
9eab11e3ea3645a595e9f044a15b44ad,3,1,TEST
9ed3f02161a442b8ba63f7875edab373,3,1,TEST
9ed7d5ed87414c8eaea88d84b23f9122,3,1,TEST
9f291ec67f034139a00c644d651b91dd,3,1,TEST
9f29755b065b49e8a47c06da92fc2d0f,4,1,TEST
9f56457cacf5488ab20265458f33d818,3,1,TEST
9f5995441abd429c859d6655c5471bf6,3,1,TEST
9f5de1c5f41d46a9bc94b0cc568000e0,3,1,TEST
9f6174d06d754f26a16f55a1fb1ac8ed,3,1,TEST
9f644743b2f84c39a86dacb494fff3d1,4,1,TEST
9f6b5ff3d2e049c8bd1647be683c1628,3,1,TEST
9f6c12f5ccd54873bf584f483f21b45d,3,1,TEST
9f792256dadc437cad0c97c912281337,3,1,TEST
9f8077acec2a470aa66279e9683066c3,3,1,TEST
9fa47868f4d04db48da246fb4780c450,3,1,TEST
9fae4f5232164537952d04064ce3341d,3,1,TEST
9fb1ebc58ed0496bb6eef846e74241f3,3,1,TEST
9fb4d5d50edd4f928c5e79336dae0a40,3,1,TEST
9fbbd16007d14eb8aad242338b653020,3,1,TEST
9fcc074db1334d89afe658e307a323b9,3,1,TEST
a02a98900e1f4f9290e2545bef367011,3,1,TEST
a02bfe2ca216497a8819cf8fd6e2188b,3,1,TEST
a0434351d17d42bab526fa4fcf32000c,3,1,TEST
a04fe063237543dd9e9e482fa427ee97,3,1,TEST
a05ef2b1f1034cb9964e01b5de2e2b19,3,1,TEST
a08e8191f0a44372b716e30b9f2a4890,3,1,TEST
a08e9614a5474b0f9b0a56152856a831,3,1,TEST
a0bdb80fc51d4287938d51914b7e3537,3,1,TEST
a0c3113be9ef4e5eae1d2e7b33f2a91c,3,1,TEST
a0e7471697ba440ca1beaf7cf5bee01f,3,1,TEST
a105d462e1924dba82b4fb4d89f26067,3,1,TEST
a1105e529e814144948c3480942819bd,3,1,TEST
a11e39a076104dc2b5f99e23a691da82,3,1,TEST
a130d2e02a7f4af1bdc7bb4d9dbe10fb,3,1,TEST
a13d932eedfd4ce1876d2c24a7ab4b7a,3,1,TEST
a152693393b24c3595a0a0598dc66d89,3,1,TEST
a156d6fafcfa4c87a8e02b2e4fd255d0,3,1,TEST
a1725a8edb5446ec8f4abd8fe5e9f654,3,1,TEST
a1ccb73db43346e6ae708634608ede80,3,1,TEST
a1d378b14615446286df734ca9b5cd67,3,1,TEST
a213cc96a94b4faca61b15365144d737,3,1,TEST
a214337dedf84f0da8c157347a67c3af,3,1,TEST
a21b4c6c481140f08563723c23124f80,3,1,TEST
a225de11c7b64aa1a7cabf7dbdcd0598,3,1,TEST
a226cb177673484081bf36c83275a1aa,3,1,TEST
a229f8a476124dc5ac9f610026b5a8ff,3,1,TEST
a234d3bdf6794cb1acc5a20be3e3acc4,3,1,TEST
a26f5226ed6a4952bebff1fbdfb9d139,3,1,TEST
a28a2112706a4c90a53cbd6b441a2ec3,3,1,TEST
a28b66d9c538461b87bfd00da02035f0,3,1,TEST
a2fb392e17a7446cb57bda012519b5d8,3,1,TEST
a305884054cd4971ac6fecec625e282e,3,1,TEST
a31513dad21b4f609a7118760ee49142,3,1,TEST
a335aff4a3b8426582e9160bccadf784,3,1,TEST
a33f59e23f1e4d5689fd8d7234fa68a2,3,1,TEST
a34d058bc47641a1ae9cb5f3b736d862,3,1,TEST
a3535145c80145fa9c871b27cefa2cec,3,1,TEST
a35cc56fb2314ab78618cee76ddd0cf0,3,1,TEST
a370facffeaf4276a7b1c34827ed5aef,3,1,TEST
a388040b307b4184a532d3e5dda02ffc,1,1,TEST
a3cd132837ad47fa877b22c541f2cf6c,3,1,TEST
a3d574b9c28d48c0aa60cb72428bd604,3,1,TEST
a40cedc8a5ab4132ad7183603eb34fda,3,1,TEST
a43b9a1db9d84e769444321b84445890,3,1,TEST
a4507c1404fb4c2e83415a930809f25d,3,1,TEST
a4955b671e1141b1a364e7a3811975bc,3,1,TEST
a49c03dae0c243f5a325fb3af2a0af8d,3,1,TEST
a4a80f07b3cd438089f64d15ad277e6a,3,1,TEST
a4a8a1d915cf44a39c2223ae901d01a3,3,1,TEST
a4dbab868817444fbb65509a37d70f06,3,1,TEST
a4dbe5cc3e3346a5a1d29d65042253c3,3,1,TEST
a525a78845d24cb9883a2f7862b2fd25,3,1,TEST
a52d49cc598b462eb381b68bb86c08ff,3,1,TEST
a52d97e5da4348bd8db527ee99c145ea,3,1,TEST
a541962dbb3848e5a744e7fc724cf5b9,3,1,TEST
a542c68344c3464db5f70007039da88d,3,1,TEST
a55aaf393e5a40349a6b4666871c588d,3,1,TEST
a56dae5070664ed9888299b443bf5682,3,1,TEST
a58fe37faef84398b614a1c55d0af7f0,3,1,TEST
a5919873a4164d3fadbbb34ef86a6510,3,1,TEST
a5a7738f8f9a44e498243dbc45dd22a0,3,1,TEST
a5ae0bc5d82f4575a84d6fccabfdf662,3,1,TEST
a5b57cadb7b14ad7b4274864b92f9153,3,1,TEST
a5b6242e4cd14f08a6dfc73f977aad2d,4,1,TEST
a5bab5b4a7944247b1ebc0c15f789a03,4,1,TEST
a5d3ba800e764397a81c4a4fbe796237,3,1,TEST
a5f4855f25d74ec0831971636c49374e,3,1,TEST
a5ff74223254457d95dea17db0b39d5a,3,1,TEST
a60885b100dd4f71a6d08375dd4069ca,4,1,TEST
a64038cdabda4f38b1b134f791854650,3,1,TEST
a655983b5d04418f9188f4253833d687,3,1,TEST
a65920576bf34f24ac76b87c594e8511,3,1,TEST
a66f04c111a747f193b03a7c742562a2,3,1,TEST
a6db6d95a29641e888f9a18e01722ada,3,1,TEST
a6fd658eec774d679cee45e4680904aa,3,1,TEST
a71767d5d549456aab63c3ae692486f7,3,1,TEST
a7185495c9eb4e5a984740ea0fe5f6eb,3,1,TEST
a71e3d44958543eda9ef131e5e2a1992,3,1,TEST
a73627ed3e9442849c75b82e0a891b8f,3,1,TEST
a73f2908a128415ebc65fbc522a4404f,3,1,TEST
a75b789f719544508fbbf1b3db0aaeee,3,1,TEST
a7688a0f0bb14850833014b4886334fd,3,1,TEST
a7794a90a21f4e078dff9cd5e60e6a19,3,1,TEST
a78088a9d24f49908483a0cae8a2421a,3,1,TEST
a784319a9d7b4ed5b368b97e9680064c,3,1,TEST
a78ed86341e446cf91cb65201ecfea07,3,1,TEST
a7a95b1768d1409297c47dcb0fe90e24,3,1,TEST
a7cfb8ab93b149d5b43ae46b504d8711,3,1,TEST
a7f17c433ef1404d94305ea98bfcd944,3,1,TEST
a7f7e52a718948ed9e637ea71d78bf32,3,1,TEST
a803d02d086e489aa7d5560eae80ce67,3,1,TEST
a81e3d8eecf0438fb49e3dae42505934,3,1,TEST
a825d2b8f7ef43659c31f4565ddf05fb,3,1,TEST
a8463bbc039b4eb1a40286b6164e5eb9,3,1,TEST
a87a31c79df34ba7831b9f782f181cf1,3,1,TEST
a895a6bc8ace4e1db13a4bbaebe99397,3,1,TEST
a89781a84c4c4a2eb33107d108dea5d1,4,1,TEST
a8abb06521a642eeb5307b608513beaf,3,1,TEST
a8c6dacca5fd40bfa82e98f5f4a0767e,3,1,TEST
a8d110ac78bd4c19be60f5d07407afda,3,1,TEST
a8d1cffcc326404e8299598c9c208002,3,1,TEST
a8dc1e80390e40d780432d32af8071eb,3,1,TEST
a93dd95bb3c0454f8738fc574f9f4ba6,3,1,TEST
a9524cb29774446fb2fb9d2bb20ea0db,3,1,TEST
a957d7c6b94a4575af8120fb89572f7a,1,1,TEST
a95fba0bdfc94ac8a64435713a7f787c,3,1,TEST
a9731e1f8bad4908a640aebb0a44f281,3,1,TEST
a99956d3d2d142839f45b5c3057abddc,3,1,TEST
a9d5036a903546738ef98bc1b757954f,3,1,TEST
a9e7755683054152b73a21c37e2ba43d,3,1,TEST
a9f21455824d4ed6bc0a175fc7d1896a,3,1,TEST
a9f39b55f60643969d0284b3dd2214db,3,1,TEST
aa0262ac9f444eb080d24bdc24c1663d,3,1,TEST
aa283ccd48324870b831146854db2760,3,1,TEST
aa295a759d4041909cdf0ce7bdf30c3d,3,1,TEST
aa2fabd6f6044444a762130b344a3554,3,1,TEST
aa47cf50bb1045348cba8f4facceef92,3,1,TEST
aa5384fc342a4ff2925e60a4e5b16f26,3,1,TEST
aa64f3de552e42e682bd7f904c42cbe8,3,1,TEST
aa6f5d4f221d49dc91f8900548b8fb4a,3,1,TEST
aa765dec12374d1197574027f352aeb2,3,1,TEST
aa8ec9b450a64751a5fed125a6562adc,3,1,TEST
aab1993c0a7e434182f5423965e7839b,1,1,TEST
aad93495ff974f4084b913c9575aa277,3,1,TEST
aae9a7e0bee6415186bbb04a3e2f13b1,3,1,TEST
aaedc2a0764d4bce9ce980d58f1eeeb2,3,1,TEST
ab296a78f9d64f189c061222dfd3b1e8,3,1,TEST
ab5f53c1f2b1474e9b6047c4247c660d,3,1,TEST
abaca5d9236541efbbaef0a95bc54880,3,1,TEST
abd21e94a4d44725867af02b7be4c90e,4,1,TEST
ac0fd7f62584462f95942647a0e25935,3,1,TEST
ac2b8b1530214c5bbee802f6d57b58c2,1,1,TEST
ac2de8a36a814d8d8c5b8f37aba8ae47,3,1,TEST
ac478cf2cbdc4c389ca97c4e682c076b,3,1,TEST
ac939e60107e485b979eaeb44b6d3520,3,1,TEST
ac96e59273a84900b4afdb61561a23c3,3,1,TEST
acd0ebd276244cd998551b22bfdcbb21,3,1,TEST
ad09fe3dfa9245dbb28599f1fc93f78a,3,1,TEST
ad1933a747404affb2aa3b4d705e5741,3,1,TEST
ad19b6fac62b48e5b5e43d11dca7025a,3,1,TEST
ad1fffc27dfb45bcb686686c8a0aac31,3,1,TEST
ad235cdcfe7c4c07a11a2e6fd08661a2,3,1,TEST
ad23da92e285491a90ae9bb147d6de80,3,1,TEST
ad28892a54124e1b88652ab2329a06a2,3,1,TEST
ad49b4ae19e04a19a2b3bc9ec5cd0ade,3,1,TEST
ad703c32f78c4ecbaf5e1c827fd910b9,3,1,TEST
ad810d76fe9a4856ad3e8063b8c099b5,4,1,TEST
ad8bff4611dc4c12acc4bbea466881cb,3,1,TEST
adc641ae9f6246a5aa3aea284c5698f7,3,1,TEST
add1a910f3834bc6a2f6de54cb047c08,3,1,TEST
adde90fe1007401b90e23e9468bac888,3,1,TEST
adeb415189334b9c98f39fcbb9f45eb5,3,1,TEST
adf80c12113542bcaa3bd5811969ea61,3,1,TEST
ae0b4f5d3d4044c08088c483b2555eb6,3,1,TEST
ae43659ccb7b48bb9c469cbbd62cad89,4,1,TEST
ae67822008bb4a2492e6263d27647224,3,1,TEST
ae74b3c77da24ee69106ff10791cd661,3,1,TEST
ae8c1dffdbac4b1d9e775447d9c6b5e9,3,1,TEST
ae9d4a1415de4e2389c3c97ff0384766,3,1,TEST
ae9da07272a14ef0a4b84d8561aacc1c,3,1,TEST
aeb50a85251f4302a6581f7ab8cab9b5,3,1,TEST
aecb30ce6e414e4491a1ad976255c228,3,1,TEST
aed78d110e3b4ff4949f380fd67acd92,3,1,TEST
aede9379255648119297a0934c97b42d,3,1,TEST
aee42f2ff45f4f4c9d03294ff7a499de,3,1,TEST
aef69e4736aa494c89c4d18c356aff72,3,1,TEST
af049cf17cb94befa18cae3e842f010a,3,1,TEST
af0bce91862d4e938e81775e10a80d85,3,1,TEST
af3a1446b13c4e108d142d4638c0797a,3,1,TEST
af503e3c8b844c5382de9a9679474d47,3,1,TEST
af8982ff7dff4ba185131423764e9cd2,3,1,TEST
afb1d897afa146b8b1720ca054aa5679,3,1,TEST
afc798ff74814c529c9e43a7ed264675,3,1,TEST
afcf3eb097c94b8bb8693299d8f78290,3,1,TEST
afdd3e56b48b426faba82cb2a24c121e,3,1,TEST
b002441df5d14883b5b407eaab85f0b5,3,1,TEST
b00b37ec7c49411c99a1000ecfef14ae,3,1,TEST
b031d791c97546aab0cdeab38bfb10b9,3,1,TEST
b03b14acd170431289c35b176664f128,3,1,TEST
b05dd43b6e564d65ba3fc99570494955,3,1,TEST
b06ece9663d44889bbc4e42a787e2b63,3,1,TEST
b0865a37a6244b28ae36e8f2570f2b28,3,1,TEST
b08fa303eee340fda2af6441845fcf8b,3,1,TEST
b091b497541641eca78ef5d8378c158a,3,1,TEST
b0992820e9cc4ae4bc6adb8f5476eb7b,3,1,TEST
b0b09907f49d4545a73c09af194a3c07,3,1,TEST
b0bcd805ef644b3295836dece8310469,4,1,TEST
b0e8af3b10fb4ed2bb912ac47cc8375f,3,1,TEST
b0f3f7403ebc43bfb194a8f1eb387512,3,1,TEST
b105777ed6b84c13a125ad13b320f5f3,3,1,TEST
b12e27b6081c412d9dc86730d50c87a3,3,1,TEST
b14340b04d754586901a19f1471c5f01,3,1,TEST
b189ed0941394a139ad9a14a292b4fa4,3,1,TEST
b18e600c9ba84378851dd053f47dffae,3,1,TEST
b19d40a2c60742de96cb90ea30376886,3,1,TEST
b19f19dbe0dd4491bfe4c56f1db578d3,3,1,TEST
b1b3c9ea15704187b3780cd290fd5f06,3,1,TEST
b1d394453ac84923bbe0be891eae051c,3,1,TEST
b21738bd4cce4896985891a4a5048ac6,3,1,TEST
b226eeaf18294f8e889bd9b74f7970be,4,1,TEST
b2351deb2b1f4105985ee6c8d8653dd0,3,1,TEST
b248146aab084aaa9d8de20b489e805b,3,1,TEST
b24f316addee41f89fca51ad466ed5b1,3,1,TEST
b25bfa043d96440ca5087ec59aabd042,3,1,TEST
b26704f378dd4229be1d8c642c508f72,3,1,TEST
b2a2e9a3b8fd4ff18da29fba2f0d68b3,3,1,TEST
b2a3b40727b844e99ff47a728ecc2f23,3,1,TEST
b2a8351d18264113b84d7ec1b92188ed,3,1,TEST
b2ce8592e034402c9cacd8f1513afd48,3,1,TEST
b2e512cda495480c8a1466266160a99f,4,1,TEST
b2e672c1746f48ee96598687e9099d9f,3,1,TEST
b30734d3fc5d493ca6ed43f16059536a,3,1,TEST
b30dcdf71cc94220a9486528a311d6a4,3,1,TEST
b33d6c00177340c4bb27c1046c07c961,3,1,TEST
b3535eda4f8f46989d3da3d3b63e9607,3,1,TEST
b3aafc12a55e4addac3a43c3cb071f64,3,1,TEST
b3e3b2860f4e4f75984c6e3f7afdd29a,3,1,TEST
b3f1986a7d6547d9bd886268c39187d5,3,1,TEST
b3f8d816850544e0842fc58c06ff5b58,3,1,TEST
b40cb4c962d44215b05a159dbbac2774,4,1,TEST
b4224d1ea6e64b7ead3dda7e6dceb4b8,4,1,TEST
b42cc6d83ece483987410c717df583b1,3,1,TEST
b44233f254ba4cf195a62c21ed2ffc94,3,1,TEST
b442ce1d948b4fd7a2f3686307668871,3,1,TEST
b45bb3ed71844dae95449c76576aca32,3,1,TEST
b49a3751b9424128b26fa0607c1c7195,3,1,TEST
b4b4046231364790902d32ef1f1c27bd,3,1,TEST
b4bc873f96634adb96a08e27ccb59163,3,1,TEST
b4d9761fb96c4cb2b2ecf79d01220e36,3,1,TEST
b4ddb4b037114878ba7b224263202fc6,3,1,TEST
b5065d8a724043a5bb07d9502feab098,4,1,TEST
b5070d8719e34ea8b2cef80585bdb1c6,3,1,TEST
b52ee13fd3c2483a84ca07b5a7608d86,3,1,TEST
b54a39a17e3745d7be9f064ee3973fb3,3,1,TEST
b55ecb1f9a334b6087412285936ca5de,3,1,TEST
b5725afd75e340ffa8142798d3fb0514,4,1,TEST
b587a311dc10430f9356fbd2fcd72986,3,1,TEST
b58c3db804984f0d9d7aa386ba9e890d,3,1,TEST
b592290617f04f2e8acedb8d21ce1616,3,1,TEST
b59fecef4c114c6a9d91812f72ee8a10,3,1,TEST
b5e532968f7e4c9abd839aaf6197608c,3,1,TEST
b5ff09356d124dd5836ea93ba2fe86cf,3,1,TEST
b606a82d201945e399c6c806b2c0f880,3,1,TEST
b60dc1a0a27f47bcaea727e7f586cbd8,3,1,TEST
b620c1a1a6894ad183d6ed62c18c9a56,3,1,TEST
b6212a318a014717bb93409685ee3660,3,1,TEST
b621e09e12144c31a2846515ef43b91a,4,1,TEST
b62530427a9c4b3ba2f5bd22f607d125,3,1,TEST
b650ffe1a562409eb7f955973f261316,3,1,TEST
b678e1800ecf4cda9382cb97377ee61b,3,1,TEST
b6a3c4d9de7a430c8c9a60787a143c2b,3,1,TEST
b6c4a6f842654eb3ba1ed03e1d81b67a,3,1,TEST
b6dacdd492c4474c82cd09e15b797dae,3,1,TEST
b6e359f580084d5ba285fd29d8ac3acf,3,1,TEST
b6e679fcb0d44504b6fe6c4143bb424d,3,1,TEST
b6e6ef8a2fcf46c5bf41c8a538123e55,3,1,TEST
b6f28fda75054974b47509512c882a1b,3,1,TEST
b6f963a304034f7aabfdfaffcae0ff87,3,1,TEST
b70120b2d9bc4e779cfd941bfe1dc173,3,1,TEST
b7228fa635c5400bb201e35de3e2ca2c,3,1,TEST
b72a2ef931a342109e81ba959114bef9,3,1,TEST
b7654ae02535447293558e5792bd92d1,3,1,TEST
b76d4358973643b383a9ed741dc75eef,4,1,TEST
b786f1815daf438cb481c3e80c899a26,3,1,TEST
b79bac7aab2844659f74bed0f24012d2,3,1,TEST
b79ca27c1db0437da4537e9f3552abbb,3,1,TEST
b79f1c09464c4685ba85140c12146318,3,1,TEST
b7b1225ac32148a7893865fd61981abd,3,1,TEST
b7c2dcdc8f2642ed8c97a71e9185caa6,3,1,TEST
b7ca229dd089430f9f1110cb25ce704b,3,1,TEST
b7cb30ce31f34ac586d682469756c1f4,4,1,TEST
b7d019b0db9142b5a063edefd84be5dd,3,1,TEST
b7dfa7cf9b3841bfbbc5263a4f5a2ea0,3,1,TEST
b8268267869d496596f8ab7771ebba3a,3,1,TEST
b8393a5563094d3188d63ab975ee656a,3,1,TEST
b8481fb088ab4ae5aae6a322cd1939d8,3,1,TEST
b84920c0acb540988b2be284cee5522d,3,1,TEST
b853201a88b04bbf855360ee3ff4f1be,3,1,TEST
b86d13359da64280b2ad5a39fd13bb19,3,1,TEST
b8921d68796740eea6dcd1dfd8220c67,3,1,TEST
b8a796c5ec08441c8348cedd9b5cd06b,3,1,TEST
b8ae6e74568045989b5bc98dd23e873d,3,1,TEST
b8b60d5685e8439eaf96648b38263210,3,1,TEST
b8c10ce9679f460f84b1547bd0210329,4,1,TEST
b8d8b5fd38f2436dbce33e9dfc2a10cc,3,1,TEST
b8e1ae6030c844cda769f28f770856f3,3,1,TEST
b8f0f33c3b834e45b19fc6ea07497388,3,1,TEST
b94237cb79cb4ecdbe5430e882b226aa,3,1,TEST
b97539e64d7f4206969705224ff7750e,3,1,TEST
b9a963c72444462687111092837f8844,4,1,TEST
b9adf8ddfdc9467194af13fea9352444,3,1,TEST
b9aeb7c3c7af4c1198d9bbc8b2580137,3,1,TEST
b9af1dc66f1242e59aac685436078def,1,1,TEST
b9b3eca25f54404caf55c1181555628d,3,1,TEST
b9b4251132af476789e7f4cbe326a623,3,1,TEST
ba0e374b9ed64a2195cc8ca55ca15efa,3,1,TEST
ba2e0dca7e034d1a8d7b8ac24a5d35ef,3,1,TEST
ba36edbd7f994bd3b67c2c0a94672d42,3,1,TEST
ba475139cf6c4b2d810de7d2483ed656,3,1,TEST
ba637ad3998243d8ae1c511e83255085,3,1,TEST
ba832bdbf8d74436a0f34a4cc3e40ceb,3,1,TEST
ba86adbfc5874d08af6c1e997f8d0426,3,1,TEST
ba9299474940400491fb03af7afdb268,3,1,TEST
bab0703dbd2c4997bd0e8b69a1450d3b,3,1,TEST
bad08411ca4f4c4498544e7c061b2719,3,1,TEST
bad31951dc394d02b8a1b830d3dcf3ab,3,1,TEST
bae66e3fa15440b4a589f895c46e6e2a,3,1,TEST
bae89a7543b14dcc97ff1f860893a6fa,6,0,TEST
baf661a519b94e3b8adcd0f7df56f4a8,3,1,TEST
bb0b5a77d49c4f51b7a4a62e6e84b305,3,1,TEST
bb32e0ee3d7045049bb1f72abc0b2324,3,1,TEST
bb377fb5166447f59ebc50ef98a746ba,3,1,TEST
bb49a6ba763344c0849c6effc331f79a,3,1,TEST
bba156eaa3704c5587d29a548f7ff572,4,1,TEST
bbb73fdf59924077afdea1d07f40839c,3,1,TEST
bbdf959dfc7a4c46baa68d73d2a27b6e,3,1,TEST
bbe5bb20090f4805b436b8b3736b1d1c,3,1,TEST
bc141506ff52424ab7735cb063f7d5e2,3,1,TEST
bc1dc8bbaf30474d92864269d239ac10,6,0,TEST
bc29fd59d9264d1290b0c955b13ae26e,3,1,TEST
bc6baa85018f479eac50d5965f11f6ab,3,1,TEST
bc72715751f841e6bc50fc494e3b34b4,3,1,TEST
bc7ab98da3f34e889185810acb71d104,3,1,TEST
bc836bea9dbb487e930cf4783c51f4d4,3,1,TEST
bc84a63317f842ed86d55c50ef7d80f3,3,1,TEST
bca2b57510c9462988c85157675b216e,3,1,TEST
bcccf538660541adb7fa109d925d5375,3,1,TEST
bcfa0bbef3944d819aae4b09c1c6cc14,3,1,TEST
bcfd6522f4e04ac2aca5da2ca504ea6b,3,1,TEST
bd1f0275489049579d108271fd944156,3,1,TEST
bd2556d20865454e91498f566362a1dd,3,1,TEST
bd34e23cf8c84afca41f5f711cbff8e6,3,1,TEST
bd66ec7a72b74d499726d947c33ddd5d,3,1,TEST
bd69bf86cde640cb9f65e8bcb9508394,3,1,TEST
bd7a375a223949a2a42fb746c3c372be,3,1,TEST
bd9a239fc6694c8cb2d8a24238039541,3,1,TEST
bdc04b42c49c4ceab2543b56b2a441af,4,1,TEST
bde13559631e4f1598b6ccad3fbd4fea,3,1,TEST
bde1befdf85b40da9dd8dc7bd0c3fe86,3,1,TEST
be5d438f2ff142b8b57260ca41dd32b6,3,1,TEST
be8280edd91a4509b089504c0ed2b595,3,1,TEST
be90206d54144087a0472127117b094a,3,1,TEST
be99264d269341bcad942a656a0e77d5,3,1,TEST
bebb8b1879e74768b88574977b2a44db,3,1,TEST
beda528c07d44c98be1ab356501a9e11,3,1,TEST
beeb8714a2894daba826921961a6dcd8,3,1,TEST
bf05e18b66914680a1add0318c5e5f71,3,1,TEST
bf0b91e6565142c28fbe4190762775f6,3,1,TEST
bf0bc25f70c54312acf44153a0990ad2,3,1,TEST
bf0dc897340f4d34839ba9fa99d74a99,3,1,TEST
bf2443e6599a4943bf87132fcd364c71,3,1,TEST
bf47a80717634110a618ab3a05021f76,3,1,TEST
bf6577253b11410ca71d0363cb6e4078,3,1,TEST
bf698c8f371245489c9c8626b16433eb,3,1,TEST
bf7445c92d134288b0593088c4ecc7dc,3,1,TEST
bf94b288172d48b0aa84bcc085bcc136,3,1,TEST
bfa21d97e31647d799c081d4ff18eea0,3,1,TEST
bfa6f421653f4ee19a89d6c2acf0d0fb,3,1,TEST
bfb04eab848844ceb0a115a4468d30a1,3,1,TEST
bfe42a82beb946ed8462b2b28b81957b,4,1,TEST
bfe6e4dfead84d4e9762d6b89c603b56,3,1,TEST
bfeef301ae69499f84ecf6971fb455b3,3,1,TEST
c00b6885271049f2916abd43df5593f1,3,1,TEST
c037f87ad3f9458b839891f5a411d419,3,1,TEST
c03c4ab0dfbe4e85aadd565496d7b887,3,1,TEST
c054c5335db54209a2a53ae003eb27ec,3,1,TEST
c070b68865bc42279703ca13858eb1f4,4,1,TEST
c0a9bb91b8fb4d55aae7877c775f8b95,3,1,TEST
c0c5a7e68b0146c4a90c096e6a96f3b0,3,1,TEST
c0da3bdb2eb04abb934d194af465a436,4,1,TEST
c0dcba6237e442c0b0ae593b7c0373de,3,1,TEST
c0ea5016aa594527b1ead5d018639c19,3,1,TEST
c0f80243b76048a3b2ff8018f3832acc,3,1,TEST
c11da582f5cd4dd081fe6a6fe3a3c6fb,3,1,TEST
c146b95741084671b4168d0a924fdea4,3,1,TEST
c198a58f77bc48a597132dc772c9d371,3,1,TEST
c1b506776a5d4b7ea866b747b4e14a91,3,1,TEST
c1b984795bef45f8a3619e68a338fec1,3,1,TEST
c1ba22f628eb42df99aac57b50c9a29f,3,1,TEST
c1bb2a6bfc6f48ea80756c5567ff8440,3,1,TEST
c1bcbc0a35fc411b8de645d74a32d9fd,3,1,TEST
c1c82129dfbf4699b73386fe1b8ccd7a,4,1,TEST
c1dbdd2a0f82480fb4cba2346c39d0d0,3,1,TEST
c1e238eab09449ed9fb5f4f83c8895ab,3,1,TEST
c21171f44380403e966b4bb44df3b097,3,1,TEST
c21182aa46b04b5cb88f3bdea5cb247a,3,1,TEST
c239ccce6029427e9be7effba2b6f602,3,1,TEST
c267962e7f874fbb8bbabe03153b711c,3,1,TEST
c26ec3c1f115444f9485bd13865f3c88,3,1,TEST
c27b6c1e6c9c4a5b8954010accd6e62a,3,1,TEST
c28c1ca865584ec0ad96b05a3e7336d0,3,1,TEST
c298966a88024867964d6df232f3aeea,4,1,TEST
c2adb4e5d3274768884feb352b9399e5,3,1,TEST
c2bcca4e0916407c83d1ce0ee091c9ce,3,1,TEST
c2dd5893d6fd425ca64c3da92f20453d,3,1,TEST
c30135b402a84b6ea450678fd8d6059c,4,1,TEST
c33864c5b39e48ebbc9d961685e5b58d,3,1,TEST
c3556e78d38b472a96293e40fe82e457,3,1,TEST
c399508a7c8746799cc420f91cdf7e7b,3,1,TEST
c3ad636657c341e0bf1dc79329a2f37f,6,0,TEST
c3c3280055d247029d8338100c629602,1,1,TEST
c3d7e9fca8674b58b3b213d3d1dd5840,3,1,TEST
c3dc3c4fcc984c1cbccfe34b562a28b8,3,1,TEST
c3e76bd3c56347c7a9123e506fffc2d5,6,0,TEST
c3f895c9e9094cf7bf4a8f828609e562,3,1,TEST
c4010dd8b279468eaf5c057a295d39d4,3,1,TEST
c4082af0a9e444c482115202e496cc9e,3,1,TEST
c418924732d34329a1e60d674a920ece,4,1,TEST
c4202789515c4ecd8e38edab6e476204,3,1,TEST
c44609cea7974ed3ad39a72b1eaeca9c,3,1,TEST
c44e78abef654480beddbb64beb2b684,3,1,TEST
c4642b2ef7a44ff3b21ba6f9a95102d0,3,1,TEST
c469ac47e2a0475c98f31306a45b5846,3,1,TEST
c47a226eaa844535b0fefcc53f8b8f9c,3,1,TEST
c4a35e327a1e46ce898f0754c5adf2ec,3,1,TEST
c4b7213510734b7e9fb51c5eb4a58e61,3,1,TEST
c4d3868a9b784cf7acc4407e3ec652c4,1,1,TEST
c4d6a751ea7b4800854aaf531be02613,3,1,TEST
c4d6e503ca024f739c5265341fd232d7,3,1,TEST
c4d76ca3b8a54da482122c0046348687,3,1,TEST
c4e3cebe29054c09a8029d01f85ff512,3,1,TEST
c4ebe6c8ada241259d576908810cbaea,3,1,TEST
c50604d3e62d4838872b8227838f3ade,3,1,TEST
c515886597d24af3a95eec9d51e0a59e,3,1,TEST
c5346fef3c134c18a9cda1647c5f30b9,3,1,TEST
c56323c7e6d6468fbc567e09250c0d33,3,1,TEST
c568c5f41eb8425bb0dbc9f5069801d7,3,1,TEST
c5741138d7cf47bbbdd300c1655dd3dc,3,1,TEST
c57855a87e2247598a122313df6780e4,3,1,TEST
c5977ba2aa8746eda9e9cbcb4a943143,3,1,TEST
c5d5ea8a289048acaf57fb79cf10b0b4,3,1,TEST
c5ef7d4b33564426a88f4f7c56c39d50,3,1,TEST
c5f37a9ccd2d4427bb85042a55cf7306,4,1,TEST
c600aafddb034512bb63dccc288896a6,3,1,TEST
c60a21dfe4354d3f8fd195cb24e09e2c,3,1,TEST
c617e59392a74fb78b8ec5bb0b550565,3,1,TEST
c61903bfad0848e399f5435637b3e991,3,1,TEST
c61efd2129c14095b3cf2470f51112d3,3,1,TEST
c653eb446de44abebf5e4b78d17cd715,3,1,TEST
c6562d5bd676496293aef7a0ded4400b,3,1,TEST
c65efcf1a92041b7a56bdd95d9a1e01e,3,1,TEST
c661471708374c749e739cf4b90afd1b,3,1,TEST
c66f372bb14d4755a2c0476f00c1f153,3,1,TEST
c6a10d1999754f8fa60bf96cef29a419,3,1,TEST
c6ed5d1b5bfa4c4a97138c39eccc5b21,3,1,TEST
c6ee67aecc7c45bd91b6b7752b6f3f6c,3,1,TEST
c71ca0c0361b4b67b22ca934507deab0,3,1,TEST
c71df4699ec44e83bb9c0f1024b66ac5,3,1,TEST
c71eca9eaf204545a7f57d17e5009e9d,3,1,TEST
c73b81d53fe64b41925404f32b128a38,3,1,TEST
c7703581a3634beb996236ce5e8f95a5,3,1,TEST
c771edf8e7444f00b002dc96a13a3e28,3,1,TEST
c785cfd6cace47a4a13f122602d2bd92,3,1,TEST
c78ef974818140eebe1287c4e8cb9149,3,1,TEST
c791643fb53d4c3c9d87d088a7db7fbc,3,1,TEST
c7b2b98270cb4173b4e1950cb408338e,3,1,TEST
c7c53b63c2944825bd06027ed0fb3a5a,4,1,TEST
c7dca8eda6a24bcb8e58d2acaae49e66,4,1,TEST
c7e5739dba7147349fa926a9101a3545,3,1,TEST
c7e7feca1f4948a486930459ecd99155,3,1,TEST
c7f1ba547fa04fb4abadfea5414909f6,3,1,TEST
c82108cb510f4ba594dbcfd299913ec0,3,1,TEST
c83876cfb294452eaeacbd124f7483b4,3,1,TEST
c852745fb58548c58f8d4535ca3891ac,3,1,TEST
c85898e1e67e4c439879f7e1b446dd6b,3,1,TEST
c869a7c10298481baf412b4aad4a11f1,3,1,TEST
c872b0d0955544c8b1e928fbc1a66434,6,0,TEST
c8885933264542d0a5bed972c1576a0b,3,1,TEST
c88fe700da9b401a9b8aa58c73884a0e,3,1,TEST
c89c00f5ce3d40748f084eab843239c0,3,1,TEST
c8a5bb2ace7b45f89dd6a44d95e693dd,3,1,TEST
c8adf260c1264da09fc3c6fb85a43800,3,1,TEST
c8b405b8b87347d68f60fd37ac6a09c7,6,0,TEST
c8d89d9303dc4c8593bd8743023b065e,4,1,TEST
c8e86ed1dba1485b8381306dcb2e71a7,3,1,TEST
c901eb0d115e4ee6bd11fc5cfc75e88b,3,1,TEST
c90fff4c98a04963b2c77b64fb4cc9b9,3,1,TEST
c920f4450d29449ea35f01d2709711c7,3,1,TEST
c93865c332ca48f7b4ecfc3a905f1cdd,3,1,TEST
c93e7b7841bd4acdbe7b488e99a2f299,3,1,TEST
c94147c1bcaf41e088e943b4edac2ed1,3,1,TEST
c949656a4d3f4d5cb342f48dbc21970d,3,1,TEST
c96b4933f8f34577b41477f335cee57f,3,1,TEST
c9936c5b75174fb58fa3323f7d09532b,3,1,TEST
c9994d2819f247bdab3b304828539f8c,3,1,TEST
c99caa1d838b4ad5b47347253aa85be3,3,1,TEST
c9c2afe234a84f419808c2faf7a9c250,3,1,TEST
c9c4b29badcb42869c5896ea96871e4c,3,1,TEST
ca0c3f80e5e1480c9865aab8cb7916be,3,1,TEST
ca22251479174f4f8908246392c8b712,3,1,TEST
ca4dfbc65eff4912a98bcc754c6523cc,1,1,TEST
ca4e196af5f3466baaeda899608a202f,3,1,TEST
ca6e711e227a4613b00aaf88609288a4,3,1,TEST
ca7267f5f3c64991bb0f929bcc35ef7c,3,1,TEST
ca7350cb13fe45cf93f273d606789f4a,3,1,TEST
ca822af0946c4badae3669d05b242e01,3,1,TEST
cab6998b601c43e0868c2f448731b3ca,3,1,TEST
cac5ec15a5f14580928f7ef01e0b6fb3,3,1,TEST
cae16813dbc54725a9ac14dfb7c8bde8,3,1,TEST
cb0f956d238f486a8891a3c7cab2c108,4,1,TEST
cb1c5cb6b017496cb81c3a379d8c07f7,3,1,TEST
cb1e3f83ae814d7d8242fef6a29e941a,3,1,TEST
cb216e6be83a43e99f7eef3f9eb0e469,3,1,TEST
cb2456f7cc044d238f723fa1a1c67e0c,4,1,TEST
cb245b80a7034c9a9c877fe3ff5a2349,3,1,TEST
cb38d0cbcfb34ef58372769821806196,3,1,TEST
cb6f8d5b02b44bd1b6617a6303ce938e,3,1,TEST
cb78792551b74cb08694f3a6d87d7c05,3,1,TEST
cb9c2369a1714461bfddbbe02351141d,3,1,TEST
cb9cbfc9ef86467bbe4bb4509cb434b0,3,1,TEST
cba708e6b201403a9f4c16460282d9f7,3,1,TEST
cbb165fee7d84246a9d303e2f87cfe93,3,1,TEST
cbb1b840f0614249b15f9e48a6a88477,3,1,TEST
cbb659f8a325465e9ffa447ff0292eca,3,1,TEST
cbb69528033d4db5adca081014b8bc1b,3,1,TEST
cbc76406937b465c863ed0c86988a7e7,3,1,TEST
cbde5edb78fe4d7b91aa89301f79b5e7,3,1,TEST
cbe3cc14298d40e58a66987e9c277a7e,3,1,TEST
cbfd789e23254be4af3ed34171b831cb,3,1,TEST
cc043a46d59e4fd1ac11e351eaf02812,3,1,TEST
cc1a92892c364794bd8abaad61dedb69,3,1,TEST
cc2b4813dfab44d8865bd016cd15f354,3,1,TEST
cc3b38cd63814b8f8f99061af6c0a210,3,1,TEST
cc5e1fa2341547d1ac146614a358af03,3,1,TEST
cc6bee8c235c40d7ad7028759d913bef,3,1,TEST
cc6d6f6bb7274eb68b8ac938e41cdfd0,3,1,TEST
cc819366743a4f23a1b87c3af2267168,3,1,TEST
cca61c6206ca4166be9b5092b6846c4e,3,1,TEST
cca9fdae990543e1a78ad19194b98558,3,1,TEST
ccaffaf3e6ce40db8cb8c0f18dbbe7a6,3,1,TEST
ccb4e178aed641628058ade7dc036b7a,3,1,TEST
ccc016ac9a7f4be8a67f1154947769ab,3,1,TEST
ccd84859fb7940458bb70f45331cf2ee,3,1,TEST
cd030e62dafa43b5b184685aa3cbe750,4,1,TEST
cd0cc599c8d1427c916dca5f3b41ade1,3,1,TEST
cd2d8f85f4f34437a86270b7ad554a9d,3,1,TEST
cd3981aace0942048e1470eedc335fe0,3,1,TEST
cd4aac50a3a44a3bb34f2dd4311774c0,3,1,TEST
cd4e341115424752ba7db91a60809092,3,1,TEST
cd509bf5dd444f7eb585040b04dae007,3,1,TEST
cd63951c700745fa834e3337b41bdf61,3,1,TEST
cd6ee03a8744496e8f31e12b7ec99ce6,3,1,TEST
cd8ad31f2fa44fb29bbc6375afb16601,3,1,TEST
cda79f4ba1304bc4aec293fad0937233,3,1,TEST
cdae785aec484a25a06a98f42a1e1941,3,1,TEST
cdfd0fb2f8af4cfc8f6a4f91f957ec25,3,1,TEST
ce0bac045e194379a1847228592ebb39,3,1,TEST
ce21652cb8c74bcda0cdf56b2647314d,3,1,TEST
ce2a565a85d94b6b9adfc0fcbebddb5c,3,1,TEST
ce33517b451341178a36a88f3b34da0d,3,1,TEST
ce34beab59114b87b6b490cf661a1713,3,1,TEST
ce466fdc2081464998f6e8e8c60cdbef,3,1,TEST
ce981191a4c24efdb0560c01b6d488cb,4,1,TEST
cea671f436bc4de6815dcaca539c28cf,3,1,TEST
ced6491927764089ace50e323a930ee2,3,1,TEST
ced6d15f71d9479d8a0bc7a55058c67a,3,1,TEST
cef9abb585754b4d8e4113970079243f,3,1,TEST
cef9efe4b1bd4fba91038ad769c70171,3,1,TEST
cefe2317bdf940e3b15b715d913dd684,3,1,TEST
cf1d46eb6c2c4728be21068ce8d5e9ef,3,1,TEST
cf38663fc36545c5809669b9f8d68855,3,1,TEST
cf70f6854d364e10ba9dfd9d8e326c33,3,1,TEST
cf75b2be75394568bb67cec0118fc04a,3,1,TEST
cf8aac618f35417f9bb19bf1eeb30fb4,3,1,TEST
cf9570387b3541759ab539e66108c37c,3,1,TEST
cfa02e5e854c4994bf47e797c9b5c0b7,3,1,TEST
cfb053f9fb5f4e29a0510041417a219c,4,1,TEST
cfb6c99ef6554d7bbbc1d43cdb4002b5,3,1,TEST
cfc878e0d81c4f3c8a84b0ea03b12ec0,3,1,TEST
cfcafdd8b15149cd9befea414b9f709f,3,1,TEST
cfff5a05a772459c879a5b2465dd4d4e,3,1,TEST
d03ddec1d0da41d9bd66993d00125811,3,1,TEST
d043de8528f247ca836771fe08f503c8,4,1,TEST
d04ae81629644ed4b4ff95923113e19e,3,1,TEST
d063ecdd4bd34a80a309a62b48a23cd1,3,1,TEST
d0875de30b2c4acbbb7551d22158b192,3,1,TEST
d0a7c080e46443fa8acc242c0e613d4c,3,1,TEST
d0e0ce59c77a45c58ed337ca8a98ef71,3,1,TEST
d0e329aec082449aacd3aa0e3433bd62,3,1,TEST
d0e3bed18b55406e8925b5451d5eb764,3,1,TEST
d0ff490d75d8442bbbe90854c6a35ed3,3,1,TEST
d1147ea97bb0410487f432a49def8265,1,1,TEST
d114ebff28064b549c23b592646aa9f2,3,1,TEST
d139d35fc24e4a47a37df14203daf357,3,1,TEST
d14b91e1bca94551941d61beca2515d4,3,1,TEST
d14f616ae84f4cf99766018ccd959d85,3,1,TEST
d1721c95aacd42d28f71b4864707635a,3,1,TEST
d17e1805d5fc4c08948f7f94a1c9cfbb,3,1,TEST
d186176a979445e18dfb80c762e903ae,3,1,TEST
d18e1ec2441545a18d1ceaed4e21daec,3,1,TEST
d1af9a70fd37452bb465d21d34cef401,3,1,TEST
d1b90134022f452cb3138aea440fb20f,3,1,TEST
d1c1f45a40da4ad29a92d0ae8888333a,3,1,TEST
d1ee580705824a9d9f6c966108e62fda,3,1,TEST
d225f60ebf90499d8437756eabe4b2bf,3,1,TEST
d24d3b6337eb41309b1850f1cd5d95f0,3,1,TEST
d25cb1129ac9452fa3d1908f912f496d,3,1,TEST
d2634e09a16b4d768b662607a69ca627,3,1,TEST
d287a488e64f45e095e6d3f2a1a39463,3,1,TEST
d28e95d21b4e4a499dde0cb0fbb9167c,3,1,TEST
d2a74c4450254971ba960ecee27f2fec,3,1,TEST
d2a99ff017fc40ffad3bbb26f6df7b78,3,1,TEST
d2af6618a1764e2791b1f27ee3d53a7c,3,1,TEST
d2bb798e5f99481f8fd4741b529b10d5,3,1,TEST
d2c6e0aae9c24020bf66fdca5600c3bd,3,1,TEST
d2de07f50cf8475d8f4e7553eae1d402,3,1,TEST
d2e24654d72d4660a385bed623aa96c8,3,1,TEST
d2fab8e63bef4752a664b7c1570dc651,3,1,TEST
d301c74b596c43ca8a01f5147d8bb643,3,1,TEST
d339323f764f4da99e8209cef2a85f4b,3,1,TEST
d3418035f3da4ae2be271ee38e8a7592,3,1,TEST
d3544e4e23034fa5be4f3c1521c19132,3,1,TEST
d3d7c468ae684a268bae434fd2e5b3fc,3,1,TEST
d3d9c425c80d4b5f9f642d72f8e9cda4,3,1,TEST
d3f963b1ddd742fdb638de4d53db3e9a,3,1,TEST
d431bd279f7c4e10b205e2cc8ce8f117,3,1,TEST
d459a7f1ef30407f86ec64fa96e34ac2,3,1,TEST
d4654b75da454e018320835834684cf6,3,1,TEST
d475f12cc4644ed48ff7fce2cd90f539,3,1,TEST
d485205c7b3d4b6988872c598c0ed361,3,1,TEST
d486804badf74150b420e582d7a866f2,3,1,TEST
d48a3ad15edd4ba6bc3c3d81c2e9568e,3,1,TEST
d4a401e3ac8d420ea4fbb3263a6e7293,3,1,TEST
d4d3013ce7ad47a98b8d4e328b128958,3,1,TEST
d4df8cb89a974e628c7d94cfcadb72b5,3,1,TEST
d4e6bebc8dc54eb8bebbd0b43afb611d,3,1,TEST
d50be3a1c05d45ae96b8316057d22360,3,1,TEST
d510881b8e1345fba58f9809bd25a007,3,1,TEST
d53ff9f71a5048f5ad8f82425ddc80f1,3,1,TEST
d558aa664ff3410db9dcaf2b0d98d129,3,1,TEST
d587fad7734a41e28fb20f2158b9bb19,3,1,TEST
d59f2a3ab90e4b429ae4a94b295662fd,6,0,TEST
d5ac728058754ab6a33d0eb1da287e16,3,1,TEST
d5c74238a2284c0782d445b6a52ba762,3,1,TEST
d5cd2a606f444d7c9454a36e04bdc370,3,1,TEST
d648531b26b14b698f981eba434e2275,3,1,TEST
d6485d4357264e40826870f751a3bc18,3,1,TEST
d6553fcaca0e4ddfb55d41dd688f4f49,3,1,TEST
d656df4a5840468ba3715ef988e7acb2,3,1,TEST
d680c9b1c22e44e5a6f528d0dd77d5af,3,1,TEST
d6906020b449456eb7e5c07b2866c4c8,3,1,TEST
d6921a4533bb4bd382d6b89ba7946f37,3,1,TEST
d6cc019c6acd46fb8c99da29eee10c81,3,1,TEST
d6d99e9f30ac4c20bf76c8e45ff04dbd,4,1,TEST
d6e6631fc998444fa2e9129c91d3978e,3,1,TEST
d6f4c1504990485899362160c85f5ef1,3,1,TEST
d72e9ce8f05a40b894ea89f693df9d9c,3,1,TEST
d7648d41475e46768dd5174e3f7d0d67,3,1,TEST
d77f8476a3a5494bbfbb499c565e59df,3,1,TEST
d7873478ed584082897a3a7b351bf730,3,1,TEST
d79f606e9a4f4d5bb18360b9077ee8ee,3,1,TEST
d7aa2837d3064a75b9e18b34c9034e46,3,1,TEST
d7b2afec60c34956a862828057322a3c,3,1,TEST
d7b3ce37868a48e3ac80f793e69f66e0,3,1,TEST
d7c34007dc7848ceb649ca94bf3f7669,3,1,TEST
d7d6b397c6384c71b66bd82f9f10d271,3,1,TEST
d7f0ba2cd8684ac4b9da122657d7beef,3,1,TEST
d82096130cb54c598d15ba1c368755cf,3,1,TEST
d82b982e41884e4a83e4c9bf57c54310,3,1,TEST
d84a495ce10d40e8aa600b1cc3920bbe,3,1,TEST
d8511f8a2fe64842bb7408e29ef9504f,3,1,TEST
d8572657c12f4e5198b670a1a5ccb1fe,3,1,TEST
d864237c904c406f9f7cc9b66b5fd7f7,3,1,TEST
d867654af06f468581246c07861ec0b1,3,1,TEST
d87e66362c8a4483be6a506745bcd8e4,3,1,TEST
d89f603440304f93b5676fa472594be5,3,1,TEST
d8ae450800b44a1a9f0036b52db058e2,3,1,TEST
d8bbf1f870e84759a6449f7ad45de321,3,1,TEST
d8be88566f154a17a3d23901f53705cb,3,1,TEST
d8bf554db9b14430a56f19667fa76e32,3,1,TEST
d8cb4232dca0449ea27700da369f0944,3,1,TEST
d8dcb76a641646688058df334560ace6,3,1,TEST
d8e4c59e56e44ed68b786fcc016049c7,3,1,TEST
d8e79bce1e594027872140ef94ca1e1e,3,1,TEST
d8e8a57d81234a6cb1e65f1153c3cea3,3,1,TEST
d8f62b95003846608527b8132ae468dc,3,1,TEST
d9242a0f39204522b2d082532b335ce0,3,1,TEST
d929f5ed0f1b4016bec6d0de232615d1,6,0,TEST
d94b08d328c14d4c91dea134d8523d41,3,1,TEST
d9524ee341c6439991922b497984b9f7,3,1,TEST
d97a05b523324268a0af4a5fee80c59a,3,1,TEST
d9a4c554076241188301b66c399f7481,3,1,TEST
d9d272a339ff40c7a7b71bae1e95307d,3,1,TEST
d9dfd9ba1c074eed81b24e9c3719a07a,3,1,TEST
d9e1027df53d47d3a9cb2e44ad7453a8,3,1,TEST
d9f087eef509470bb966a83938ab9300,3,1,TEST
d9f4b209997244b3aa9695c197ed0dd8,3,1,TEST
d9f518b1c8c74aaa99968d5067a365ac,3,1,TEST
da0c55e7e7cf4cb68125e6ec839fe995,3,1,TEST
da1361ca577749529e55d3d0244e0f1b,3,1,TEST
da2ae0aa90d848219c48de346f9af25a,3,1,TEST
da3e29bb2f394ebd9705c11bdae456c6,3,1,TEST
da4b12cd68a04f359df02af4647b80f8,3,1,TEST
da4bd7f6e0704459886a64117d92bd05,3,1,TEST
da56d2b1122d4150ba0545f29ed422d5,3,1,TEST
da77f45e161d42ff9ff4c262b1b791b4,3,1,TEST
da81abedcddf4640bb31ed2a8097e51f,3,1,TEST
da8fe9529cb347ba88ff782bbdfe6d2a,3,1,TEST
da93bc5d02c74819bae0a4bb3f2a9c0f,3,1,TEST
da993a7b974c45cdb5cd64c640987e10,3,1,TEST
da9e0fcdb8664837979cacfd411414a7,3,1,TEST
da9ed71711094053b3d4e06c0c4dd4bf,3,1,TEST
daab9d51befc4885ad18790b64fb8575,3,1,TEST
dab1ca291746445084b63ea98ff70b35,3,1,TEST
dab1fa48321c4b26b3448d4bdaabd879,3,1,TEST
dab79a5484ea4444a2e1d8580f8b9546,3,1,TEST
dab9e6b7143b4c64858e17a480d499e2,3,1,TEST
dad2e8a2168948d8acf2eccda24bd892,3,1,TEST
dad671e9f15d410c8068e5d841ae3941,3,1,TEST
db074cb030704b709fd9dbb1e2c3e373,3,1,TEST
db0b243be80c4b5289806191ae45955b,3,1,TEST
db185fcee35847ea95c8403ca20589d9,3,1,TEST
db409e4f4da745d7b7d59f78b26fe208,3,1,TEST
db4888e692154b6589a67b4f7c9ac75d,3,1,TEST
db65252fc4d3458faedb157e9f9ec09c,3,1,TEST
db7a97edaeb1480f922e96a6d7aa233d,3,1,TEST
db9050a0981046d0a07f6724f0cf7f6d,3,1,TEST
db952a0b8fb349bba04573f32e743fac,3,1,TEST
dbd4d5db28f2450bbb319b0e7f48854a,3,1,TEST
dbd57803221a483f99833b15e5ffcd1e,3,1,TEST
dbf0de7a50cb4d2daf9de3b0dfe53690,3,1,TEST
dc0229919aaa4d3fb871283e23b1b568,3,1,TEST
dc04647adcb64f359e13c8edcdaec113,3,1,TEST
dc05052524e24a8ba5a6d656c0eb92ad,4,1,TEST
dc13990695cc4ba983927ae576246bef,3,1,TEST
dc3d961932e44b25a16a59496c7c9e30,3,1,TEST
dc428a053a1c4c75ba0cc9c7494c8264,3,1,TEST
dc4d60a7da8c42e2a43936bb2fc1d90b,3,1,TEST
dc4dc5e2c83348729545ace533316a57,3,1,TEST
dc5d5fd1b3d44f6ea5566f85c115d5d2,6,0,TEST
dc7244bab2f94af9a53c0edcc5ae7be2,3,1,TEST
dc778b378cc94f329287804ecb19476b,1,1,TEST
dc8eb75a200543d298f3b4413db357a6,3,1,TEST
dc912352f15f4fc5a2d19b1275eda76a,3,1,TEST
dc99446ee70a497a85a290ade8fca734,3,1,TEST
dca5f4bba5214708af19e339083f13b0,3,1,TEST
dce4f0e6a03e452fb5c295460ef30bba,3,1,TEST
dce9e0917d054a2d8c1125e130283469,3,1,TEST
dcf6af4fa5c0498d91b95b64947f3dea,3,1,TEST
dcfd2abedf3a4ec993715b371a7aec04,3,1,TEST
dd0aeec4af724a4ea3724ec6c250ad7e,3,1,TEST
dd0e380cd59e420a955f8163da3bb22e,3,1,TEST
dd0ee108612e40aea6d30ff2de89f9d2,3,1,TEST
dd245569a8674922946e94fd6cff8f00,3,1,TEST
dd6a26d5fa144dbf977b790fff6a0faf,6,0,TEST
dd8d6ee0a1e740ea9bf341a65861d09b,3,1,TEST
dd8f6622c59543bd8902036690bd1811,3,1,TEST
ddc92f4716994d06a2a5fe1f6f2da525,3,1,TEST
ddd15b6f7c4f492e8afa356adb45b2e6,3,1,TEST
ddd80f80c8e34336bef614cb5a620402,3,1,TEST
dde3dc7a582f4ed1b5b5fad10d0ab191,3,1,TEST
dde6928a71b4429d8dda8a5629326b75,3,1,TEST
ddf18e59aae346cc8f8eb60a88a79c4f,3,1,TEST
ddf1bf5a8cb44a429499318b946346da,3,1,TEST
de2140e46e0b472faa08db84b03c0835,3,1,TEST
de398ccf5de340a5a1aef6da70f88819,3,1,TEST
de4d62af2e204a82991d09b4d85de0ec,3,1,TEST
de4f1c8e8a7e4cadb07ac64a9f94027d,3,1,TEST
de5729d1d71749c4bac182930c659acf,3,1,TEST
de69795148e24a2c820a47e10e771860,3,1,TEST
de7961b2e42245008e73505bb1205acc,3,1,TEST
de86898eaf0847bb81435b1590ab1af2,3,1,TEST
de9b9aa86f4f4893ab41aa66862535f0,3,1,TEST
de9cfd8e288e4f999e31ab49bdc11ddf,3,1,TEST
de9eef32b0fa4105a5d667717c444d9b,3,1,TEST
dec81d01c23144f7a3a885e77be7bc57,4,1,TEST
dee770f8be4f4c96bf7d8a11c7cc9784,4,1,TEST
def3b33127e44753b0dd5d55e2e5a7a4,3,1,TEST
df0aaf59702e489e96bcc768ef94d3af,4,1,TEST
df1bcd136b2d41da925b666187615c82,3,1,TEST
df356a2814d240d8836e83d971612e64,3,1,TEST
df3685cb551d4e7d9aa058e835292a9b,3,1,TEST
df57b4ff3359416ca6987332ae24d0fd,3,1,TEST
df57d7b9131241b287ed76bdbb49b161,3,1,TEST
df623ba07820407bbfe91afb0c24661a,3,1,TEST
df664b38539e46c8bb5b6c21de9a4782,3,1,TEST
df75520e84d94060a08981800d318f73,3,1,TEST
df85d527b2df46deb74c8f433ae3efc7,3,1,TEST
df934255d1c84c319f0f3d77d6cb5fa6,3,1,TEST
df946057eceb4b4fb920cf728fb06f97,3,1,TEST
dfb2ec667c0c443d8df581b336ad7639,3,1,TEST
dfb5444cdd7344ceb47b4cd644f712ed,3,1,TEST
dfbc2e5b87584113b379bfb013068404,3,1,TEST
dfbf3d0a394e49f688d44369247a5e30,4,1,TEST
dfcbebe2c8824e0a8cbae185ab4aa98f,3,1,TEST
dfe775d1ed244e5fac5371f2e919e5de,3,1,TEST
dfe7d08011b0451ea5fb9b0d57cf7353,3,1,TEST
dfeb17e5e6be45feac1572748e430ac9,3,1,TEST
dfebe19f6602402996dce8de6fb516f8,3,1,TEST
dff0ad01034f41b492249f6ae9756265,3,1,TEST
dfffdaeb4f3e4862ab7824ea177b6e8c,3,1,TEST
e000c039c9df419c9d8fa26a3ff7c520,3,1,TEST
e01e978d0a6a4498be51f1e890a7d124,4,1,TEST
e0353c3f8896464f8076390aaf647002,3,1,TEST
e0409f9f29bd4023998e8c77b15b0bae,3,1,TEST
e084eed64edc4571836a1d0f98e532db,3,1,TEST
e08b5ac0424a48e88a29c04ac0230d18,3,1,TEST
e09969d0829546c7876ef3b1a60e1b24,3,1,TEST
e0b23f0e54ba42e3a613750d7a6e2597,3,1,TEST
e0b7529d273a4fbaa4afc46624616115,3,1,TEST
e0e8c22c7b87466b8f0b20d8b112a75b,3,1,TEST
e0efd249f90343ae8053645d36a8e00b,3,1,TEST
e0f1765685bc4bbeb9fbddedba34cdad,3,1,TEST
e10ff1135b4d4ff385bae66932ec2e69,3,1,TEST
e11858967e35496e92d60a77f9b04fe2,3,1,TEST
e118742e3db34c2bb30a9e78e4021329,4,1,TEST
e11b7463f8c84e758f79fd64d56c3bc7,3,1,TEST
e14b43cb9d114ac2b6daccf3da366e5e,3,1,TEST
e15a7d85191342c590d3d04a320f6c51,3,1,TEST
e15ddc091b1d44d09187be67578b27a6,3,1,TEST
e15eea0769644571bb66a4a011bb7c61,3,1,TEST
e165bcded1b64857aec146b3701da9fd,3,1,TEST
e1bdfbb430dd41d296c3b06df0cf6a0e,3,1,TEST
e1d2b721284e4787a2665c49379b9e7c,3,1,TEST
e1de4ea9f9f7442191505ae65de80f14,4,1,TEST
e1e58beedf6d4ae29a071b9304199b0d,3,1,TEST
e1ecf670707f4ef68fd5ffb42ee8e242,3,1,TEST
e24a28809a6d4855b0baccfe15f3ee0b,3,1,TEST
e24d0c030e334b7193274c6868b9a593,3,1,TEST
e252ceec9ba14c27894bcf6b042e7306,3,1,TEST
e2595734a5074b5481784508966fcbad,3,1,TEST
e25da8b4b4e4471099915092ff8f3a01,4,1,TEST
e272332d1326457280a6773bfe48cbb2,1,1,TEST
e285d8ca09ab4b8fa052a9db36e791e6,3,1,TEST
e2876cc94bbd49298c7dc591203787bc,3,1,TEST
e2890ee6d80d48868c3122e098852a69,3,1,TEST
e2a5a9f7c3264092ad27dbe758cd88d3,3,1,TEST
e2aa96e8766642b19ea346713c1b3e71,3,1,TEST
e2b4328bffc64acebc6a4cc4e49f9b22,3,1,TEST
e2cc351cbea84ecbb6d3a4845e9fbd3d,3,1,TEST
e31d8d758acd4ec691a6074dcb107ece,3,1,TEST
e32eb7804e5a4ac9b6d0f52d0971208b,3,1,TEST
e3314dd24d274c9a90895b513815ff1a,4,1,TEST
e3527e628d4b4829ac0036f8e84c62c9,3,1,TEST
e356eb020a34464ead84685292add4eb,3,1,TEST
e35ff66f14104b178779006c11ce2083,3,1,TEST
e390fddc3f03444eacbb6ab7add79250,3,1,TEST
e392d329a0584f5dba3d93a47328b2c2,3,1,TEST
e3947852abf144b9b97f006e8c473bda,3,1,TEST
e3952c590d654a08acba6ccad4982895,3,1,TEST
e39bb5a902484bde88318d86ee7ddef9,3,1,TEST
e3b7e8af02924cc9949e0b066b708263,3,1,TEST
e3ba74ac5cdc44469a7355c2ad9013ae,3,1,TEST
e3c8abd941744841aa95cf63b41bc25e,3,1,TEST
e3cbdc00afc544058c3ff04dc04aca43,1,1,TEST
e3d00816a3e84d42b856960191747347,6,0,TEST
e3da0fdb02f8460a9e8b3889d7a742a7,3,1,TEST
e40071c34c424bddb41652fd98472562,3,1,TEST
e406461b78994e3883ab5776b0123112,3,1,TEST
e41692eb1a6542a7b97efde21e8b9dff,3,1,TEST
e43985ffcbba4ae98f91d4c6b1d9c167,3,1,TEST
e44d4a660db843fdbafcd54618db9a59,3,1,TEST
e45b736fa795471b94454a39639a03a2,1,1,TEST
e45e25b6b95945cd9655ab469b4d9a61,3,1,TEST
e45ebe6a1c9444768a83fa81ef17a217,3,1,TEST
e45ff2f197d8489899689de2685e1637,3,1,TEST
e48d8b48c2ae4e13bbb54f4c02ca5453,3,1,TEST
e49432f3f56a4326bf48f3ff1b863ef2,3,1,TEST
e4972d26b6af4c5b94b3c3ff15be8a28,3,1,TEST
e4bb13d89cdc46a5b92a1cd8caf3398e,3,1,TEST
e4ee05e67e65460b831e6ae5df5076d4,4,1,TEST
e4f6fd4f2dd34c1792a23371021e2ab4,3,1,TEST
e500dcd49ad44bb48bdc57bb0b31333f,3,1,TEST
e5207ad51cc34deab16e9f76cb33e7ae,3,1,TEST
e538d757b22342ee8521e42a9902b1ef,3,1,TEST
e54670b5563e411d9456859e583dbab0,4,1,TEST
e54d1d1576d24f56ba56d88034ff86a9,3,1,TEST
e54e54ee9cac4c209cde6a72ceae9f96,3,1,TEST
e55b32a4850a4b608e939bf4ba02bd3d,3,1,TEST
e580e90ba2ff4d0e89d36c40f32d2372,3,1,TEST
e5b635d0e22444e8940051c2212f1a09,3,1,TEST
e5b76411bad44dccb1c4528b3beb8af2,3,1,TEST
e5bc681d14b54e94a8e16a1f13c0b200,3,1,TEST
e5c9e764a02344a7aadc34fac61d0f3a,1,1,TEST
e5e0a1acc49a46af9fccc25e8580088d,3,1,TEST
e5e1e05097cc47c6a631f640365134d3,1,1,TEST
e5ed637d76ae4e1abc163df32e467e37,3,1,TEST
e5f7d79314db4b6681e0763a616d7c3d,3,1,TEST
e5f8c9ac3ac14b428055f5d7f9d4ca7c,3,1,TEST
e6286e6e331b41a5b4d2c2d470195a6a,3,1,TEST
e629317eb9434e1d8de5883c36aa2686,3,1,TEST
e63944ab996444bcad7280ddb4bc1dca,3,1,TEST
e64018a4a9b74582a4f86862d7a10670,3,1,TEST
e648516d92b442888c0414b03af11626,3,1,TEST
e6751a6decc04c45b38dc35ca40d4935,6,0,TEST
e675cdb06a9b4dc2a7f8fe1a1cb98928,3,1,TEST
e67ceed1c569463e90a2de6144bf8945,3,1,TEST
e68101f3a81e4b08b3cace324003b033,3,1,TEST
e686105491cd4d11b0b9773f942b3047,3,1,TEST
e69b67ead23b49958bf6ed286a9914af,3,1,TEST
e6b52545fbb141ae984be041eb863688,3,1,TEST
e7304ba3aee848d9aab11d71565b86fa,3,1,TEST
e7310af02e974a03b5c207a3301f085a,3,1,TEST
e74040120d7f443bb2b5812c9e3c36b7,3,1,TEST
e74f7b1bc0954bdab11eab869e6bee05,3,1,TEST
e78abca290d64fbb9fb44c8508871eed,3,1,TEST
e78debacab844601a7b39fb3e7f6d9e8,3,1,TEST
e7bcab92dee547f588d4bf449a4fee30,3,1,TEST
e7c8805ef870486091056988a7e16f5b,3,1,TEST
e7dab22e175b41d39c05efe1ba2197e0,3,1,TEST
e7e17f1104f64ef7ae64aa609eebc3d6,4,1,TEST
e7feaa19b9f244a99d0156798fe66c36,3,1,TEST
e809c313eb1f43919c173ec52ebf8c65,3,1,TEST
e81c33c2dd3247a4bb31c5d825ebf2a8,3,1,TEST
e828872099014b7caa880e3a998b6548,3,1,TEST
e8493b5904db41d6aae6777cda94fe54,3,1,TEST
e858a036248047a9b822085cf27cd2e5,3,1,TEST
e881ef84b5f8405b99c1ee78a987369c,3,1,TEST
e8d8a0d9b6c047d1a032d88b5636a1ad,3,1,TEST
e8e16612085849e9a7dbd6906534039e,3,1,TEST
e8fcd404923b4bfab850c3f4d4dbfdfa,6,0,TEST
e92300e24cbb4a9399d41bf93db93938,3,1,TEST
e92606eaffe34240b122cf0dd5ff88e6,3,1,TEST
e956c6853e844c42a535415d9c1ca59b,3,1,TEST
e97d6d98c9fb4efcbab7731b5adf010d,6,0,TEST
e9bc9b59969a48418a3523bac64f1350,3,1,TEST
e9c71a9844be472ab8d28bbf7a820d9f,3,1,TEST
e9cca73be4e742c4848e54622a87907a,5,1,TEST
e9d7890da7fb4ead953aaa01be988793,3,1,TEST
e9dd3f6a915c4330a53494e78a9a62ed,3,1,TEST
e9fd44d4504e44c48fffea743fb14960,3,1,TEST
ea17d422815942a1b77dc2f7eb93c52b,3,1,TEST
ea248040df1840a595eac9089264c901,3,1,TEST
ea388bebcabc406b868f99057988f4a0,4,1,TEST
ea3a8e72a3a24fbc9e0ccf3d66eede2a,3,1,TEST
ea482bd6c5c84ec49692d011874f052a,4,1,TEST
ea6e6b76123b4ca9a9ef3a8bc47289f5,3,1,TEST
ea89502eddaa4e95ad34867fc870392e,3,1,TEST
eab83ea215084af69d33ecb1da2cfa69,3,1,TEST
eab89eacef324c859fe721386cf12a0a,3,1,TEST
eac80f93ed8b4900a31b149636e2d25d,3,1,TEST
eacd4b554e66444fb12f579662424570,3,1,TEST
eadbf118bc284bdcaf562b9ec3ff80e3,3,1,TEST
eae0c5f9d941436db1d399e3a9a4dced,3,1,TEST
eb0be55a15434a39a8e7f66039266447,3,1,TEST
eb1dbf6beebe497db2f713be42fde4f7,3,1,TEST
eb240b48430046399f98bba8ad1f4d8c,3,1,TEST
eb49551a34074c37931f2949c881e3de,3,1,TEST
eb5f0c24a019478fa5979f7039342fbd,3,1,TEST
eb6af3ae5cf64d719f443171d82c5491,3,1,TEST
eb8170310b2b4dffbc1f2a4e2e356ca1,3,1,TEST
eb91a97191304c6a9636f8374d55664c,4,1,TEST
eba660a94d2f468b9d8edc8cfab9f5bd,3,1,TEST
ebac43d8b3b746c4ade19d2aaf50a1b9,3,1,TEST
ebd0a940cf92452ba584faff836a11be,3,1,TEST
ebd862e405a44c4da38f2e7a54d99f4e,3,1,TEST
ebe4602597134368815053ddd61eabc7,3,1,TEST
ebeab2dd2c05493d8781c1d81af8d529,3,1,TEST
ebf8689ee31748599e9f8070b2558a73,3,1,TEST
ec02b94a3a7e45398cbdfe2972456ffe,3,1,TEST
ec11cf4353f1413c8d358915fda99501,3,1,TEST
ec2e8c0580a24e7a9162df477576e494,3,1,TEST
ec85e842dba043c7bac46fd017de0b74,3,1,TEST
ec8cfd045f284786af7274ae171bfabd,3,1,TEST
ec8f9ada29604970955c09573f48df1a,3,1,TEST
ec96dde237b64acdaca69b90ef4c6753,3,1,TEST
ec9db265d9b8410e8ac766724cef0478,3,1,TEST
ecaef297d1ba4d838f9bac8aaa8bcbc1,3,1,TEST
ecb7036347f74911bfb58d8b674e6de4,3,1,TEST
ecb9b243a4444993b01a27b0a83d1154,3,1,TEST
ecc48e2e1dd84b299916bd9f4db26dae,3,1,TEST
ecc6ebc6e9b54ba6802647282503f0b1,3,1,TEST
ecd01fe521324fe094b28d39eecff086,3,1,TEST
ecdfaca162ef4ef9ac064322a0575586,3,1,TEST
ecf4ec3ac8f34f0ea0f2ea94069a4978,3,1,TEST
ed06cd938fca46d58ea64bbce8ffdd8a,3,1,TEST
ed11de8d30a443328f589c582a43d972,3,1,TEST
ed40307511424b4e968e72ab7a4cad38,3,1,TEST
ed7eefef090f4cbfbc2ff92c6e17f51e,4,1,TEST
ed8e683ec32a4ff1b721bfef5f1d4910,3,1,TEST
edbb23275c6941b691857d5e4e96a48c,3,1,TEST
edbf806816184442b44d2f65f67426c2,3,1,TEST
eded453ce59f4fc5b6cb86ba59a6e7ef,3,1,TEST
ee03cc8998b84c9e95d811a3268010a2,3,1,TEST
ee1ab3bed90f4abbb8cdd55bd9cf4669,3,1,TEST
ee3e691683f24fbea6685026ccb7c33c,3,1,TEST
ee5c134577d54c739a9e12bb4bc83032,3,1,TEST
ee7da9b646be41a8a9861aac3d3d331e,4,1,TEST
ee8335d83cf74381867101c6762a66a0,3,1,TEST
ee8866d456c94376a046376c21ff549c,3,1,TEST
eebdbb4ec35e4f13910e76568088698a,3,1,TEST
ef1c198aa32f4935b1cb0e439d929dbc,3,1,TEST
ef1ddc79b1ca4a48b3ad9194dd653499,3,1,TEST
ef3722583c7043f984dad85b92d4db89,3,1,TEST
ef3a94a2231d410aa67eeb24f7765f19,3,1,TEST
ef585238883c495fac57f2e24cfacc0a,3,1,TEST
ef64df8774524a88adcdf0337979045a,3,1,TEST
ef8830af84e3404fa4aeb36315be0927,3,1,TEST
ef8e4faf45a54fcbb88e16be4569c680,3,1,TEST
efa11374ffd847e0b66f1d1926a0f26a,3,1,TEST
efba5df59bf644f18a8c3190f7434c7f,3,1,TEST
efd48f285bc941bdaede8bea6652c556,3,1,TEST
efec83f6402e4a4cbbae0e595c86b33b,3,1,TEST
eff3a0a5f4764992bb2f7483925d06c3,3,1,TEST
effe0da1bc094e949e699e69139b63a0,3,1,TEST
f000c11e3b284f829d8466e9377084f2,3,1,TEST
f0050615359d469ba903bf7ef7c55715,3,1,TEST
f044f55e6a95498fb7024af0fda35ee8,3,1,TEST
f0836bfd9bde4f888fa2cc049509c8e4,3,1,TEST
f097bb42a2d6485ca68e815ecf2b420b,3,1,TEST
f09c9662e21845abb526f925ababf282,3,1,TEST
f0aa8c53b98d42619b5c96957d197d46,3,1,TEST
f0cba88c23c941ecac6d39897b835df7,3,1,TEST
f0e8ae1f20cd4c8fb0eb5953c2893eae,3,1,TEST
f10dd7e1923e4d8f902520d98d9acfec,3,1,TEST
f1123c42655e41e4bd059c63a5dfb643,3,1,TEST
f147cc8282c048249a10b695a85e33e8,3,1,TEST
f1497b2e6e744a6eb2347a3bfedbb7d6,3,1,TEST
f16b3772bdba4c6d91e6f822b283528d,3,1,TEST
f170322daf57474785de9234d3ae4ca8,3,1,TEST
f1bda9214cd048288058022a833c5850,4,1,TEST
f1cd367817734b29a804d5578d166740,4,1,TEST
f1f2b9a237294f40b194e29b5800722c,3,1,TEST
f1f9032e2e804b4da1b93d8a4e8cea99,3,1,TEST
f232379f09fa4383a1f268c00be02bf7,3,1,TEST
f232fea13cef4a32843eec28647dff2f,3,1,TEST
f2357956eb044dfba70031ac3af2ee80,3,1,TEST
f2360dc4f5524e818d74725be6306d35,4,1,TEST
f238d1336c0d4a3992f704bc8b82645f,3,1,TEST
f24c43df9e9c415b9c167ff3fff63e75,3,1,TEST
f25c7ffa9f654a3b9fa0664108c8938a,3,1,TEST
f26dd596fe3c41acaa858ad8fc341240,3,1,TEST
f283f67dc1184bb382b65f6a966617d1,3,1,TEST
f2a12c851a9641e2b1f392cfb12acc8a,3,1,TEST
f2a802b200cc48e29169ff963cab3781,3,1,TEST
f2c8b45d57c54cceaef3a63f7543ba72,3,1,TEST
f2ceb8f9823a458991cfee9d43ab6985,3,1,TEST
f2d0e909f8a34a29b6d5ba8632d14118,3,1,TEST
f3317c0669d34f488307acb087c81f2f,3,1,TEST
f35e6f9e423c4bb8a94b030dee2753d3,4,1,TEST
f3754125bcc54ee38d5333ef7ace758a,3,1,TEST
f3c3c24ad7df4ea29b91fc49b5b2544f,3,1,TEST
f3d60d9e668e4c0fb4b7caa26d925e3c,3,1,TEST
f3d9e9f9968c4c2681265a0a6663e0a2,3,1,TEST
f3f81fac97e24a848ac48001c41abbd4,3,1,TEST
f3fe8dfde5024f9293b105649f2a8bb6,3,1,TEST
f40ab4e5696c4813b600a28b8278ed06,3,1,TEST
f41690547bc9431882eda6dff1eee133,3,1,TEST
f41c24b89d7d4060a5640869939e0009,3,1,TEST
f41c83ac6c8841b59e086387a0489036,3,1,TEST
f4228b928ebe4887aa13256a5d0d248e,3,1,TEST
f42c3d4127cd4fa192f625f89b49165e,2,1,TEST
f43d7d22dfdd424a82d3feb0202a537d,3,1,TEST
f457008add6541c195348cb1c3155595,4,1,TEST
f460f359fa00452a8e7ce6e471128ef3,3,1,TEST
f484cb5ad1dc487586d79aa9f8acc81e,3,1,TEST
f484e6b3b6d54c83b9a9cc8f99c7ed21,4,1,TEST
f496b431cc2e4e28b5b556ee581036aa,3,1,TEST
f4b1143960794846a276057065dbfaf2,1,1,TEST
f4c4b726bce6487c9c826bcd2363a702,3,1,TEST
f510471132224860af599e249e6d4f2c,3,1,TEST
f517936cf0924d3691e1351e5d51db18,3,1,TEST
f5495de2765440c5b976c074ba4b59aa,3,1,TEST
f552d28035cf47b59feadf2a8ddb4ec5,3,1,TEST
f562420f14114e2f89d4b5c9b1a5b997,3,1,TEST
f5680a882dd8430a8452e6b9f3e5acfc,3,1,TEST
f5771566302448cc9727220971e65bc4,3,1,TEST
f5885b62a38245d2b7f5edf4f0071f2d,3,1,TEST
f596af0c62b7453ba7fb38dd7c700b33,3,1,TEST
f59764aea32449c79db6b4c182f8289a,3,1,TEST
f5bd2bd338b74ec58530c48baae582a0,3,1,TEST
f5c09852b28c4361b4c188008a9303fc,3,1,TEST
f60965b4f2194390a23a6b9dd03e08b4,3,1,TEST
f62dfa03d2a54d7f91ee831229978fe7,3,1,TEST
f63a7df2e95548f09c452a81e87dc3db,3,1,TEST
f63f69f30b6943d2bc66cb486e82c55a,3,1,TEST
f63ffe75c5e649daa5abceb26c3b80af,1,1,TEST
f656cb485c3646278729b92754b5af5c,3,1,TEST
f669cd131753406e939dd92bed43ba67,3,1,TEST
f66a3c503dee484787eacb2ac99dcec3,3,1,TEST
f66b352bf7b64075865e19f5b6a3b7dc,3,1,TEST
f67fcd74886949d49b9ee7592237a9ea,3,1,TEST
f6ab020602014d81a1c4345a921c25cd,3,1,TEST
f6aec95bcb6d41b1b6ba5f7dad031ceb,3,1,TEST
f6c82427085f4c3d822e2170fd43d409,3,1,TEST
f70155c9f04f427d9aca3916e4d70f87,3,1,TEST
f705c696e1cd447d825edb43a6627c6d,4,1,TEST
f71f836780e54f48914115a281c742a8,3,1,TEST
f7266108a843440083088c4d47022ab6,3,1,TEST
f72dec3bf7474c4b8d02c415a7a2517b,3,1,TEST
f742f77edff94ff9a0383e04ac53594c,3,1,TEST
f74e449141a9416dadd6b0ce4b604985,3,1,TEST
f75eaf1714534404a8f930431f64d867,3,1,TEST
f770368ecdf44223a54e3a9e63563e1e,4,1,TEST
f79fb66de5bf400f81ae8f25bccdc8b8,3,1,TEST
f7a8a8fe31dc45838ff6a379b600f37f,4,1,TEST
f7b2f4c336cc41ddaeb284c4fc9e8780,4,1,TEST
f7c86c5c773044b99e5b0f6cd21a2e80,3,1,TEST
f7f707fdb38b4810a550d3b05801574f,3,1,TEST
f7f8cf5c3a814c43814062b92698f029,3,1,TEST
f813ce367cd04d4a821089f72d8e346b,3,1,TEST
f8568d75b63142de99dc58827606bf4d,3,1,TEST
f860acfd1abb410e9d6d29d6a5881b3c,3,1,TEST
f8693b9e8fcd461f89cd8919f111b18d,4,1,TEST
f87b5f7528594ac88ac2474f07417fb2,3,1,TEST
f8b23ed9b1814787b8d56bd4c8c7b99f,4,1,TEST
f8b5ef8f9b0c44c1a4196cf07c789383,3,1,TEST
f8c79cebebe04ba68ec22affe2ef57f8,3,1,TEST
f8cad4d7ecf743f9b1ad9d0d1de3db6d,4,1,TEST
f8d02ee84ab74f7995bccfabad3b79fa,3,1,TEST
f8d6c8cd1bab4da5881a880ead12b0c7,1,1,TEST
f8e96d0d096549408338dfc71a8be89f,3,1,TEST
f919a0abcb0a487783b313063eb6597a,3,1,TEST
f92b4b95129c4750b6620ac0647158b7,3,1,TEST
f92b53bea5554e87aef6ca9701776d48,3,1,TEST
f93a268d03d34f67befab0061ea0007d,3,1,TEST
f94cf65e94a6440bae2521c931581d94,3,1,TEST
f9505a433d864c419c1c931ba72ccf9e,3,1,TEST
f967c9ce2d6f4b509596a7d626b0d6ab,3,1,TEST
f98467602d1e4d87960ff470ccb50394,3,1,TEST
f99d4777bd5f4f84bdb40d2bd720f7e4,4,1,TEST
f9a5bf8e41d24db4907581ff1948b4db,3,1,TEST
f9d266c9944d40f0b5938be59abdfee1,4,1,TEST
fa257318f80e4f088cb57a8f00124fda,3,1,TEST
fa47647d70414bedbf5ba3cfba39f8db,3,1,TEST
fa47a733f7e24c6796eea9fef6463c23,3,1,TEST
fa54c966248541e180755322cf54a228,3,1,TEST
fa5e916128c944f980cc596cf37657fa,3,1,TEST
fa8664e4474c424f9418c2ff898dfb3b,3,1,TEST
fad8e639e85d4f78bf4e38b5b9d4fd22,3,1,TEST
fad93bd857f345e2a9e7696ecba03199,3,1,TEST
faf0f5b0d35d4a0ba4a9c8033b0777f6,3,1,TEST
fb0c12ea27e544398583f9016be02015,3,1,TEST
fb1e5af13ee94c2eb69fd64f12e10e82,3,1,TEST
fb23e633d0f340f68de8fe7fcede76bd,3,1,TEST
fb3b6073e5964836b2125c04c49739a4,3,1,TEST
fb3c14e32622405a9b35e0542cf65cdd,3,1,TEST
fb431b68a5d54b2fb4703ac8ab57838f,3,1,TEST
fb4ec86c4dab4d7aa082ea387a907e93,3,1,TEST
fb601ff54c834fddaf3b14c44709c836,3,1,TEST
fb62484cb9794a87817b24a972063568,3,1,TEST
fb6a4f0480b442a0a8522706250c7c7f,1,1,TEST
fb7549d237fe49b393d69116c9f88f6f,3,1,TEST
fbab4356c4b14614956f71ac187ed36a,3,1,TEST
fbae032d67fd470d86dc61485d2351fe,3,1,TEST
fbaf54ada59e4ae0a43d942742285e99,3,1,TEST
fbc71576c9c849b68a194c3a27da375f,3,1,TEST
fc17e792ddc948768fb1bc323350b793,3,1,TEST
fc25436d0fa64af996c2af743247ab69,4,1,TEST
fc34ee060ec0430f83c5e8f7e19183d1,3,1,TEST
fc38763ec64141e79dc4c034ea15ba28,3,1,TEST
fc51ad730570433c86e65de1745e16e9,3,1,TEST
fc6aaa9a869a410db44e93f2c53b53de,3,1,TEST
fc718cf942854cd8a9610e53db675162,3,1,TEST
fc7ebdee91024e6bb798ee930e3e8867,3,1,TEST
fc81143e92ce46aaab8663ae72896f0d,3,1,TEST
fcb90e2c4b2c43f5a2ef453df5e31490,3,1,TEST
fcd6adf4637d41b584a1ffa00fee9f6a,3,1,TEST
fceef2d1a79e43efa7796438cc82993c,3,1,TEST
fd320e746e2743fc9cf032eca49d59b3,3,1,TEST
fd4e99edaf9442468ac58e8752322462,3,1,TEST
fd58c1a62a3844deb2bee8622a4b8a95,3,1,TEST
fd5b0e3e19d146a1bc9c7cb770972123,3,1,TEST
fd5ccdecce1f4630888e6186c8d37186,3,1,TEST
fd68c06480c8439083905562353b6456,3,1,TEST
fd752c6883944f3e895b2ed9cc4cc60b,3,1,TEST
fd884b2e467b459eb9a56ab83fe5eb12,3,1,TEST
fd93c29ef8e14f44a85bddbb7d52a386,3,1,TEST
fdb4fa23d40a4c31bca5a5de33899547,3,1,TEST
fdb82a69f3a540e2a5ff4931061339fd,3,1,TEST
fdc25c25f46d47e8b55d2c119bebc479,3,1,TEST
fdc611c3cb98407190ce20856a66df97,3,1,TEST
fdf640ef10f24896bdb342f759456ee5,3,1,TEST
fe10e9547d6d45da904ef1a0f63e612f,4,1,TEST
fe19919a42504b40ae96ccadc103687a,3,1,TEST
fe1c37a0ee374eb1a0653680eae87cf3,3,1,TEST
fe24e08a751644f9bbdf58621b11e634,3,1,TEST
fe2ce51319004e83be5745d3b17657ef,3,1,TEST
fe48f88585e441d090a87a86a9799259,3,1,TEST
fe49bf686adf409b85fc16a83893dde0,3,1,TEST
fe5676e2b834428f904021d1a8391d50,3,1,TEST
fe99c8d9d856433aab6171c1cd0bf418,3,1,TEST
feb00cbdf48042be8f7831566f963df8,1,1,TEST
feba1b0bf403490ba43d3e00e8f22eca,3,1,TEST
fee0403aa43d42eda00b7dd127f06369,3,1,TEST
fefce71a42e44b8d9a1c6ecc1df9199e,3,1,TEST
ff0a4bc786734c419e75350ddde023ae,6,0,TEST
ff247724d52c4c719fa1d09550f7c4e7,3,1,TEST
ff278b646dc9409c9b00f77e24dc2c96,3,1,TEST
ff2a08094da0441d894adcf6298aa7b5,3,1,TEST
ff2faf8abd084710a697b1a96a85b68a,3,1,TEST
ff3858bf4410435997c3d43edb36b3d7,3,1,TEST
ff387c726cc74d3faef6fce1874b1e7a,3,1,TEST
ffc314df4cd84106a8e072608d4ad79d,3,1,TEST
ffe2d02e63964af0b82827b58248a4f7,3,1,TEST
ffe80ac0346244b1a6eb9f19be289e5c,3,1,TEST
fff6bf9142994e9fb224b373829b021e,3,1,TEST
fffb18909bc54ae690acd92a67043067,3,1,TEST
02e7fc0869664405961d6183c9650c09,6,0,TRAIN
04d7633633d14cf890619f97449c1fb0,6,0,TRAIN
04f7c30c807f4dee841e3d7dca0f3f71,6,0,TRAIN
0b28dd48210e47ecb0180bca3a89fec9,6,0,TRAIN
0c8af9b8e62f4cb498392e806236e5e0,6,0,TRAIN
0db903e71742497485ddd1aa17ba39cb,6,0,TRAIN
1400ca17a643423eaa706c16f1799881,6,0,TRAIN
1a4dad74c9fd4cbca7bbed11ede36901,6,0,TRAIN
1ea3ef3e02454d5db68382a1cde89074,6,0,TRAIN
1f4c6982086b4e9a9f40f49fd8b467d8,6,0,TRAIN
1ff80466c4bf487c83deca973d4a8f87,6,0,TRAIN
235fe18f458b4a83846f1c2909c51c87,6,0,TRAIN
239d76cf5529467ca6f254ab9bbd17b0,6,0,TRAIN
2548285043aa4624a16e398b1fc64cc8,6,0,TRAIN
26746d4b3e3f4a16acaab2a8d010d320,6,0,TRAIN
26a6e36078e24f9e90d8fbeb1af19c16,6,0,TRAIN
2b3e54826db841f2aac0013e48ae65dc,6,0,TRAIN
2c009edb15844e5f8ba1e2c38fab0c82,6,0,TRAIN
30b275ef76f44e788dcd147b4a5a899b,6,0,TRAIN
34de809578a44af193e2650c9f0c588d,6,0,TRAIN
37d61156974c4936b75dd0a760e85417,6,0,TRAIN
37f6ae3b291046d4bdfcdba59d85b03e,6,0,TRAIN
38ec757fc04842cebb0dfd136302bd06,6,0,TRAIN
39bb56b413014a2d9df5f01e6ad577d2,6,0,TRAIN
3ab1f1301e0f41d8b4633b15bfd0c5e4,6,0,TRAIN
43d8d11eb97b4e619348c4a79a8110b7,6,0,TRAIN
456283871c304938ba2319531a074510,6,0,TRAIN
4597694c47224a7f9316d7524c043972,6,0,TRAIN
47603bb08a3c41c0830d3ad1d0bb7994,6,0,TRAIN
4817f8bb26f1473d932e9bf22919da1c,6,0,TRAIN
4c4943bf9639447790f204ac01158a68,6,0,TRAIN
5468074d963d44828dbcbb9300aaa3cf,6,0,TRAIN
551b3bc1694c44699da642f0f6a97e2b,6,0,TRAIN
5764ca59412b428594de2135d996c38a,6,0,TRAIN
5afaecda8efd424ab55fa9336f32d29a,6,0,TRAIN
5cc1a08f75614d82944afdb2dc8b36f8,6,0,TRAIN
6099031a01c74cbbb015ecc88831d9f9,6,0,TRAIN
60f0b92978674580980844257ef37a18,6,0,TRAIN
67d65eeacd19403da7b0a587153fb973,6,0,TRAIN
685809c617cd42548e7bff8f60265ad4,6,0,TRAIN
69ae681b7af5445794c3c333951bf315,6,0,TRAIN
73180449b0914603ad20c928361adedb,6,0,TRAIN
7734aee0f4004a8d9ef4c56a341073a1,6,0,TRAIN
79ccf39e51144b95b4a3dc50f611bd98,6,0,TRAIN
7aefe948765045c0a51360e7805de06f,6,0,TRAIN
7d38d4502e47416d95aecce6fd2e8df3,6,0,TRAIN
8040e35e1e3b4207bd9ec827e13295ff,6,0,TRAIN
879ddb3b6f2a4c1aa715d2354899dc0d,6,0,TRAIN
8a6e2d61a997472880fd7388ec107d96,6,0,TRAIN
91231e76d1044d54a124315e6f71ad60,6,0,TRAIN
9397b2ed084b49738c6dfb90db0bcf85,6,0,TRAIN
93edc7845ccc44df8a9d7a9e9d2d49bf,6,0,TRAIN
94b8ee5684b94756ad18bf07f1015da8,6,0,TRAIN
95af59a89fe24d188f78a254ac5b3817,6,0,TRAIN
9640344c9b0d432cab2250473b5857db,6,0,TRAIN
985d0649d2b04c8a87c3b16f6383ed97,6,0,TRAIN
9b68fee0aabf4837a0ccf0bd98a57aea,6,0,TRAIN
a3ee280613e14c5a9b154f4d5e4eb529,6,0,TRAIN
a6978c966724486787fd3b8286a785b6,6,0,TRAIN
a7e2f2dca935477994967dc028598b9f,6,0,TRAIN
a86d0bba33db48f59446266b9a30e2b7,6,0,TRAIN
ad9bec2920724e4ca29315e0b7c0ff15,6,0,TRAIN
b67ba0002de44870992e49a4b6f1ea03,6,0,TRAIN
ba5195396ffd4e46bf18679754c28408,6,0,TRAIN
baa90f2aea23447abf282afee2349706,6,0,TRAIN
bc2d5f7eb8424eae8aed66d93401dd6b,6,0,TRAIN
bc73032d4fac4ddfbfc3c6b676fc4d40,6,0,TRAIN
be6e1331dd024f0681c7d3058d8042cc,6,0,TRAIN
c0f92babdecf4146a78a702be6ff5506,6,0,TRAIN
c1a4b65364a44ed7be3e722f373d87e0,6,0,TRAIN
c25cbea31cba4819b59bdfbc05cfdfbf,6,0,TRAIN
c6d925db5e524638966496a523b18c5c,6,0,TRAIN
c9fa8d8afe1b49dc95f4091080601e21,6,0,TRAIN
cbf1211e252d4f05aa434c1a23a57c0b,6,0,TRAIN
cc7fe90fae47487d928704fd11a3c593,6,0,TRAIN
d2ce130eae3c404b9f86a81878b2cd3c,6,0,TRAIN
e10a7fd39e234c42a244ab82a0afd725,6,0,TRAIN
e29bce10b1c941b7b82b1190754db361,6,0,TRAIN
e2bf824ac30c4e7e97f495c82fbd4a22,6,0,TRAIN
e449eb0976554d9287fb26bb32b80a4f,6,0,TRAIN
e51cd4a074d3456b9587f2bd545b4c52,6,0,TRAIN
e87896ca64034386a5a58a3f98cc6706,6,0,TRAIN
ef54ca31c7814ce590cd16bee1e9bc73,6,0,TRAIN
ef99f30e83b2420b941d3e1c8184b1b4,6,0,TRAIN
efd7d80a4e88405e995cfccd50468d76,6,0,TRAIN
f03e3a11bf744bf192bd6e9382dbb450,6,0,TRAIN
f43100e854a74db7acefa766066cf053,6,0,TRAIN
f9e418ed83dc4093a96fa5c1e991cae4,6,0,TRAIN
fa116888c4574c1db72ea0a08a74bb91,6,0,TRAIN
fbe7b2e783974b369411efef846534fb,6,0,TRAIN
002ba4bfc4914d6d8cf0f2855a9d72b6,3,1,VALIDATION
0037f2474b034ca384a3d3ef1911fe1d,6,0,VALIDATION
005c8ca282ba4f16b10b5322b0af2989,3,1,VALIDATION
00937b9dc7304c67acc2e2eba6557230,3,1,VALIDATION
0149a2fcc66647119759fddb9ec44061,1,1,VALIDATION
01bec076d5264efaa270c77a29760ef6,3,1,VALIDATION
025b735547dc42469c92621953850f8b,4,1,VALIDATION
02d00fd82c2a4f0c8ef6fe823c22090b,3,1,VALIDATION
02dc873f73c44e829f1f33e87982ea57,3,1,VALIDATION
02f41b044e1147beac0666a170a0673b,3,1,VALIDATION
03e4e5ab0405468a8aa3569cc28013c4,3,1,VALIDATION
04feae4c0455422d8b13354b602dafb0,3,1,VALIDATION
054a778d210c41e09ce8c9a8822ddb3d,6,0,VALIDATION
0585fe823ff048978f56a00b4383fd1f,4,1,VALIDATION
061753bac2604ff09e03f5233f1af74e,3,1,VALIDATION
078c465594334345a9c080786247a773,3,1,VALIDATION
09a1b64038de42f582b5aeb4379666a1,3,1,VALIDATION
09f4f176806947609ee0fcb5ae1cd7e2,4,1,VALIDATION
0a5a2a26d999402594efd198dc118aae,3,1,VALIDATION
0a633fcabbdd46b9a3884d7cfc491468,3,1,VALIDATION
0aa34b8d427d45639b7626e0497ce6bd,3,1,VALIDATION
0b06595bc5db4b18bb8565c1838e72d8,3,1,VALIDATION
0bc98c6563cd4b628c41cc60aefa3b8c,3,1,VALIDATION
0ee0875c108f4032a7ce9a83ce2b9bd1,3,1,VALIDATION
10109b8ba0794af7a16d831dd604cce0,4,1,VALIDATION
10229808863a45db846d1665a70547a1,3,1,VALIDATION
11bfad96d7f347aaa2868077411e6006,3,1,VALIDATION
128155c569de410794f561c9efaf2022,3,1,VALIDATION
130829f7d1f1475c97cd19e9fc46f067,3,1,VALIDATION
136ec727fdaa47dab695874daa6d5081,3,1,VALIDATION
1467e53941aa4100a62585e62fa8b4cc,6,0,VALIDATION
1585dadd75c042a7862df2370adf8c99,3,1,VALIDATION
163580685c604ddebe1d9aaf88498014,3,1,VALIDATION
164c6e90e400436781243fc9bff0ec66,1,1,VALIDATION
17ef47785352460c9cff9c8fc4e026e8,4,1,VALIDATION
17fe38bfe4d74b4b80d2ce32ae817440,3,1,VALIDATION
18c1cda2643f442ea7aba0cfa0a23f8c,3,1,VALIDATION
19468d7142fe4ea496fb09cb065e8b0a,3,1,VALIDATION
1b3461ec31aa4bf3bf1f0134d02a9009,3,1,VALIDATION
1b6cdcc729b6402fa19d87ef59dca10d,3,1,VALIDATION
1c00abdc4d654838bf74013ed068049d,3,1,VALIDATION
1c0391fe0cd34a07b6aeed33fde7c7d8,3,1,VALIDATION
1c2066e532204cc1a5c96c498864f582,3,1,VALIDATION
1d808d089e9e4f798cc57aa9cd72171d,3,1,VALIDATION
1db3eca68eb64babac670865ae8c46f9,3,1,VALIDATION
1fd27100800744bb9e99677d30ccdfb3,3,1,VALIDATION
1ff1ae982bd2484da20bc443e4f856c5,3,1,VALIDATION
20ef20228b3142db97673bcb03f5980f,3,1,VALIDATION
21a0d370821249dea044a80be31df61e,3,1,VALIDATION
21b3176775944616a91bfd848e54861e,3,1,VALIDATION
21e294f10ce6449d8aba5d468ed60869,3,1,VALIDATION
2207a05af6194c49b339cb8106e3e9c8,3,1,VALIDATION
22a8936a74d442d0bebf44ddf946cf31,3,1,VALIDATION
2647695f080049e28ff4776ab84ced9f,3,1,VALIDATION
2659ace1d00d43c78d33b85f346fb366,3,1,VALIDATION
266afd36c02d4c0cb5758cee08dfc8e8,4,1,VALIDATION
27787478f9ed4760b00579252e90600f,4,1,VALIDATION
27ba8fb9950e495fa3261c7ad127d3c0,3,1,VALIDATION
28c0a6a93429455dab260de774295dff,3,1,VALIDATION
2a3a2b0423fc4d598d8e30ad5c1fc48c,3,1,VALIDATION
2aa4b42b45194766ab7fc83f4c0084ae,3,1,VALIDATION
2acc8cd6071b404689403c4b14393042,3,1,VALIDATION
2b019b01a7c04f049f1c1fdbc2be0586,3,1,VALIDATION
2b16591188bd4d6c8dc883ca99ab8d63,3,1,VALIDATION
2b33c20935a74c60b3c333edc483c37d,3,1,VALIDATION
2b3ab19740dd4ec79f6f4ce3b1645bbd,3,1,VALIDATION
2b6d84571ed24e66949aa42cad2bf311,3,1,VALIDATION
2ba317d01f4d4f01a5b7724724e3adfc,3,1,VALIDATION
2c0b76bed65843e6886e747bb16163ef,3,1,VALIDATION
2c325b9e8e214d0f97b57b462ea61a7a,3,1,VALIDATION
2d709f7d5ab044ea977eb03bbf9e97a4,4,1,VALIDATION
2d961b942512493bb5b51db56e43d5e9,6,0,VALIDATION
2e0734c48b5c473cafc81dd8565db285,3,1,VALIDATION
2e7e107bf47a408fbbfc69554e8b740c,3,1,VALIDATION
2e917cc30e8b421c8efa81fd973822d0,3,1,VALIDATION
3031231e9a82430394f3090fb135c72e,3,1,VALIDATION
31f92a5ce5354be9a9aacd3619a049b5,3,1,VALIDATION
3207b334b1cb4859ad3f796dd4065158,3,1,VALIDATION
32bf8f430e79498990819d0c98e949a4,3,1,VALIDATION
32c9597c640a4c2b8375bf6e00dc04cf,3,1,VALIDATION
3374b09ded8145bcaeb961954c0842f9,3,1,VALIDATION
34351d07fb7449be93d221ef2e03fdec,3,1,VALIDATION
36cd836b693a46fd8b125ede93c2fbfc,4,1,VALIDATION
3735064e129946538069aa306adb422a,3,1,VALIDATION
3752766cf0ff4f26a219d53e03e3a28c,3,1,VALIDATION
3757d815536140b2babd484789a5bbaa,3,1,VALIDATION
3786fc5bce904ce5ac864fe697afaccc,3,1,VALIDATION
3834120563b8457397e071d0ca3a29e1,3,1,VALIDATION
387a947b1d6644faa94ad5a2c8680e8b,3,1,VALIDATION
389f8c997cae4b3ea0854ecfdcaf5524,3,1,VALIDATION
38f3f27f9e4247c98942b6d44a6fbcd5,3,1,VALIDATION
39101373ea694245a0694d0dcebfd4a9,3,1,VALIDATION
3ab80b0261714ecbad1bee4b0611caf4,3,1,VALIDATION
3b3c32095c0b4e97be4d21867f76da0c,3,1,VALIDATION
3b463b1344f14139961e9336ccf02e9e,3,1,VALIDATION
3c00dc5c45bc4490a2fd7cdf6bf0a438,3,1,VALIDATION
3d9f40e0d0984907a7bb448af3a39497,3,1,VALIDATION
3dd4b1c892f54eb7bb163d345ed13610,3,1,VALIDATION
3e51a63278dc4be5865373e3147b6416,3,1,VALIDATION
3f2b49472cc44a6db5f967e439f27371,3,1,VALIDATION
4031d05b293d4099a3cc9949068d867d,3,1,VALIDATION
40922b76706a4c5ebb9bbfab88362a9a,3,1,VALIDATION
40d35a7fa66f42dda0b6a1b8f57ed33f,3,1,VALIDATION
416ab4817dda4438af775a6241064c80,6,0,VALIDATION
418a153e7e34450dbf28d919d6775cb7,4,1,VALIDATION
420141a3cdde45f093dfa5a1d0d8a64b,3,1,VALIDATION
423c2dc95d0c40eb81e5502adcca9057,3,1,VALIDATION
42cca565acda4bd5866b68e96f9efc8c,3,1,VALIDATION
4324e219af604103a9b74372a7389e74,3,1,VALIDATION
44c37c8a18fa4f7ca5ccff9b58ea2147,3,1,VALIDATION
452ef1e3b2794a918e25887f646e3298,3,1,VALIDATION
45920a1fb1374c72a473ba165913af12,3,1,VALIDATION
4733f7cfe30d4fb2a808d130a7bf3555,3,1,VALIDATION
4755f2b78f1c4b429e10b8f66048c6f6,3,1,VALIDATION
485ebf5ae4cd4209983a002401224e51,3,1,VALIDATION
4927904f913d41f69d7c646f99691a21,3,1,VALIDATION
4953040282ab4c518851b201a89306b8,3,1,VALIDATION
4a7b822d5e1646f5a8566dfd83f157a1,1,1,VALIDATION
4aea6dba7a19421a98f812dbf7db09d6,3,1,VALIDATION
4afc3cab5d354b38b56c2c5d23914bed,3,1,VALIDATION
4b064347fc204813ac9615d511f6517d,3,1,VALIDATION
4b63da8c28f447f581d77f5f0b8cef31,3,1,VALIDATION
4c1ab8a945ea4974a302e38392a7129e,3,1,VALIDATION
4cce1797e3194c3dbdea139dd06e2142,3,1,VALIDATION
4cd989ce3232474896b9f69da35cc1d3,3,1,VALIDATION
4d35a8cfe21247769a0348a0d9f34371,3,1,VALIDATION
4d66a2b2f16e4a0b92888bd6da2aa40f,3,1,VALIDATION
4ea92ed9d87549e8998bf2bcf13186b1,3,1,VALIDATION
4fc3ffa3370e4fca873cc91147ffc0ff,3,1,VALIDATION
4ffdf17e494642ba8162825d09f82bd1,3,1,VALIDATION
50051077b4b84329b1dffc0189d80b4c,3,1,VALIDATION
504ad04e90464096ad71c48c1b683af7,3,1,VALIDATION
508ec937cfac44af98354f34233f65e4,3,1,VALIDATION
51b2632046c347418848984398e6bf83,3,1,VALIDATION
537fd967e92f4a6bb0a61911b2294d8f,3,1,VALIDATION
53fd44a8d3b04694b9b1a692ad9c5423,3,1,VALIDATION
5441f83e865e4c5eb195bd957c17700d,3,1,VALIDATION
54bff2cd5f9947378a0a6706c5a9e366,3,1,VALIDATION
555a2341ded44fb185213e0b117b9891,3,1,VALIDATION
556dc832c4234cddb7e0f601a684f8be,3,1,VALIDATION
55b487b6a34c411abc6f8b8aecf88ae8,4,1,VALIDATION
55dbe0bb34924a9cb7237b3161bc03f8,3,1,VALIDATION
57117c99d6c7440ba2a3ccb91ff1d386,3,1,VALIDATION
5842600c51de49d8bfb36b49eb953fef,4,1,VALIDATION
58d6a8fce74a4778a6ca0e6cf2ddbe6d,6,0,VALIDATION
59532b6cc728430f9045721917d03471,3,1,VALIDATION
5a1294eda6ba488b83c25413d9fa271b,3,1,VALIDATION
5a16593cb588468cb4c7425c89dc283a,4,1,VALIDATION
5a8d991bc3aa4c0b976347541604eff4,3,1,VALIDATION
5ad29b9b04fe4b75b2a7c2b9c292ea0b,4,1,VALIDATION
5adf305b0b78406e95919effd88bac03,3,1,VALIDATION
5aeba6cfeab6461a8abd29a51398b251,3,1,VALIDATION
5b2c954d0b444d918d57435c8cc996d5,3,1,VALIDATION
5beb5a1bc2c340d0b359e772b641a7e0,6,0,VALIDATION
5c1cf6c0a98f48d49e27dfe24344b4f7,3,1,VALIDATION
5ca3c344605343e58609a4c1f7b3f4a9,3,1,VALIDATION
5cad2f0bcf614c56b27e7d2db29fa038,3,1,VALIDATION
5cba20b4aaf643e6a2f1082bcfa19b63,3,1,VALIDATION
5e607231ff40476c824ec75b87761c3c,3,1,VALIDATION
600cf4ccd751497ebabc0c88714483f0,3,1,VALIDATION
602b11c493ad4631b90d1cc97e0239f8,3,1,VALIDATION
60664c23097041b0ac37a0e1ca4ee9e6,3,1,VALIDATION
609c4d1b8b89470cbea8be1f19a0d828,3,1,VALIDATION
62d5c33d124842b7bf77ba9712dada2f,4,1,VALIDATION
62f0bfa2d2ae4bdaaa6f29571754c8d2,3,1,VALIDATION
635b1718b3f64a89a865dbd2f61e00f0,1,1,VALIDATION
63bb6dba37b9451eaeab0e521fcaf9d3,3,1,VALIDATION
63da041f0de64cd0a17802ce7d28a6df,6,0,VALIDATION
6478e7b02e6c40ccb834649038d8be88,6,0,VALIDATION
65bd70ff28cd4ceb95bd3ee6da2b9a2d,3,1,VALIDATION
665e7602cee741edb19e42526dc5593b,3,1,VALIDATION
6684b68f295341628259be9d80bc60bd,3,1,VALIDATION
66a38b74554e4684884287492ecadc03,3,1,VALIDATION
670b3f7d0f004d4a96b9c8400db82715,3,1,VALIDATION
67a8c90203f1467bb9b9ba0fb572a431,3,1,VALIDATION
6881c60c4f82446db280c6ab6a44fad0,3,1,VALIDATION
68c337fc94d746888a162c56f0461150,3,1,VALIDATION
6917a233a5004e04933a42fb9aff24ee,3,1,VALIDATION
695fa3d224bc4271a00082794fcda2e1,3,1,VALIDATION
69841a7f1efe41f0805ed77ea751c191,3,1,VALIDATION
69aa157dada94e7c97376d848c09e1a8,3,1,VALIDATION
6aa103f9a5ec4fb3afa4762a0340bd4c,3,1,VALIDATION
6aab7df78d8c4e4ba74327d62365005a,3,1,VALIDATION
6b64cf2f549b433f9a24f9652a0e4493,3,1,VALIDATION
6bb730ce2c9347528cbe4f18e4a896f0,3,1,VALIDATION
6c1b037353f848a2b7c2a46a4c04cfab,3,1,VALIDATION
6c420de9872f4e83ae7bdeda186f5fbb,3,1,VALIDATION
6ca314ae58344b3c833ce3ab56c3a593,3,1,VALIDATION
6d8674c897d24b288b2eef973e703eea,3,1,VALIDATION
6dbd83cd68834ba09a1b9c2ab3b673e2,3,1,VALIDATION
6de605eedc514326913c1844ee2bb110,3,1,VALIDATION
6f7c8d5bb27348c88b776a89c5868be8,3,1,VALIDATION
6fffcdb5860e4788ba6f5933971c5f49,3,1,VALIDATION
7085d26bec154493b77bdd66e3e863cb,3,1,VALIDATION
7260a296cbab4e4aab95fb6fd24266ee,3,1,VALIDATION
72eb0ecd023a418fb1713653eb6afc75,3,1,VALIDATION
72f5dbb473cf453b84f71792b71a5c6a,3,1,VALIDATION
731fde7ae2134d27b1d765a8aac0ff54,3,1,VALIDATION
739265e7626f42b297c363ba2ef9f007,3,1,VALIDATION
73a5587133f34147b834987bf1f0c218,3,1,VALIDATION
73bcadb7201e427fbe96fc11abcd3b42,3,1,VALIDATION
74bb73eca3134c55b4260961770eeb07,3,1,VALIDATION
7540e9cdfc654e1391558f5125e9a6e5,3,1,VALIDATION
7625596dab724911869e54579f4fd9d4,3,1,VALIDATION
768694b934864218b8f8b706084e6bdf,6,0,VALIDATION
76892c15920f44ce932621343d1a8225,3,1,VALIDATION
76bef5e405da45dd856dce354d9f59b3,3,1,VALIDATION
76e809c460984c7e8bd0990d5635dbb9,4,1,VALIDATION
7804fc01574a4a4daa546d253d2eddb3,3,1,VALIDATION
7929f66e503f4cebb4a57fd69097b941,3,1,VALIDATION
7a50a1b8e42b411f99b9ba39c3386062,3,1,VALIDATION
7a61aefab2b14f85a5c47cc7f29ad93f,3,1,VALIDATION
7ad3c37c844341f6991f0c5c47dae639,6,0,VALIDATION
7b0d58dfaec840b89535e7280c3e4e13,3,1,VALIDATION
7b45c5ba3080452aaa0878196b078dd1,3,1,VALIDATION
7daf38bdf9ba42e9b1f4ebe94c709127,3,1,VALIDATION
7df9354a01a1454dae537918d37e1df3,3,1,VALIDATION
7f2414d556984e1ba8fedb2c987c6e58,3,1,VALIDATION
7f2dbbe999c44ab38e9fcdd195892f0e,3,1,VALIDATION
7f2e63f9978240afad9d09a21a35be47,3,1,VALIDATION
804b0991f4c64393ac3797975c3b4500,3,1,VALIDATION
80878b3cf3a44f2491b8ab2a6164bb7f,3,1,VALIDATION
811a6499bd844091aecd4000549aa060,2,1,VALIDATION
81efb1570e3f4a319cc3c9da82671d9c,3,1,VALIDATION
8222351cc5f7495b9831559c3443ad39,3,1,VALIDATION
8232cbae6e8d43d2a3aee71b4b91d641,3,1,VALIDATION
82e3ba97f51547faa82e7de96a3890d7,3,1,VALIDATION
82e58d376ae34b248f656829ec6a4bfb,3,1,VALIDATION
83536fbc166e4d74852424da530263cf,3,1,VALIDATION
8382d49e32164cc0b513ce23c6949c04,6,0,VALIDATION
84f2e3799eec4a70bbb774caa9b5689a,3,1,VALIDATION
85160e6d5d3b478183ffdedde1d4501b,3,1,VALIDATION
8705850e4495401f821e13f85330f483,3,1,VALIDATION
8763644471db47ac9c4b31687fac29ac,3,1,VALIDATION
879027622f8a44058027090448ab8537,3,1,VALIDATION
8949291cf09b48678a05ad7b62b637f3,3,1,VALIDATION
89dad8d504b24d7eb265baab1e707f1b,3,1,VALIDATION
8ad551a8f89f4aa8b3f47fe21376db4d,3,1,VALIDATION
8b124883c4e34fec807c3304802284f7,3,1,VALIDATION
8bb09cfa9e6043c0a204ae7c78628068,3,1,VALIDATION
8be8a9c6fb3349b2ba96c2c1899c4543,3,1,VALIDATION
8c6dfe46b3f3469ebdd3a9df56e0e41a,3,1,VALIDATION
8db2af2ddcb24bf383048254d510d7b0,3,1,VALIDATION
8e2abb2a02bc426bbcf720a6f9639299,3,1,VALIDATION
8e537dd758dc49ddb7ab254ef90cc773,3,1,VALIDATION
8e7050c34bcb4959a6ac990a7e16268e,3,1,VALIDATION
8e920bc409a6462998c25f6464ce8eca,3,1,VALIDATION
8f23ef37172f406fb541a2d4c2dcc66d,3,1,VALIDATION
8f40edfc1c03419e9b3cfe7671eb8a01,3,1,VALIDATION
90a5386fea9d413f8c6b5e52f82171d4,3,1,VALIDATION
90b298248176418882e2d30576e171fb,3,1,VALIDATION
90b48d34e4234b00a821721a1311480a,3,1,VALIDATION
9167c8525ef34d30a928a47dc55ec951,3,1,VALIDATION
9233eabd4c9b4f0b81fd4a208fefbb6f,3,1,VALIDATION
92e0f2faba1a40a78cb5953b8a785086,3,1,VALIDATION
92f01f36bd144314ad7435f847182985,3,1,VALIDATION
93bcc86bd17147abaa894187b3fd0f7d,3,1,VALIDATION
941721d63b404bb99044bdb0f3048b2c,3,1,VALIDATION
94ee7c3037de48159d016b3d6434fdc7,3,1,VALIDATION
95485d8b737845948bd0719cd6b9a4a0,3,1,VALIDATION
95b1b7cda9e845359cea6f0308420f59,3,1,VALIDATION
95b8f088bf5a4b3f88c0ad2e47b98e45,3,1,VALIDATION
96a0334b7245411384556940224aa049,4,1,VALIDATION
979fc8fb5afe4a99a91fbeb4c6274ed5,3,1,VALIDATION
97f0afb6d8484bd2859fac4b791afabd,6,0,VALIDATION
98db8d5245dc46118c2d7a7b393dd864,3,1,VALIDATION
99142685d60a46dab11a4aa6d3a4e3d0,3,1,VALIDATION
99f570e1504e4eb78b6c198adbca6c98,4,1,VALIDATION
9a0d04a94e7a42f99c32a2b3a7a9e47d,3,1,VALIDATION
9a1892fe56a34ee097d7f9c8ee4ea32f,3,1,VALIDATION
9aae558cd46947db8020cbfadf4a627d,3,1,VALIDATION
9abb5a1e111a417abd24b189d9a502ab,3,1,VALIDATION
9ac3e0260e49476cbbfe5e30940542d8,3,1,VALIDATION
9b1142d30156460caf8f481cab00baf1,3,1,VALIDATION
9b19cb718e3d4aa4bc4defaea37b12d4,3,1,VALIDATION
9b5de586253a4d90ad1333dcdb56f0b5,3,1,VALIDATION
9b84644e0ea34da495d837fbe1a7cac4,3,1,VALIDATION
9d0f4dca4dd94b81b39a9ac45a5d3d02,3,1,VALIDATION
9d371a7f4d674bee9ecda6b9e98eb9a2,3,1,VALIDATION
9e051ce7b2aa466296895799c12ccd23,3,1,VALIDATION
9ed5f4c3f4d44ec7a1d9ac27bf9b8f30,3,1,VALIDATION
9ef683af9c89446cb0018ade7b83a360,3,1,VALIDATION
9f0d70d38e264d499faafca7d2107140,3,1,VALIDATION
9f537b51e31b41f29335196d0007445e,3,1,VALIDATION
a116d41200fc4eb680f613b751d9f77e,3,1,VALIDATION
a1a5c448a58d4c399ffb768bda5c08bc,6,0,VALIDATION
a2547c8987454cc6822e42e2079ed301,3,1,VALIDATION
a2df7e89eec543478b9114417458c9d8,3,1,VALIDATION
a2f0ece41c99416f9a2f033f244f35d0,3,1,VALIDATION
a2f3b39fbbd3486aa21b9440d8509b07,3,1,VALIDATION
a36250cb15d84befa25371f8d230be79,6,0,VALIDATION
a4b6fde041af48e0a7b4b72924f6d8c7,3,1,VALIDATION
a4fb8338be384c0281fbe8cd1e411e2c,3,1,VALIDATION
a50b41464e0c41ccb2a270c1f7218e55,3,1,VALIDATION
a50d07ada0434445be101016e4fe33c6,1,1,VALIDATION
a534a94f91f145eabae38a9b969e716c,3,1,VALIDATION
a5f514191bef4ef28aa3dadd6dd06673,3,1,VALIDATION
a602780e1f9540a18956096b6f17e084,3,1,VALIDATION
a6ec3b265e1945b68e97c449faa8093c,3,1,VALIDATION
a6f00f4e77aa40d897bb83d9b1039e55,6,0,VALIDATION
a7b6c8946e4d4d6c9ac1cd59e01d863e,3,1,VALIDATION
a7fb1f7ef1774e86943b579e4d9d1d5b,3,1,VALIDATION
a834a359d5184734aa762c3c41e40155,3,1,VALIDATION
a8b920b22671419bb072e7607378f1f9,3,1,VALIDATION
aa424b1fb0284b1f8745bb0d4f5be62f,3,1,VALIDATION
ab6c2285317e494d85a4a23f12fa58e6,3,1,VALIDATION
abe215a032a04840985f97b532bb699c,3,1,VALIDATION
ad6c3c0a81364d7699b0bad769771809,3,1,VALIDATION
adc88a3f9fb34ae79142ba9f12a6f1e1,6,0,VALIDATION
ae63b7466c11440f8e57350c68874924,3,1,VALIDATION
b0ac6896ec12440caf62dc152122d4a3,3,1,VALIDATION
b0ed816c99864b0b8cbac3782a5646f5,3,1,VALIDATION
b13da1846bd3419da7186ab9be41601f,3,1,VALIDATION
b1b035d0a8924bb88b0d759e27c46c9c,3,1,VALIDATION
b1cae3d99b1442ea85e98a364c794de8,3,1,VALIDATION
b1efc666a1c74391b14ea5fb5b071622,3,1,VALIDATION
b229fffecb9a4b8d96d87ad6da9c9aaf,3,1,VALIDATION
b25e6ddaa91f40e9854a0d150294c937,3,1,VALIDATION
b2949dcd07d44f9a94cf4405b5d2902d,3,1,VALIDATION
b3e93fbe0d624486914788d524d13f3f,3,1,VALIDATION
b49adf0a24a04e29989effd1fb727be8,3,1,VALIDATION
b4b3599f82cb4a2b8a528446849423bc,3,1,VALIDATION
b4d3192252c94584b3a69a96fdcc8d18,3,1,VALIDATION
b500e47b56db4db292530fe1367920ae,3,1,VALIDATION
b50e21e2790c4013a21fe06629433a01,3,1,VALIDATION
b514792c400d44f0a0b86fa955321327,3,1,VALIDATION
b557715462e941d59563d4f01f965aac,3,1,VALIDATION
b63ae3e2acc544e9bd78d282c6da2c17,3,1,VALIDATION
b6d30588182c437e8301a45793f42f18,3,1,VALIDATION
b746abac2b234970b13ef35896a1b2a1,3,1,VALIDATION
b9308a7365a44bea8778a29bf1a784dc,3,1,VALIDATION
b95e2665051646a6a6d7b5105a285b08,3,1,VALIDATION
b98f7afc69d442a480815cbdf773fe76,3,1,VALIDATION
ba9e5b8464ad43ef9b4a4ba5532cfe4f,3,1,VALIDATION
babcc9a079d24968bf647d156a5fcef7,3,1,VALIDATION
bb0c39b6e0eb415ba1ae4db44593a6c3,3,1,VALIDATION
bb92ea812401483ea0de767a9a0c13df,3,1,VALIDATION
bba013845985429b980c19cbfb295788,3,1,VALIDATION
bba92cf3043d460eab3c2a7e8d9e2e9c,3,1,VALIDATION
bee5809182e74dc88b2c6c8ad34f4c91,3,1,VALIDATION
bef7182c9f4c4af6ac9bf5478c9bdda4,3,1,VALIDATION
bfa91de0b790434db020d40e5849b391,3,1,VALIDATION
bfaff3f2e77c4e4f926598e0067a6a6f,3,1,VALIDATION
c091d40298844c04bcc0ccb21c796744,3,1,VALIDATION
c0acbd2fe8f1460589a221608fb0f3db,6,0,VALIDATION
c0e874c9bc4c4a45bdafd627aa9b0b72,4,1,VALIDATION
c2394211a6334ab3bc387296adcb07fd,3,1,VALIDATION
c2527ef8782f42eb865bf25b1e2b07f8,3,1,VALIDATION
c2b7222ccdf64c00b01cbf733238ade1,3,1,VALIDATION
c4676b23b4e144e2bf51683437826d15,3,1,VALIDATION
c48807e1d7914963a272e0288d6004ce,3,1,VALIDATION
c4dec526c64b4d848f153ea79b72ae40,3,1,VALIDATION
c53341339c2c430ea8902f7476d1f00f,3,1,VALIDATION
c533f7d48e95441d8b75c43c09e9f931,3,1,VALIDATION
c56a4e0a40614312b58e73ffca2b534b,3,1,VALIDATION
c5f116c34bd54299ac3b3d341cfaab51,1,1,VALIDATION
c634f10b7dab468a96a331555637f05b,3,1,VALIDATION
c6f8d0a0048741a0b7efe332d6c01fef,3,1,VALIDATION
c72071e4789c4c13bcf3fbd80b32e987,6,0,VALIDATION
c76e9b5c674f43cfb0f02361af01a33c,4,1,VALIDATION
c878a2fbcfa24c3b901bf26f88992432,3,1,VALIDATION
c8e83bf756c14fd9a422b5626735b004,3,1,VALIDATION
c95d12bee7c248bc80a87e1b566330ed,3,1,VALIDATION
ca28459647734effa0d517cf4fdd9d37,3,1,VALIDATION
cabe323a714d4f089478bdf627ff5831,3,1,VALIDATION
caf4c4c83da24cdf96391cab853831d8,3,1,VALIDATION
cb2ce0a4650f430ebacbf08f477645e6,3,1,VALIDATION
cb2eeb502edb4b2092316358f465e369,3,1,VALIDATION
cb98a3e808324e6b83a94cb3bb0d212b,3,1,VALIDATION
cce2916b05d44ccc84688cf0e40d2054,6,0,VALIDATION
cd5b861f7a4649e0898c98e6369c8cce,3,1,VALIDATION
cd6bff736ef4465cb3bb66ab30142916,3,1,VALIDATION
ce097becb26847d9b01b45deb056a34e,3,1,VALIDATION
ce103bd288624bc7bd730d9229753ea8,3,1,VALIDATION
ce48dfec226c4f5c96b6be42454b5417,3,1,VALIDATION
cec8bb53b46a4959932f716056855b9c,4,1,VALIDATION
cfa56d8a6e2f491ba5274a49ea289f1c,3,1,VALIDATION
d16b9b6b53b447019d678274568bfaa1,3,1,VALIDATION
d1b3d9197fbb462eb16e89af0bae29c9,3,1,VALIDATION
d2044525f5404482996e90b5284bb0a6,3,1,VALIDATION
d2366a33b0404a3b93f7f05cd7934c04,3,1,VALIDATION
d3390c5088504b91887df3d325cab1f9,3,1,VALIDATION
d36ad3df7bb8424c83e91ac8f7a6324f,3,1,VALIDATION
d49c7095cc2e4ab9a6ad4ef0581fe11f,4,1,VALIDATION
d4f6525711fe4febbc67f78716746075,3,1,VALIDATION
d50ca4b9555f4113988a4828cfcb011e,3,1,VALIDATION
d5e21a60fe5e4eaca4937c407b8d8bd6,3,1,VALIDATION
d74b1447bf9c4e8f885a9f85d3cbcc1e,3,1,VALIDATION
d78a75b0cf724f2bb27c0783eda0d012,3,1,VALIDATION
d92c3a8ace464a9f92c65f5c5a5677f0,3,1,VALIDATION
d93dcb932ce941b9a173948b228097cf,3,1,VALIDATION
d93fd87a79d9411e8bbe5b2de5c7b79d,4,1,VALIDATION
da31cce917c54fdc9fd58aa3317a32a5,3,1,VALIDATION
da623f77fb614a429016204e23df6fb8,3,1,VALIDATION
da87fa3ba0f945b3a526ad52bbaae5a8,3,1,VALIDATION
da8af5408cc04474beffbdaf19f007dc,3,1,VALIDATION
da976195ead9405fab7b8bed25510a9d,3,1,VALIDATION
db2b3b39d1614654a3b86bb929b75ff1,3,1,VALIDATION
dc47a9fd006a4de8aeff0b7fd77634d4,3,1,VALIDATION
dcbe67e6225641b8ae80341d62d2768a,3,1,VALIDATION
dcec75cf20914891b3580cf1585581d4,3,1,VALIDATION
dcf82e0805524055bda81ed511fe4119,3,1,VALIDATION
dd0219b7701246948f3b4864c8ffe40b,3,1,VALIDATION
deb86c0dcdf645bc8085138179e1b627,3,1,VALIDATION
decbb12c87334420a6d3ea099c2022c7,3,1,VALIDATION
deed3a57f0e94dc2bac517f482013b98,3,1,VALIDATION
df13605fdc03433a8e6d8eb40316c34d,3,1,VALIDATION
df99cabbb4c346b68a332e12e74268b2,4,1,VALIDATION
dfdca031efc34910be8f7393b687a5a2,3,1,VALIDATION
e0ca83615a49437d84f736e0d56676c6,3,1,VALIDATION
e0f036985d2345008bf10897eed625f1,3,1,VALIDATION
e19472a1d4ec4078a83d6fe134476a54,3,1,VALIDATION
e1adff51df8948848020425e5e236823,3,1,VALIDATION
e1cd1841b44a4dc48a6035f1ac713851,3,1,VALIDATION
e1fd81839c094c1cb02e7c6cc4459035,3,1,VALIDATION
e21366672d9c4a0c81cfd9cc165d32fc,3,1,VALIDATION
e3f8f93610e7469baa0926a0de90e6a5,3,1,VALIDATION
e4619c49a3a944e186ecd24bb92de695,3,1,VALIDATION
e4d8c2fb61da4eb3a7b1d840799f17e2,3,1,VALIDATION
e545464b4f924d148223bdea17bfaf75,3,1,VALIDATION
e54cad1b45e54df89238f4686d85d8fd,3,1,VALIDATION
e7aff514925a4299b3c3f7705f03a524,4,1,VALIDATION
e8b4fde771e3489fa81d9abc6b5da33f,3,1,VALIDATION
e93455eed03d42889cf4ef739ff7309d,3,1,VALIDATION
e9987d6599e8463a81726a8f9aed6b94,3,1,VALIDATION
ea2b81e0932f4d7a8147b394bcc06905,4,1,VALIDATION
eac79e9a72414022a2953591ec756610,3,1,VALIDATION
ec0ad5b77a7a4fbe8d112c5b12cc8a1b,3,1,VALIDATION
ec2d3315e4d84987a8a9c4a6edaf3776,3,1,VALIDATION
ec40348aeeec4830a9a47e13d1c1c3ac,3,1,VALIDATION
ecb33a23f90b47fe8ee1dfe3e4d5f0df,6,0,VALIDATION
ed6b4b9e1a8a43b5821f35524af80ebf,3,1,VALIDATION
ee18b9aa12e0495a8dfdfc6e38bc4d4a,4,1,VALIDATION
ee8f21a83bd148efbe67e37ca3c380c9,3,1,VALIDATION
efaf82ae0fe541418062d35d78902786,3,1,VALIDATION
efee55a3bac8453cad1ca0f223481da7,3,1,VALIDATION
f030576562644733b515a3261d540f25,3,1,VALIDATION
f09e8ea2fdb04b4cb0f7bc671e040de3,6,0,VALIDATION
f0b12050b35145ecb438d105ae1f2fe3,3,1,VALIDATION
f17b43f29d3b47c2803b64300287db96,3,1,VALIDATION
f214a29403e041ddbf227a0147bd2d63,4,1,VALIDATION
f217ce98c1d648a7a41590c08ecbb617,3,1,VALIDATION
f27e94edc65c4b85bb39ea9f249311ef,3,1,VALIDATION
f3188921765844b1afcd10ee9dcd71b8,3,1,VALIDATION
f32dccfb6e424e8e8fdd76d8c94e5bc1,3,1,VALIDATION
f44583ae9deb4203a3370fd40271c811,3,1,VALIDATION
f510670c0a0c4761bbdc1acf9c074f91,3,1,VALIDATION
f5ca2e0c5c624396b42eab88938e0307,3,1,VALIDATION
f5d247e0302c40be91149138359815db,3,1,VALIDATION
f6c596e891c74d3896dbe3048185d5cf,3,1,VALIDATION
f6d39fc641304f12a340a7dad1f73675,3,1,VALIDATION
f9c869804b2546f8b3c3074f4b491589,3,1,VALIDATION
fa2eb2fb98a044909e613df5465b38c8,3,1,VALIDATION
fa88c218270047f6b3c1fec4530081db,3,1,VALIDATION
fab95709684f4647807bb961ef21d745,3,1,VALIDATION
fd12f44a06a9459ca05b2e8a3975e634,3,1,VALIDATION
fdd8c2c78bf641fd94dba350318ab457,3,1,VALIDATION
fdda6d5b0e234966b6046182ac0a7750,4,1,VALIDATION
fe748124a8f24f77b30affdf18f32535,3,1,VALIDATION
ffa2c032bbd7419ca83f6303c08d3de0,6,0,VALIDATION
