filename,label,is_anomaly,role,score,p_value,threshold,pred,decision
0017618f77bc4dcfb36823422bd3d04c,3,1,TEST,0.0002894245,0.021739130434782608,9.72116831690073e-05,1,ANOMALY
001e80f214374b349cecef0c8e55d815,3,1,TEST,0.00021677442,0.021739130434782608,9.72116831690073e-05,1,ANOMALY
00334015d6c44dfd99410c2de4983cec,3,1,TEST,0.00057782285,0.021739130434782608,9.72116831690073e-05,1,ANOMALY
0050872905864bcda3f2d54b558b7fe2,3,1,TEST,0.00023417009,0.021739130434782608,9.72116831690073e-05,1,ANOMALY
005a94546c4e49b2be003722642f9430,3,1,TEST,0.00035671022,0.021739130434782608,9.72116831690073e-05,1,ANOMALY
005f21b91b53404097f1c111e144889d,3,1,TEST,0.00028073823,0.021739130434782608,9.72116831690073e-05,1,ANOMALY
007184cb72454f63b3fccd5024bd9b0f,4,1,TEST,0.00026083324,0.021739130434782608,9.72116831690073e-05,1,ANOMALY
0078be63a1244399b4013c89a9ab54c0,3,1,TEST,0.00029407826,0.021739130434782608,9.72116831690073e-05,1,ANOMALY
008887b21db0436eb5e2d4ef974198f1,3,1,TEST,0.00023720016,0.021739130434782608,9.72116831690073e-05,1,ANOMALY
0092cdbb2c29411ca564fe1fc1002dff,3,1,TEST,0.00021148528,0.021739130434782608,9.72116831690073e-05,1,ANOMALY
00990a9676434e83800749dd727d14ef,3,1,TEST,0.00028700606,0.021739130434782608,9.72116831690073e-05,1,ANOMALY
00a7233a4d564357844d59b7b38aa85a,3,1,TEST,0.0002260897,0.021739130434782608,9.72116831690073e-05,1,ANOMALY
00d9ab943ec6421ebcc94138e67aa404,4,1,TEST,0.00077411364,0.021739130434782608,9.72116831690073e-05,1,ANOMALY
00efadfd4aaf489ab4a9dda876e5ae5e,3,1,TEST,0.00019797724,0.021739130434782608,9.72116831690073e-05,1,ANOMALY
00fd7753e29f48539b35dd5741305597,3,1,TEST,0.00039068417,0.021739130434782608,9.72116831690073e-05,1,ANOMALY
010cc0a8e2da4ec08991d00a69fb2b9e,4,1,TEST,0.0014374694,0.021739130434782608,9.72116831690073e-05,1,ANOMALY
010d0fafffc84c43b8f3be5ee9c723a2,3,1,TEST,0.00020125107,0.021739130434782608,9.72116831690073e-05,1,ANOMALY
01160b7293e54a2aa4afb7684758023f,3,1,TEST,0.0002632329,0.021739130434782608,9.72116831690073e-05,1,ANOMALY
0127216fd90547e6a9abe484b4fe9531,3,1,TEST,0.00019931377,0.021739130434782608,9.72116831690073e-05,1,ANOMALY
0135cd16ac2f41b1a9a932d5d1255313,4,1,TEST,0.0018104771,0.021739130434782608,9.72116831690073e-05,1,ANOMALY
014709f9f9324bb98d1b6665ee5cbc69,3,1,TEST,0.00040256872,0.021739130434782608,9.72116831690073e-05,1,ANOMALY
016215bb34a34dd4a87b61e59a70a00a,3,1,TEST,0.00025378904,0.021739130434782608,9.72116831690073e-05,1,ANOMALY
016da4dd6d574eb3bb636e97a708b85f,3,1,TEST,0.00020353394,0.021739130434782608,9.72116831690073e-05,1,ANOMALY
0179dfa17f4943abbea2184d18a0a277,3,1,TEST,0.00025937898,0.021739130434782608,9.72116831690073e-05,1,ANOMALY
018adb945ea34603bf28da457150815a,4,1,TEST,0.0032607086,0.021739130434782608,9.72116831690073e-05,1,ANOMALY
01c4ab6c450f4dc1a4b282ddf2d7cc77,3,1,TEST,0.00017061637,0.021739130434782608,9.72116831690073e-05,1,ANOMALY
01c5ea6e5fce4c0cbbeaf4ee2d731af8,3,1,TEST,0.00025504455,0.021739130434782608,9.72116831690073e-05,1,ANOMALY
01cec6c75ccf48378d01b038d5e34a5b,3,1,TEST,0.00014698092,0.021739130434782608,9.72116831690073e-05,1,ANOMALY
01f8dcf2ba104e56ae47df6ba50f6cd9,3,1,TEST,0.00021201567,0.021739130434782608,9.72116831690073e-05,1,ANOMALY
02068945c63c480383a96a2fe217566c,3,1,TEST,0.00023999359,0.021739130434782608,9.72116831690073e-05,1,ANOMALY
0230fe7f891f4862b492299719cd408e,3,1,TEST,0.00028989173,0.021739130434782608,9.72116831690073e-05,1,ANOMALY
024941bf3b384906af07865223caf327,4,1,TEST,0.0005548046,0.021739130434782608,9.72116831690073e-05,1,ANOMALY
024f3583ec7d4a9b8dd7dcc59fd04b41,3,1,TEST,0.0003070875,0.021739130434782608,9.72116831690073e-05,1,ANOMALY
024fc42dbf2c4a3ab3c1a41bca780acb,3,1,TEST,0.00017996956,0.021739130434782608,9.72116831690073e-05,1,ANOMALY
02611b4294234d37ac2e369cfb807449,3,1,TEST,0.00027612085,0.021739130434782608,9.72116831690073e-05,1,ANOMALY
0284868bdb954147ae3d5e464aa12d2f,4,1,TEST,0.00037942897,0.021739130434782608,9.72116831690073e-05,1,ANOMALY
02a5158209594159bd91115b93432e54,3,1,TEST,0.00021251624,0.021739130434782608,9.72116831690073e-05,1,ANOMALY
02aa3a52ace543fea5611a6eff6b397e,3,1,TEST,0.0003463677,0.021739130434782608,9.72116831690073e-05,1,ANOMALY
02c088b6d2ff484e822a22d4a0e9e220,3,1,TEST,0.00030767324,0.021739130434782608,9.72116831690073e-05,1,ANOMALY
02caa4e7e23841378d76292a6ebdc0d2,4,1,TEST,0.0006821622,0.021739130434782608,9.72116831690073e-05,1,ANOMALY
02d63786ccf14b7283c9059aa0f00afc,3,1,TEST,0.00031111774,0.021739130434782608,9.72116831690073e-05,1,ANOMALY
02efa163c5cd4ad681ce317ad38beccb,3,1,TEST,0.0001911665,0.021739130434782608,9.72116831690073e-05,1,ANOMALY
02fe4602bc474f3d8be9cd401f67069d,3,1,TEST,0.0002693411,0.021739130434782608,9.72116831690073e-05,1,ANOMALY
030f86dca2eb4fc08219ab0ec8514404,3,1,TEST,0.00025728464,0.021739130434782608,9.72116831690073e-05,1,ANOMALY
03198207516b45e9868dd8f9fd85470c,3,1,TEST,0.00026191527,0.021739130434782608,9.72116831690073e-05,1,ANOMALY
03252083999f47ee9fbdaf5f8ec9fe1e,3,1,TEST,0.00027363273,0.021739130434782608,9.72116831690073e-05,1,ANOMALY
0327e8dae6c84a4698aedfe0d16ec14e,3,1,TEST,0.00023048055,0.021739130434782608,9.72116831690073e-05,1,ANOMALY
033efc15f6e044408a766a62a45f1202,3,1,TEST,0.00014144063,0.021739130434782608,9.72116831690073e-05,1,ANOMALY
03494e039521418889c9eb2f3c010e28,3,1,TEST,0.00016549786,0.021739130434782608,9.72116831690073e-05,1,ANOMALY
0349e1e221634578ad1fe0e1765c4ee2,3,1,TEST,0.0003068021,0.021739130434782608,9.72116831690073e-05,1,ANOMALY
034c8ff787644969a8f3076335681123,3,1,TEST,0.0002841113,0.021739130434782608,9.72116831690073e-05,1,ANOMALY
035200200a724dd591f029ceb803d7f6,3,1,TEST,0.00024299418,0.021739130434782608,9.72116831690073e-05,1,ANOMALY
036e2b0329c64350b9ddc6af5816ebb0,3,1,TEST,0.00013805258,0.021739130434782608,9.72116831690073e-05,1,ANOMALY
038ece40c1c242ac8d7519a8f5b40984,3,1,TEST,0.00027377845,0.021739130434782608,9.72116831690073e-05,1,ANOMALY
03c6cc4001fe4d1e8e5cf08970a21e07,3,1,TEST,0.000254035,0.021739130434782608,9.72116831690073e-05,1,ANOMALY
03de663cecd442b5b5cc9e29c386622c,3,1,TEST,0.00014593141,0.021739130434782608,9.72116831690073e-05,1,ANOMALY
0400305a6b014c3a9ddd60db68dfb948,3,1,TEST,0.00018964833,0.021739130434782608,9.72116831690073e-05,1,ANOMALY
0402ae265f994265b80badd27f634e36,3,1,TEST,0.00015343743,0.021739130434782608,9.72116831690073e-05,1,ANOMALY
0433ed536ca14499aa7ba2fa3c63425f,3,1,TEST,0.00020313544,0.021739130434782608,9.72116831690073e-05,1,ANOMALY
044e34c2b23e42919679a6011421ad1b,4,1,TEST,0.0007928486,0.021739130434782608,9.72116831690073e-05,1,ANOMALY
046054e7c2f840c593e4a7985a373fa7,3,1,TEST,0.0003002723,0.021739130434782608,9.72116831690073e-05,1,ANOMALY
0461a2b370c94036adb46d455a445e10,3,1,TEST,0.00035519613,0.021739130434782608,9.72116831690073e-05,1,ANOMALY
04740734eb6d43b5b56070c8b5513152,3,1,TEST,0.00014655817,0.021739130434782608,9.72116831690073e-05,1,ANOMALY
0489ae223d6e42f6afb3ea6947eac537,3,1,TEST,0.00034387672,0.021739130434782608,9.72116831690073e-05,1,ANOMALY
049dfa9045584e5f93528c331e1fbac6,3,1,TEST,0.00021030358,0.021739130434782608,9.72116831690073e-05,1,ANOMALY
04cf59066c2b43aabb3632a7332b3b1d,3,1,TEST,0.00024801475,0.021739130434782608,9.72116831690073e-05,1,ANOMALY
04d6a4759e46422b94e59a42e7100be2,3,1,TEST,0.00016540274,0.021739130434782608,9.72116831690073e-05,1,ANOMALY
04de82bc978e4beb84155707267248e6,3,1,TEST,0.00020451908,0.021739130434782608,9.72116831690073e-05,1,ANOMALY
05117d65415b41d693959900de5cf93f,3,1,TEST,0.0003192286,0.021739130434782608,9.72116831690073e-05,1,ANOMALY
0516838c873848bf8535d8008ac2f79a,3,1,TEST,0.0002484973,0.021739130434782608,9.72116831690073e-05,1,ANOMALY
054a0649c9c841c18e48720c142ec562,3,1,TEST,0.0003484265,0.021739130434782608,9.72116831690073e-05,1,ANOMALY
055527320a094347b4cb2818b82c463b,3,1,TEST,0.00021387251,0.021739130434782608,9.72116831690073e-05,1,ANOMALY
056d364a9efc44ea961323197dd02c04,3,1,TEST,0.00025292463,0.021739130434782608,9.72116831690073e-05,1,ANOMALY
056fb85d53a040d99ab6b66ebacde194,3,1,TEST,0.00022243621,0.021739130434782608,9.72116831690073e-05,1,ANOMALY
058f51721f8d4830888c8ad8bd3d24bc,3,1,TEST,0.00039302255,0.021739130434782608,9.72116831690073e-05,1,ANOMALY
05940865eda84a3f8d77a7b7780145ae,3,1,TEST,0.0001323213,0.021739130434782608,9.72116831690073e-05,1,ANOMALY
05b3ae8884a941cdaf413f9fa9e78362,3,1,TEST,0.00041521038,0.021739130434782608,9.72116831690073e-05,1,ANOMALY
05bbde707aa347799b48e7f91bbef1c0,3,1,TEST,0.00024889514,0.021739130434782608,9.72116831690073e-05,1,ANOMALY
05bd10a5ee0a4b92abeaeddbfcd1f6ff,3,1,TEST,0.00038772364,0.021739130434782608,9.72116831690073e-05,1,ANOMALY
05d028ebc2984ccdbe7ff253611bde58,3,1,TEST,0.00020051215,0.021739130434782608,9.72116831690073e-05,1,ANOMALY
05ddc66c5379472a8950244c0b36579f,3,1,TEST,0.00038184563,0.021739130434782608,9.72116831690073e-05,1,ANOMALY
05ed6f9136b84406b9dda2458d08a679,3,1,TEST,0.00031759823,0.021739130434782608,9.72116831690073e-05,1,ANOMALY
0603ebc402fc4b1d8f62260733e7422a,3,1,TEST,0.0005014116,0.021739130434782608,9.72116831690073e-05,1,ANOMALY
0605e337b73846b29e06331619c84e64,3,1,TEST,0.00034564687,0.021739130434782608,9.72116831690073e-05,1,ANOMALY
061c2ddbc5fb460d805ab59c27d98fe2,3,1,TEST,0.0002244791,0.021739130434782608,9.72116831690073e-05,1,ANOMALY
063e2226efd94fda9aae34e62c410db7,3,1,TEST,0.00019703031,0.021739130434782608,9.72116831690073e-05,1,ANOMALY
066175ba993a43bf84007494066c3565,1,1,TEST,0.00022457355,0.021739130434782608,9.72116831690073e-05,1,ANOMALY
067616dba473488c91e91aac4c33e7aa,3,1,TEST,0.00018133648,0.021739130434782608,9.72116831690073e-05,1,ANOMALY
06a3125e34e2439bbd2f29a556ed83d5,3,1,TEST,0.00036719724,0.021739130434782608,9.72116831690073e-05,1,ANOMALY
06c0ca868a9a4fce93afdbaa3dadce50,1,1,TEST,0.00040602498,0.021739130434782608,9.72116831690073e-05,1,ANOMALY
06d3754750804bd888f3ba5d16bb35d9,3,1,TEST,0.00030009367,0.021739130434782608,9.72116831690073e-05,1,ANOMALY
06dadc07d14c47119617507e3955017a,3,1,TEST,0.0004094182,0.021739130434782608,9.72116831690073e-05,1,ANOMALY
06e85c68289241cb98b554c12dfc69b9,3,1,TEST,0.00017186694,0.021739130434782608,9.72116831690073e-05,1,ANOMALY
06eeb779fc0840feb098ebf6e55af2bd,3,1,TEST,0.00038053945,0.021739130434782608,9.72116831690073e-05,1,ANOMALY
06f097ea68dc4a7cb20f5dab49e98cc3,3,1,TEST,0.00023122222,0.021739130434782608,9.72116831690073e-05,1,ANOMALY
0709e11172b8446cb121de2bafadd893,3,1,TEST,0.0003859147,0.021739130434782608,9.72116831690073e-05,1,ANOMALY
07141c802cf04755b2383904f26bfe29,3,1,TEST,0.00039204868,0.021739130434782608,9.72116831690073e-05,1,ANOMALY
073b4f30fe004331a16eefc5636245d3,3,1,TEST,0.00023125854,0.021739130434782608,9.72116831690073e-05,1,ANOMALY
0748306400b64488a3c33530e17c81dd,3,1,TEST,0.0002695399,0.021739130434782608,9.72116831690073e-05,1,ANOMALY
07547749fb43437e9557eae222ac2ce8,3,1,TEST,0.00027410375,0.021739130434782608,9.72116831690073e-05,1,ANOMALY
075f6d3c830346dca328d2fa57b13aac,3,1,TEST,0.00039304665,0.021739130434782608,9.72116831690073e-05,1,ANOMALY
0781da226c12415ea2302b3eae02c430,3,1,TEST,0.00030324323,0.021739130434782608,9.72116831690073e-05,1,ANOMALY
079507b4b51b428180afba3051cf6f6e,3,1,TEST,0.00028283463,0.021739130434782608,9.72116831690073e-05,1,ANOMALY
07a7a3d049694efdb69d6b37f8600d46,4,1,TEST,0.0006366073,0.021739130434782608,9.72116831690073e-05,1,ANOMALY
07afbdc458484337a8bec1b2471d6fff,3,1,TEST,0.00046010144,0.021739130434782608,9.72116831690073e-05,1,ANOMALY
07e09dfb76b8443e83b60d504fd4d9c0,3,1,TEST,0.0003485919,0.021739130434782608,9.72116831690073e-05,1,ANOMALY
07e9727f53d34a91ad0147b1056e82f4,3,1,TEST,0.00024683733,0.021739130434782608,9.72116831690073e-05,1,ANOMALY
084bd7653e12416aa2ec83add79e98b1,3,1,TEST,0.0001429032,0.021739130434782608,9.72116831690073e-05,1,ANOMALY
085dad8e2acd48dd86d43afcfbe51174,3,1,TEST,0.0044361823,0.021739130434782608,9.72116831690073e-05,1,ANOMALY
085ef3019b904cb0bc7e08a35f1d176c,3,1,TEST,0.00021634693,0.021739130434782608,9.72116831690073e-05,1,ANOMALY
08641450315a43b996ea3e8d02f4b8f5,3,1,TEST,0.0001256287,0.021739130434782608,9.72116831690073e-05,1,ANOMALY
0865b12a41a6491083c69fe5c8c755f3,3,1,TEST,0.00038243478,0.021739130434782608,9.72116831690073e-05,1,ANOMALY
0869d6657d134ecf89bb7b41cd6d75f6,3,1,TEST,0.00020779468,0.021739130434782608,9.72116831690073e-05,1,ANOMALY
087d076579fe448aa63134c17668d194,3,1,TEST,0.00025933917,0.021739130434782608,9.72116831690073e-05,1,ANOMALY
088a3122ea68490a95b32037325b3cfd,3,1,TEST,0.00031376356,0.021739130434782608,9.72116831690073e-05,1,ANOMALY
088c67c954914ac4899ef4fbb2371bcb,3,1,TEST,0.00023165916,0.021739130434782608,9.72116831690073e-05,1,ANOMALY
08978e0a0ecd469c8f84dfa69fa3dad3,3,1,TEST,0.00028359992,0.021739130434782608,9.72116831690073e-05,1,ANOMALY
08a68b550acc4a17bc65e2cf7c7ffa79,3,1,TEST,0.00029836077,0.021739130434782608,9.72116831690073e-05,1,ANOMALY
08afd2766abb4bdabc7ccc82ee87bfe5,3,1,TEST,0.00022322733,0.021739130434782608,9.72116831690073e-05,1,ANOMALY
08bf19e64a2d4194b05512ff6b22f42d,4,1,TEST,0.0006865081,0.021739130434782608,9.72116831690073e-05,1,ANOMALY
08c553efd9ca424aba0bbe35e79bbe52,3,1,TEST,0.00027006067,0.021739130434782608,9.72116831690073e-05,1,ANOMALY
08d6aad123fc4acbac8a44ee35781194,4,1,TEST,0.00064130215,0.021739130434782608,9.72116831690073e-05,1,ANOMALY
08dc00e7515c40bfa66615a7d3bf1be1,3,1,TEST,0.00015108929,0.021739130434782608,9.72116831690073e-05,1,ANOMALY
08e9f7c930cc413487e64bfbde3339a4,3,1,TEST,0.00036764902,0.021739130434782608,9.72116831690073e-05,1,ANOMALY
091ba66735114361a9b8dd2fa546d90a,3,1,TEST,0.00021033811,0.021739130434782608,9.72116831690073e-05,1,ANOMALY
092cc0e90a044fdeb27a57f612016297,3,1,TEST,0.0003107265,0.021739130434782608,9.72116831690073e-05,1,ANOMALY
0937869153dd4c5d92de18f88bf08f88,3,1,TEST,0.0002694168,0.021739130434782608,9.72116831690073e-05,1,ANOMALY
0937b40ec3154e57960edb8a0ee69593,3,1,TEST,0.00022244925,0.021739130434782608,9.72116831690073e-05,1,ANOMALY
093a6884654e453d92d57234fc6762e0,6,0,TEST,3.0221461e-05,1.0,9.72116831690073e-05,0,REFERENCE
09425b72c50f4a17b707c5169225509d,3,1,TEST,0.00024269948,0.021739130434782608,9.72116831690073e-05,1,ANOMALY
0958b39ac0ea4869833d76d1e21708d1,3,1,TEST,0.00015639956,0.021739130434782608,9.72116831690073e-05,1,ANOMALY
0966b9b7ecb64e7da7d2ca6d5d804be6,3,1,TEST,0.00022976208,0.021739130434782608,9.72116831690073e-05,1,ANOMALY
097c7d9128fe451485a1a70421440f53,3,1,TEST,0.00039953366,0.021739130434782608,9.72116831690073e-05,1,ANOMALY
09a2630d36144610ac1e16e0a8c56a04,3,1,TEST,0.00018538084,0.021739130434782608,9.72116831690073e-05,1,ANOMALY
09c500a1cf114abea3bdb2198c7ca4b7,3,1,TEST,0.00035186933,0.021739130434782608,9.72116831690073e-05,1,ANOMALY
09d0cca6b30a4def8bbf7df30692bb54,3,1,TEST,0.00029089308,0.021739130434782608,9.72116831690073e-05,1,ANOMALY
09de02ecde64405c926be189365b158f,3,1,TEST,0.00022219346,0.021739130434782608,9.72116831690073e-05,1,ANOMALY
09e37a6c371c49d7a5c6c7e11832422a,3,1,TEST,0.00024543446,0.021739130434782608,9.72116831690073e-05,1,ANOMALY
09f6e32bcb364aa7b05667ad72a55449,3,1,TEST,0.0008848961,0.021739130434782608,9.72116831690073e-05,1,ANOMALY
0a021a4d22ed4103b1c87374f989516f,3,1,TEST,0.00030729183,0.021739130434782608,9.72116831690073e-05,1,ANOMALY
0a17b93c1af242e2aae1c99514d06568,3,1,TEST,0.00020786595,0.021739130434782608,9.72116831690073e-05,1,ANOMALY
0a3a985ba39b47599d9056430a42ffba,3,1,TEST,0.00021906316,0.021739130434782608,9.72116831690073e-05,1,ANOMALY
0a5217a9983043f19128581103bbd373,3,1,TEST,0.0003574792,0.021739130434782608,9.72116831690073e-05,1,ANOMALY
0a54da74e6ad4cbdb96c9666313bdf44,3,1,TEST,0.00027180585,0.021739130434782608,9.72116831690073e-05,1,ANOMALY
0ac4be62144243a58bcadac91f1967d4,3,1,TEST,0.0003565469,0.021739130434782608,9.72116831690073e-05,1,ANOMALY
0ae9c630ae984932aad40b00cd2745e4,3,1,TEST,0.00022913067,0.021739130434782608,9.72116831690073e-05,1,ANOMALY
0af2b3c49f7d458fa6cb549c2bc8f100,3,1,TEST,0.0004304377,0.021739130434782608,9.72116831690073e-05,1,ANOMALY
0aff092f935b46538e047804b888c334,3,1,TEST,0.0002855078,0.021739130434782608,9.72116831690073e-05,1,ANOMALY
0b01cd947cc248cbb96fca43862de78d,3,1,TEST,0.000244961,0.021739130434782608,9.72116831690073e-05,1,ANOMALY
0b792dca92ce428195960fa639d59c38,3,1,TEST,0.00020455447,0.021739130434782608,9.72116831690073e-05,1,ANOMALY
0b891f68fa4f4dbd9c79dc352a1a855e,3,1,TEST,0.00013821383,0.021739130434782608,9.72116831690073e-05,1,ANOMALY
0b95b109a902492c83ba1a7b470fa5b5,3,1,TEST,0.00020045474,0.021739130434782608,9.72116831690073e-05,1,ANOMALY
0bad0ad7639042d789a0ce582125d634,3,1,TEST,0.00024220004,0.021739130434782608,9.72116831690073e-05,1,ANOMALY
0bc9ec41bdf24069b204ef2ce4211198,3,1,TEST,0.00046914196,0.021739130434782608,9.72116831690073e-05,1,ANOMALY
0bd3a38027524533abff698f08395712,3,1,TEST,0.0002843358,0.021739130434782608,9.72116831690073e-05,1,ANOMALY
0be66c6958fa4d7499d4235dc84a719e,3,1,TEST,0.0003445547,0.021739130434782608,9.72116831690073e-05,1,ANOMALY
0be84ecb837a460f83a23ee69f9affda,3,1,TEST,0.00025015016,0.021739130434782608,9.72116831690073e-05,1,ANOMALY
0bfd6ece10cd4f8cbc91d94e1686203f,3,1,TEST,0.00034002645,0.021739130434782608,9.72116831690073e-05,1,ANOMALY
0c0d65a9284e4ecdb97a069d1ac19a7a,3,1,TEST,0.0003309572,0.021739130434782608,9.72116831690073e-05,1,ANOMALY
0c14d67fac4142f089b248d3b7440bb1,3,1,TEST,0.00038565765,0.021739130434782608,9.72116831690073e-05,1,ANOMALY
0c1e58b33b0a41de9addb19c23c5dc59,3,1,TEST,0.00023886884,0.021739130434782608,9.72116831690073e-05,1,ANOMALY
0c2a9a0aacbc42dcbaaf71b151f782da,3,1,TEST,0.00035413395,0.021739130434782608,9.72116831690073e-05,1,ANOMALY
0c71ae257cda44a69ba24f81e94b8274,3,1,TEST,0.00020447047,0.021739130434782608,9.72116831690073e-05,1,ANOMALY
0c832a7a171a466f9029794a1a7fb586,3,1,TEST,0.00027858315,0.021739130434782608,9.72116831690073e-05,1,ANOMALY
0c8aeb1ddcae4fe68f9ae3d4ca621cc8,3,1,TEST,0.0002090987,0.021739130434782608,9.72116831690073e-05,1,ANOMALY
0c96c0fa1ab14cf6a0d091467457e2a1,3,1,TEST,0.00025381084,0.021739130434782608,9.72116831690073e-05,1,ANOMALY
0ca1ed6003364dedbe8f069f03403b5f,3,1,TEST,0.0002560929,0.021739130434782608,9.72116831690073e-05,1,ANOMALY
0cb2e2d3b2144d02a1d5d845612d21a9,3,1,TEST,0.00025343208,0.021739130434782608,9.72116831690073e-05,1,ANOMALY
0ced0c24888c4bf18fcda6f403a97256,3,1,TEST,0.00020905395,0.021739130434782608,9.72116831690073e-05,1,ANOMALY
0ced545c26d74244818914502372e71e,4,1,TEST,0.00014692565,0.021739130434782608,9.72116831690073e-05,1,ANOMALY
0cf4559fa5924a28a3449d1f6f151973,3,1,TEST,0.00024430093,0.021739130434782608,9.72116831690073e-05,1,ANOMALY
0cf7e0f310c242d4b07d8f22bb7e9baa,3,1,TEST,0.000287198,0.021739130434782608,9.72116831690073e-05,1,ANOMALY
0d269ef7fee24d43b7be20982e926a81,3,1,TEST,0.0003330175,0.021739130434782608,9.72116831690073e-05,1,ANOMALY
0d902f4f71c74016a2a2e69358983a3d,3,1,TEST,0.00022766137,0.021739130434782608,9.72116831690073e-05,1,ANOMALY
0d9579315d1647f6b907bf165d0e90f4,3,1,TEST,0.00016060882,0.021739130434782608,9.72116831690073e-05,1,ANOMALY
0de9c1b01a5048ea82d382e13941d0a5,3,1,TEST,0.00014598231,0.021739130434782608,9.72116831690073e-05,1,ANOMALY
0e17938dd1fc4093bfd47b148c5bbf85,3,1,TEST,0.000413267,0.021739130434782608,9.72116831690073e-05,1,ANOMALY
0e30d25835ef463c93823e0e14f59cdb,3,1,TEST,0.00022757321,0.021739130434782608,9.72116831690073e-05,1,ANOMALY
0e383d9aa8fd432a9fb1d3fe155088eb,3,1,TEST,0.00032543662,0.021739130434782608,9.72116831690073e-05,1,ANOMALY
0e6791c4fb5641c7b14ca74b49c3c8ef,3,1,TEST,0.00016355832,0.021739130434782608,9.72116831690073e-05,1,ANOMALY
0e6bd5f950514feab738e376d8d67c70,3,1,TEST,0.00024483676,0.021739130434782608,9.72116831690073e-05,1,ANOMALY
0e7707bf640b40659c0009749ac789fa,3,1,TEST,0.0003769017,0.021739130434782608,9.72116831690073e-05,1,ANOMALY
0e80319a6dab4354bdb1a7432f51e1eb,3,1,TEST,0.0002838357,0.021739130434782608,9.72116831690073e-05,1,ANOMALY
0ec27efd197b4dadb1bf49dd635405f5,3,1,TEST,0.00035516373,0.021739130434782608,9.72116831690073e-05,1,ANOMALY
0ee45d1ed6eb4d1eb7640b7b369dab3a,3,1,TEST,0.00015093238,0.021739130434782608,9.72116831690073e-05,1,ANOMALY
0eead3cd0a33463598fbedcee1a1f860,3,1,TEST,0.0002235386,0.021739130434782608,9.72116831690073e-05,1,ANOMALY
0ef66cd9512e4feaa62e4ec3cb75cdc1,5,1,TEST,0.00022330225,0.021739130434782608,9.72116831690073e-05,1,ANOMALY
0f1d78af86ad49fba2944aab56bc9798,4,1,TEST,0.0017271279,0.021739130434782608,9.72116831690073e-05,1,ANOMALY
0f321a8301d4490ca6d9a5f0893cd0f9,3,1,TEST,0.0003655085,0.021739130434782608,9.72116831690073e-05,1,ANOMALY
0f355b4c525f49488bc73416c0760c91,3,1,TEST,0.00020968638,0.021739130434782608,9.72116831690073e-05,1,ANOMALY
0f3d7544137b4cddb2d46276c3fe8c97,3,1,TEST,0.0002594565,0.021739130434782608,9.72116831690073e-05,1,ANOMALY
0f595b6e36e746739ced7b12223dbdc0,3,1,TEST,0.00022744652,0.021739130434782608,9.72116831690073e-05,1,ANOMALY
0f67808a9d3c44a9966cab739275a532,3,1,TEST,0.00023379996,0.021739130434782608,9.72116831690073e-05,1,ANOMALY
0f8c4b7edfae4ca4aab087a4be33d853,3,1,TEST,0.0003333501,0.021739130434782608,9.72116831690073e-05,1,ANOMALY
0f8dc2f8302e4eaa9dc4a5cb85fe41df,3,1,TEST,0.00022506967,0.021739130434782608,9.72116831690073e-05,1,ANOMALY
0f8ecca34e9643639d94bd765c6a06c0,3,1,TEST,0.00048876123,0.021739130434782608,9.72116831690073e-05,1,ANOMALY
0f9074245dd4411586f42869fba5a912,3,1,TEST,0.00023761988,0.021739130434782608,9.72116831690073e-05,1,ANOMALY
0fb1b3d608d34595bdf39749f45e6b64,3,1,TEST,0.00033575902,0.021739130434782608,9.72116831690073e-05,1,ANOMALY
0fc2541b965149b689b4c421e5892d0f,3,1,TEST,0.0004037873,0.021739130434782608,9.72116831690073e-05,1,ANOMALY
0fcc6da755be47939ceb8cd9d58464da,3,1,TEST,0.0004135074,0.021739130434782608,9.72116831690073e-05,1,ANOMALY
0fd1954b8917425fa0561386c3d5f6b1,3,1,TEST,0.00026405553,0.021739130434782608,9.72116831690073e-05,1,ANOMALY
0ff621d21cb142459a3cff9c7563bedc,3,1,TEST,0.00031466398,0.021739130434782608,9.72116831690073e-05,1,ANOMALY
10064c4e0dda4dfa98a06a3fdd0eb7c7,3,1,TEST,0.00023398676,0.021739130434782608,9.72116831690073e-05,1,ANOMALY
10139affb7164d01b17b3509a63a176a,3,1,TEST,0.00029126057,0.021739130434782608,9.72116831690073e-05,1,ANOMALY
1037783dd4bf476fa4b97d754e608e02,3,1,TEST,0.000298346,0.021739130434782608,9.72116831690073e-05,1,ANOMALY
1055b6a207644230aaa883f3df8495d9,3,1,TEST,0.0001623593,0.021739130434782608,9.72116831690073e-05,1,ANOMALY
1079519b735f41aabc8e7c642cb5e487,1,1,TEST,0.00015839547,0.021739130434782608,9.72116831690073e-05,1,ANOMALY
1080fd39bc9f4975b422905e7ad5ea28,3,1,TEST,0.00020910049,0.021739130434782608,9.72116831690073e-05,1,ANOMALY
1083c47d71a94d28a73f9d42eb3fca41,3,1,TEST,0.00050416635,0.021739130434782608,9.72116831690073e-05,1,ANOMALY
108d3b53bdae48c4a735470060c01d99,3,1,TEST,0.00021024924,0.021739130434782608,9.72116831690073e-05,1,ANOMALY
10a562c6243747328776372fe56836ef,3,1,TEST,0.00049430586,0.021739130434782608,9.72116831690073e-05,1,ANOMALY
10bd381b921e425299837b91c9805538,3,1,TEST,0.00016247039,0.021739130434782608,9.72116831690073e-05,1,ANOMALY
10c87a4549ac4ccbb636d1c264c2a043,3,1,TEST,0.0003240201,0.021739130434782608,9.72116831690073e-05,1,ANOMALY
10e6b1469a5d4a2d8bb18578a88c9864,3,1,TEST,0.0002293704,0.021739130434782608,9.72116831690073e-05,1,ANOMALY
10f990e60e1c493bb4037ee509be0fd0,3,1,TEST,0.00020434668,0.021739130434782608,9.72116831690073e-05,1,ANOMALY
10fd8d1c80394a5c9a019cc36e18369c,3,1,TEST,0.0001669676,0.021739130434782608,9.72116831690073e-05,1,ANOMALY
1118744b1b8f4081b4aad302d77d02ca,3,1,TEST,0.00020678688,0.021739130434782608,9.72116831690073e-05,1,ANOMALY
111db89c7e9e457f8eb388697b329c72,3,1,TEST,0.00041435775,0.021739130434782608,9.72116831690073e-05,1,ANOMALY
111e31310cba45adbdb10232aab93b8f,3,1,TEST,0.0002932265,0.021739130434782608,9.72116831690073e-05,1,ANOMALY
11507ad17dfa4859b52191a725914e3c,3,1,TEST,0.00019655231,0.021739130434782608,9.72116831690073e-05,1,ANOMALY
11632253d3484fe3b4615650816e1a87,3,1,TEST,0.00023311347,0.021739130434782608,9.72116831690073e-05,1,ANOMALY
1184112b4bcb415b91ed4e1a56dd8bcf,3,1,TEST,0.00020266537,0.021739130434782608,9.72116831690073e-05,1,ANOMALY
118c4716d6504580a8b3df56b9c38e43,3,1,TEST,0.00030379172,0.021739130434782608,9.72116831690073e-05,1,ANOMALY
11922ef7e7a14e5c836287ce7be156e1,3,1,TEST,0.00029138822,0.021739130434782608,9.72116831690073e-05,1,ANOMALY
11a0a133f9be4271808df2c098c6fbef,3,1,TEST,0.00015195529,0.021739130434782608,9.72116831690073e-05,1,ANOMALY
11a848d0175a4e8fb2544ed48ea16cd7,3,1,TEST,0.00024082945,0.021739130434782608,9.72116831690073e-05,1,ANOMALY
11d46bd783fa4155aa64ff97fdcd2312,3,1,TEST,0.00037676026,0.021739130434782608,9.72116831690073e-05,1,ANOMALY
11da55705d7b46758bebd91492ce1272,3,1,TEST,0.0001476027,0.021739130434782608,9.72116831690073e-05,1,ANOMALY
121295f178be4d9bb3cd1395dd4424bc,4,1,TEST,0.00071073504,0.021739130434782608,9.72116831690073e-05,1,ANOMALY
1229b9d02487403bbd07fd780d668f14,3,1,TEST,0.00020033187,0.021739130434782608,9.72116831690073e-05,1,ANOMALY
12418ca1404e4bfe9badfda65735974e,3,1,TEST,0.0002153782,0.021739130434782608,9.72116831690073e-05,1,ANOMALY
12605c7f6e1e4c5e875c9cb6b3293586,3,1,TEST,0.00032768428,0.021739130434782608,9.72116831690073e-05,1,ANOMALY
12915122215841bf828d27749f5ffd3e,3,1,TEST,0.00026358155,0.021739130434782608,9.72116831690073e-05,1,ANOMALY
129d15788be24536a48f38684bb7f718,3,1,TEST,0.0003236875,0.021739130434782608,9.72116831690073e-05,1,ANOMALY
12dcd2a223e244379b4b742625cb4493,3,1,TEST,0.0004337467,0.021739130434782608,9.72116831690073e-05,1,ANOMALY
12e97106a8614823a5ef5e5a23df266c,3,1,TEST,0.00014745162,0.021739130434782608,9.72116831690073e-05,1,ANOMALY
12eb1732751b42379ca526abc870e6f3,3,1,TEST,0.00027240248,0.021739130434782608,9.72116831690073e-05,1,ANOMALY
12ee2d940dd14e7da59fe18573e8ddfd,3,1,TEST,0.0002119998,0.021739130434782608,9.72116831690073e-05,1,ANOMALY
13180aba2ff2436ca764400d55c3d983,3,1,TEST,0.0001777451,0.021739130434782608,9.72116831690073e-05,1,ANOMALY
1343a6294b7d42c79f319f7abbac94f3,1,1,TEST,0.00038316575,0.021739130434782608,9.72116831690073e-05,1,ANOMALY
136bc00819754fc88a7e6a1e66a12d87,3,1,TEST,0.00023236283,0.021739130434782608,9.72116831690073e-05,1,ANOMALY
137690eb98424156bbfd00c42ab03887,3,1,TEST,0.00023476359,0.021739130434782608,9.72116831690073e-05,1,ANOMALY
139527bac95c4f7dae8c38841511d957,3,1,TEST,0.00017409894,0.021739130434782608,9.72116831690073e-05,1,ANOMALY
139a34a94ccf4e7bad4ebdd72cc045dc,3,1,TEST,0.0002540364,0.021739130434782608,9.72116831690073e-05,1,ANOMALY
13aed86081bd448a9a95b9bf90464303,3,1,TEST,0.00022257263,0.021739130434782608,9.72116831690073e-05,1,ANOMALY
13c579574da6498cb945ced703bd7f00,3,1,TEST,0.00026125592,0.021739130434782608,9.72116831690073e-05,1,ANOMALY
13d0622f9391421fb732a225f28e7fc4,3,1,TEST,0.00024830748,0.021739130434782608,9.72116831690073e-05,1,ANOMALY
141883efcbfb445aab054e6e2f36d47f,3,1,TEST,0.000337763,0.021739130434782608,9.72116831690073e-05,1,ANOMALY
142daf52ed684996922a07441e7f8d8e,3,1,TEST,0.00015909223,0.021739130434782608,9.72116831690073e-05,1,ANOMALY
143bc8b4bde4485e8c9dba2aa1e10465,3,1,TEST,0.00015200321,0.021739130434782608,9.72116831690073e-05,1,ANOMALY
1453a5bfb22d4ffbb37b46a3fb7fb8e6,3,1,TEST,0.00018232393,0.021739130434782608,9.72116831690073e-05,1,ANOMALY
145a9202e9e542f5901ad0530ec97c10,3,1,TEST,0.00030507334,0.021739130434782608,9.72116831690073e-05,1,ANOMALY
145b8be275854e78bf510bd689ca89c3,3,1,TEST,0.00018362711,0.021739130434782608,9.72116831690073e-05,1,ANOMALY
1470d4fd459c4bc5be9ee664405d4e8b,3,1,TEST,0.00021440916,0.021739130434782608,9.72116831690073e-05,1,ANOMALY
14725a2167bc4928b21369a256f60143,3,1,TEST,0.0002919964,0.021739130434782608,9.72116831690073e-05,1,ANOMALY
147f6078689b4d5ba50864fe10ceb54b,3,1,TEST,0.00014660206,0.021739130434782608,9.72116831690073e-05,1,ANOMALY
14ae6c06e5cc4dc68ef31c27abc620d0,1,1,TEST,0.00034021895,0.021739130434782608,9.72116831690073e-05,1,ANOMALY
14faf83f48cd46a0b27c117db0579d32,3,1,TEST,0.0008490819,0.021739130434782608,9.72116831690073e-05,1,ANOMALY
14fdc39a1cbf4fc4ab46b9502262fe00,3,1,TEST,0.00017299625,0.021739130434782608,9.72116831690073e-05,1,ANOMALY
1504d43965ef49fda8c34a1a2970f3a3,3,1,TEST,0.00014589806,0.021739130434782608,9.72116831690073e-05,1,ANOMALY
150fb934ee7e4f829ea5b883cac03d05,3,1,TEST,0.00028288763,0.021739130434782608,9.72116831690073e-05,1,ANOMALY
150fda527e5f4611898b640cb7ae721f,3,1,TEST,0.00025453742,0.021739130434782608,9.72116831690073e-05,1,ANOMALY
152166bb68e2404fb2d9f6af725b9db5,3,1,TEST,0.0004334101,0.021739130434782608,9.72116831690073e-05,1,ANOMALY
152328dfaf9147d3abf138e18ff9d699,3,1,TEST,0.0003499621,0.021739130434782608,9.72116831690073e-05,1,ANOMALY
152cd973357e4edd97b0be4c059e38ae,3,1,TEST,0.00022617207,0.021739130434782608,9.72116831690073e-05,1,ANOMALY
153ff670a57e44d480d53461804c57ea,4,1,TEST,0.0008997049,0.021739130434782608,9.72116831690073e-05,1,ANOMALY
1558545a03394af89e21198af4d66209,3,1,TEST,0.0002705272,0.021739130434782608,9.72116831690073e-05,1,ANOMALY
1562a5e7562d43088bf2ead668120cfc,3,1,TEST,0.00031536908,0.021739130434782608,9.72116831690073e-05,1,ANOMALY
157e4034a9804d349b2bb360076e61e7,3,1,TEST,0.00018073883,0.021739130434782608,9.72116831690073e-05,1,ANOMALY
15afa28faffc47dd870c58a70d2cc4db,3,1,TEST,0.0003657663,0.021739130434782608,9.72116831690073e-05,1,ANOMALY
15b40a0884ba4c7fa23e008ded436a24,3,1,TEST,0.00016679398,0.021739130434782608,9.72116831690073e-05,1,ANOMALY
15cf04d7ec3d4928a018e1f859fc5aab,4,1,TEST,0.0027860529,0.021739130434782608,9.72116831690073e-05,1,ANOMALY
15f5be74f0e0466a96a459906b05a7f2,3,1,TEST,0.00014210375,0.021739130434782608,9.72116831690073e-05,1,ANOMALY
160c9413e71e4542951a4f18cbe6a074,3,1,TEST,0.0003722698,0.021739130434782608,9.72116831690073e-05,1,ANOMALY
161763d420af479c85c22174a985f272,3,1,TEST,0.00025151676,0.021739130434782608,9.72116831690073e-05,1,ANOMALY
1635499b793145a2a6e494824ce0055a,6,0,TEST,3.2330467e-05,0.32608695652173914,9.72116831690073e-05,0,REFERENCE
164a13c438a14ca4926fcf2da984ec6a,6,0,TEST,3.1706804e-05,0.6304347826086957,9.72116831690073e-05,0,REFERENCE
165ed53dbb6840298573e57b58456cb7,3,1,TEST,0.00020856215,0.021739130434782608,9.72116831690073e-05,1,ANOMALY
165f78507f0d42f0a10d4890e6d556ea,3,1,TEST,0.00019391245,0.021739130434782608,9.72116831690073e-05,1,ANOMALY
1662a85ba4734f479b3a5f9e064ddc57,3,1,TEST,0.00026511526,0.021739130434782608,9.72116831690073e-05,1,ANOMALY
1665ffafb35145528f741041face5f07,3,1,TEST,0.00035202404,0.021739130434782608,9.72116831690073e-05,1,ANOMALY
16702eda48814fdb852395f6bb5f82b4,3,1,TEST,0.00026364572,0.021739130434782608,9.72116831690073e-05,1,ANOMALY
167b0eaa061e4309a3926aca1a4c463f,3,1,TEST,0.00021393975,0.021739130434782608,9.72116831690073e-05,1,ANOMALY
1685d478d53549239d9d49da60626e86,3,1,TEST,0.0002179525,0.021739130434782608,9.72116831690073e-05,1,ANOMALY
16d4a8d2efa648ce9dfcab8c38540668,3,1,TEST,0.00022527363,0.021739130434782608,9.72116831690073e-05,1,ANOMALY
16d585490cbd4b2895cec117c9715a48,3,1,TEST,0.00042181957,0.021739130434782608,9.72116831690073e-05,1,ANOMALY
16e3b35528f94e4c81fa84871f873057,6,0,TEST,3.141586e-05,0.7608695652173914,9.72116831690073e-05,0,REFERENCE
16eec73b7d384b769db19fc36acd9a12,3,1,TEST,0.00031329715,0.021739130434782608,9.72116831690073e-05,1,ANOMALY
170378e4664f4ed2b51efbba8545e65e,4,1,TEST,0.0019860286,0.021739130434782608,9.72116831690073e-05,1,ANOMALY
170b2bb90f4a4f99919bb9642ac11d65,3,1,TEST,0.0002774028,0.021739130434782608,9.72116831690073e-05,1,ANOMALY
171eff67647543c7a4fa40ea325c8325,4,1,TEST,0.00062211463,0.021739130434782608,9.72116831690073e-05,1,ANOMALY
17228a380576497398288f6c145789da,3,1,TEST,0.00024520623,0.021739130434782608,9.72116831690073e-05,1,ANOMALY
1739b441f07a41f8a921c125fce0af3f,3,1,TEST,0.00030278962,0.021739130434782608,9.72116831690073e-05,1,ANOMALY
17906c8e56cb44a28301d8246a0dc849,3,1,TEST,0.000310187,0.021739130434782608,9.72116831690073e-05,1,ANOMALY
17bd766532bf4622a6cecc970949fe6e,3,1,TEST,0.00027194322,0.021739130434782608,9.72116831690073e-05,1,ANOMALY
17beb695652c4c99b2e2ec98bb081386,3,1,TEST,0.00033966056,0.021739130434782608,9.72116831690073e-05,1,ANOMALY
17beb777897b4d318c69d32fa44b457f,3,1,TEST,0.00012817618,0.021739130434782608,9.72116831690073e-05,1,ANOMALY
17e779e1dbe3404aaf190f5bd4107dcf,3,1,TEST,0.00024010224,0.021739130434782608,9.72116831690073e-05,1,ANOMALY
18008d38529549748f0a5ac5587327e2,3,1,TEST,0.00027984602,0.021739130434782608,9.72116831690073e-05,1,ANOMALY
180f81728c844902a6dd3897430ad85a,3,1,TEST,0.0002365775,0.021739130434782608,9.72116831690073e-05,1,ANOMALY
180fdec9d20240d48061a8ec9e545fa7,3,1,TEST,0.00016029512,0.021739130434782608,9.72116831690073e-05,1,ANOMALY
1819f2387b2d4eaa929f851bc6fed3eb,3,1,TEST,0.00040166726,0.021739130434782608,9.72116831690073e-05,1,ANOMALY
181b0d48b2f64fbca583372094462b6c,3,1,TEST,0.00021828359,0.021739130434782608,9.72116831690073e-05,1,ANOMALY
18534ff61b4d470787e35d7ee370aeee,3,1,TEST,0.00025885116,0.021739130434782608,9.72116831690073e-05,1,ANOMALY
1863f105b78a44ad8fdbf7237660c664,3,1,TEST,0.00025889027,0.021739130434782608,9.72116831690073e-05,1,ANOMALY
18978986c3b04e7481008c80db8520bc,3,1,TEST,0.00018826536,0.021739130434782608,9.72116831690073e-05,1,ANOMALY
18b2390397964d81859f120dc23c33cd,3,1,TEST,0.00020182654,0.021739130434782608,9.72116831690073e-05,1,ANOMALY
18d2adb4a846431b81bd679ada561f25,3,1,TEST,0.0002928948,0.021739130434782608,9.72116831690073e-05,1,ANOMALY
18d5f4c76449482384289a289e68b969,3,1,TEST,0.00042857585,0.021739130434782608,9.72116831690073e-05,1,ANOMALY
18e1b6e3eef24b998d703550017b4935,4,1,TEST,0.002283974,0.021739130434782608,9.72116831690073e-05,1,ANOMALY
18f1deb1155640f2b7aaa064610feeae,4,1,TEST,0.00087209925,0.021739130434782608,9.72116831690073e-05,1,ANOMALY
18ffd9ee768b4e29ab856c32f5da199c,3,1,TEST,0.0003216772,0.021739130434782608,9.72116831690073e-05,1,ANOMALY
19172bed28f54e79a83f3a8b7f703b03,3,1,TEST,0.0004540711,0.021739130434782608,9.72116831690073e-05,1,ANOMALY
1928fe9b4423421c95ccede9644e0d8a,3,1,TEST,0.0003309353,0.021739130434782608,9.72116831690073e-05,1,ANOMALY
192eef2439e64e0a8d8ea3af68401101,3,1,TEST,0.0003054052,0.021739130434782608,9.72116831690073e-05,1,ANOMALY
195772f16af44f0bb689b17c76325597,3,1,TEST,0.00034708498,0.021739130434782608,9.72116831690073e-05,1,ANOMALY
19582bd8f93745dfa27cdf61229aa61d,3,1,TEST,0.00034470897,0.021739130434782608,9.72116831690073e-05,1,ANOMALY
195ce0cf29fe40bbb12ae084ea32eced,3,1,TEST,0.00019610276,0.021739130434782608,9.72116831690073e-05,1,ANOMALY
198d18540f19418ba05e38aafc545db8,3,1,TEST,0.00035565047,0.021739130434782608,9.72116831690073e-05,1,ANOMALY
19981db4439f47d7a5bb896fe1a3f1dd,3,1,TEST,0.00019934261,0.021739130434782608,9.72116831690073e-05,1,ANOMALY
199b374677ca46dbbe2fcb99f42e9a1e,3,1,TEST,0.00030145652,0.021739130434782608,9.72116831690073e-05,1,ANOMALY
19a3056fc02b4196be4f534c91f5138c,3,1,TEST,0.00027357743,0.021739130434782608,9.72116831690073e-05,1,ANOMALY
19a874da8985497f87b17fc8e43c9f4f,3,1,TEST,0.0003030413,0.021739130434782608,9.72116831690073e-05,1,ANOMALY
19b80e9a20534516a1ba6152bd26ca8d,3,1,TEST,0.00021645638,0.021739130434782608,9.72116831690073e-05,1,ANOMALY
19bdf4ef53634627981afe65d8c6e9e8,3,1,TEST,0.00015553502,0.021739130434782608,9.72116831690073e-05,1,ANOMALY
19cdf32e6b4d4ec183c261e637a318b3,6,0,TEST,3.2026895e-05,0.4782608695652174,9.72116831690073e-05,0,REFERENCE
19d9beb4383f499cb949d36c1ced9eeb,3,1,TEST,0.00030867275,0.021739130434782608,9.72116831690073e-05,1,ANOMALY
19f2c50263c44c14b3489711119a14b1,3,1,TEST,0.00028854824,0.021739130434782608,9.72116831690073e-05,1,ANOMALY
19f3a39da88640e28c5f4c5da366563f,3,1,TEST,0.00014853262,0.021739130434782608,9.72116831690073e-05,1,ANOMALY
1a1a6f2869d844b1842ca20c0e55e4ce,3,1,TEST,0.00029296015,0.021739130434782608,9.72116831690073e-05,1,ANOMALY
1a5ed25f71d343c6a8f93d3b01b074f7,3,1,TEST,0.00015467845,0.021739130434782608,9.72116831690073e-05,1,ANOMALY
1a8467f160e04af2a1ec1da134117d9c,3,1,TEST,0.000353021,0.021739130434782608,9.72116831690073e-05,1,ANOMALY
1a977fea69f0451f8424308081eb46e7,3,1,TEST,0.0010614449,0.021739130434782608,9.72116831690073e-05,1,ANOMALY
1a9b7e540b3944509c91efedaa1c007d,3,1,TEST,0.00028693557,0.021739130434782608,9.72116831690073e-05,1,ANOMALY
1a9c1c1c1ca14292943a3edd0d9d9da1,3,1,TEST,0.00038627296,0.021739130434782608,9.72116831690073e-05,1,ANOMALY
1ab51ef778524e9882b25a6f4a80d1cd,3,1,TEST,0.00053752254,0.021739130434782608,9.72116831690073e-05,1,ANOMALY
1ad919dd786840a09c406de2d2d23fce,3,1,TEST,0.0003980481,0.021739130434782608,9.72116831690073e-05,1,ANOMALY
1addea53c8684514b0546c7fe3636aeb,3,1,TEST,0.00019809767,0.021739130434782608,9.72116831690073e-05,1,ANOMALY
1ae0d8e1cc074808b5a4de1eebc45734,3,1,TEST,0.0003446045,0.021739130434782608,9.72116831690073e-05,1,ANOMALY
1b0d9a574c3f4ab78db302076f6e85ed,3,1,TEST,0.0002685513,0.021739130434782608,9.72116831690073e-05,1,ANOMALY
1b3b5317ac93450c945fdeaeb292660d,4,1,TEST,0.0023064148,0.021739130434782608,9.72116831690073e-05,1,ANOMALY
1b3cdac257c44c849c1c64c5d60f5dde,3,1,TEST,0.0002505493,0.021739130434782608,9.72116831690073e-05,1,ANOMALY
1b7cf3947f004f038494c20a9aaddac8,3,1,TEST,0.00021035832,0.021739130434782608,9.72116831690073e-05,1,ANOMALY
1b81e240b19b4dc491ae5b89243d62d1,3,1,TEST,0.00015367122,0.021739130434782608,9.72116831690073e-05,1,ANOMALY
1b8652f8d95e4a44b742b2a855730016,6,0,TEST,3.1354295e-05,0.8043478260869565,9.72116831690073e-05,0,REFERENCE
1b88f607a7ee4f8492830030e3de6ee8,4,1,TEST,0.0035070984,0.021739130434782608,9.72116831690073e-05,1,ANOMALY
1bb052a795534bb7ac6cdfd46e7cf5dc,3,1,TEST,0.00019886634,0.021739130434782608,9.72116831690073e-05,1,ANOMALY
1bd2867ccbbc419aa261e457e3c14c05,3,1,TEST,0.00035419592,0.021739130434782608,9.72116831690073e-05,1,ANOMALY
1bd6fa24aa8e483caf60bbfd266695f8,3,1,TEST,0.00034665308,0.021739130434782608,9.72116831690073e-05,1,ANOMALY
1bebb7df839947e7b026040b0143c8ff,3,1,TEST,0.00029247458,0.021739130434782608,9.72116831690073e-05,1,ANOMALY
1c11824c9cb446f8bb9d225a155fa29f,3,1,TEST,0.00022498381,0.021739130434782608,9.72116831690073e-05,1,ANOMALY
1c11bf6481c04df7925a3d5e463b4047,3,1,TEST,0.00039588488,0.021739130434782608,9.72116831690073e-05,1,ANOMALY
1c36ca7af5fb44339bcddb2f3e70b7ea,3,1,TEST,0.00023982323,0.021739130434782608,9.72116831690073e-05,1,ANOMALY
1c5c439a1a80481f888b9c63d7f9ab6f,3,1,TEST,0.00029483397,0.021739130434782608,9.72116831690073e-05,1,ANOMALY
1c61ac94685e4e19b5ee3debd473f443,3,1,TEST,0.00020888544,0.021739130434782608,9.72116831690073e-05,1,ANOMALY
1c74b810f468402a98c0577d7e9bc7c4,3,1,TEST,0.00024499837,0.021739130434782608,9.72116831690073e-05,1,ANOMALY
1c75ebd33d304af19de4d29e09d19ee2,3,1,TEST,0.00034018175,0.021739130434782608,9.72116831690073e-05,1,ANOMALY
1ca0b8ddbc5a4cc8ab04b78c9aabaf83,3,1,TEST,0.00020284312,0.021739130434782608,9.72116831690073e-05,1,ANOMALY
1cd4dadf9dcd4a8081103f348b3103dc,3,1,TEST,0.0003317803,0.021739130434782608,9.72116831690073e-05,1,ANOMALY
1ce88783f79943a48f8354522c31adc6,3,1,TEST,0.00023046457,0.021739130434782608,9.72116831690073e-05,1,ANOMALY
1d17bac75ec9433ea626f1ec1bd41316,3,1,TEST,0.0003568664,0.021739130434782608,9.72116831690073e-05,1,ANOMALY
1d31aaf7792f4194973638040c9ac321,3,1,TEST,0.00030179456,0.021739130434782608,9.72116831690073e-05,1,ANOMALY
1d3b02244f5f421692cff2a4ae51261d,3,1,TEST,0.00038336267,0.021739130434782608,9.72116831690073e-05,1,ANOMALY
1d69947365a54cc59a26b647775056ca,3,1,TEST,0.0003543739,0.021739130434782608,9.72116831690073e-05,1,ANOMALY
1d6ee929586b4ce9a0e39670dbc87969,3,1,TEST,0.0001753,0.021739130434782608,9.72116831690073e-05,1,ANOMALY
1d90a29336f9434c8c897d4856f3fe56,3,1,TEST,0.00019231632,0.021739130434782608,9.72116831690073e-05,1,ANOMALY
1d93d18bfbc3479295c7924e384951d1,3,1,TEST,0.00022134086,0.021739130434782608,9.72116831690073e-05,1,ANOMALY
1db54024088a4b22a4cf28daa4d7fa63,3,1,TEST,0.0002302193,0.021739130434782608,9.72116831690073e-05,1,ANOMALY
1db95315659048118a94b35fc838daa8,6,0,TEST,4.0441388e-05,0.13043478260869565,9.72116831690073e-05,0,REFERENCE
1dc6b5e724784ed28b8adc60d94b5887,3,1,TEST,0.00019296692,0.021739130434782608,9.72116831690073e-05,1,ANOMALY
1dee541f04ee43db81984a28850bdbc1,3,1,TEST,0.00030185116,0.021739130434782608,9.72116831690073e-05,1,ANOMALY
1df65f5a44e2417796ba580a5d550989,3,1,TEST,0.001094257,0.021739130434782608,9.72116831690073e-05,1,ANOMALY
1e190f111e804455a052b3f646fcbd4e,3,1,TEST,0.00020616033,0.021739130434782608,9.72116831690073e-05,1,ANOMALY
1e2809ab09c84a6eae6e168b331c0dc7,3,1,TEST,0.00034158397,0.021739130434782608,9.72116831690073e-05,1,ANOMALY
1e2fe01bd8164087a8a595f429beaad7,4,1,TEST,0.000647738,0.021739130434782608,9.72116831690073e-05,1,ANOMALY
1e32f7b0e52d40b690d722b271c9f3eb,3,1,TEST,0.00024303526,0.021739130434782608,9.72116831690073e-05,1,ANOMALY
1e41babe77bf47cb8a478a1d982177e0,3,1,TEST,0.00024998304,0.021739130434782608,9.72116831690073e-05,1,ANOMALY
1e47249cd214481e96d001d96e8a3b22,3,1,TEST,0.00025237666,0.021739130434782608,9.72116831690073e-05,1,ANOMALY
1e595669e1c4483b9cad25f1a5aee121,4,1,TEST,0.000907051,0.021739130434782608,9.72116831690073e-05,1,ANOMALY
1e60088c8ca94f449703d42e067e63f4,3,1,TEST,0.00033375522,0.021739130434782608,9.72116831690073e-05,1,ANOMALY
1e7146e744b54f8583ba61de6df1ad10,3,1,TEST,0.0001638713,0.021739130434782608,9.72116831690073e-05,1,ANOMALY
1e924ec09a9c402b928188fec957568d,3,1,TEST,0.00039115304,0.021739130434782608,9.72116831690073e-05,1,ANOMALY
1eaaa785a3924296877a7e379ab2bc37,3,1,TEST,0.00028896288,0.021739130434782608,9.72116831690073e-05,1,ANOMALY
1f00972d456e477e8d1d8f8685045460,3,1,TEST,0.0003256335,0.021739130434782608,9.72116831690073e-05,1,ANOMALY
1f1ca115f1614b3e8dba2033965ec2eb,3,1,TEST,0.00027644227,0.021739130434782608,9.72116831690073e-05,1,ANOMALY
1f43eb9951af43498b1a8050c6e1c5ad,3,1,TEST,0.00051470334,0.021739130434782608,9.72116831690073e-05,1,ANOMALY
1f482fcd9a02477db01dcb536f7b79fb,4,1,TEST,0.0010592504,0.021739130434782608,9.72116831690073e-05,1,ANOMALY
1f671716837e4439b095ab2a47020e43,3,1,TEST,0.00035387094,0.021739130434782608,9.72116831690073e-05,1,ANOMALY
1f6dd80c8d674c5fa778fca06b1d9695,3,1,TEST,0.0001505916,0.021739130434782608,9.72116831690073e-05,1,ANOMALY
1f73871adb7f40cdb8f1ad33861c1a05,3,1,TEST,0.0001644094,0.021739130434782608,9.72116831690073e-05,1,ANOMALY
1fb513ccc14745d885ac4f71844ba293,3,1,TEST,0.00044823752,0.021739130434782608,9.72116831690073e-05,1,ANOMALY
1fba4b945a8e4cdbaf9511fb7008839d,3,1,TEST,0.0002473034,0.021739130434782608,9.72116831690073e-05,1,ANOMALY
1fc06ef6c6ad4370a04b0dbfdc0904a2,3,1,TEST,0.00036594368,0.021739130434782608,9.72116831690073e-05,1,ANOMALY
1fe18df8f7ed4ac188fd19ed36b4443b,3,1,TEST,0.00027236063,0.021739130434782608,9.72116831690073e-05,1,ANOMALY
2032c5be38cb4997b527592c8905eef4,3,1,TEST,0.00023593576,0.021739130434782608,9.72116831690073e-05,1,ANOMALY
20ca551d2adc4069b76795d7eaeae29a,3,1,TEST,0.00040124633,0.021739130434782608,9.72116831690073e-05,1,ANOMALY
20cc9526c58743019f12544ca3f6ffee,2,1,TEST,0.00015828294,0.021739130434782608,9.72116831690073e-05,1,ANOMALY
20e45825d1cc4e059ce5a78714a7daa0,3,1,TEST,0.00015271734,0.021739130434782608,9.72116831690073e-05,1,ANOMALY
20f568cfcf554528a1cedb7590baf8e8,3,1,TEST,0.00013258208,0.021739130434782608,9.72116831690073e-05,1,ANOMALY
20f8693054ed440aa910809fb2ed1b03,3,1,TEST,0.00029368285,0.021739130434782608,9.72116831690073e-05,1,ANOMALY
20fb49a498e84db9abce28408acc8e7b,3,1,TEST,0.00022780201,0.021739130434782608,9.72116831690073e-05,1,ANOMALY
20fb76000337459588aaecdc3a5a6c92,3,1,TEST,0.00035831425,0.021739130434782608,9.72116831690073e-05,1,ANOMALY
2117a05183264da29ab4bb118d8141b4,3,1,TEST,0.00031214516,0.021739130434782608,9.72116831690073e-05,1,ANOMALY
2127742cd4ee48ada8534f359b84d87a,3,1,TEST,0.00029850035,0.021739130434782608,9.72116831690073e-05,1,ANOMALY
2157df93ecfd4f458e8e974f575b1548,3,1,TEST,0.00015197619,0.021739130434782608,9.72116831690073e-05,1,ANOMALY
2189244e48fb4ef791e6a5b1557d9ccc,3,1,TEST,0.0003101094,0.021739130434782608,9.72116831690073e-05,1,ANOMALY
21d976a76c2d4f2cb5164a7e747881f3,3,1,TEST,0.0002846995,0.021739130434782608,9.72116831690073e-05,1,ANOMALY
21e9f3e1d0844677ab70edd5219681ca,3,1,TEST,0.00019474787,0.021739130434782608,9.72116831690073e-05,1,ANOMALY
22152562819f45af9f20dad21d2faf07,3,1,TEST,0.00033336037,0.021739130434782608,9.72116831690073e-05,1,ANOMALY
221778c5db6d443581cf9b75c684f2df,4,1,TEST,0.0001601084,0.021739130434782608,9.72116831690073e-05,1,ANOMALY
2220737b1a504d1088da2693304908f8,3,1,TEST,0.00021426167,0.021739130434782608,9.72116831690073e-05,1,ANOMALY
22436eea26f94f7aae15bbcc2ab7a66c,3,1,TEST,0.00053298136,0.021739130434782608,9.72116831690073e-05,1,ANOMALY
22479a9c4f2342379af3643699644122,3,1,TEST,0.00015800737,0.021739130434782608,9.72116831690073e-05,1,ANOMALY
226a013df62c4cd7ad82d0ad002649f9,3,1,TEST,0.0006506806,0.021739130434782608,9.72116831690073e-05,1,ANOMALY
2283ba3215c24ce3b314cdcb13cffd69,3,1,TEST,0.0002233834,0.021739130434782608,9.72116831690073e-05,1,ANOMALY
228d5b3ffb7e408eb0279d6bbe3f2276,3,1,TEST,0.00028070185,0.021739130434782608,9.72116831690073e-05,1,ANOMALY
22b577c1fbad437388fdf6e5285be477,3,1,TEST,0.00030034775,0.021739130434782608,9.72116831690073e-05,1,ANOMALY
22bebbdf24da4e8f908f67a147105592,3,1,TEST,0.00021692546,0.021739130434782608,9.72116831690073e-05,1,ANOMALY
22becaad1f084b81937c41c821edad3b,3,1,TEST,0.0003698688,0.021739130434782608,9.72116831690073e-05,1,ANOMALY
22e4c1a4e8aa4599ab8d5b52a42b68b2,4,1,TEST,0.0028690237,0.021739130434782608,9.72116831690073e-05,1,ANOMALY
22e867adbe744f12b7a241a6b5e95860,3,1,TEST,0.00039625162,0.021739130434782608,9.72116831690073e-05,1,ANOMALY
2326831e8b034a9096d41d0553fa5b63,3,1,TEST,0.00036876887,0.021739130434782608,9.72116831690073e-05,1,ANOMALY
2328a26fb16a49b5b2964a1735454eb0,2,1,TEST,0.00015892037,0.021739130434782608,9.72116831690073e-05,1,ANOMALY
232dd926a90e4df58d27ca83cbab3adb,3,1,TEST,0.00029338844,0.021739130434782608,9.72116831690073e-05,1,ANOMALY
2334d53d9b9d4fce8b5244e80b4547b1,3,1,TEST,0.00020821227,0.021739130434782608,9.72116831690073e-05,1,ANOMALY
2346255ea6804025bd0dfc15e0663b07,3,1,TEST,0.00026047404,0.021739130434782608,9.72116831690073e-05,1,ANOMALY
234b171344ab4577b6f7d792f1621fee,3,1,TEST,0.00041877857,0.021739130434782608,9.72116831690073e-05,1,ANOMALY
235eeb7b3e364795b0797e2caae194ea,3,1,TEST,0.00023615581,0.021739130434782608,9.72116831690073e-05,1,ANOMALY
23642dc38d7b4afaa627f48a05c93450,3,1,TEST,0.0002432318,0.021739130434782608,9.72116831690073e-05,1,ANOMALY
2375f5b3591b4d41a71717014d77f7af,3,1,TEST,0.00018646556,0.021739130434782608,9.72116831690073e-05,1,ANOMALY
237d429612fb4e2ea38f0002334ddaea,3,1,TEST,0.00033756177,0.021739130434782608,9.72116831690073e-05,1,ANOMALY
238e82dbe0e14e218c0d8aebe6d960a1,3,1,TEST,0.00027121184,0.021739130434782608,9.72116831690073e-05,1,ANOMALY
239f44fe58af4286866337da0b2faa86,3,1,TEST,0.0002975035,0.021739130434782608,9.72116831690073e-05,1,ANOMALY
23dcf43339474856ad3ad2676bcfc76b,3,1,TEST,0.00033966414,0.021739130434782608,9.72116831690073e-05,1,ANOMALY
23f251124b2a4da3b07b11eb79680e0b,3,1,TEST,0.00025620067,0.021739130434782608,9.72116831690073e-05,1,ANOMALY
23f2d211943043ed8d524f5695a0734f,3,1,TEST,0.00053117174,0.021739130434782608,9.72116831690073e-05,1,ANOMALY
23fe35684d09482abe733a50e40045b8,4,1,TEST,0.0008707207,0.021739130434782608,9.72116831690073e-05,1,ANOMALY
2433cc8b2fef4b7d9aab4186c54bed00,3,1,TEST,0.00037685942,0.021739130434782608,9.72116831690073e-05,1,ANOMALY
2438380d7ff245b6b0c9a59b06736364,4,1,TEST,0.0026830311,0.021739130434782608,9.72116831690073e-05,1,ANOMALY
243ba164d9d54b689224b41d12f08849,3,1,TEST,0.00041373383,0.021739130434782608,9.72116831690073e-05,1,ANOMALY
247430ce587645728ca858e68549012b,3,1,TEST,0.00014004711,0.021739130434782608,9.72116831690073e-05,1,ANOMALY
247f39bb97894bdaaca591ccee6db329,3,1,TEST,0.00027657108,0.021739130434782608,9.72116831690073e-05,1,ANOMALY
2489f324aa4541cbbe6ebdfa91187b02,3,1,TEST,0.00012912575,0.021739130434782608,9.72116831690073e-05,1,ANOMALY
248a539995f84294b14894349f12106c,3,1,TEST,0.0002750311,0.021739130434782608,9.72116831690073e-05,1,ANOMALY
2494793b9a45444f9e6175bcf7cff0b6,3,1,TEST,0.00016966555,0.021739130434782608,9.72116831690073e-05,1,ANOMALY
249d801ff929408ea12bdfcca4f1f859,3,1,TEST,0.00022469566,0.021739130434782608,9.72116831690073e-05,1,ANOMALY
24a0f97f674b40d9b5a36e61b6576c1e,3,1,TEST,0.00022024827,0.021739130434782608,9.72116831690073e-05,1,ANOMALY
24ad8026ff184c3f899954bc8fc50924,3,1,TEST,0.00017882741,0.021739130434782608,9.72116831690073e-05,1,ANOMALY
24ada3c057fb46dcbe4ae3b41f08b71c,3,1,TEST,0.0003507852,0.021739130434782608,9.72116831690073e-05,1,ANOMALY
24b8487e937148bca3e33fbb2f0e76d9,3,1,TEST,0.0003057458,0.021739130434782608,9.72116831690073e-05,1,ANOMALY
24e923b09d774a8d9f44da099b98239d,3,1,TEST,0.00039111753,0.021739130434782608,9.72116831690073e-05,1,ANOMALY
24ef9b2cfd854b168ea26cf3948e908b,4,1,TEST,0.001120538,0.021739130434782608,9.72116831690073e-05,1,ANOMALY
24ff4a93eb0d48e190a8abb9c6df37d4,3,1,TEST,0.00016160717,0.021739130434782608,9.72116831690073e-05,1,ANOMALY
2500167204fa4fd0ae11a6025834ea8d,3,1,TEST,0.00021140045,0.021739130434782608,9.72116831690073e-05,1,ANOMALY
2500bff41ea94fbaaab8dd046459be6e,3,1,TEST,0.00049509574,0.021739130434782608,9.72116831690073e-05,1,ANOMALY
2508b5b99d6a4564a7560985f6d67020,3,1,TEST,0.00023261426,0.021739130434782608,9.72116831690073e-05,1,ANOMALY
250f1949dc3f4413b56f9adb6d7e6744,3,1,TEST,0.00020114407,0.021739130434782608,9.72116831690073e-05,1,ANOMALY
251f36277697404c864d55dc636bf1f5,3,1,TEST,0.00019499254,0.021739130434782608,9.72116831690073e-05,1,ANOMALY
2566da853f6341a1b0199a4d910ee195,3,1,TEST,0.0002390542,0.021739130434782608,9.72116831690073e-05,1,ANOMALY
256bc5fab58f4019893143fa702e6118,3,1,TEST,0.00024363461,0.021739130434782608,9.72116831690073e-05,1,ANOMALY
259e1eb9b6ef46428b90a4bba9c8bb23,3,1,TEST,0.0003142146,0.021739130434782608,9.72116831690073e-05,1,ANOMALY
25a9f26927704355a4905e94eba6745b,3,1,TEST,0.00029179556,0.021739130434782608,9.72116831690073e-05,1,ANOMALY
25b72864ecc1452ca32536df6e13a177,4,1,TEST,0.00039059788,0.021739130434782608,9.72116831690073e-05,1,ANOMALY
25ce0c89e3c643faa73412ecac394be9,3,1,TEST,0.00023136847,0.021739130434782608,9.72116831690073e-05,1,ANOMALY
25d51def27b54decadc310448e38e306,3,1,TEST,0.00027087994,0.021739130434782608,9.72116831690073e-05,1,ANOMALY
25e9e63d32084365985f5f1eb53496c0,3,1,TEST,0.0002523989,0.021739130434782608,9.72116831690073e-05,1,ANOMALY
25f0b27c0006447c9db5c0f1388a8edc,3,1,TEST,0.00014389807,0.021739130434782608,9.72116831690073e-05,1,ANOMALY
25f3f2695ce84b989fbb32e2f7db2d76,3,1,TEST,0.0003325685,0.021739130434782608,9.72116831690073e-05,1,ANOMALY
2604ff5184784fc997b2c36f41a88796,3,1,TEST,0.0004625324,0.021739130434782608,9.72116831690073e-05,1,ANOMALY
26190accda944b5f9aed2185b95390d9,3,1,TEST,0.00032265598,0.021739130434782608,9.72116831690073e-05,1,ANOMALY
262120a01be0469583e8928bf46d106f,3,1,TEST,0.00018394731,0.021739130434782608,9.72116831690073e-05,1,ANOMALY
26241e27b3c846fabc39e4d277902357,3,1,TEST,0.00022757446,0.021739130434782608,9.72116831690073e-05,1,ANOMALY
263fde80f8d64ffe80a1e2a290008d5d,3,1,TEST,0.00050966936,0.021739130434782608,9.72116831690073e-05,1,ANOMALY
264d32861ab14deb9b08f8378fb3bacc,3,1,TEST,0.00030163478,0.021739130434782608,9.72116831690073e-05,1,ANOMALY
2661734b21874fdf9e35a4319a9e7462,6,0,TEST,3.0693274e-05,0.9565217391304348,9.72116831690073e-05,0,REFERENCE
266a8e0227a943d3beb7b68d5153a452,6,0,TEST,3.1223914e-05,0.8260869565217391,9.72116831690073e-05,0,REFERENCE
26777e75551f41baae93b295e5e9981e,3,1,TEST,0.00036417786,0.021739130434782608,9.72116831690073e-05,1,ANOMALY
268518b1fadd470da7ace6369194efee,3,1,TEST,0.00027118187,0.021739130434782608,9.72116831690073e-05,1,ANOMALY
26d04f9a37a54fdabbe92a862262b6ea,3,1,TEST,0.00035048087,0.021739130434782608,9.72116831690073e-05,1,ANOMALY
26e7d0bed0e443f2b7ac5520a9968a24,3,1,TEST,0.00026266288,0.021739130434782608,9.72116831690073e-05,1,ANOMALY
26ed3e9bedf4428e94f6818fe7dc4624,3,1,TEST,0.00021328524,0.021739130434782608,9.72116831690073e-05,1,ANOMALY
26f80afd5a6d49da9ec9f68e8953cc13,3,1,TEST,0.00046209618,0.021739130434782608,9.72116831690073e-05,1,ANOMALY
2702f9f92a39431faa4ef414e20a23dc,3,1,TEST,0.00016804914,0.021739130434782608,9.72116831690073e-05,1,ANOMALY
27178f1195704f789f5a6679413297f9,6,0,TEST,3.166397e-05,0.6521739130434783,9.72116831690073e-05,0,REFERENCE
271f2c0cfb2348da963150ffe0cd66c7,3,1,TEST,0.00041875002,0.021739130434782608,9.72116831690073e-05,1,ANOMALY
2723a57717c349fb8e3c39b02866e41e,3,1,TEST,0.00025511946,0.021739130434782608,9.72116831690073e-05,1,ANOMALY
275337aa8d0145fa90d8534b6100d64d,3,1,TEST,0.00018132964,0.021739130434782608,9.72116831690073e-05,1,ANOMALY
276e3cf6f43d4d2797a59d11a04fd6cf,3,1,TEST,0.00024383751,0.021739130434782608,9.72116831690073e-05,1,ANOMALY
279696fcf1ba46a5a8cd8e1c026343b5,4,1,TEST,0.0012446734,0.021739130434782608,9.72116831690073e-05,1,ANOMALY
279a4a8056e44a489f8df19d3a346c52,3,1,TEST,0.00019280873,0.021739130434782608,9.72116831690073e-05,1,ANOMALY
27acf89a7e5f4cefbef726f49bcb4d94,3,1,TEST,0.0018254583,0.021739130434782608,9.72116831690073e-05,1,ANOMALY
27c32dada06d4ed0a18ae4d0d662b73b,3,1,TEST,0.00045116653,0.021739130434782608,9.72116831690073e-05,1,ANOMALY
27c3e6c9659948ef8b13505aaff8dac2,6,0,TEST,3.1584743e-05,0.6956521739130435,9.72116831690073e-05,0,REFERENCE
27d3d391a50b485496ca383ea579cb43,3,1,TEST,0.0002326874,0.021739130434782608,9.72116831690073e-05,1,ANOMALY
27e4226aa73f43368f123c1459b8c245,4,1,TEST,0.0010599553,0.021739130434782608,9.72116831690073e-05,1,ANOMALY
27faf8d0cddc469d919d0ed955b12af6,3,1,TEST,0.0003041491,0.021739130434782608,9.72116831690073e-05,1,ANOMALY
2826fce7ca2d422caaae36269d7fe2e0,3,1,TEST,0.00021334321,0.021739130434782608,9.72116831690073e-05,1,ANOMALY
28a990059a26489fa8d8a140683614a6,3,1,TEST,0.00025022286,0.021739130434782608,9.72116831690073e-05,1,ANOMALY
28c17b6d765f4517ac455d774b258d8c,4,1,TEST,0.00088389084,0.021739130434782608,9.72116831690073e-05,1,ANOMALY
28d4fde507ab45e889daf16077eefa4f,3,1,TEST,0.0004244775,0.021739130434782608,9.72116831690073e-05,1,ANOMALY
28fbeb8ddf6448b8875383f4c7cc6dc4,3,1,TEST,0.00030642448,0.021739130434782608,9.72116831690073e-05,1,ANOMALY
290e6e49a3e64f639cddc44a74a2b656,3,1,TEST,0.00014814922,0.021739130434782608,9.72116831690073e-05,1,ANOMALY
293356d4c3184371aa3962de251acf64,3,1,TEST,0.00031629263,0.021739130434782608,9.72116831690073e-05,1,ANOMALY
2958cc4340e44225a5ff8d56791b04e3,3,1,TEST,0.0002519156,0.021739130434782608,9.72116831690073e-05,1,ANOMALY
29613e685ecb4545ac166b53ec1b0ea5,3,1,TEST,0.00020324331,0.021739130434782608,9.72116831690073e-05,1,ANOMALY
2961d71173c7423786474f5c40b51534,3,1,TEST,0.00028448942,0.021739130434782608,9.72116831690073e-05,1,ANOMALY
297ee48a83f241cdb0b00bb801a80481,3,1,TEST,0.00036190142,0.021739130434782608,9.72116831690073e-05,1,ANOMALY
2990d28a6a4642b1a61eebff36a4bc16,3,1,TEST,0.00022657422,0.021739130434782608,9.72116831690073e-05,1,ANOMALY
299d7af945be441d929e4ce021f923b6,3,1,TEST,0.00019882324,0.021739130434782608,9.72116831690073e-05,1,ANOMALY
29a8f2138f4a4a638efef6558b508328,3,1,TEST,0.00021189364,0.021739130434782608,9.72116831690073e-05,1,ANOMALY
29b104a6742b43f1b7f6aae909d92b11,3,1,TEST,0.000258261,0.021739130434782608,9.72116831690073e-05,1,ANOMALY
29f2159393f342338c6551bcab2f5ab0,3,1,TEST,0.00017810523,0.021739130434782608,9.72116831690073e-05,1,ANOMALY
2a04b2982fad4580be5468e5876f27ec,4,1,TEST,0.00030679945,0.021739130434782608,9.72116831690073e-05,1,ANOMALY
2a576662e7dd4595983ef562679197e1,3,1,TEST,0.0002870729,0.021739130434782608,9.72116831690073e-05,1,ANOMALY
2a589bddcfc44805989756cf5a853e59,3,1,TEST,0.00023565629,0.021739130434782608,9.72116831690073e-05,1,ANOMALY
2a5efa6c2cc940af9c725783c326720b,3,1,TEST,0.00019187201,0.021739130434782608,9.72116831690073e-05,1,ANOMALY
2a5f9f18a1db4a0b85898cc4ce93221a,3,1,TEST,0.00048980553,0.021739130434782608,9.72116831690073e-05,1,ANOMALY
2a6ee526b179441ba6752135b1d4a524,3,1,TEST,0.0002341274,0.021739130434782608,9.72116831690073e-05,1,ANOMALY
2a846d800a6945d59cda4ecd0925757b,3,1,TEST,0.0001431759,0.021739130434782608,9.72116831690073e-05,1,ANOMALY
2ab96952ebb243f791b7fadbb29bf28d,6,0,TEST,3.142729e-05,0.7608695652173914,9.72116831690073e-05,0,REFERENCE
2aba3f344c9044929db6037a4cb51399,3,1,TEST,0.00025664247,0.021739130434782608,9.72116831690073e-05,1,ANOMALY
2abc111464b3492eab5b6c6aded41507,3,1,TEST,0.00028854498,0.021739130434782608,9.72116831690073e-05,1,ANOMALY
2ad80cc427164612bf48236f6aa1a089,3,1,TEST,0.00043299445,0.021739130434782608,9.72116831690073e-05,1,ANOMALY
2ad94c8b322542f6acf29a9993194def,3,1,TEST,0.00020291272,0.021739130434782608,9.72116831690073e-05,1,ANOMALY
2af5bf4b70ba4f2582f498a208862702,3,1,TEST,0.00032964995,0.021739130434782608,9.72116831690073e-05,1,ANOMALY
2afd5c7889ac457e8c6cbc6b3d18f6fa,3,1,TEST,0.00035376774,0.021739130434782608,9.72116831690073e-05,1,ANOMALY
2b14b1ec824c46c9b48b3b0abb3da037,3,1,TEST,0.0003891288,0.021739130434782608,9.72116831690073e-05,1,ANOMALY
2b3672f8bfd44120a143bcaba01630f7,3,1,TEST,0.00028187622,0.021739130434782608,9.72116831690073e-05,1,ANOMALY
2b422e2879a44bc8aa4ad551c40abc49,3,1,TEST,0.00035073125,0.021739130434782608,9.72116831690073e-05,1,ANOMALY
2b4773bc93b04416905d44495167b0c2,3,1,TEST,0.000248546,0.021739130434782608,9.72116831690073e-05,1,ANOMALY
2b8dedc5e83e4019ba17e99ed8a0ca60,4,1,TEST,0.0013945979,0.021739130434782608,9.72116831690073e-05,1,ANOMALY
2b9a2b298d70419abfa00d092f671926,3,1,TEST,0.00040850436,0.021739130434782608,9.72116831690073e-05,1,ANOMALY
2bb07e7a459d426bb48b72f14cfa2858,3,1,TEST,0.00045369973,0.021739130434782608,9.72116831690073e-05,1,ANOMALY
2bb926e9835a4238b859bef94cca3cfd,3,1,TEST,0.00019024537,0.021739130434782608,9.72116831690073e-05,1,ANOMALY
2bbc0d1f267f45a1afecd442f53ff0d4,3,1,TEST,0.00022163338,0.021739130434782608,9.72116831690073e-05,1,ANOMALY
2bfea735766744898d4b6fa3f2132b08,3,1,TEST,0.00027123804,0.021739130434782608,9.72116831690073e-05,1,ANOMALY
2c0b2cc93eaf49cdbbe976ac369a7b4a,3,1,TEST,0.000292579,0.021739130434782608,9.72116831690073e-05,1,ANOMALY
2c2610f829b24d31a5ee85d2feac21e2,3,1,TEST,0.00026713044,0.021739130434782608,9.72116831690073e-05,1,ANOMALY
2c2fc1cdae7945518a0194a0a633b181,3,1,TEST,0.00051648356,0.021739130434782608,9.72116831690073e-05,1,ANOMALY
2c3e395440074ee2bf5d98ba160ca676,3,1,TEST,0.0010230909,0.021739130434782608,9.72116831690073e-05,1,ANOMALY
2c63511bc0504185848b5d9d72e974f3,3,1,TEST,0.0002434294,0.021739130434782608,9.72116831690073e-05,1,ANOMALY
2c78976971304ac69f1cf19d836220ad,3,1,TEST,0.00031973646,0.021739130434782608,9.72116831690073e-05,1,ANOMALY
2c8a17cd3bc8489797872a86a2fd4f45,4,1,TEST,0.00034238197,0.021739130434782608,9.72116831690073e-05,1,ANOMALY
2c944ea2e1d54c7283ff87c36a9793aa,3,1,TEST,0.00017589025,0.021739130434782608,9.72116831690073e-05,1,ANOMALY
2c95fc7cbbe44873a45fd7e5715a9d64,3,1,TEST,0.00022231744,0.021739130434782608,9.72116831690073e-05,1,ANOMALY
2cb3776b7fcc46bcac4c2b13cb00abcc,3,1,TEST,0.0006595341,0.021739130434782608,9.72116831690073e-05,1,ANOMALY
2cbcb61267814dbc8691040d0c7d79c6,3,1,TEST,0.00037430433,0.021739130434782608,9.72116831690073e-05,1,ANOMALY
2cd85ba4f7b943ec8b59801613349b2d,3,1,TEST,0.00021175657,0.021739130434782608,9.72116831690073e-05,1,ANOMALY
2cf9d3042bfa4b80a6c1b4deebd697cc,3,1,TEST,0.00023738234,0.021739130434782608,9.72116831690073e-05,1,ANOMALY
2d3ecb54ecdc453e9aa5522f421c1d5c,3,1,TEST,0.0003425884,0.021739130434782608,9.72116831690073e-05,1,ANOMALY
2d46817d33dd4b389ff167604ef1e548,3,1,TEST,0.00021535659,0.021739130434782608,9.72116831690073e-05,1,ANOMALY
2d5c0282f04a4982b28d4fcae291b6b7,3,1,TEST,0.00040951872,0.021739130434782608,9.72116831690073e-05,1,ANOMALY
2d7dc3ebc40847d6942767ad22df98ee,3,1,TEST,0.00022737634,0.021739130434782608,9.72116831690073e-05,1,ANOMALY
2d844431bcdd4d8ca94fcbe3ea3fd0c3,3,1,TEST,0.00023709811,0.021739130434782608,9.72116831690073e-05,1,ANOMALY
2da928ed7a76493e8282a1ad63b5e305,3,1,TEST,0.00020198004,0.021739130434782608,9.72116831690073e-05,1,ANOMALY
2da9fe84a0b5422482ba99ef6a3591cf,3,1,TEST,0.000248394,0.021739130434782608,9.72116831690073e-05,1,ANOMALY
2dade3ad5e1b4ed3a1c43952dd5c9b6c,3,1,TEST,0.00024220673,0.021739130434782608,9.72116831690073e-05,1,ANOMALY
2dc0437dad634b79b67b3545e16ba85a,3,1,TEST,0.00019960834,0.021739130434782608,9.72116831690073e-05,1,ANOMALY
2dcc54a283874021af6c1457083fa839,4,1,TEST,0.0003390864,0.021739130434782608,9.72116831690073e-05,1,ANOMALY
2de005f5b4e54ef0836f5033ac3745dd,3,1,TEST,0.00026193896,0.021739130434782608,9.72116831690073e-05,1,ANOMALY
2de87e8287724acc9ce2d736080dc10d,3,1,TEST,0.00053470116,0.021739130434782608,9.72116831690073e-05,1,ANOMALY
2df86cef7db144728d9d4fa0776a8f16,3,1,TEST,0.00023216975,0.021739130434782608,9.72116831690073e-05,1,ANOMALY
2e336cecf1a448979e08168e0e44f72f,3,1,TEST,0.0005657377,0.021739130434782608,9.72116831690073e-05,1,ANOMALY
2e34361c89124ca394ba02c4dde1e0df,6,0,TEST,3.630179e-05,0.15217391304347827,9.72116831690073e-05,0,REFERENCE
2e37056abea14bc0872f23c1d0b312b7,3,1,TEST,0.00027736847,0.021739130434782608,9.72116831690073e-05,1,ANOMALY
2e4865741dff41ef9b41ff723d988a03,3,1,TEST,0.00038909883,0.021739130434782608,9.72116831690073e-05,1,ANOMALY
2e7002f6eb084e5f86a28d0a19be77b0,3,1,TEST,0.0002972738,0.021739130434782608,9.72116831690073e-05,1,ANOMALY
2e7788235df6401a9b62a9a66d8168c5,3,1,TEST,0.00031533683,0.021739130434782608,9.72116831690073e-05,1,ANOMALY
2e9a7dbc644043c5b150d45b70b7f102,3,1,TEST,0.00022236172,0.021739130434782608,9.72116831690073e-05,1,ANOMALY
2ea0951ea96c4d10b0bbd64b73a298e6,3,1,TEST,0.0002327051,0.021739130434782608,9.72116831690073e-05,1,ANOMALY
2ef07ce6e01449499bb7eafe6b77b283,3,1,TEST,0.00043250484,0.021739130434782608,9.72116831690073e-05,1,ANOMALY
2efea7a24d684a84acde1db1a9b94aec,4,1,TEST,0.002960223,0.021739130434782608,9.72116831690073e-05,1,ANOMALY
2f2c8f4aea1f431589cdc7e0575744f8,3,1,TEST,0.000398927,0.021739130434782608,9.72116831690073e-05,1,ANOMALY
2f397f3e28204dafbe188aa6a19260b7,3,1,TEST,0.0002607197,0.021739130434782608,9.72116831690073e-05,1,ANOMALY
2f3b6d8a19a84441b65df5516b9b4f02,3,1,TEST,0.0002492001,0.021739130434782608,9.72116831690073e-05,1,ANOMALY
2f40e9ff2b4a40f486158e227f3c40e0,3,1,TEST,0.00025844102,0.021739130434782608,9.72116831690073e-05,1,ANOMALY
2f4de4474ca940719b2e3ca183822da3,3,1,TEST,0.00039345672,0.021739130434782608,9.72116831690073e-05,1,ANOMALY
2f6485cf6a694b76ae2fba8086033eec,3,1,TEST,0.000290715,0.021739130434782608,9.72116831690073e-05,1,ANOMALY
2f765b999f4f4f028233d1ab71a60e06,3,1,TEST,0.00028817548,0.021739130434782608,9.72116831690073e-05,1,ANOMALY
2fb95055d13c40d5af645135f4f9c3c6,3,1,TEST,0.0003027499,0.021739130434782608,9.72116831690073e-05,1,ANOMALY
2fc6f52095de41e59bed0cb126fbd679,3,1,TEST,0.0012433565,0.021739130434782608,9.72116831690073e-05,1,ANOMALY
2ff5bcc29c164181a1fd15d36cd4d809,3,1,TEST,0.0003795851,0.021739130434782608,9.72116831690073e-05,1,ANOMALY
2ffc9100cc724ea09175b3e94590e75d,6,0,TEST,3.613272e-05,0.17391304347826086,9.72116831690073e-05,0,REFERENCE
3016e6a731b24982b964748c26129a0a,3,1,TEST,0.0005433472,0.021739130434782608,9.72116831690073e-05,1,ANOMALY
302841a54c3e48c8a6edbd79faf6b914,3,1,TEST,0.00016687595,0.021739130434782608,9.72116831690073e-05,1,ANOMALY
3038cd580d404847b70bc78122dac5b0,3,1,TEST,0.0002656214,0.021739130434782608,9.72116831690073e-05,1,ANOMALY
3045a67cf34e4c0eafdc80ba6f250a03,3,1,TEST,0.0005131609,0.021739130434782608,9.72116831690073e-05,1,ANOMALY
3075a42bc29e4034961a261ec9705628,3,1,TEST,0.00040894904,0.021739130434782608,9.72116831690073e-05,1,ANOMALY
307dfd458de14c03a06c9633de295f32,3,1,TEST,0.0005216103,0.021739130434782608,9.72116831690073e-05,1,ANOMALY
3093c1a6e35b4aa89caaebdd7608b0e8,3,1,TEST,0.00035926214,0.021739130434782608,9.72116831690073e-05,1,ANOMALY
30b6db2efc9f4da3aac9223f8fa95f52,6,0,TEST,3.1273106e-05,0.8043478260869565,9.72116831690073e-05,0,REFERENCE
30fb57f8930441469303a5d78ce8bb68,3,1,TEST,0.00021099346,0.021739130434782608,9.72116831690073e-05,1,ANOMALY
3112c0c1dc8b4bdb8752c5b9f154f577,3,1,TEST,0.000271413,0.021739130434782608,9.72116831690073e-05,1,ANOMALY
3113524172e246ea9a823e2caa4ade9d,3,1,TEST,0.0002488583,0.021739130434782608,9.72116831690073e-05,1,ANOMALY
312974164b6e47e897b40e5d502dd767,3,1,TEST,0.00029420946,0.021739130434782608,9.72116831690073e-05,1,ANOMALY
314c009dd7a242d2aabb0b8bf318b1b1,3,1,TEST,0.0005264043,0.021739130434782608,9.72116831690073e-05,1,ANOMALY
315d44a985c94d7f88e02a47512fecd4,3,1,TEST,0.0001605993,0.021739130434782608,9.72116831690073e-05,1,ANOMALY
315ead33c75b403b9abcf3e547e0aebc,4,1,TEST,0.0007832475,0.021739130434782608,9.72116831690073e-05,1,ANOMALY
31721502c5e5487fa141a9da48b457ec,3,1,TEST,0.00065366377,0.021739130434782608,9.72116831690073e-05,1,ANOMALY
3198294a063e4bfa86b8542c530b469b,3,1,TEST,0.00034382445,0.021739130434782608,9.72116831690073e-05,1,ANOMALY
31b828908f2d4a92bd2ade0b0d9edaa7,3,1,TEST,0.00076990435,0.021739130434782608,9.72116831690073e-05,1,ANOMALY
31c5265b8ce1429ea8a9e04b41425774,3,1,TEST,0.0003129546,0.021739130434782608,9.72116831690073e-05,1,ANOMALY
31cbaec5011446e6995a0b75efc10771,3,1,TEST,0.00046048683,0.021739130434782608,9.72116831690073e-05,1,ANOMALY
31ce6ec5c2c3438f8f6c26d90c0147fd,3,1,TEST,0.0002459035,0.021739130434782608,9.72116831690073e-05,1,ANOMALY
31e57b3d392a41e39daf4492b6ee5c3c,3,1,TEST,0.00016089909,0.021739130434782608,9.72116831690073e-05,1,ANOMALY
320a3751ebc44209a31e61fca50c4c3a,3,1,TEST,0.00020695117,0.021739130434782608,9.72116831690073e-05,1,ANOMALY
32180e4c2d8d415fb170ed567cf28726,3,1,TEST,0.00018180894,0.021739130434782608,9.72116831690073e-05,1,ANOMALY
3221f42007804ece89b3365608457e9d,3,1,TEST,0.00025782132,0.021739130434782608,9.72116831690073e-05,1,ANOMALY
3224520a75114298956e3e4059e9a60f,3,1,TEST,0.0002458967,0.021739130434782608,9.72116831690073e-05,1,ANOMALY
32276fee5ffc40e99bef57fa98877f06,3,1,TEST,0.00029046036,0.021739130434782608,9.72116831690073e-05,1,ANOMALY
323ea5b3701a4ff5b9cb25289e025005,3,1,TEST,0.00022317308,0.021739130434782608,9.72116831690073e-05,1,ANOMALY
32bd8348450b41e093c7d625ebf71038,3,1,TEST,0.0009666609,0.021739130434782608,9.72116831690073e-05,1,ANOMALY
32be37df4982474c9862def030310d9c,3,1,TEST,0.00020352236,0.021739130434782608,9.72116831690073e-05,1,ANOMALY
32e58eaa0d2445eabbd038ac2f57218e,3,1,TEST,0.00018553314,0.021739130434782608,9.72116831690073e-05,1,ANOMALY
32f4685e25214921b34b9e7de19f34de,3,1,TEST,0.00023517785,0.021739130434782608,9.72116831690073e-05,1,ANOMALY
331094b2ee794c7e96f1dd3aad243edb,3,1,TEST,0.00036078432,0.021739130434782608,9.72116831690073e-05,1,ANOMALY
3328ddeb1d9c49879f6487b8c245aa3e,3,1,TEST,0.00025289183,0.021739130434782608,9.72116831690073e-05,1,ANOMALY
3329233a22564ea2892c69d7c56f325d,3,1,TEST,0.00031716545,0.021739130434782608,9.72116831690073e-05,1,ANOMALY
33450a42fe424ff98716d3af1a9cbe21,3,1,TEST,0.00018605465,0.021739130434782608,9.72116831690073e-05,1,ANOMALY
335a6e5950c441bba6a6c6719d04074e,3,1,TEST,0.0002581749,0.021739130434782608,9.72116831690073e-05,1,ANOMALY
336214f2cde34cfbb26f7f12cac0b24e,3,1,TEST,0.0002605842,0.021739130434782608,9.72116831690073e-05,1,ANOMALY
336bddf1b3fc4acbbaa0a1031b8d190c,3,1,TEST,0.0001824944,0.021739130434782608,9.72116831690073e-05,1,ANOMALY
336e0e79809d40999c673dfa24fe9648,3,1,TEST,0.00017733814,0.021739130434782608,9.72116831690073e-05,1,ANOMALY
3377fc1898f8420fb578f762de821aae,3,1,TEST,0.0002456901,0.021739130434782608,9.72116831690073e-05,1,ANOMALY
33796a18c9a34b43a93604755fc40dd1,3,1,TEST,0.00028992337,0.021739130434782608,9.72116831690073e-05,1,ANOMALY
337edf795fff48948161e2d0b33d0f48,4,1,TEST,0.001077109,0.021739130434782608,9.72116831690073e-05,1,ANOMALY
338b5eca04324752bc21542ebba5f43f,3,1,TEST,0.00019294035,0.021739130434782608,9.72116831690073e-05,1,ANOMALY
33ab2240d739475986f364e3751ae956,4,1,TEST,0.0029451028,0.021739130434782608,9.72116831690073e-05,1,ANOMALY
33aeade1aca44ba4ab130991f86db49e,3,1,TEST,0.00018079026,0.021739130434782608,9.72116831690073e-05,1,ANOMALY
33b0785d1f324b4ea4ef27a3a3081a73,3,1,TEST,0.00033818177,0.021739130434782608,9.72116831690073e-05,1,ANOMALY
33b724ce33e44f8e9ab98eb7bdc6e111,3,1,TEST,0.0003525229,0.021739130434782608,9.72116831690073e-05,1,ANOMALY
33c1230da81b46d9a2e1986d286c5894,3,1,TEST,0.00030203536,0.021739130434782608,9.72116831690073e-05,1,ANOMALY
33c79709b92b4693b0b07b88827eba97,3,1,TEST,0.00022312246,0.021739130434782608,9.72116831690073e-05,1,ANOMALY
33c86a054530491c9b86ee6594d6de04,3,1,TEST,0.00020560544,0.021739130434782608,9.72116831690073e-05,1,ANOMALY
33d7616a2f934e78bc49bf91337b80ed,3,1,TEST,0.0002897987,0.021739130434782608,9.72116831690073e-05,1,ANOMALY
33d93d7870a441809ddbac1f9c929cb8,4,1,TEST,0.00068135187,0.021739130434782608,9.72116831690073e-05,1,ANOMALY
33e1b4bce9ff45f88b17f3cbcc9c5ffd,6,0,TEST,3.0726995e-05,0.9347826086956522,9.72116831690073e-05,0,REFERENCE
341543b58bbe42999b3b3ca8b6efa644,3,1,TEST,0.00019912541,0.021739130434782608,9.72116831690073e-05,1,ANOMALY
342056fb15754757a7865b5dd075d940,3,1,TEST,0.00036622415,0.021739130434782608,9.72116831690073e-05,1,ANOMALY
34357efc38464acea781c4cb30801bf9,3,1,TEST,0.00040224672,0.021739130434782608,9.72116831690073e-05,1,ANOMALY
34498e3370cd41628f99618ac4d2ac29,3,1,TEST,0.0005413701,0.021739130434782608,9.72116831690073e-05,1,ANOMALY
346f2603106b4591849088ec5f82e0ed,3,1,TEST,0.00023448003,0.021739130434782608,9.72116831690073e-05,1,ANOMALY
3485d52d39094702a3e1c999dc4d4526,3,1,TEST,0.0002118707,0.021739130434782608,9.72116831690073e-05,1,ANOMALY
34889274e5144887932037b71528612d,3,1,TEST,0.00018330308,0.021739130434782608,9.72116831690073e-05,1,ANOMALY
3496bce643114c908bb1ecdafda6f199,3,1,TEST,0.00023847794,0.021739130434782608,9.72116831690073e-05,1,ANOMALY
3498b9ec5c4b433a81870533a5a29e82,3,1,TEST,0.00019492206,0.021739130434782608,9.72116831690073e-05,1,ANOMALY
34afa0677bd440a5aaab92708f4feaff,1,1,TEST,0.00036959373,0.021739130434782608,9.72116831690073e-05,1,ANOMALY
34bb79f7b6d04f50a7c476c1ac68444d,4,1,TEST,0.0016839005,0.021739130434782608,9.72116831690073e-05,1,ANOMALY
34da55ffbfae4ffe8c1591ab7abc5ccf,3,1,TEST,0.00028480164,0.021739130434782608,9.72116831690073e-05,1,ANOMALY
34e9aeea704b490d9ac2a73f48dab3ae,3,1,TEST,0.0007335295,0.021739130434782608,9.72116831690073e-05,1,ANOMALY
34ee4aa3fe70414c924b6249ad7cb291,4,1,TEST,0.00041387047,0.021739130434782608,9.72116831690073e-05,1,ANOMALY
34fdd2f0cc664e87bfeda63fb96dcfab,3,1,TEST,0.0002473157,0.021739130434782608,9.72116831690073e-05,1,ANOMALY
3506d17fe7554e98a464b6db88bf6af8,3,1,TEST,0.00025371282,0.021739130434782608,9.72116831690073e-05,1,ANOMALY
35218bc01586455199947036101c87d9,3,1,TEST,0.00043940704,0.021739130434782608,9.72116831690073e-05,1,ANOMALY
354f3522809f4eabbd9c7dc2239cce77,3,1,TEST,0.00021909969,0.021739130434782608,9.72116831690073e-05,1,ANOMALY
355b40c8290f4886a84ccf48424ee998,3,1,TEST,0.00032853242,0.021739130434782608,9.72116831690073e-05,1,ANOMALY
35818425a7584d6d9a86245e4bc0975a,3,1,TEST,0.00030641787,0.021739130434782608,9.72116831690073e-05,1,ANOMALY
3585f475f5a94debacffd7ed07893c2a,3,1,TEST,0.00026779706,0.021739130434782608,9.72116831690073e-05,1,ANOMALY
3590aedb201d4533b4dc5a2934bea214,3,1,TEST,0.00014840628,0.021739130434782608,9.72116831690073e-05,1,ANOMALY
359718f7a2a44b7e8bba854000385d13,3,1,TEST,0.0002801185,0.021739130434782608,9.72116831690073e-05,1,ANOMALY
359ca05cd6f645b79af19992f015afd5,3,1,TEST,0.00029361693,0.021739130434782608,9.72116831690073e-05,1,ANOMALY
35ae6ed5a6834a1eb7606182e23c200d,3,1,TEST,0.0007164823,0.021739130434782608,9.72116831690073e-05,1,ANOMALY
35b2667598c84e6eb24d1449d7e86d3c,3,1,TEST,0.00022865713,0.021739130434782608,9.72116831690073e-05,1,ANOMALY
35baf35ee18848178d2054c7954f44af,3,1,TEST,0.00013530118,0.021739130434782608,9.72116831690073e-05,1,ANOMALY
35e2bf0bed184ea9a695f92d45b15cfc,3,1,TEST,0.00026732258,0.021739130434782608,9.72116831690073e-05,1,ANOMALY
35f2f24d57954296afb5e8589649e8a9,3,1,TEST,0.00013375968,0.021739130434782608,9.72116831690073e-05,1,ANOMALY
360017094ac94377bc794526ea0a4ab4,3,1,TEST,0.00015234179,0.021739130434782608,9.72116831690073e-05,1,ANOMALY
36097d8dc5d4443da8330fee51bb2bcc,3,1,TEST,0.00034764872,0.021739130434782608,9.72116831690073e-05,1,ANOMALY
361e44acb1aa4319a3400c01a506a03e,3,1,TEST,0.00024466694,0.021739130434782608,9.72116831690073e-05,1,ANOMALY
36262e361f61451d96bb6bf76f05b7ce,3,1,TEST,0.000173938,0.021739130434782608,9.72116831690073e-05,1,ANOMALY
363aeae0ebc94eb9a67ab75cdd00a867,3,1,TEST,0.00024116613,0.021739130434782608,9.72116831690073e-05,1,ANOMALY
364e3dcef6a94545a9264b23e333791f,3,1,TEST,0.00048435005,0.021739130434782608,9.72116831690073e-05,1,ANOMALY
364e877364054605812c714e59ce194b,3,1,TEST,0.00072940125,0.021739130434782608,9.72116831690073e-05,1,ANOMALY
36658b4a43ea4c1da38361f7226561af,3,1,TEST,0.00040731652,0.021739130434782608,9.72116831690073e-05,1,ANOMALY
3668c13a95b144d4b7bfa4304a251684,3,1,TEST,0.0001371562,0.021739130434782608,9.72116831690073e-05,1,ANOMALY
36710b64f114401a925e4c6fc96fdde3,3,1,TEST,0.0002542367,0.021739130434782608,9.72116831690073e-05,1,ANOMALY
367114b474624ad391437ac594f9f7a1,3,1,TEST,0.00013555509,0.021739130434782608,9.72116831690073e-05,1,ANOMALY
367502071a1640e5a7381a0327d4c107,3,1,TEST,0.0001603853,0.021739130434782608,9.72116831690073e-05,1,ANOMALY
367ac652fae34d80aea597b6055f2997,3,1,TEST,0.0002856153,0.021739130434782608,9.72116831690073e-05,1,ANOMALY
36876e19e7784e24a2b08163602f03cc,3,1,TEST,0.00021366018,0.021739130434782608,9.72116831690073e-05,1,ANOMALY
36b410f0b7454bf5b8fd9308db1d38df,3,1,TEST,0.00025970867,0.021739130434782608,9.72116831690073e-05,1,ANOMALY
36baba0872c94ed483a437bbd5ddce5f,3,1,TEST,0.00028812425,0.021739130434782608,9.72116831690073e-05,1,ANOMALY
36bf4b0dac99454b88a7e2f570851d9e,3,1,TEST,0.00030084132,0.021739130434782608,9.72116831690073e-05,1,ANOMALY
36c2acede5034547a34a5a7c2116e99d,3,1,TEST,0.00041999717,0.021739130434782608,9.72116831690073e-05,1,ANOMALY
36ee04ed714345078081fe724d7fbe59,3,1,TEST,0.0003457838,0.021739130434782608,9.72116831690073e-05,1,ANOMALY
371f1749edc44057954c1af17a175907,3,1,TEST,0.00028089323,0.021739130434782608,9.72116831690073e-05,1,ANOMALY
37aef6ef5d2347a4bdc8e3000768159f,4,1,TEST,0.0009114215,0.021739130434782608,9.72116831690073e-05,1,ANOMALY
37c555880cf141bda78a2bbfbbcf22e6,3,1,TEST,0.0001789782,0.021739130434782608,9.72116831690073e-05,1,ANOMALY
37d97014439c49d3a15fd41c6a79e035,3,1,TEST,0.0004462506,0.021739130434782608,9.72116831690073e-05,1,ANOMALY
37e61c6cd8b144b3b8174ae43a497218,3,1,TEST,0.00025919243,0.021739130434782608,9.72116831690073e-05,1,ANOMALY
37e8e3e3e590499c8fac4b8cfc5ab9dd,3,1,TEST,0.00020342415,0.021739130434782608,9.72116831690073e-05,1,ANOMALY
38075ce5912b4034a95f1f2dfa045378,3,1,TEST,0.00028162356,0.021739130434782608,9.72116831690073e-05,1,ANOMALY
382b4cdebbb54176a2392da8549a8133,3,1,TEST,0.00047031854,0.021739130434782608,9.72116831690073e-05,1,ANOMALY
386f945dfd944c6caae354d3a06de243,2,1,TEST,0.00037480355,0.021739130434782608,9.72116831690073e-05,1,ANOMALY
38771e5999f44cacbb9c4c731415a72c,3,1,TEST,0.00023324831,0.021739130434782608,9.72116831690073e-05,1,ANOMALY
387a4fd2ab9d45f29a1ea144319c0fa4,3,1,TEST,0.00015461809,0.021739130434782608,9.72116831690073e-05,1,ANOMALY
387e7002fee24f0e8c04bb9b7257cc68,3,1,TEST,0.00015794297,0.021739130434782608,9.72116831690073e-05,1,ANOMALY
3883b0950cdc46269cfbb09002f96af9,3,1,TEST,0.00022811056,0.021739130434782608,9.72116831690073e-05,1,ANOMALY
3886b8db909c40b281bbb86ba5ac81cb,3,1,TEST,0.00025411032,0.021739130434782608,9.72116831690073e-05,1,ANOMALY
38ae6c2813ef43df918ccbf053b3cdbb,3,1,TEST,0.00023337512,0.021739130434782608,9.72116831690073e-05,1,ANOMALY
38be76a513f24d1dacf8ae7f2982ef87,3,1,TEST,0.00048252268,0.021739130434782608,9.72116831690073e-05,1,ANOMALY
38c0a78362774b5590403dba3eb32887,3,1,TEST,0.00028466107,0.021739130434782608,9.72116831690073e-05,1,ANOMALY
3924a96b7484412481752512a03cfd9d,3,1,TEST,0.00060775894,0.021739130434782608,9.72116831690073e-05,1,ANOMALY
39480c5fc2774c0d925e5fbef0a74939,3,1,TEST,0.0003036799,0.021739130434782608,9.72116831690073e-05,1,ANOMALY
396545e1301848bcbd2dd39766f7e0bc,3,1,TEST,0.00027344038,0.021739130434782608,9.72116831690073e-05,1,ANOMALY
396ad90336f646599998f18c0fad1e3a,3,1,TEST,0.00040119982,0.021739130434782608,9.72116831690073e-05,1,ANOMALY
396f186b0aab494b8086dc2c879be1ca,3,1,TEST,0.0002629406,0.021739130434782608,9.72116831690073e-05,1,ANOMALY
397a6bffa3ac482aa1641a8dd0f0f38a,3,1,TEST,0.00032219,0.021739130434782608,9.72116831690073e-05,1,ANOMALY
3990a073c0b64c63916787f7f7ab5e1c,3,1,TEST,0.00023615429,0.021739130434782608,9.72116831690073e-05,1,ANOMALY
399e82bc6bfb4d78a2277413be68245b,3,1,TEST,0.0002020736,0.021739130434782608,9.72116831690073e-05,1,ANOMALY
39b32ef0ceb04253ac24b47ca7e8dbe8,3,1,TEST,0.0002645038,0.021739130434782608,9.72116831690073e-05,1,ANOMALY
39c90ffde2ff46e782a909b27362abff,1,1,TEST,0.00024974224,0.021739130434782608,9.72116831690073e-05,1,ANOMALY
39d6aeb3bf29442eacde7528a7089722,3,1,TEST,0.0005642839,0.021739130434782608,9.72116831690073e-05,1,ANOMALY
39e068db484a49aebda6ba368eabd2d2,3,1,TEST,0.00021726676,0.021739130434782608,9.72116831690073e-05,1,ANOMALY
39e62d8be7694dbb8aed5d4f3abb8f36,4,1,TEST,0.00061856897,0.021739130434782608,9.72116831690073e-05,1,ANOMALY
39e94991899942529505cbc35e13f959,3,1,TEST,0.00021444043,0.021739130434782608,9.72116831690073e-05,1,ANOMALY
39fc25bce212433b94924569c7666b42,3,1,TEST,0.00039637182,0.021739130434782608,9.72116831690073e-05,1,ANOMALY
3a15d69fd0964e60a74bc672f73d1a2c,3,1,TEST,0.0006604844,0.021739130434782608,9.72116831690073e-05,1,ANOMALY
3a26ae5d8a8844d89e6d5e97952b87d4,3,1,TEST,0.00014692875,0.021739130434782608,9.72116831690073e-05,1,ANOMALY
3a5be2553bc141318e349f6e5a26fcdb,3,1,TEST,0.000547554,0.021739130434782608,9.72116831690073e-05,1,ANOMALY
3a9df001ec054300b5855bab464cb647,3,1,TEST,0.00025635376,0.021739130434782608,9.72116831690073e-05,1,ANOMALY
3a9f31f859ec4bb5a7c54e3b0ed67eeb,3,1,TEST,0.00023739465,0.021739130434782608,9.72116831690073e-05,1,ANOMALY
3ab764a6a9314b68b66a55f81d6b0d6e,4,1,TEST,0.00038833218,0.021739130434782608,9.72116831690073e-05,1,ANOMALY
3adab4cf3c2b4fd1bd315543620c134d,3,1,TEST,0.0003405988,0.021739130434782608,9.72116831690073e-05,1,ANOMALY
3aef449ec410474194da31926c7c303c,3,1,TEST,0.00046427298,0.021739130434782608,9.72116831690073e-05,1,ANOMALY
3b0644904d5d4c62836c61b653944592,3,1,TEST,0.00024808416,0.021739130434782608,9.72116831690073e-05,1,ANOMALY
3b2549d3a8ed49c6840b96159c4ea8f1,3,1,TEST,0.00019879654,0.021739130434782608,9.72116831690073e-05,1,ANOMALY
3b2e40bc05834be8835c7c34e57c8b5c,3,1,TEST,0.00021355678,0.021739130434782608,9.72116831690073e-05,1,ANOMALY
3b47071422614e59833c4a9b189dd622,3,1,TEST,0.00042924302,0.021739130434782608,9.72116831690073e-05,1,ANOMALY
3b5425297d614857af2244cf3f4c82c8,3,1,TEST,0.0002081026,0.021739130434782608,9.72116831690073e-05,1,ANOMALY
3b575399b74f4ec4a1c8e6a84746f971,4,1,TEST,0.0018718822,0.021739130434782608,9.72116831690073e-05,1,ANOMALY
3b76af4c9d704d82a3a218c6a0841d90,3,1,TEST,0.00020279191,0.021739130434782608,9.72116831690073e-05,1,ANOMALY
3b79276a919d40e6a4abf9d913479da9,3,1,TEST,0.00027152838,0.021739130434782608,9.72116831690073e-05,1,ANOMALY
3b907896c0174df68fa1ad4dcfda666a,3,1,TEST,0.00046411337,0.021739130434782608,9.72116831690073e-05,1,ANOMALY
3b9ee18575b342f9980179b831208fcb,3,1,TEST,0.00019788463,0.021739130434782608,9.72116831690073e-05,1,ANOMALY
3b9fc8287d5d419d9a178d1ef4a27ec5,3,1,TEST,0.00026054928,0.021739130434782608,9.72116831690073e-05,1,ANOMALY
3ba833dff51e494b8ee4c8bde503a6bf,3,1,TEST,0.00022079478,0.021739130434782608,9.72116831690073e-05,1,ANOMALY
3bd91b55720b45199e466c47aebead63,3,1,TEST,0.00023580124,0.021739130434782608,9.72116831690073e-05,1,ANOMALY
3bf43cb4b7a74fd7affb1f3f2aca1882,3,1,TEST,0.00035379332,0.021739130434782608,9.72116831690073e-05,1,ANOMALY
3c17447c82bc4cda863787bf7fd11bdb,3,1,TEST,0.00022770104,0.021739130434782608,9.72116831690073e-05,1,ANOMALY
3c227744afff496298f42f6176b12019,3,1,TEST,0.00026017608,0.021739130434782608,9.72116831690073e-05,1,ANOMALY
3c27e2af0a4e4bb786ad28add16c552d,3,1,TEST,0.00019412578,0.021739130434782608,9.72116831690073e-05,1,ANOMALY
3c3462423db94ad7b57a5d8b7e35e0c4,4,1,TEST,0.00039105528,0.021739130434782608,9.72116831690073e-05,1,ANOMALY
3c66f62f07b341359dd7dfc575ad3377,3,1,TEST,0.0002629094,0.021739130434782608,9.72116831690073e-05,1,ANOMALY
3c84551a99934110923ee1883a6785b2,3,1,TEST,0.00028879807,0.021739130434782608,9.72116831690073e-05,1,ANOMALY
3c90c2a219d94bbe8f341d5cc03a44e7,3,1,TEST,0.00021907945,0.021739130434782608,9.72116831690073e-05,1,ANOMALY
3cc5a10cf0514aadae466b0850fe7833,3,1,TEST,0.00017402395,0.021739130434782608,9.72116831690073e-05,1,ANOMALY
3cce116179064f31aee6c377b1c903df,3,1,TEST,0.00031928942,0.021739130434782608,9.72116831690073e-05,1,ANOMALY
3cfe2f2f1b144a1cb8e0646647810e86,3,1,TEST,0.0003109036,0.021739130434782608,9.72116831690073e-05,1,ANOMALY
3d0bebb2a0214b2684a9a8aa89024ddf,3,1,TEST,0.0005605259,0.021739130434782608,9.72116831690073e-05,1,ANOMALY
3d193b2057fc409eb83cdc5faa4ad3fc,6,0,TEST,9.97569e-05,0.021739130434782608,9.72116831690073e-05,1,ANOMALY
3d25c7f6c4334370a7630cf0e98f4270,3,1,TEST,0.00019932716,0.021739130434782608,9.72116831690073e-05,1,ANOMALY
3d3533d675954b228e2d1b37ceb69f02,3,1,TEST,0.00023535831,0.021739130434782608,9.72116831690073e-05,1,ANOMALY
3d4058a869d64f3db20396158a0cdf79,3,1,TEST,0.00031492123,0.021739130434782608,9.72116831690073e-05,1,ANOMALY
3d5bb18d276d433da1003755a505852f,3,1,TEST,0.00023068931,0.021739130434782608,9.72116831690073e-05,1,ANOMALY
3d6c46427d2a4303bf86c87eb690ed5c,3,1,TEST,0.00028989016,0.021739130434782608,9.72116831690073e-05,1,ANOMALY
3d95dff3974e43279d7c42b78fd7f8df,3,1,TEST,0.00017553853,0.021739130434782608,9.72116831690073e-05,1,ANOMALY
3da8a88475ee4ee4a91302b0e1293c95,3,1,TEST,0.00043765735,0.021739130434782608,9.72116831690073e-05,1,ANOMALY
3dbc37f66282495e9d72d1e4d6de9b80,3,1,TEST,0.00020811538,0.021739130434782608,9.72116831690073e-05,1,ANOMALY
3dc752c8065642a2897148ec4924263f,3,1,TEST,0.00058926916,0.021739130434782608,9.72116831690073e-05,1,ANOMALY
3dcaafcbf6704b08bd829f16a8ea11af,3,1,TEST,0.00019794457,0.021739130434782608,9.72116831690073e-05,1,ANOMALY
3e15be3cc4a649e1a682a471569abf33,3,1,TEST,0.00044502653,0.021739130434782608,9.72116831690073e-05,1,ANOMALY
3e4b54dcff5341a7af402ddcd7b7302c,3,1,TEST,0.00025070246,0.021739130434782608,9.72116831690073e-05,1,ANOMALY
3e57f75f8d9d4e2ab85486a204d7c8d5,3,1,TEST,0.0001841145,0.021739130434782608,9.72116831690073e-05,1,ANOMALY
3e6f2d97474f4861a4f3cf147995100a,3,1,TEST,0.0002453166,0.021739130434782608,9.72116831690073e-05,1,ANOMALY
3e7f15a56b7148f8aa0b026429caad20,3,1,TEST,0.00025436765,0.021739130434782608,9.72116831690073e-05,1,ANOMALY
3e9f3370759340d8b37ba5bede1ab079,3,1,TEST,0.00027617236,0.021739130434782608,9.72116831690073e-05,1,ANOMALY
3ec01af879804acd9ce1c36d2b50bac6,3,1,TEST,0.00034696312,0.021739130434782608,9.72116831690073e-05,1,ANOMALY
3ec90ec4582642beb5d20162f33b9585,3,1,TEST,0.00038146763,0.021739130434782608,9.72116831690073e-05,1,ANOMALY
3eccb2fbefb6497282c660485c9e34c6,3,1,TEST,0.00021834267,0.021739130434782608,9.72116831690073e-05,1,ANOMALY
3eeaf752bc5d4bcbae8f4580a0d45f33,3,1,TEST,0.00018346822,0.021739130434782608,9.72116831690073e-05,1,ANOMALY
3f1009ec58fc4a5c82a1e1786f8be660,3,1,TEST,0.0002374408,0.021739130434782608,9.72116831690073e-05,1,ANOMALY
3f16cd1d1eea4cad84061383ece46e9e,3,1,TEST,0.00030515422,0.021739130434782608,9.72116831690073e-05,1,ANOMALY
3f1fe75e17934562aa3a63ee5867c3f9,3,1,TEST,0.00027973912,0.021739130434782608,9.72116831690073e-05,1,ANOMALY
3f204fce8dc54772b27af682fbaefb95,3,1,TEST,0.0003717002,0.021739130434782608,9.72116831690073e-05,1,ANOMALY
3f22a5674f584db3b121b96906f2520c,3,1,TEST,0.00023600656,0.021739130434782608,9.72116831690073e-05,1,ANOMALY
3f4398885b3a40febc8cfd4f12a8e148,3,1,TEST,0.00051016046,0.021739130434782608,9.72116831690073e-05,1,ANOMALY
3f44a09e749749b5830960a194ea01fa,3,1,TEST,0.000295957,0.021739130434782608,9.72116831690073e-05,1,ANOMALY
3f67e0086de34946a9cfff0063ccd728,3,1,TEST,0.0008829542,0.021739130434782608,9.72116831690073e-05,1,ANOMALY
3f840f6799bd4e31abfa6b09cf90f066,3,1,TEST,0.00029173537,0.021739130434782608,9.72116831690073e-05,1,ANOMALY
3f8a3bca7ad14a4eb569cca4f94f110a,3,1,TEST,0.00028138544,0.021739130434782608,9.72116831690073e-05,1,ANOMALY
3f90329ebfdf404d814404dac21b0f60,3,1,TEST,0.00029016015,0.021739130434782608,9.72116831690073e-05,1,ANOMALY
3f9a7040c734465e9b44e2bb62b57a11,3,1,TEST,0.00022684975,0.021739130434782608,9.72116831690073e-05,1,ANOMALY
3fb3db47b09548e199c9aed3611d3429,3,1,TEST,0.00034618785,0.021739130434782608,9.72116831690073e-05,1,ANOMALY
3fb7eb4b69d547ee9c359743f260b504,3,1,TEST,0.00017904854,0.021739130434782608,9.72116831690073e-05,1,ANOMALY
3fdfce405aa342479e26583469f1ef56,3,1,TEST,0.0002536996,0.021739130434782608,9.72116831690073e-05,1,ANOMALY
3fec59f0559343dc84bc1af3092ae692,3,1,TEST,0.00044830388,0.021739130434782608,9.72116831690073e-05,1,ANOMALY
3ff34e18cfb94954bb4982284862e176,3,1,TEST,0.00029289827,0.021739130434782608,9.72116831690073e-05,1,ANOMALY
3ffac04df1c64f61b5b10fcff080996a,3,1,TEST,0.00022860146,0.021739130434782608,9.72116831690073e-05,1,ANOMALY
404e77708f1649dcb94ce4e692741ed4,6,0,TEST,3.1441992e-05,0.7608695652173914,9.72116831690073e-05,0,REFERENCE
40517227b0ed4970a2ecc1970937030c,3,1,TEST,0.00014687006,0.021739130434782608,9.72116831690073e-05,1,ANOMALY
40670c33f024430b9de7c6a1d5ff4ab3,3,1,TEST,0.00016031202,0.021739130434782608,9.72116831690073e-05,1,ANOMALY
40993791956f4bc1b841026fd80b2145,3,1,TEST,0.00020634138,0.021739130434782608,9.72116831690073e-05,1,ANOMALY
40a8aa7a5d674ec2b6af244fbcafd6f3,3,1,TEST,0.00014284589,0.021739130434782608,9.72116831690073e-05,1,ANOMALY
40b3fd49fa804f498910b7180cc55679,3,1,TEST,0.0009074952,0.021739130434782608,9.72116831690073e-05,1,ANOMALY
40bb8d6fe27440a3a6d1e1157464aa30,3,1,TEST,0.00021207398,0.021739130434782608,9.72116831690073e-05,1,ANOMALY
40dd81c831974dd5beb7dd52f4475058,3,1,TEST,0.00026468674,0.021739130434782608,9.72116831690073e-05,1,ANOMALY
40e9f401a8ec418aa9a661b95b33c1f3,4,1,TEST,0.0011954342,0.021739130434782608,9.72116831690073e-05,1,ANOMALY
40f1c77a75954f4d875d6c710dcecfd2,3,1,TEST,0.00023232657,0.021739130434782608,9.72116831690073e-05,1,ANOMALY
40f20f3fdfc141e9afabde236cc0b1ba,3,1,TEST,0.0005584878,0.021739130434782608,9.72116831690073e-05,1,ANOMALY
40fd0126604843dc884e0e0d2ab6d73c,3,1,TEST,0.00030180428,0.021739130434782608,9.72116831690073e-05,1,ANOMALY
410cea7b92ef48cdaf175d94a9b17f35,3,1,TEST,0.00047037355,0.021739130434782608,9.72116831690073e-05,1,ANOMALY
4126b11da1b6496d8f9adb5211041934,3,1,TEST,0.00027578976,0.021739130434782608,9.72116831690073e-05,1,ANOMALY
415067fbbce24f109b8bd73ee86d15e1,4,1,TEST,0.00076761417,0.021739130434782608,9.72116831690073e-05,1,ANOMALY
4171c134830e4676b40bdf203967e660,3,1,TEST,0.00024176306,0.021739130434782608,9.72116831690073e-05,1,ANOMALY
4183ba5f6abd47568d76811e41d037b9,3,1,TEST,0.0003664728,0.021739130434782608,9.72116831690073e-05,1,ANOMALY
418d7e7d356f411d80cefcc178ba1803,3,1,TEST,0.0003021125,0.021739130434782608,9.72116831690073e-05,1,ANOMALY
41c8f741d1a34f9f958e2eed34348b22,3,1,TEST,0.00025790365,0.021739130434782608,9.72116831690073e-05,1,ANOMALY
41d51dc4dfca48398a7d5941799e7f37,3,1,TEST,0.00029555426,0.021739130434782608,9.72116831690073e-05,1,ANOMALY
41d966faf5e84c4a831d3ab8ff280bb9,3,1,TEST,0.00020044712,0.021739130434782608,9.72116831690073e-05,1,ANOMALY
41dca366aee64efcad922c1c636786d5,3,1,TEST,0.0001997365,0.021739130434782608,9.72116831690073e-05,1,ANOMALY
41e694e0703a4f589a5f51024273a17b,3,1,TEST,0.00023922944,0.021739130434782608,9.72116831690073e-05,1,ANOMALY
41e81c26e15a47ceaa840ebff4e5b3ec,3,1,TEST,0.00030877086,0.021739130434782608,9.72116831690073e-05,1,ANOMALY
4207a7a55d914e999d168cf6f3e9a382,3,1,TEST,0.00025353665,0.021739130434782608,9.72116831690073e-05,1,ANOMALY
4210464f773b4d1fb92a1e147a7d4a53,3,1,TEST,0.000302664,0.021739130434782608,9.72116831690073e-05,1,ANOMALY
4229722d45874770ab65a5af7e94b805,3,1,TEST,0.0002716448,0.021739130434782608,9.72116831690073e-05,1,ANOMALY
4235146d0e244eb6b99421ef2a7705a4,4,1,TEST,0.0008301252,0.021739130434782608,9.72116831690073e-05,1,ANOMALY
42568f6f23a045a5a2edcb027e12816c,3,1,TEST,0.00020461922,0.021739130434782608,9.72116831690073e-05,1,ANOMALY
4277afe331614bb2be86b7e1f5ad2ba2,3,1,TEST,0.00019464875,0.021739130434782608,9.72116831690073e-05,1,ANOMALY
42890ac6be4649609afa61f8893cddc5,3,1,TEST,0.0002474696,0.021739130434782608,9.72116831690073e-05,1,ANOMALY
42bbee913ffe4e1aaeb4f704dfb1e7c7,6,0,TEST,3.1325857e-05,0.8043478260869565,9.72116831690073e-05,0,REFERENCE
42c2144ad55748b2beee78fa8287ef4f,3,1,TEST,0.0002872678,0.021739130434782608,9.72116831690073e-05,1,ANOMALY
42ccaa845bf44914963b37894be9d2c9,3,1,TEST,0.00019180987,0.021739130434782608,9.72116831690073e-05,1,ANOMALY
42d51e550ea943fb93f04c03e0baf405,3,1,TEST,0.00035911726,0.021739130434782608,9.72116831690073e-05,1,ANOMALY
432795773e6a47cb996b9edc40f83b9c,3,1,TEST,0.000303993,0.021739130434782608,9.72116831690073e-05,1,ANOMALY
43395e67b78943338b09f03ccc21ce22,3,1,TEST,0.00023945986,0.021739130434782608,9.72116831690073e-05,1,ANOMALY
433e4dfdfe7048c29f49dd1808d4835f,3,1,TEST,0.0002259686,0.021739130434782608,9.72116831690073e-05,1,ANOMALY
434a4fab1a67484f81e929a5f37c5300,1,1,TEST,0.00018216725,0.021739130434782608,9.72116831690073e-05,1,ANOMALY
434fc8859bd941d7802c3132eb959347,3,1,TEST,0.00029592728,0.021739130434782608,9.72116831690073e-05,1,ANOMALY
43da51b9d47b4e0ab9f126870cb3e1b1,3,1,TEST,0.00028236298,0.021739130434782608,9.72116831690073e-05,1,ANOMALY
43e7bb10dd6049e78db60010424b7a94,3,1,TEST,0.00016528871,0.021739130434782608,9.72116831690073e-05,1,ANOMALY
43e9da374b3047ebb00a1ef1b9c4f891,3,1,TEST,0.00014484143,0.021739130434782608,9.72116831690073e-05,1,ANOMALY
43f01fcfed684b458c2d9e99b83f2e70,4,1,TEST,0.0009407388,0.021739130434782608,9.72116831690073e-05,1,ANOMALY
43f8395e9c67402e862d4d694956a786,3,1,TEST,0.00019575747,0.021739130434782608,9.72116831690073e-05,1,ANOMALY
43fc47fc44fd40a6a480ad7409f9e174,4,1,TEST,0.0007994089,0.021739130434782608,9.72116831690073e-05,1,ANOMALY
43fe9a25d6824ad88d1831e48db1fdab,3,1,TEST,0.0002650653,0.021739130434782608,9.72116831690073e-05,1,ANOMALY
44134879d16942b686eb546cc6071271,3,1,TEST,0.00027525725,0.021739130434782608,9.72116831690073e-05,1,ANOMALY
4469a7bcda5549349f23743eb2821901,3,1,TEST,0.00016824238,0.021739130434782608,9.72116831690073e-05,1,ANOMALY
448296cd7ce744a280167783a159036d,3,1,TEST,0.0004396079,0.021739130434782608,9.72116831690073e-05,1,ANOMALY
4483e4fe9cbf4b3994a0f9f9175bf59f,3,1,TEST,0.00036360492,0.021739130434782608,9.72116831690073e-05,1,ANOMALY
4485439380534632bd111e872167ad2e,3,1,TEST,0.00030031148,0.021739130434782608,9.72116831690073e-05,1,ANOMALY
44b4b61853254538ae3bce421d869ae3,4,1,TEST,0.00050623756,0.021739130434782608,9.72116831690073e-05,1,ANOMALY
44c3f03eb4784c52badd083bacda0e5b,3,1,TEST,0.00044776942,0.021739130434782608,9.72116831690073e-05,1,ANOMALY
44c717ee6e1b43e29addb4871843b80f,3,1,TEST,0.00019729637,0.021739130434782608,9.72116831690073e-05,1,ANOMALY
44d26375c3134c2aaf25b0c8cb37d85e,4,1,TEST,0.001265626,0.021739130434782608,9.72116831690073e-05,1,ANOMALY
44d2a5a485414f2d867c8594a24965e9,3,1,TEST,0.000424385,0.021739130434782608,9.72116831690073e-05,1,ANOMALY
450a1f9c1a3a4c2cb6631a398d1e58ac,3,1,TEST,0.00028710224,0.021739130434782608,9.72116831690073e-05,1,ANOMALY
4510deb0622b4742bd8bee6569a8609c,3,1,TEST,0.0002668175,0.021739130434782608,9.72116831690073e-05,1,ANOMALY
451a6c534a254bfbad005b7c52b4b1f3,3,1,TEST,0.0003259466,0.021739130434782608,9.72116831690073e-05,1,ANOMALY
451d03ed859946d5a2bfded54cbd2f02,3,1,TEST,0.00029434924,0.021739130434782608,9.72116831690073e-05,1,ANOMALY
4536a96222b0458c909895ee7a49ccc6,4,1,TEST,0.0015082508,0.021739130434782608,9.72116831690073e-05,1,ANOMALY
454d93d01b0d4a9780c88bbef5b28430,3,1,TEST,0.00043544752,0.021739130434782608,9.72116831690073e-05,1,ANOMALY
455034aa1e834f509f6082ff77142010,3,1,TEST,0.0003892982,0.021739130434782608,9.72116831690073e-05,1,ANOMALY
456582b69a964dbaa009c74f1e80ccc9,4,1,TEST,0.00043393596,0.021739130434782608,9.72116831690073e-05,1,ANOMALY
456e657a4f7848ec84d9ff7402421924,3,1,TEST,0.00022937375,0.021739130434782608,9.72116831690073e-05,1,ANOMALY
45c0708c96994c8ebffaa0df0837e66a,3,1,TEST,0.00041545677,0.021739130434782608,9.72116831690073e-05,1,ANOMALY
45ca51c9b3b744fe9cafb8db656d7b4f,3,1,TEST,0.00027895666,0.021739130434782608,9.72116831690073e-05,1,ANOMALY
4601ce01439c423eb9edb0d2885aacee,3,1,TEST,0.0002938862,0.021739130434782608,9.72116831690073e-05,1,ANOMALY
463785aca0fd4c07ac2dbf2cb35714f3,3,1,TEST,0.00025111026,0.021739130434782608,9.72116831690073e-05,1,ANOMALY
46426e8554ed4d408efcbe25998d26c2,3,1,TEST,0.000453653,0.021739130434782608,9.72116831690073e-05,1,ANOMALY
4643e84a1cf4424ba5a08f000ab27622,3,1,TEST,0.00022234133,0.021739130434782608,9.72116831690073e-05,1,ANOMALY
4649ebbbcfd847f4a88028467065e2d7,3,1,TEST,0.00026297415,0.021739130434782608,9.72116831690073e-05,1,ANOMALY
464c7bfff7d746a292093e20be78c562,3,1,TEST,0.00023196614,0.021739130434782608,9.72116831690073e-05,1,ANOMALY
465a0fb218094a6fb9e82fd2ddeca9fc,3,1,TEST,0.00016750113,0.021739130434782608,9.72116831690073e-05,1,ANOMALY
46efd26612ce4e0385b80982a8c35cc6,3,1,TEST,0.00023812713,0.021739130434782608,9.72116831690073e-05,1,ANOMALY
46f85aabf30d411483de4806cdcdd08a,3,1,TEST,0.00031384575,0.021739130434782608,9.72116831690073e-05,1,ANOMALY
473c5c1ead8d4ea6afce7cd29704040d,3,1,TEST,0.00015668875,0.021739130434782608,9.72116831690073e-05,1,ANOMALY
4747cd8337e34676967848966b353670,3,1,TEST,0.00022334428,0.021739130434782608,9.72116831690073e-05,1,ANOMALY
474f9a953ab446fcbf550177e656739d,3,1,TEST,0.0002629051,0.021739130434782608,9.72116831690073e-05,1,ANOMALY
474fe339a6504a5585bd8a142603cb64,3,1,TEST,0.00034506648,0.021739130434782608,9.72116831690073e-05,1,ANOMALY
475992a50f2d45e6a0af637e39a8f756,3,1,TEST,0.00028673335,0.021739130434782608,9.72116831690073e-05,1,ANOMALY
47619558f8be4c98a9dda6de457c4615,4,1,TEST,0.0008207714,0.021739130434782608,9.72116831690073e-05,1,ANOMALY
47674d9073c640c3adfe19c6b46d5c91,3,1,TEST,0.00017165445,0.021739130434782608,9.72116831690073e-05,1,ANOMALY
478767a4159d46b79f4c27747401f45c,3,1,TEST,0.00029085664,0.021739130434782608,9.72116831690073e-05,1,ANOMALY
47a60446f589468a8a4ed48d4e7799c8,3,1,TEST,0.00032553764,0.021739130434782608,9.72116831690073e-05,1,ANOMALY
47c10224ada24fc090c464c4fcec480a,3,1,TEST,0.00025274936,0.021739130434782608,9.72116831690073e-05,1,ANOMALY
47cb0bd50d84491e92d52ee32525816a,3,1,TEST,0.00029039115,0.021739130434782608,9.72116831690073e-05,1,ANOMALY
47d6b3ad9b8b408397319ac379f274aa,3,1,TEST,0.00022282074,0.021739130434782608,9.72116831690073e-05,1,ANOMALY
4830d82cc12f4c07b986444fcc5cd7d4,3,1,TEST,0.0002603358,0.021739130434782608,9.72116831690073e-05,1,ANOMALY
4854db12aa464ddc9c9b21f2e50c10ce,3,1,TEST,0.00040350895,0.021739130434782608,9.72116831690073e-05,1,ANOMALY
4883704142f74a90b989ee0f1847df07,3,1,TEST,0.000167973,0.021739130434782608,9.72116831690073e-05,1,ANOMALY
48a0599f49fa4b1bad009fc3822734c3,3,1,TEST,0.00021782731,0.021739130434782608,9.72116831690073e-05,1,ANOMALY
48e281a4c5a04802868822d219eba757,3,1,TEST,0.00021380179,0.021739130434782608,9.72116831690073e-05,1,ANOMALY
490dea453287408684c3fd7b6a9f03d0,3,1,TEST,0.00027653849,0.021739130434782608,9.72116831690073e-05,1,ANOMALY
494a91517c7c4a1c84984c9807583bfd,3,1,TEST,0.00020096436,0.021739130434782608,9.72116831690073e-05,1,ANOMALY
494d969628324f7ebb5bda729afd8644,3,1,TEST,0.00022635018,0.021739130434782608,9.72116831690073e-05,1,ANOMALY
49c0795df4b84cbea7ff814813755239,3,1,TEST,0.0002919477,0.021739130434782608,9.72116831690073e-05,1,ANOMALY
49c55d8314e04950b7876bb791d61241,3,1,TEST,0.0003179269,0.021739130434782608,9.72116831690073e-05,1,ANOMALY
49ca0891d6a94a358b38525b29aa3d45,3,1,TEST,0.00036861468,0.021739130434782608,9.72116831690073e-05,1,ANOMALY
49cbe0aa7dea43bcb09db96743c2d096,3,1,TEST,0.00021864189,0.021739130434782608,9.72116831690073e-05,1,ANOMALY
49d886f54c334192a3c651a828ae6719,3,1,TEST,0.00038134507,0.021739130434782608,9.72116831690073e-05,1,ANOMALY
49dcbb49b173404cb8d435e25ecb5170,3,1,TEST,0.0003111458,0.021739130434782608,9.72116831690073e-05,1,ANOMALY
4a014d8f9f144e13b6770734a536e318,3,1,TEST,0.00021784735,0.021739130434782608,9.72116831690073e-05,1,ANOMALY
4a16f025058741a0a821502f0698de4d,3,1,TEST,0.00023708449,0.021739130434782608,9.72116831690073e-05,1,ANOMALY
4a2f0f92188341acaca07d39051e2b6b,3,1,TEST,0.00029935103,0.021739130434782608,9.72116831690073e-05,1,ANOMALY
4a3f8f2eb2874387ac51913819153f6b,1,1,TEST,0.00024744513,0.021739130434782608,9.72116831690073e-05,1,ANOMALY
4a568157a3b14258b5ce9180ee9c4c25,3,1,TEST,0.00025804518,0.021739130434782608,9.72116831690073e-05,1,ANOMALY
4a718677a21f4128850e472ec16ef817,3,1,TEST,0.0003028213,0.021739130434782608,9.72116831690073e-05,1,ANOMALY
4a99e44497f6464ba7835bb98687c18b,3,1,TEST,0.0005722146,0.021739130434782608,9.72116831690073e-05,1,ANOMALY
4aa38a8e40be4c95a1f633ccc2ba64f5,3,1,TEST,0.00025188745,0.021739130434782608,9.72116831690073e-05,1,ANOMALY
4ab9ed97cbd444a18b2f138410612b6b,3,1,TEST,0.00013417561,0.021739130434782608,9.72116831690073e-05,1,ANOMALY
4ac714960a3f4ee2922d26a0c812901b,3,1,TEST,0.00027614683,0.021739130434782608,9.72116831690073e-05,1,ANOMALY
4ae34040d4a14949ae2f6a8f7d4a400d,3,1,TEST,0.00016201551,0.021739130434782608,9.72116831690073e-05,1,ANOMALY
4ae5c92825924d7e9ae1d4fcb4b647da,3,1,TEST,0.0002642044,0.021739130434782608,9.72116831690073e-05,1,ANOMALY
4af5f442861c4ca2bc0dd9ff0c137ae1,3,1,TEST,0.0002927775,0.021739130434782608,9.72116831690073e-05,1,ANOMALY
4b34e067850d49efad3711b3acbada41,3,1,TEST,0.0003310729,0.021739130434782608,9.72116831690073e-05,1,ANOMALY
4b5a3eeecb6a43ebab115a82895eb2e9,3,1,TEST,0.00023721767,0.021739130434782608,9.72116831690073e-05,1,ANOMALY
4b5da27bbac9470ebca0f899a80e47fd,3,1,TEST,0.00024511045,0.021739130434782608,9.72116831690073e-05,1,ANOMALY
4b63a38cf11447de8191d70a73e42a23,3,1,TEST,0.0022962496,0.021739130434782608,9.72116831690073e-05,1,ANOMALY
4b92050b9f9c40b6a21cf5beb7de0cb1,3,1,TEST,0.00045784106,0.021739130434782608,9.72116831690073e-05,1,ANOMALY
4b9dea9754624d4b8d30ca4874304c02,3,1,TEST,0.00021359962,0.021739130434782608,9.72116831690073e-05,1,ANOMALY
4bc5b068432847798559e4c2a327cfe9,3,1,TEST,0.0001885787,0.021739130434782608,9.72116831690073e-05,1,ANOMALY
4bcb840b38b247a28c74c696327e4ca2,3,1,TEST,0.0003734133,0.021739130434782608,9.72116831690073e-05,1,ANOMALY
4beeb8dfc4df4dceb7eb1d850a87923e,1,1,TEST,0.00053418404,0.021739130434782608,9.72116831690073e-05,1,ANOMALY
4c18f57b1cfd499096abd86aa8d274c3,3,1,TEST,0.00020169633,0.021739130434782608,9.72116831690073e-05,1,ANOMALY
4c3c2c5dbc3949d39421d1d852bf03d1,3,1,TEST,0.0002798818,0.021739130434782608,9.72116831690073e-05,1,ANOMALY
4c50d4bd6fec445a85e3fd3202f5465f,3,1,TEST,0.00014365408,0.021739130434782608,9.72116831690073e-05,1,ANOMALY
4c62e3c39d85480c9ca53f27763a4dcd,3,1,TEST,0.00017844384,0.021739130434782608,9.72116831690073e-05,1,ANOMALY
4c77dffe0dd440dcb9c31c1f052fd33e,3,1,TEST,0.00032579177,0.021739130434782608,9.72116831690073e-05,1,ANOMALY
4c8d01dab4734593a6cd399066a1bdc7,3,1,TEST,0.0007301975,0.021739130434782608,9.72116831690073e-05,1,ANOMALY
4ca08c4ac89c42d2bf20876b88d95458,3,1,TEST,0.00052676944,0.021739130434782608,9.72116831690073e-05,1,ANOMALY
4cb85ad65a544513bda659195839c7bc,4,1,TEST,0.00030462374,0.021739130434782608,9.72116831690073e-05,1,ANOMALY
4cc304e91437400e9e42ce28e83fe694,3,1,TEST,0.00028759183,0.021739130434782608,9.72116831690073e-05,1,ANOMALY
4ce50650cc044f15abea2e57db9b070e,3,1,TEST,0.00019934279,0.021739130434782608,9.72116831690073e-05,1,ANOMALY
4d33a583bea2426b9f02e8f2ddfaf00e,3,1,TEST,0.00038576272,0.021739130434782608,9.72116831690073e-05,1,ANOMALY
4d49fb2e85cb48b89b7b8592a26450f0,4,1,TEST,0.0007179864,0.021739130434782608,9.72116831690073e-05,1,ANOMALY
4d4cbd1bc2014b7a8927db1514127e87,3,1,TEST,0.00025395292,0.021739130434782608,9.72116831690073e-05,1,ANOMALY
4d5526639ce24c25b42fb81691f49b7b,3,1,TEST,0.00036337235,0.021739130434782608,9.72116831690073e-05,1,ANOMALY
4d5c6a58fce14058bbaafaf0530c4951,3,1,TEST,0.00021658654,0.021739130434782608,9.72116831690073e-05,1,ANOMALY
4d61183378e94eadb66e4427f197abf6,3,1,TEST,0.0001590554,0.021739130434782608,9.72116831690073e-05,1,ANOMALY
4d653436c00e460ebbc75f44416bed7b,1,1,TEST,0.0004712736,0.021739130434782608,9.72116831690073e-05,1,ANOMALY
4d7f2c68cf3c4db6b53a1e441ac6378a,3,1,TEST,0.00030207486,0.021739130434782608,9.72116831690073e-05,1,ANOMALY
4d827dfda4ee4b949e9d494c2a299257,3,1,TEST,0.00018494272,0.021739130434782608,9.72116831690073e-05,1,ANOMALY
4da09489e48a4094bc2fdb47ebca5dac,3,1,TEST,0.00024746402,0.021739130434782608,9.72116831690073e-05,1,ANOMALY
4daabd7031564779977d56e418e5ab38,3,1,TEST,0.00051796314,0.021739130434782608,9.72116831690073e-05,1,ANOMALY
4dbfaaf0b5c245b59aef360423a3d763,3,1,TEST,0.00023960561,0.021739130434782608,9.72116831690073e-05,1,ANOMALY
4dfd43924566481db8b3ae108c835279,3,1,TEST,0.00027288284,0.021739130434782608,9.72116831690073e-05,1,ANOMALY
4dfd614337044240b33285eeb34194f5,3,1,TEST,0.0003771398,0.021739130434782608,9.72116831690073e-05,1,ANOMALY
4e02e02f05ef4214bebff32e219ffa8e,3,1,TEST,0.00022564057,0.021739130434782608,9.72116831690073e-05,1,ANOMALY
4e07507ff79d41fa96de46b6d3573999,3,1,TEST,0.00018051104,0.021739130434782608,9.72116831690073e-05,1,ANOMALY
4e0c40ae83b142f0acacdfb56b447ed8,3,1,TEST,0.0002125992,0.021739130434782608,9.72116831690073e-05,1,ANOMALY
4e1d940ad6204cf799cdc5651c3dd1c5,3,1,TEST,0.00014221229,0.021739130434782608,9.72116831690073e-05,1,ANOMALY
4e27428d290e4c7ebbccae1c93920343,3,1,TEST,0.0001423003,0.021739130434782608,9.72116831690073e-05,1,ANOMALY
4e277fc839c24a84a8904b23b80281cf,3,1,TEST,0.00028525403,0.021739130434782608,9.72116831690073e-05,1,ANOMALY
4e294bd61d524ce09a8cc6f2eeb4a6de,3,1,TEST,0.0002569036,0.021739130434782608,9.72116831690073e-05,1,ANOMALY
4e2e0288a82d46609a6adcf14b310283,3,1,TEST,0.0005716053,0.021739130434782608,9.72116831690073e-05,1,ANOMALY
4e336e23d47246ab894bdf66f17d65ea,3,1,TEST,0.00027442147,0.021739130434782608,9.72116831690073e-05,1,ANOMALY
4e33b58fdbe44b83824879a4f5ab4ecc,3,1,TEST,0.0002380965,0.021739130434782608,9.72116831690073e-05,1,ANOMALY
4e3780956dfa4dfca359afe2e2e44e21,3,1,TEST,0.00022086561,0.021739130434782608,9.72116831690073e-05,1,ANOMALY
4e52a8e935694027b754be306c406e44,3,1,TEST,0.00017165736,0.021739130434782608,9.72116831690073e-05,1,ANOMALY
4e6592b6550a44cfba3858e59c6963e5,3,1,TEST,0.0002514236,0.021739130434782608,9.72116831690073e-05,1,ANOMALY
4e7a1259ff594f6ea28b35561ec4bb7c,3,1,TEST,0.0004645742,0.021739130434782608,9.72116831690073e-05,1,ANOMALY
4e7b728bd71d460fa07006d1814f5980,4,1,TEST,0.0010462855,0.021739130434782608,9.72116831690073e-05,1,ANOMALY
4e7cbebbc7564af1b08f7c4dd8abc851,3,1,TEST,0.00022105295,0.021739130434782608,9.72116831690073e-05,1,ANOMALY
4e803a0ac76049c1884f574933deb2ef,3,1,TEST,0.00020035016,0.021739130434782608,9.72116831690073e-05,1,ANOMALY
4ea9640f9c0f47ed9d1407efc4c25cc2,3,1,TEST,0.00031503284,0.021739130434782608,9.72116831690073e-05,1,ANOMALY
4ebcdc4d6dcc461b980d38b8f668f1d2,3,1,TEST,0.00015654095,0.021739130434782608,9.72116831690073e-05,1,ANOMALY
4eebd5fac79648c796adbaeae1362c4f,3,1,TEST,0.00021420771,0.021739130434782608,9.72116831690073e-05,1,ANOMALY
4f3b46a715a24aebb6344d58c72fb5a7,3,1,TEST,0.00040086647,0.021739130434782608,9.72116831690073e-05,1,ANOMALY
4f65be1311bd4b06b3618dc1cc3088d6,3,1,TEST,0.00029999448,0.021739130434782608,9.72116831690073e-05,1,ANOMALY
4f8805f778c64e27b82b18a264da07cc,3,1,TEST,0.00021935385,0.021739130434782608,9.72116831690073e-05,1,ANOMALY
4fc19a60b4604e07a606d96fbbdf03c3,3,1,TEST,0.00016031641,0.021739130434782608,9.72116831690073e-05,1,ANOMALY
4fc1d5e8a73a47609bfe3b8344d3974f,3,1,TEST,0.0004203215,0.021739130434782608,9.72116831690073e-05,1,ANOMALY
4fc53f68d8d14f93839f139829fba692,3,1,TEST,0.00030117348,0.021739130434782608,9.72116831690073e-05,1,ANOMALY
501352731db04aa681abdbf094d9a144,3,1,TEST,0.00038743427,0.021739130434782608,9.72116831690073e-05,1,ANOMALY
501a0f20ca62454cb7f141da1a84bb23,3,1,TEST,0.00023076539,0.021739130434782608,9.72116831690073e-05,1,ANOMALY
5081d76855e048b0b5b5d4723695d8b1,3,1,TEST,0.00029053216,0.021739130434782608,9.72116831690073e-05,1,ANOMALY
508d2fad58fe470cac0e382ab50735c5,3,1,TEST,0.00033069093,0.021739130434782608,9.72116831690073e-05,1,ANOMALY
509b8a0cff9f4eb3a978bdb65995086f,3,1,TEST,0.00027839595,0.021739130434782608,9.72116831690073e-05,1,ANOMALY
50dc00edc234406fa3116b9e5ed8a835,3,1,TEST,0.00023324427,0.021739130434782608,9.72116831690073e-05,1,ANOMALY
50efc810a4b5461c9387b14ccf712f79,3,1,TEST,0.00022021361,0.021739130434782608,9.72116831690073e-05,1,ANOMALY
50f42546230945ffbca2b4a1c405e251,3,1,TEST,0.00039647316,0.021739130434782608,9.72116831690073e-05,1,ANOMALY
50f46ae5ed21447ca5f99aab942f8a98,3,1,TEST,0.00019591731,0.021739130434782608,9.72116831690073e-05,1,ANOMALY
510f7539eebc44b680af69a3a681b6cf,4,1,TEST,0.0004476511,0.021739130434782608,9.72116831690073e-05,1,ANOMALY
5143a4a0d62c4bd5a65f51a46f6206db,3,1,TEST,0.00019721716,0.021739130434782608,9.72116831690073e-05,1,ANOMALY
51463a2e8d374489862e1e9534c3b870,3,1,TEST,0.00022373184,0.021739130434782608,9.72116831690073e-05,1,ANOMALY
5150ceaabcc3494da48776aa32a9709f,3,1,TEST,0.00015294652,0.021739130434782608,9.72116831690073e-05,1,ANOMALY
5155987c8bdf4d63ac726f2d7378cdab,3,1,TEST,0.00015288622,0.021739130434782608,9.72116831690073e-05,1,ANOMALY
515f46cb72d14dbd99bc43cd975d3130,3,1,TEST,0.00030420106,0.021739130434782608,9.72116831690073e-05,1,ANOMALY
51781eeb8c0641599a4ad418450fd893,3,1,TEST,0.00023710907,0.021739130434782608,9.72116831690073e-05,1,ANOMALY
518889521019455a857729f9f1b9ab7e,6,0,TEST,3.122692e-05,0.8260869565217391,9.72116831690073e-05,0,REFERENCE
51898cfbe0f7446aae1659e17e8fb441,3,1,TEST,0.00035920646,0.021739130434782608,9.72116831690073e-05,1,ANOMALY
518ae8c15f1b48598d4115dd2c2a253f,3,1,TEST,0.00030430077,0.021739130434782608,9.72116831690073e-05,1,ANOMALY
51bd2c9c94984ca09409d4a4264e6ed6,3,1,TEST,0.00027058582,0.021739130434782608,9.72116831690073e-05,1,ANOMALY
51dafb15090245c7afcebd4a27683a21,3,1,TEST,0.0003449007,0.021739130434782608,9.72116831690073e-05,1,ANOMALY
51e4c0f63a4d49dfbbfcaf2ee9927755,3,1,TEST,0.00022477447,0.021739130434782608,9.72116831690073e-05,1,ANOMALY
51e51158b1384d249cbd5edca49e2f86,3,1,TEST,0.00021444986,0.021739130434782608,9.72116831690073e-05,1,ANOMALY
51f1d40b354e49d488f702019a968b3f,3,1,TEST,0.0002542945,0.021739130434782608,9.72116831690073e-05,1,ANOMALY
51f1d6d1a665404fadc7d9a24c09893a,3,1,TEST,0.00028153398,0.021739130434782608,9.72116831690073e-05,1,ANOMALY
51f5046717914e3799ded2273590f1c4,3,1,TEST,0.00020887266,0.021739130434782608,9.72116831690073e-05,1,ANOMALY
5226fb8efa0c4c56a2e2a70cdda9bb34,3,1,TEST,0.00019487983,0.021739130434782608,9.72116831690073e-05,1,ANOMALY
522dfd53ca974ec498a8ef938eab3c5f,3,1,TEST,0.00021039642,0.021739130434782608,9.72116831690073e-05,1,ANOMALY
525bac1b84d944388f9e28fde2e342c7,3,1,TEST,0.0002042841,0.021739130434782608,9.72116831690073e-05,1,ANOMALY
526807f230a84bcf8782128121247284,3,1,TEST,0.0003029731,0.021739130434782608,9.72116831690073e-05,1,ANOMALY
528d034e641b4bcc95df050e744991b6,3,1,TEST,0.0001575235,0.021739130434782608,9.72116831690073e-05,1,ANOMALY
52aa1a519adc4cff9c83e09b1a744995,3,1,TEST,0.00014610322,0.021739130434782608,9.72116831690073e-05,1,ANOMALY
52ac0a0f636645d0af8ccc0c38cc597e,3,1,TEST,0.00039356638,0.021739130434782608,9.72116831690073e-05,1,ANOMALY
52b03c7a76c340cfb4cb40d2685673f1,3,1,TEST,0.0002638993,0.021739130434782608,9.72116831690073e-05,1,ANOMALY
52b234b5054840c7846fc6c00025c51d,3,1,TEST,0.00024039886,0.021739130434782608,9.72116831690073e-05,1,ANOMALY
52c81b0558194cd1a4626386b05345b2,3,1,TEST,0.00023609855,0.021739130434782608,9.72116831690073e-05,1,ANOMALY
52e6ba774e1c422c83f4a8e134ccc608,4,1,TEST,0.0019127352,0.021739130434782608,9.72116831690073e-05,1,ANOMALY
535dc978f1444d51ace9dd5cdde1efc4,3,1,TEST,0.0005945011,0.021739130434782608,9.72116831690073e-05,1,ANOMALY
536eab34843b4f6ba45f238b6733559a,3,1,TEST,0.00027908979,0.021739130434782608,9.72116831690073e-05,1,ANOMALY
5374dab5d51844d2bacb41b18337a70d,3,1,TEST,0.00040593924,0.021739130434782608,9.72116831690073e-05,1,ANOMALY
5388009d908c41009d2326adf7a71884,3,1,TEST,0.00021067243,0.021739130434782608,9.72116831690073e-05,1,ANOMALY
538a50a575874322ba9e50341a5e5e69,3,1,TEST,0.00051339366,0.021739130434782608,9.72116831690073e-05,1,ANOMALY
53ad0106972842528245ea933cc1f791,3,1,TEST,0.00022699556,0.021739130434782608,9.72116831690073e-05,1,ANOMALY
53b8ae470e11424699eb05460bec99a8,3,1,TEST,0.0002373356,0.021739130434782608,9.72116831690073e-05,1,ANOMALY
53b99e750991401981ea41d51942c8a1,3,1,TEST,0.00045718334,0.021739130434782608,9.72116831690073e-05,1,ANOMALY
53e67a10382945b9a7603bcce37857f9,4,1,TEST,0.0011555981,0.021739130434782608,9.72116831690073e-05,1,ANOMALY
540b53797332425faeefdf1d1880b05b,3,1,TEST,0.00029898837,0.021739130434782608,9.72116831690073e-05,1,ANOMALY
540f5bb22e30455784e96114c66746f6,3,1,TEST,0.000287055,0.021739130434782608,9.72116831690073e-05,1,ANOMALY
54182e05e5eb41948ec3d1824897b98b,3,1,TEST,0.00022038413,0.021739130434782608,9.72116831690073e-05,1,ANOMALY
5419b5659e2a454f9ab27230e08d9b3c,3,1,TEST,0.0001852062,0.021739130434782608,9.72116831690073e-05,1,ANOMALY
541e880a71864f6cae315a12c04fdf0b,3,1,TEST,0.00030006378,0.021739130434782608,9.72116831690073e-05,1,ANOMALY
5431df7baac142a2b5b5a78f0a7271f6,3,1,TEST,0.00013457105,0.021739130434782608,9.72116831690073e-05,1,ANOMALY
5434658bbd8442759944be13ab675bf9,3,1,TEST,0.00017506228,0.021739130434782608,9.72116831690073e-05,1,ANOMALY
543b8d78c9aa47e4b10c04d8e69bd669,3,1,TEST,0.00032031297,0.021739130434782608,9.72116831690073e-05,1,ANOMALY
5444daaf9eec437293ad898ec7eac09f,3,1,TEST,0.00015152953,0.021739130434782608,9.72116831690073e-05,1,ANOMALY
54549e5f87054ad185b9beac99356d3c,3,1,TEST,0.00028856704,0.021739130434782608,9.72116831690073e-05,1,ANOMALY
54658d8169aa4527b815bea6fa778212,3,1,TEST,0.00029937495,0.021739130434782608,9.72116831690073e-05,1,ANOMALY
546b8bb00fb84b679bdcaf4a791a4ee8,3,1,TEST,0.00039076543,0.021739130434782608,9.72116831690073e-05,1,ANOMALY
54738b80c9224208b88c23000f48be9b,3,1,TEST,0.00032191188,0.021739130434782608,9.72116831690073e-05,1,ANOMALY
547da44182664812a1b10431153bed27,3,1,TEST,0.00017174182,0.021739130434782608,9.72116831690073e-05,1,ANOMALY
547e28713ed34f0c9913bd66ced203d1,3,1,TEST,0.00027267874,0.021739130434782608,9.72116831690073e-05,1,ANOMALY
54a6791f6a254a59bc0785b367b29323,3,1,TEST,0.00024984282,0.021739130434782608,9.72116831690073e-05,1,ANOMALY
54c86bc77e7e4e5586a26c714c35f754,3,1,TEST,0.00022062124,0.021739130434782608,9.72116831690073e-05,1,ANOMALY
54d38bae8033446cba96eabbf6d9fb3f,3,1,TEST,0.00023314869,0.021739130434782608,9.72116831690073e-05,1,ANOMALY
55091e1db1b442149b57545cc15f8019,3,1,TEST,0.00016612359,0.021739130434782608,9.72116831690073e-05,1,ANOMALY
552ad5fdae9b4a649a8395f93a717cc6,3,1,TEST,0.00023126276,0.021739130434782608,9.72116831690073e-05,1,ANOMALY
5546c582a81f45bf862f52f817592ec2,3,1,TEST,0.00015360484,0.021739130434782608,9.72116831690073e-05,1,ANOMALY
5552c3911fb9492b8017141379513fdf,3,1,TEST,0.00025954298,0.021739130434782608,9.72116831690073e-05,1,ANOMALY
5560e6fd12cf49ecb5977f95b1c09e4f,3,1,TEST,0.00022626379,0.021739130434782608,9.72116831690073e-05,1,ANOMALY
55727f892b3b4e37841f1682437283a2,3,1,TEST,0.000739155,0.021739130434782608,9.72116831690073e-05,1,ANOMALY
557faeaf57684fa5ad053b66ac260691,3,1,TEST,0.00024852125,0.021739130434782608,9.72116831690073e-05,1,ANOMALY
5587e1725f2f456a9072e6ab00c67409,3,1,TEST,0.00022855867,0.021739130434782608,9.72116831690073e-05,1,ANOMALY
558e1438558d459dbb0023c095755eea,3,1,TEST,0.00042573846,0.021739130434782608,9.72116831690073e-05,1,ANOMALY
55a583bf977b4b17b81cb459caeb537c,3,1,TEST,0.00023087588,0.021739130434782608,9.72116831690073e-05,1,ANOMALY
55afce1b1ec643bdb187c92e3204072f,3,1,TEST,0.00031143,0.021739130434782608,9.72116831690073e-05,1,ANOMALY
55b12361728e4fdb97546741fca7bfc1,3,1,TEST,0.00038068194,0.021739130434782608,9.72116831690073e-05,1,ANOMALY
55b504ef2a3243b29cddf9327522dbb1,3,1,TEST,0.00019006814,0.021739130434782608,9.72116831690073e-05,1,ANOMALY
55d6eaf3d71640d68af86ae76f06e1b3,4,1,TEST,0.00055898586,0.021739130434782608,9.72116831690073e-05,1,ANOMALY
55e9879ffc584a8682215eafb2f95dff,4,1,TEST,0.0014656619,0.021739130434782608,9.72116831690073e-05,1,ANOMALY
55ed75899a63429aa8bcbb29d6609f20,3,1,TEST,0.00043838416,0.021739130434782608,9.72116831690073e-05,1,ANOMALY
5605aee62e50424cb00a791f995f1ba1,3,1,TEST,0.00020685437,0.021739130434782608,9.72116831690073e-05,1,ANOMALY
56087477b36b4b9aa3f09020273b4e3a,3,1,TEST,0.0002568521,0.021739130434782608,9.72116831690073e-05,1,ANOMALY
5621b0cc90414e60a1a82928eeed9db8,3,1,TEST,0.00028653533,0.021739130434782608,9.72116831690073e-05,1,ANOMALY
5621d234d68346848cadf6bd84f60712,4,1,TEST,0.0015377591,0.021739130434782608,9.72116831690073e-05,1,ANOMALY
562fa561308d4676a5cb6e616c2c7a9d,3,1,TEST,0.00023876684,0.021739130434782608,9.72116831690073e-05,1,ANOMALY
56e2cc279c4944f2a89bdf693cdc53dc,3,1,TEST,0.00027940594,0.021739130434782608,9.72116831690073e-05,1,ANOMALY
56f3e7c137a24f259be1a2d03edde706,3,1,TEST,0.00033895025,0.021739130434782608,9.72116831690073e-05,1,ANOMALY
56f84694eb73465388b4620e19a540a5,3,1,TEST,0.0003098727,0.021739130434782608,9.72116831690073e-05,1,ANOMALY
5713e8edbe9e4dc694b99653147b4949,3,1,TEST,0.00035782714,0.021739130434782608,9.72116831690073e-05,1,ANOMALY
5722230499834dcfada5979f1d2d8bc8,3,1,TEST,0.00020774743,0.021739130434782608,9.72116831690073e-05,1,ANOMALY
57326d66465e46e68802140ee91ba087,3,1,TEST,0.00032457424,0.021739130434782608,9.72116831690073e-05,1,ANOMALY
5746431e0ed146b8b329039443465421,3,1,TEST,0.0003853929,0.021739130434782608,9.72116831690073e-05,1,ANOMALY
575c540edb454d05896278a297c6d5fe,3,1,TEST,0.0003155828,0.021739130434782608,9.72116831690073e-05,1,ANOMALY
577609cfecac438f8a91b1e31a751e7b,4,1,TEST,0.0009001166,0.021739130434782608,9.72116831690073e-05,1,ANOMALY
579128c2b6774515adb73161ec083376,3,1,TEST,0.0002132794,0.021739130434782608,9.72116831690073e-05,1,ANOMALY
57db8c9e51a74d85a75b81c8bb7f3e28,4,1,TEST,0.0005072462,0.021739130434782608,9.72116831690073e-05,1,ANOMALY
57dc5eddf41f4b338783487e6c02c63a,3,1,TEST,0.00025464577,0.021739130434782608,9.72116831690073e-05,1,ANOMALY
57e6d1b3de444d5daadcb4c1a662da9b,3,1,TEST,0.00022480871,0.021739130434782608,9.72116831690073e-05,1,ANOMALY
57ecc283489941e3aa00db6df3ca2e9d,3,1,TEST,0.00037297964,0.021739130434782608,9.72116831690073e-05,1,ANOMALY
57fea4d9cb9946c1820e36a0065da2d2,3,1,TEST,0.00024153898,0.021739130434782608,9.72116831690073e-05,1,ANOMALY
583a8ddf695c44ef94d5927fb199934c,3,1,TEST,0.00016108064,0.021739130434782608,9.72116831690073e-05,1,ANOMALY
5846956f4fab48ae9f2ff508f00bee90,3,1,TEST,0.00016908822,0.021739130434782608,9.72116831690073e-05,1,ANOMALY
584e889594ef450cbec79afb3784984b,4,1,TEST,0.0011649511,0.021739130434782608,9.72116831690073e-05,1,ANOMALY
587cbcf1bda1420e95a39f9bd235b8bc,4,1,TEST,0.0008674865,0.021739130434782608,9.72116831690073e-05,1,ANOMALY
58861edbf89049d0aad0449191490020,3,1,TEST,0.00030536123,0.021739130434782608,9.72116831690073e-05,1,ANOMALY
588a007bcdd247b4b73fabe061aae05b,4,1,TEST,0.0029724997,0.021739130434782608,9.72116831690073e-05,1,ANOMALY
5893661e1cf7457899a3b956321e6acf,3,1,TEST,0.00021726702,0.021739130434782608,9.72116831690073e-05,1,ANOMALY
5899c2b5d936450d9ef5caaf6c028f50,3,1,TEST,0.00029396077,0.021739130434782608,9.72116831690073e-05,1,ANOMALY
58a0eb6941eb4969914c19bbd52750b4,3,1,TEST,0.00033662634,0.021739130434782608,9.72116831690073e-05,1,ANOMALY
58a57dfd7c774c9aaf61967a154844af,3,1,TEST,0.0004298682,0.021739130434782608,9.72116831690073e-05,1,ANOMALY
58ab14a6bab44f67a108d7f040dc124e,3,1,TEST,0.00029636812,0.021739130434782608,9.72116831690073e-05,1,ANOMALY
58b9643aba2041ebbf326d9580de93a3,3,1,TEST,0.0003120288,0.021739130434782608,9.72116831690073e-05,1,ANOMALY
58c853ecc5c24a81bebd6da6892397c8,3,1,TEST,0.00039828548,0.021739130434782608,9.72116831690073e-05,1,ANOMALY
58cc43d50ff747409b02a2d1469b5f83,3,1,TEST,0.00037607775,0.021739130434782608,9.72116831690073e-05,1,ANOMALY
58e33bccd20e4ba99d51b70440457213,3,1,TEST,0.00055872597,0.021739130434782608,9.72116831690073e-05,1,ANOMALY
590c6c6e038e4ef0b819e13f8e81cf71,3,1,TEST,0.00021837099,0.021739130434782608,9.72116831690073e-05,1,ANOMALY
591c73d0c5844f3b98f1fdb50b60884a,3,1,TEST,0.0003940406,0.021739130434782608,9.72116831690073e-05,1,ANOMALY
593da6d2d5a346aabfdfc24c92915010,3,1,TEST,0.0002924187,0.021739130434782608,9.72116831690073e-05,1,ANOMALY
59595530216f4a1dafbe75dcd5e7367b,3,1,TEST,0.0003860989,0.021739130434782608,9.72116831690073e-05,1,ANOMALY
595d73a2fc1b4ad6baca38bf8c53c7bd,3,1,TEST,0.00029219122,0.021739130434782608,9.72116831690073e-05,1,ANOMALY
599737d8374d4387bb4254d671f22a8d,3,1,TEST,0.00018303891,0.021739130434782608,9.72116831690073e-05,1,ANOMALY
59a1513047da45eeaa3af46072b486b9,3,1,TEST,0.00026122772,0.021739130434782608,9.72116831690073e-05,1,ANOMALY
59bf06c74cfd4cd2826ccb5244e131f4,3,1,TEST,0.00043108495,0.021739130434782608,9.72116831690073e-05,1,ANOMALY
59ce7868217747a5a05b69de3ab02b12,3,1,TEST,0.00021379082,0.021739130434782608,9.72116831690073e-05,1,ANOMALY
59d510bd4f424096982be7a38b4b66f9,3,1,TEST,0.0003108221,0.021739130434782608,9.72116831690073e-05,1,ANOMALY
59e962a7f77548afb4bba87361ee42a6,3,1,TEST,0.00020315858,0.021739130434782608,9.72116831690073e-05,1,ANOMALY
59ff065c1a104b88a1c3d64e5d49828a,3,1,TEST,0.0002351676,0.021739130434782608,9.72116831690073e-05,1,ANOMALY
5a02dd80c1c04e90ba9f94854adc836d,3,1,TEST,0.00018462383,0.021739130434782608,9.72116831690073e-05,1,ANOMALY
5a5a3f475ce24b608ac050e946fde112,3,1,TEST,0.0005399914,0.021739130434782608,9.72116831690073e-05,1,ANOMALY
5a6624cd4e634663a7638244484ba988,3,1,TEST,0.00019750957,0.021739130434782608,9.72116831690073e-05,1,ANOMALY
5a680dd0087c4c78a7a9dd67878921e4,3,1,TEST,0.00028628425,0.021739130434782608,9.72116831690073e-05,1,ANOMALY
5a6b5dfe727746219decd800899d9fe2,3,1,TEST,0.00031918002,0.021739130434782608,9.72116831690073e-05,1,ANOMALY
5a7d5bc282204eceb0b74d8f2d701927,3,1,TEST,0.00053015124,0.021739130434782608,9.72116831690073e-05,1,ANOMALY
5a7ee6f17794405788aa2cdada2bd0f4,3,1,TEST,0.00026458813,0.021739130434782608,9.72116831690073e-05,1,ANOMALY
5a80d8996c4f43169c53fbec6aae39f6,3,1,TEST,0.00023032431,0.021739130434782608,9.72116831690073e-05,1,ANOMALY
5a818adfd0154d68bda623253cc8317d,3,1,TEST,0.00024346705,0.021739130434782608,9.72116831690073e-05,1,ANOMALY
5a848d736d524f01909b49169adb859d,3,1,TEST,0.00030516647,0.021739130434782608,9.72116831690073e-05,1,ANOMALY
5a889c14503b4b088379fa7c45576eb7,3,1,TEST,0.00045324262,0.021739130434782608,9.72116831690073e-05,1,ANOMALY
5ac0289667374782add91ce163986c73,3,1,TEST,0.00032618403,0.021739130434782608,9.72116831690073e-05,1,ANOMALY
5ac1ee45a6d2433fac4fd7af2697a211,3,1,TEST,0.00042576456,0.021739130434782608,9.72116831690073e-05,1,ANOMALY
5acb0f20d1c8497182ffd332dfe458dc,3,1,TEST,0.00025786652,0.021739130434782608,9.72116831690073e-05,1,ANOMALY
5acb6e52310d43daacf50fb3dc7453c7,3,1,TEST,0.00040092427,0.021739130434782608,9.72116831690073e-05,1,ANOMALY
5ace41494a0b4613b0998fdadabdc1b7,3,1,TEST,0.00028547287,0.021739130434782608,9.72116831690073e-05,1,ANOMALY
5aee2a0030e14dd08646cc3dafd3bec1,3,1,TEST,0.00017368668,0.021739130434782608,9.72116831690073e-05,1,ANOMALY
5afc920ac4bc4c5d9593cf6b5ca1542a,3,1,TEST,0.00036860415,0.021739130434782608,9.72116831690073e-05,1,ANOMALY
5b9026cd433a44a0b65e20b04c27441f,3,1,TEST,0.00027405616,0.021739130434782608,9.72116831690073e-05,1,ANOMALY
5b942ef380b54cff9415fc8c00cd2f9e,3,1,TEST,0.000211776,0.021739130434782608,9.72116831690073e-05,1,ANOMALY
5bb0c6246d604da196a4f3ee9908cae3,4,1,TEST,0.00054302905,0.021739130434782608,9.72116831690073e-05,1,ANOMALY
5bc01f70d0b24e499f366a6ceb8d5b7c,3,1,TEST,0.00025875441,0.021739130434782608,9.72116831690073e-05,1,ANOMALY
5be8ccd576c24e6da4760260b2c89368,3,1,TEST,0.00026687657,0.021739130434782608,9.72116831690073e-05,1,ANOMALY
5bebfe6351174585b70c5f7045e16700,3,1,TEST,0.00036199723,0.021739130434782608,9.72116831690073e-05,1,ANOMALY
5bf88690454d4765be3e7d69ee941124,3,1,TEST,0.0014535262,0.021739130434782608,9.72116831690073e-05,1,ANOMALY
5bfb4615a4c243a6b4545295c6b6c531,3,1,TEST,0.0003671048,0.021739130434782608,9.72116831690073e-05,1,ANOMALY
5c05d7614fe442b7a3de99441c18c00a,3,1,TEST,0.0007035228,0.021739130434782608,9.72116831690073e-05,1,ANOMALY
5c17cf3e068e4b558e5bb69142ab7ee4,3,1,TEST,0.0002228714,0.021739130434782608,9.72116831690073e-05,1,ANOMALY
5c56d41bcac2493aae95c00324839339,3,1,TEST,0.00021323183,0.021739130434782608,9.72116831690073e-05,1,ANOMALY
5c9816e585f8420293ff94d15e282ea4,3,1,TEST,0.00028152045,0.021739130434782608,9.72116831690073e-05,1,ANOMALY
5cb74ce053534da0ae6d8a2c66d1f7c3,3,1,TEST,0.0003505051,0.021739130434782608,9.72116831690073e-05,1,ANOMALY
5cd95cb743ce4405b2092f9f51586270,3,1,TEST,0.00017631802,0.021739130434782608,9.72116831690073e-05,1,ANOMALY
5cfecb33785240589008621ff961b7cc,3,1,TEST,0.00036727273,0.021739130434782608,9.72116831690073e-05,1,ANOMALY
5d0c208d5b624d7594e9b57ce8a4f08b,3,1,TEST,0.00027031402,0.021739130434782608,9.72116831690073e-05,1,ANOMALY
5d3356ebae4747ca95cfe8ce97c72d97,3,1,TEST,0.0003114421,0.021739130434782608,9.72116831690073e-05,1,ANOMALY
5d4e3a757a1a4959a709493cc12c3e1b,3,1,TEST,0.00028396957,0.021739130434782608,9.72116831690073e-05,1,ANOMALY
5d51531f758f44ce9369cc252b409589,3,1,TEST,0.00040143525,0.021739130434782608,9.72116831690073e-05,1,ANOMALY
5d5b99b98c7a42d4aa9df259710af8a0,3,1,TEST,0.00026622292,0.021739130434782608,9.72116831690073e-05,1,ANOMALY
5d64806147874dbba33c06881228d981,3,1,TEST,0.0001544662,0.021739130434782608,9.72116831690073e-05,1,ANOMALY
5d8cb7b85f5a449eb63780c9129b37bd,3,1,TEST,0.00032901842,0.021739130434782608,9.72116831690073e-05,1,ANOMALY
5daa7004f15d4aba8133be9ed893d227,3,1,TEST,0.00043902014,0.021739130434782608,9.72116831690073e-05,1,ANOMALY
5dc087966b524d0e971a5b79365e783e,3,1,TEST,0.00030884022,0.021739130434782608,9.72116831690073e-05,1,ANOMALY
5de10019436d46b9832df661b3e18908,3,1,TEST,0.00035222157,0.021739130434782608,9.72116831690073e-05,1,ANOMALY
5dfbcffed60c492d8416c3c8ef7116a9,3,1,TEST,0.00041181268,0.021739130434782608,9.72116831690073e-05,1,ANOMALY
5e1114e57e2b4485b205eeffcf8ff89f,3,1,TEST,0.00044365763,0.021739130434782608,9.72116831690073e-05,1,ANOMALY
5e17518c84004b4ca5a61e1df05fca6d,3,1,TEST,0.00026362654,0.021739130434782608,9.72116831690073e-05,1,ANOMALY
5e23c56ef3c54487bbeb2952f88ac452,3,1,TEST,0.00020575926,0.021739130434782608,9.72116831690073e-05,1,ANOMALY
5e32c03551be4395b8c50c32c0ddc214,3,1,TEST,0.00023178838,0.021739130434782608,9.72116831690073e-05,1,ANOMALY
5e7439aa86f74510b597ceadfba5aca3,3,1,TEST,0.0003137905,0.021739130434782608,9.72116831690073e-05,1,ANOMALY
5e85df6178014633ac9f4c4d4f4f1a1d,3,1,TEST,0.00029013038,0.021739130434782608,9.72116831690073e-05,1,ANOMALY
5e8c5b0b0e30458495ac3f0cff3a5518,4,1,TEST,0.00046219135,0.021739130434782608,9.72116831690073e-05,1,ANOMALY
5ea5473a50384405a18a928bf13621b3,3,1,TEST,0.0002672774,0.021739130434782608,9.72116831690073e-05,1,ANOMALY
5eb4165e35c24e42a433de3473a6b224,3,1,TEST,0.0003056926,0.021739130434782608,9.72116831690073e-05,1,ANOMALY
5ef1117317834b2eb13485eb2a6f05c6,3,1,TEST,0.00023270624,0.021739130434782608,9.72116831690073e-05,1,ANOMALY
5f0988109d2f4ca3a8ddae6eabf95e07,3,1,TEST,0.00045305135,0.021739130434782608,9.72116831690073e-05,1,ANOMALY
5f1c135b0a8e401ba85e606c6f643984,4,1,TEST,0.0012152196,0.021739130434782608,9.72116831690073e-05,1,ANOMALY
5f2e1be8afc44ad4b9136ab7538e6ae5,3,1,TEST,0.00019917713,0.021739130434782608,9.72116831690073e-05,1,ANOMALY
5f41dcf95779474598cf3eaceeca2bd2,3,1,TEST,0.0001999848,0.021739130434782608,9.72116831690073e-05,1,ANOMALY
5f47dcf46c2b43fc9df3fbcd054b59ad,3,1,TEST,0.00033160584,0.021739130434782608,9.72116831690073e-05,1,ANOMALY
5f4d53d269d14905a9ccd0e0fd19ba6d,3,1,TEST,0.00030772027,0.021739130434782608,9.72116831690073e-05,1,ANOMALY
5f60208a6fb34cf9ae299447daa077cc,4,1,TEST,0.0003060557,0.021739130434782608,9.72116831690073e-05,1,ANOMALY
5f82619ede854b75accd75cae2512297,3,1,TEST,0.00016363458,0.021739130434782608,9.72116831690073e-05,1,ANOMALY
5f8aab1cc2084b8f9bd1ca5703874e12,3,1,TEST,0.0002298747,0.021739130434782608,9.72116831690073e-05,1,ANOMALY
5f8ab8ff2d1040ee97b18a40ac95b521,3,1,TEST,0.00025718482,0.021739130434782608,9.72116831690073e-05,1,ANOMALY
5f8da9288a5f4e908806f0fe0c72875e,3,1,TEST,0.0001733427,0.021739130434782608,9.72116831690073e-05,1,ANOMALY
5fa18a3635a84b908576b9ec82609b2d,3,1,TEST,0.00024849578,0.021739130434782608,9.72116831690073e-05,1,ANOMALY
5fa98f36a1644fe1aaef97d3c7ad0780,3,1,TEST,0.0005391125,0.021739130434782608,9.72116831690073e-05,1,ANOMALY
5fbc754a567d481ca9198b153bb6c879,3,1,TEST,0.00016172523,0.021739130434782608,9.72116831690073e-05,1,ANOMALY
5fdbbae6d2e343e49ead36f2177a0d7e,3,1,TEST,0.00033531827,0.021739130434782608,9.72116831690073e-05,1,ANOMALY
5fe0a834387b43f0972178e926fe63ff,4,1,TEST,0.0006093487,0.021739130434782608,9.72116831690073e-05,1,ANOMALY
604b879692c643fa941c23dd6c894acd,3,1,TEST,0.00040850276,0.021739130434782608,9.72116831690073e-05,1,ANOMALY
607a20e4a92d4d93916a93905dc47e71,4,1,TEST,0.00057361036,0.021739130434782608,9.72116831690073e-05,1,ANOMALY
60912ffcf9cc416681f3d9725c667498,3,1,TEST,0.0003139286,0.021739130434782608,9.72116831690073e-05,1,ANOMALY
60bb7e1b3eee425caa3deefad313aa86,3,1,TEST,0.00018161614,0.021739130434782608,9.72116831690073e-05,1,ANOMALY
610c9ce4ecda4fee8dc02ebe3e007266,3,1,TEST,0.00030598175,0.021739130434782608,9.72116831690073e-05,1,ANOMALY
6130619f4e8c4d7d9c10fe71b8b4da58,3,1,TEST,0.0003474491,0.021739130434782608,9.72116831690073e-05,1,ANOMALY
61425e9101244007bc18a15d8b45ecb8,3,1,TEST,0.0002152682,0.021739130434782608,9.72116831690073e-05,1,ANOMALY
615f6c442ee84b46ade2f525f4457d28,3,1,TEST,0.00020342866,0.021739130434782608,9.72116831690073e-05,1,ANOMALY
616e9faefd6e4e7a99615448c81e759d,3,1,TEST,0.00036142478,0.021739130434782608,9.72116831690073e-05,1,ANOMALY
6185e6e2fd1e42b0b3fda9d751683198,3,1,TEST,0.00028920243,0.021739130434782608,9.72116831690073e-05,1,ANOMALY
61933c6db2744220b38371a1e39e9a13,3,1,TEST,0.00023078249,0.021739130434782608,9.72116831690073e-05,1,ANOMALY
61957a8460a94bd99d66a6868fb5dc2f,3,1,TEST,0.00023649263,0.021739130434782608,9.72116831690073e-05,1,ANOMALY
61b38bca28be4a779322152da7c5970f,3,1,TEST,0.00019386866,0.021739130434782608,9.72116831690073e-05,1,ANOMALY
61bdf8f43f714beab2bd6222bebb207b,3,1,TEST,0.00024204966,0.021739130434782608,9.72116831690073e-05,1,ANOMALY
61c60c01956e423eaf128cc1ede7351d,3,1,TEST,0.00015820395,0.021739130434782608,9.72116831690073e-05,1,ANOMALY
61de9bce223442fe9acded20a53706ce,3,1,TEST,0.00020605075,0.021739130434782608,9.72116831690073e-05,1,ANOMALY
620555e6d68c473bb6d1cbfd6fef4b75,3,1,TEST,0.00030143905,0.021739130434782608,9.72116831690073e-05,1,ANOMALY
62294363a62e4e31a922ccd810fd9951,3,1,TEST,0.00015823919,0.021739130434782608,9.72116831690073e-05,1,ANOMALY
6234f9ec4868431298b721c9e29627b6,3,1,TEST,0.0004739181,0.021739130434782608,9.72116831690073e-05,1,ANOMALY
62425ba532ce4ba38e0d4106ae74c31e,3,1,TEST,0.0002116022,0.021739130434782608,9.72116831690073e-05,1,ANOMALY
6249225ec7bd4e948712706c98d8b549,3,1,TEST,0.000276701,0.021739130434782608,9.72116831690073e-05,1,ANOMALY
624a5ba6b9414332ac9a774f77b67361,3,1,TEST,0.00024062468,0.021739130434782608,9.72116831690073e-05,1,ANOMALY
6256bcb40b804469afd78125b2fef85a,3,1,TEST,0.00021986116,0.021739130434782608,9.72116831690073e-05,1,ANOMALY
625f6d5baec24414b0c47e3b0621408b,3,1,TEST,0.00032865995,0.021739130434782608,9.72116831690073e-05,1,ANOMALY
626bceffea914a20914fc09e3dcbe14b,3,1,TEST,0.00036838438,0.021739130434782608,9.72116831690073e-05,1,ANOMALY
626d90bc61e6486e8ff213655f79d5f0,3,1,TEST,0.00035005924,0.021739130434782608,9.72116831690073e-05,1,ANOMALY
629cf8de5d2e4930ab9a74c6e3813e9e,3,1,TEST,0.00031807984,0.021739130434782608,9.72116831690073e-05,1,ANOMALY
62a25be889224789bc323d3658e5a184,3,1,TEST,0.00031166855,0.021739130434782608,9.72116831690073e-05,1,ANOMALY
62da2600c6d6434d84008392d59d74a6,3,1,TEST,0.0009202106,0.021739130434782608,9.72116831690073e-05,1,ANOMALY
62ef2c499d1b4ce8adf622de5d50adaf,3,1,TEST,0.00027693942,0.021739130434782608,9.72116831690073e-05,1,ANOMALY
63024d029c894753ae0a0061e39ba4a9,3,1,TEST,0.00027704544,0.021739130434782608,9.72116831690073e-05,1,ANOMALY
630af64250644c03bb4729b5197fe804,3,1,TEST,0.00019529907,0.021739130434782608,9.72116831690073e-05,1,ANOMALY
630f31ff2fbb496587ed89b06793efa5,3,1,TEST,0.00031987156,0.021739130434782608,9.72116831690073e-05,1,ANOMALY
631763548e1149b2bfa5d057de96610c,3,1,TEST,0.00020542018,0.021739130434782608,9.72116831690073e-05,1,ANOMALY
631ec9d3b782499683963a054a00d272,3,1,TEST,0.00023691861,0.021739130434782608,9.72116831690073e-05,1,ANOMALY
63404d94c4274bd1b4121a282e88d2ac,3,1,TEST,0.0004641458,0.021739130434782608,9.72116831690073e-05,1,ANOMALY
6354238c925d4f7d8121b61430b7948e,3,1,TEST,0.00038570008,0.021739130434782608,9.72116831690073e-05,1,ANOMALY
635eec3ada5f4469b392addeab00c602,3,1,TEST,0.00021106598,0.021739130434782608,9.72116831690073e-05,1,ANOMALY
635fd36361684311ba2514acdef7ca85,3,1,TEST,0.00019647926,0.021739130434782608,9.72116831690073e-05,1,ANOMALY
637a1f4aa6254418abe29415c78eba8e,3,1,TEST,0.00032522067,0.021739130434782608,9.72116831690073e-05,1,ANOMALY
63a54e3ac86746179e57927e77007374,3,1,TEST,0.0003487789,0.021739130434782608,9.72116831690073e-05,1,ANOMALY
63c3494bde514ed7b220ae34a8e721ff,3,1,TEST,0.0015981602,0.021739130434782608,9.72116831690073e-05,1,ANOMALY
63ddcebdc4924d3ea25b9e33ab6f74f5,3,1,TEST,0.00024962917,0.021739130434782608,9.72116831690073e-05,1,ANOMALY
63dec4e1458742a5870b95fc6ac2c0c8,3,1,TEST,0.00014626977,0.021739130434782608,9.72116831690073e-05,1,ANOMALY
63e1621864ce409f809d417cf4abcfd3,3,1,TEST,0.00023583705,0.021739130434782608,9.72116831690073e-05,1,ANOMALY
63faa6bb436144cdbee9f8a3b092f5e5,3,1,TEST,0.00026192694,0.021739130434782608,9.72116831690073e-05,1,ANOMALY
641329d064cd41c69446fa7ac5315e4d,4,1,TEST,0.0011452413,0.021739130434782608,9.72116831690073e-05,1,ANOMALY
6413d6a7e040441db493b54c0bd08731,3,1,TEST,0.0003139543,0.021739130434782608,9.72116831690073e-05,1,ANOMALY
64160c11015a4815ab054049334ae516,3,1,TEST,0.000424579,0.021739130434782608,9.72116831690073e-05,1,ANOMALY
641b7e6549004695b4f864632ecf5262,3,1,TEST,0.0003156718,0.021739130434782608,9.72116831690073e-05,1,ANOMALY
6425c6d627294d3fbd4d3e8ccd688552,3,1,TEST,0.00020206186,0.021739130434782608,9.72116831690073e-05,1,ANOMALY
643399d83be8435582ff79ef12b7d449,3,1,TEST,0.0005740122,0.021739130434782608,9.72116831690073e-05,1,ANOMALY
64366186f4cb49adbd8a9beac3f66e39,3,1,TEST,0.0003015385,0.021739130434782608,9.72116831690073e-05,1,ANOMALY
6447643bcaf848ae9c797cb7b744f3e9,3,1,TEST,0.00037350546,0.021739130434782608,9.72116831690073e-05,1,ANOMALY
6465e2b7ad384b5385b31f26387b70ae,3,1,TEST,0.00030312396,0.021739130434782608,9.72116831690073e-05,1,ANOMALY
646bc33d2d2546c18ae752cc43fa1ae6,3,1,TEST,0.00023840912,0.021739130434782608,9.72116831690073e-05,1,ANOMALY
6471638867ae445382e3ef3034abef6f,3,1,TEST,0.00034979603,0.021739130434782608,9.72116831690073e-05,1,ANOMALY
649362e27577460c824a9f279586fa67,3,1,TEST,0.00022436003,0.021739130434782608,9.72116831690073e-05,1,ANOMALY
649622de06a34fc884b1d6c03a21f79b,3,1,TEST,0.00035418317,0.021739130434782608,9.72116831690073e-05,1,ANOMALY
64adeb96def44e4f99b5dc1054ae7b66,3,1,TEST,0.00023810261,0.021739130434782608,9.72116831690073e-05,1,ANOMALY
64fe817a294d4d8690594548b97cf6c0,3,1,TEST,0.00027169829,0.021739130434782608,9.72116831690073e-05,1,ANOMALY
6511649571a0452bb1e0d06cef214d5d,3,1,TEST,0.0004930906,0.021739130434782608,9.72116831690073e-05,1,ANOMALY
654844e0dd4742f88212d2f35da4d5bc,3,1,TEST,0.00028696455,0.021739130434782608,9.72116831690073e-05,1,ANOMALY
655a317d81644c108523dd608c95e4ad,3,1,TEST,0.00023238469,0.021739130434782608,9.72116831690073e-05,1,ANOMALY
6589976b74304606ae70e150b80742e4,3,1,TEST,0.00018582589,0.021739130434782608,9.72116831690073e-05,1,ANOMALY
6589a6097f8642c1bf8747f7b1c5334d,4,1,TEST,0.0005801718,0.021739130434782608,9.72116831690073e-05,1,ANOMALY
6592c29fc19e430c94eda1a7145267df,3,1,TEST,0.00027639046,0.021739130434782608,9.72116831690073e-05,1,ANOMALY
6592e946f5b140b8a980df5e8ad26780,3,1,TEST,0.00062819687,0.021739130434782608,9.72116831690073e-05,1,ANOMALY
65b44828c2824870a189df9614d481bb,3,1,TEST,0.000342366,0.021739130434782608,9.72116831690073e-05,1,ANOMALY
65ca5e7b0345479398d22386e72b335c,3,1,TEST,0.00019578394,0.021739130434782608,9.72116831690073e-05,1,ANOMALY
65e3057ff28e4fcd84547cb1c6eed154,3,1,TEST,0.00035774327,0.021739130434782608,9.72116831690073e-05,1,ANOMALY
6600b884b3ea438ca2127a9980192fe8,3,1,TEST,0.0004702295,0.021739130434782608,9.72116831690073e-05,1,ANOMALY
661bff3a3c3440598501e91b109e56d9,3,1,TEST,0.00023057031,0.021739130434782608,9.72116831690073e-05,1,ANOMALY
66578eccaf1c4ccba06840c5503e4165,3,1,TEST,0.00015183185,0.021739130434782608,9.72116831690073e-05,1,ANOMALY
665ac6563202432bbde4a76b18538aef,3,1,TEST,0.00036943873,0.021739130434782608,9.72116831690073e-05,1,ANOMALY
667193f2213d45758e7aaf471bad9bfe,4,1,TEST,0.0019504279,0.021739130434782608,9.72116831690073e-05,1,ANOMALY
667a78ad566e4be2a6f2ec7eb79c75ee,3,1,TEST,0.00022705537,0.021739130434782608,9.72116831690073e-05,1,ANOMALY
668048b325524d2b9aaaa42e76eb6992,3,1,TEST,0.00022777518,0.021739130434782608,9.72116831690073e-05,1,ANOMALY
6699c0664de6449cb93fc085dd82202b,3,1,TEST,0.00026833153,0.021739130434782608,9.72116831690073e-05,1,ANOMALY
669e3d2fc97b4d4d92353c0ab2470c50,3,1,TEST,0.00032857415,0.021739130434782608,9.72116831690073e-05,1,ANOMALY
66aa889cf4094921abb5a847d4951b80,3,1,TEST,0.0002443944,0.021739130434782608,9.72116831690073e-05,1,ANOMALY
66e71d04d89644bfa472f0b8aad4e281,3,1,TEST,0.00033269508,0.021739130434782608,9.72116831690073e-05,1,ANOMALY
67324a6b36bb48209821157a8065c739,3,1,TEST,0.00031916733,0.021739130434782608,9.72116831690073e-05,1,ANOMALY
674a77db1c0848ccbb818f6f63ca948c,4,1,TEST,0.0005282393,0.021739130434782608,9.72116831690073e-05,1,ANOMALY
674f91806f8d496b82d3d29f1c90e422,3,1,TEST,0.00044253253,0.021739130434782608,9.72116831690073e-05,1,ANOMALY
675250a423a6495a8b1bb9a77b8f6677,3,1,TEST,0.00040460174,0.021739130434782608,9.72116831690073e-05,1,ANOMALY
6755a8259bb34b799561d81731f713ac,3,1,TEST,0.0002821997,0.021739130434782608,9.72116831690073e-05,1,ANOMALY
676aac693fb94f33b17acda579e58c9d,3,1,TEST,0.00026573945,0.021739130434782608,9.72116831690073e-05,1,ANOMALY
67753edf14ea4562bb572be42ae9be42,3,1,TEST,0.00024839677,0.021739130434782608,9.72116831690073e-05,1,ANOMALY
67777c5d1ffb4454be0d6095e404bfd4,3,1,TEST,0.00021250072,0.021739130434782608,9.72116831690073e-05,1,ANOMALY
6786ebe648334430b5535691baba9d22,3,1,TEST,0.0003164144,0.021739130434782608,9.72116831690073e-05,1,ANOMALY
67a141811b594e018490574693ec4721,3,1,TEST,0.00047532964,0.021739130434782608,9.72116831690073e-05,1,ANOMALY
67ad64c53c5e4ab58d192aa3b0ebd68f,3,1,TEST,0.0011834236,0.021739130434782608,9.72116831690073e-05,1,ANOMALY
67b2dee631d6440c8ddef0d4319844f3,3,1,TEST,0.00035535818,0.021739130434782608,9.72116831690073e-05,1,ANOMALY
67b75045c63643d5a2771919e9e25593,3,1,TEST,0.00041539382,0.021739130434782608,9.72116831690073e-05,1,ANOMALY
67c704cc86a54d54b1542f192a02bce4,3,1,TEST,0.0002547411,0.021739130434782608,9.72116831690073e-05,1,ANOMALY
67cbeb472d9944e09984ca81a148dae5,3,1,TEST,0.0003907347,0.021739130434782608,9.72116831690073e-05,1,ANOMALY
6805ae51518f4e479d3971da312700ed,3,1,TEST,0.0003214843,0.021739130434782608,9.72116831690073e-05,1,ANOMALY
68202b8939e2418f8be71439465435ba,3,1,TEST,0.00030988976,0.021739130434782608,9.72116831690073e-05,1,ANOMALY
682f70d142da471c88b940b2c4068553,4,1,TEST,0.00033420065,0.021739130434782608,9.72116831690073e-05,1,ANOMALY
6830f9ceb59a485681c6f5392493edc9,4,1,TEST,0.0013042705,0.021739130434782608,9.72116831690073e-05,1,ANOMALY
6842386c04414b07a153f07cef7faeaf,3,1,TEST,0.00031833226,0.021739130434782608,9.72116831690073e-05,1,ANOMALY
6867f8cbfb9c4964bbbdab96690070c4,3,1,TEST,0.00032601831,0.021739130434782608,9.72116831690073e-05,1,ANOMALY
688a65fcaf7a4fffa177cefa6bb497d5,3,1,TEST,0.00025547744,0.021739130434782608,9.72116831690073e-05,1,ANOMALY
688d8a0a9f924222b60029e57f7839cb,3,1,TEST,0.00018863764,0.021739130434782608,9.72116831690073e-05,1,ANOMALY
68c2f118564c4893a616b4f48172dce3,4,1,TEST,0.0007777667,0.021739130434782608,9.72116831690073e-05,1,ANOMALY
68e53fbf07254435850194357514b17d,3,1,TEST,0.00043655455,0.021739130434782608,9.72116831690073e-05,1,ANOMALY
69096347174f4a51af35b6cb22c1007c,3,1,TEST,0.00014420622,0.021739130434782608,9.72116831690073e-05,1,ANOMALY
6924b4ca1e744c8487895edc52aa26b2,3,1,TEST,0.00027071874,0.021739130434782608,9.72116831690073e-05,1,ANOMALY
6940d203a4884147b93ae11dcbc76e6f,3,1,TEST,0.00023330396,0.021739130434782608,9.72116831690073e-05,1,ANOMALY
6942283e03ad493fb8ed048e3033fcfe,1,1,TEST,0.00028837574,0.021739130434782608,9.72116831690073e-05,1,ANOMALY
69758e5157644a8ebf93475dfadccee0,3,1,TEST,0.00034850664,0.021739130434782608,9.72116831690073e-05,1,ANOMALY
697cab79cf2f4bc38b95e33c471b40e1,3,1,TEST,0.00038392437,0.021739130434782608,9.72116831690073e-05,1,ANOMALY
697fe2a1a7564a59a816f66dc8e35f8d,3,1,TEST,0.00032848722,0.021739130434782608,9.72116831690073e-05,1,ANOMALY
6998496f5d5e4e77b3d42878992483d7,3,1,TEST,0.0008106025,0.021739130434782608,9.72116831690073e-05,1,ANOMALY
69a369ecdd0a43ac82e4c2c4409eff09,3,1,TEST,0.00021580802,0.021739130434782608,9.72116831690073e-05,1,ANOMALY
69e8ad909f424f588e09003380a13e00,3,1,TEST,0.0004774683,0.021739130434782608,9.72116831690073e-05,1,ANOMALY
69ec8d9d5d24499e8be5aa1a5e7a6d44,3,1,TEST,0.00038703287,0.021739130434782608,9.72116831690073e-05,1,ANOMALY
6a10b285a1c9432da426d2ed61e95988,3,1,TEST,0.00015789838,0.021739130434782608,9.72116831690073e-05,1,ANOMALY
6a43130f15ec4be3ad0f974bd2047e2d,3,1,TEST,0.00020845736,0.021739130434782608,9.72116831690073e-05,1,ANOMALY
6a9f5792bb5a4f46a250ae8df3936de1,3,1,TEST,0.0003465374,0.021739130434782608,9.72116831690073e-05,1,ANOMALY
6aa50a5c1a71494aad103a90b71b8df0,3,1,TEST,0.00022646198,0.021739130434782608,9.72116831690073e-05,1,ANOMALY
6ace1719bcd94c53bf8781c12a9078b2,3,1,TEST,0.00045577728,0.021739130434782608,9.72116831690073e-05,1,ANOMALY
6b0648824de44da4a56580865535b494,3,1,TEST,0.00021768452,0.021739130434782608,9.72116831690073e-05,1,ANOMALY
6b086cc4e62c4633a0e76f43c706831e,3,1,TEST,0.00022913472,0.021739130434782608,9.72116831690073e-05,1,ANOMALY
6b0b87a8a7e54e87989ec544efa9caf3,3,1,TEST,0.0020811846,0.021739130434782608,9.72116831690073e-05,1,ANOMALY
6b11175f211b46f8a8ddc0f08e022a62,3,1,TEST,0.00025027565,0.021739130434782608,9.72116831690073e-05,1,ANOMALY
6b323a8b119340f3a504a808d14b080e,3,1,TEST,0.00027778454,0.021739130434782608,9.72116831690073e-05,1,ANOMALY
6b4049a77cef491e8d770e3ccccfb746,3,1,TEST,0.00037001385,0.021739130434782608,9.72116831690073e-05,1,ANOMALY
6b56f7c40eff4aa49add403efa7da554,3,1,TEST,0.0007903896,0.021739130434782608,9.72116831690073e-05,1,ANOMALY
6bac017b430b46e3aaef1c0919cfc1d2,3,1,TEST,0.00040992085,0.021739130434782608,9.72116831690073e-05,1,ANOMALY
6baee55c76c147d09a3c7046e975719c,3,1,TEST,0.00013517146,0.021739130434782608,9.72116831690073e-05,1,ANOMALY
6bf496a966544b3c902e5a4673fe1628,3,1,TEST,0.00026750407,0.021739130434782608,9.72116831690073e-05,1,ANOMALY
6bfe8356594b4276a54c7090c3e1717d,3,1,TEST,0.0004213196,0.021739130434782608,9.72116831690073e-05,1,ANOMALY
6c04849baab540a696b7e1bda913666c,3,1,TEST,0.0002510725,0.021739130434782608,9.72116831690073e-05,1,ANOMALY
6c065881c42c4c3ea0837346d186392e,3,1,TEST,0.00033223364,0.021739130434782608,9.72116831690073e-05,1,ANOMALY
6c3a6971158c4d8dab9e0e4777c05f20,3,1,TEST,0.00026337444,0.021739130434782608,9.72116831690073e-05,1,ANOMALY
6c3c891a09f04c218aea3e44cbdb6baa,4,1,TEST,0.0009890692,0.021739130434782608,9.72116831690073e-05,1,ANOMALY
6c524d57f9b3463e8d39f8a65f9846f8,3,1,TEST,0.000445952,0.021739130434782608,9.72116831690073e-05,1,ANOMALY
6c66af898ac14a7982e6df828e361386,3,1,TEST,0.00029809098,0.021739130434782608,9.72116831690073e-05,1,ANOMALY
6c73bec1a6f04acaa50d450ed93665a8,3,1,TEST,0.00019497423,0.021739130434782608,9.72116831690073e-05,1,ANOMALY
6c7fa5188e734c40bf2cc644db5d0fdb,3,1,TEST,0.00024498906,0.021739130434782608,9.72116831690073e-05,1,ANOMALY
6c9e5ef595264192978dd78bf117e945,3,1,TEST,0.0003626078,0.021739130434782608,9.72116831690073e-05,1,ANOMALY
6cbe8db47e4e4cd0a8e08edd8a6c5046,3,1,TEST,0.00030715138,0.021739130434782608,9.72116831690073e-05,1,ANOMALY
6cefc311b6034c6daa560b015207c28e,3,1,TEST,0.0003094526,0.021739130434782608,9.72116831690073e-05,1,ANOMALY
6d24f2caecad4a9787743d871b17b0a9,3,1,TEST,0.00028202494,0.021739130434782608,9.72116831690073e-05,1,ANOMALY
6d2761e3b6284c1d9b5a1fb26832d5a6,3,1,TEST,0.00028630474,0.021739130434782608,9.72116831690073e-05,1,ANOMALY
6d283cc23ec7479a901d2a84f4ba0475,3,1,TEST,0.00039168348,0.021739130434782608,9.72116831690073e-05,1,ANOMALY
6d3a1ffd8b8c48c798c224c3b8c0f34c,4,1,TEST,0.0037436232,0.021739130434782608,9.72116831690073e-05,1,ANOMALY
6d4d0ed33d1c4eb9924770c535bd7786,3,1,TEST,0.0003259072,0.021739130434782608,9.72116831690073e-05,1,ANOMALY
6d5bc7fb8e1f432296f66d6ed0b37a85,3,1,TEST,0.00032528967,0.021739130434782608,9.72116831690073e-05,1,ANOMALY
6d9047a0498641c9bf07fc87cae3df12,3,1,TEST,0.00026613934,0.021739130434782608,9.72116831690073e-05,1,ANOMALY
6d9bc243bacc427590a873231a574da1,3,1,TEST,0.0003031777,0.021739130434782608,9.72116831690073e-05,1,ANOMALY
6da5020f1e1a48c2ad3ac5c0ef8011c7,4,1,TEST,0.000513367,0.021739130434782608,9.72116831690073e-05,1,ANOMALY
6da502e7c9914a329be9d815704bbb6a,3,1,TEST,0.00023257267,0.021739130434782608,9.72116831690073e-05,1,ANOMALY
6ddf21099de54f2b9f07591fccb85c9f,4,1,TEST,0.00092411344,0.021739130434782608,9.72116831690073e-05,1,ANOMALY
6e05b6a1813144ae86b7677aab7dbdf4,3,1,TEST,0.0003078975,0.021739130434782608,9.72116831690073e-05,1,ANOMALY
6e0a7471bc2a40ee99856f1226e0dd35,3,1,TEST,0.00025500217,0.021739130434782608,9.72116831690073e-05,1,ANOMALY
6e164cb07ad34a3b87aa48366a6e04da,3,1,TEST,0.00016422354,0.021739130434782608,9.72116831690073e-05,1,ANOMALY
6e36e5e9c9354c9e8ba79ba431d95b4b,3,1,TEST,0.0002297854,0.021739130434782608,9.72116831690073e-05,1,ANOMALY
6e422515dae74df0835d639d1934f84e,3,1,TEST,0.00030533783,0.021739130434782608,9.72116831690073e-05,1,ANOMALY
6e4bf67a625f47c9a02b5c5965c0d801,3,1,TEST,0.00034898872,0.021739130434782608,9.72116831690073e-05,1,ANOMALY
6e56a6c450b44a52a443618a7ce2e91f,3,1,TEST,0.0002708832,0.021739130434782608,9.72116831690073e-05,1,ANOMALY
6e619eb421a04956a760923bd0aa5a52,4,1,TEST,0.0011890474,0.021739130434782608,9.72116831690073e-05,1,ANOMALY
6e73f1c79c9b48688541c6a01dc2ab13,1,1,TEST,0.00020218335,0.021739130434782608,9.72116831690073e-05,1,ANOMALY
6e96ff2300bd4897b0c52125aa53f03f,3,1,TEST,0.00022863148,0.021739130434782608,9.72116831690073e-05,1,ANOMALY
6ecd00742a1244bfb63438d852e0e389,3,1,TEST,0.00027404746,0.021739130434782608,9.72116831690073e-05,1,ANOMALY
6ed05113a1084c59855b187ebe621e1d,3,1,TEST,0.00023930974,0.021739130434782608,9.72116831690073e-05,1,ANOMALY
6ed39af99dae441295cc7ff094a14e9c,3,1,TEST,0.00027493376,0.021739130434782608,9.72116831690073e-05,1,ANOMALY
6ee6b3dde3264c31a07eefd214b185ad,3,1,TEST,0.00027070308,0.021739130434782608,9.72116831690073e-05,1,ANOMALY
6eea8227d1dc477f8b436e313748abac,3,1,TEST,0.00021273669,0.021739130434782608,9.72116831690073e-05,1,ANOMALY
6f1f84bc2eb64730be3583fb0d9b9cad,3,1,TEST,0.00018960836,0.021739130434782608,9.72116831690073e-05,1,ANOMALY
6f2e6015b5f34011bdd4fcf9943a7ad5,3,1,TEST,0.00023197825,0.021739130434782608,9.72116831690073e-05,1,ANOMALY
6f37f5a0bee14ad38f67ec8d0f884133,3,1,TEST,0.00016012984,0.021739130434782608,9.72116831690073e-05,1,ANOMALY
6f4a28c3eb4f476a8a2f32d7e3924c80,3,1,TEST,0.00037051857,0.021739130434782608,9.72116831690073e-05,1,ANOMALY
6f6aa790fed4456db6ff8bf687e48eb0,4,1,TEST,0.0008507606,0.021739130434782608,9.72116831690073e-05,1,ANOMALY
6f838e804c0c4ef4a1a79962e559a832,6,0,TEST,3.181734e-05,0.5869565217391305,9.72116831690073e-05,0,REFERENCE
6f93d14d25184c4a9cf4462efb751e9f,3,1,TEST,0.00017893886,0.021739130434782608,9.72116831690073e-05,1,ANOMALY
6fa79cc963614f238e189d881cfb1199,3,1,TEST,0.00045485364,0.021739130434782608,9.72116831690073e-05,1,ANOMALY
6fe94bd5926844b3a92b76e806035e18,3,1,TEST,0.00080741924,0.021739130434782608,9.72116831690073e-05,1,ANOMALY
6ffde0484e2e4782af36c92b7a3ef9c9,3,1,TEST,0.0002749933,0.021739130434782608,9.72116831690073e-05,1,ANOMALY
6ffe265835454cd6ac5eea41126b4f20,3,1,TEST,0.0002492692,0.021739130434782608,9.72116831690073e-05,1,ANOMALY
700a9ca53289483f85d9ec9f7d94b8f4,3,1,TEST,0.00022913233,0.021739130434782608,9.72116831690073e-05,1,ANOMALY
70236359152f43929db096ea609215e3,3,1,TEST,0.0009999841,0.021739130434782608,9.72116831690073e-05,1,ANOMALY
703ee51dd8ae4f37a6639da6894d9053,3,1,TEST,0.00015560222,0.021739130434782608,9.72116831690073e-05,1,ANOMALY
70423f17b1c24d8ea1790fd504cd6fdb,3,1,TEST,0.00036279397,0.021739130434782608,9.72116831690073e-05,1,ANOMALY
705a21448ba54d5ea07af9badead97a9,3,1,TEST,0.0004431136,0.021739130434782608,9.72116831690073e-05,1,ANOMALY
706f2f20bd914ec58828a78c89c41685,4,1,TEST,0.0007994779,0.021739130434782608,9.72116831690073e-05,1,ANOMALY
7071358549234a8895ab79868d0e2258,3,1,TEST,0.00020823885,0.021739130434782608,9.72116831690073e-05,1,ANOMALY
709591466d42495fb7d6e4bd1d684fc6,3,1,TEST,0.00028695725,0.021739130434782608,9.72116831690073e-05,1,ANOMALY
70ae4d44c5004b17af3f67d0857d299c,3,1,TEST,0.00024980967,0.021739130434782608,9.72116831690073e-05,1,ANOMALY
70de8991156c4c8a8c385ada786ea647,3,1,TEST,0.00020675056,0.021739130434782608,9.72116831690073e-05,1,ANOMALY
70e86898c4c6480f89f261a000c4be6f,3,1,TEST,0.000498167,0.021739130434782608,9.72116831690073e-05,1,ANOMALY
70ec3327b8d648e682e2e9c027dc8764,3,1,TEST,0.00013359947,0.021739130434782608,9.72116831690073e-05,1,ANOMALY
70f9bb6401334776bcb246f87e8d5585,3,1,TEST,0.0002392066,0.021739130434782608,9.72116831690073e-05,1,ANOMALY
7132f72085f14788a89ef946ead0950c,4,1,TEST,0.00031945884,0.021739130434782608,9.72116831690073e-05,1,ANOMALY
71376e425f4d4d9f8d3612a74815bcff,3,1,TEST,0.0002454338,0.021739130434782608,9.72116831690073e-05,1,ANOMALY
71376fd8f0924cc3be058f5e81050cb5,3,1,TEST,0.00047672447,0.021739130434782608,9.72116831690073e-05,1,ANOMALY
71440f0d14ae4839b5c3c02f8d14dbc8,3,1,TEST,0.00023753513,0.021739130434782608,9.72116831690073e-05,1,ANOMALY
7179f45002804a138b402bf15fdb6956,3,1,TEST,0.00021677108,0.021739130434782608,9.72116831690073e-05,1,ANOMALY
719eb7b8d4a9444f8b1e5b4cbb69bf61,3,1,TEST,0.00015695131,0.021739130434782608,9.72116831690073e-05,1,ANOMALY
71a73fd56d7b4a0dafc5d280433b2311,3,1,TEST,0.0002954082,0.021739130434782608,9.72116831690073e-05,1,ANOMALY
71af9f7947f94109990252a36eccf89d,3,1,TEST,0.0004771885,0.021739130434782608,9.72116831690073e-05,1,ANOMALY
71b5ef9d9c684d1d99d9e9ad08567c64,3,1,TEST,0.0002988295,0.021739130434782608,9.72116831690073e-05,1,ANOMALY
71c0f9e6d2d84cc6a60cfea5bf55d226,3,1,TEST,0.00026806802,0.021739130434782608,9.72116831690073e-05,1,ANOMALY
7216d30d83b24c818a2a9c0a1507e256,3,1,TEST,0.00027333488,0.021739130434782608,9.72116831690073e-05,1,ANOMALY
7232281f874646f6a7c2fcd0c8858224,4,1,TEST,0.0005815961,0.021739130434782608,9.72116831690073e-05,1,ANOMALY
72365fd1f5e74176b0b469955088729b,3,1,TEST,0.00022433724,0.021739130434782608,9.72116831690073e-05,1,ANOMALY
723a512e999644608f2b49f28f28c97f,3,1,TEST,0.00022802362,0.021739130434782608,9.72116831690073e-05,1,ANOMALY
7242b0b53ef047ad8bc14fd9afa4e01d,3,1,TEST,0.00025757786,0.021739130434782608,9.72116831690073e-05,1,ANOMALY
72439b7edf2648fa8b61ca535cfae81b,3,1,TEST,0.00023411382,0.021739130434782608,9.72116831690073e-05,1,ANOMALY
724515009f734a34a95b03f934b976a0,3,1,TEST,0.00019294006,0.021739130434782608,9.72116831690073e-05,1,ANOMALY
724857d1fb464193ad8992f139e2e6af,3,1,TEST,0.0002224895,0.021739130434782608,9.72116831690073e-05,1,ANOMALY
7249c1a38305467aa7b6855a61db1886,3,1,TEST,0.00014717416,0.021739130434782608,9.72116831690073e-05,1,ANOMALY
725201688ff64796b564ebf162d30fae,3,1,TEST,0.0004428199,0.021739130434782608,9.72116831690073e-05,1,ANOMALY
725f39f34fec4d589f06cf2da1c453b0,3,1,TEST,0.00037325197,0.021739130434782608,9.72116831690073e-05,1,ANOMALY
7279371525804567b52e6e5c40296bcc,3,1,TEST,0.00039482833,0.021739130434782608,9.72116831690073e-05,1,ANOMALY
728199b8622949f3ab10d989836089f7,3,1,TEST,0.00023077014,0.021739130434782608,9.72116831690073e-05,1,ANOMALY
7292ff9642994fab93323d1a7554f891,3,1,TEST,0.00022327807,0.021739130434782608,9.72116831690073e-05,1,ANOMALY
729f00d5c178489fb3139182c1b990e4,3,1,TEST,0.0003331573,0.021739130434782608,9.72116831690073e-05,1,ANOMALY
72b9ff1d9ee741e88ad1829bea886775,3,1,TEST,0.0002850357,0.021739130434782608,9.72116831690073e-05,1,ANOMALY
72c089662ac342068abb3c526535d414,3,1,TEST,0.00042745957,0.021739130434782608,9.72116831690073e-05,1,ANOMALY
72c103adf1714b8bbf8199ea80f56f84,3,1,TEST,0.00028236693,0.021739130434782608,9.72116831690073e-05,1,ANOMALY
72ced2f35ae148daadd574fb3de21a63,3,1,TEST,0.00013549681,0.021739130434782608,9.72116831690073e-05,1,ANOMALY
730030f08ec34813b2a19ba6e1e5422e,3,1,TEST,0.00015396753,0.021739130434782608,9.72116831690073e-05,1,ANOMALY
73026c1891d9469aba5c3c64a805cf67,3,1,TEST,0.00044941503,0.021739130434782608,9.72116831690073e-05,1,ANOMALY
731610aeb2cc42e0afcf6635e93a7797,3,1,TEST,0.0005905198,0.021739130434782608,9.72116831690073e-05,1,ANOMALY
731d2ae47e10466c8623ad6b46243f40,3,1,TEST,0.00027336035,0.021739130434782608,9.72116831690073e-05,1,ANOMALY
7332bfdcc2e74e12b474ff749b12f443,3,1,TEST,0.00036357265,0.021739130434782608,9.72116831690073e-05,1,ANOMALY
7356c519a13a44acb3dde48dfacb94ce,3,1,TEST,0.00026095333,0.021739130434782608,9.72116831690073e-05,1,ANOMALY
7363dcfaa3434745810f5e9324faf5f2,3,1,TEST,0.0004713625,0.021739130434782608,9.72116831690073e-05,1,ANOMALY
7392f0fb641447c991d656c7360a7101,3,1,TEST,0.0003209896,0.021739130434782608,9.72116831690073e-05,1,ANOMALY
73a43157be1c490dac519228d7960ceb,3,1,TEST,0.0001497649,0.021739130434782608,9.72116831690073e-05,1,ANOMALY
73a9d01b051642e49046973046ac9347,3,1,TEST,0.00028718848,0.021739130434782608,9.72116831690073e-05,1,ANOMALY
73b5a0c915ef42949c5562d512074c60,3,1,TEST,0.00018709232,0.021739130434782608,9.72116831690073e-05,1,ANOMALY
73c9b91b2d884324bee848e70e5f8176,3,1,TEST,0.00029094066,0.021739130434782608,9.72116831690073e-05,1,ANOMALY
7416421d65204dbd90afcdbfd3d6fedf,3,1,TEST,0.0002165928,0.021739130434782608,9.72116831690073e-05,1,ANOMALY
7419b87fdb744a448386ce07cb68f73d,3,1,TEST,0.00028125377,0.021739130434782608,9.72116831690073e-05,1,ANOMALY
741ec30fb4fd482b83e3e4bde66cd177,3,1,TEST,0.00027564587,0.021739130434782608,9.72116831690073e-05,1,ANOMALY
744ac0cfc7db4c4da7ad99ccc1e76b20,3,1,TEST,0.00018357714,0.021739130434782608,9.72116831690073e-05,1,ANOMALY
746bc132bd594bcf887ceb57aa66ce78,3,1,TEST,0.0004427717,0.021739130434782608,9.72116831690073e-05,1,ANOMALY
746da4e53c644a42984cffd191184015,3,1,TEST,0.00013636416,0.021739130434782608,9.72116831690073e-05,1,ANOMALY
748168790465473aaa6b65ac0cf9caa7,3,1,TEST,0.00015707628,0.021739130434782608,9.72116831690073e-05,1,ANOMALY
748412ceca2543a09b58c2d0d877a974,3,1,TEST,0.00027414598,0.021739130434782608,9.72116831690073e-05,1,ANOMALY
74879a1ede5e4f718a662d5dc9c14ed3,3,1,TEST,0.00021419297,0.021739130434782608,9.72116831690073e-05,1,ANOMALY
74a8ce14158b47d3862f096f64d28e14,3,1,TEST,0.0004474041,0.021739130434782608,9.72116831690073e-05,1,ANOMALY
74efae2511a14f68b402e5d435e1d9d0,3,1,TEST,0.00027641424,0.021739130434782608,9.72116831690073e-05,1,ANOMALY
75129518f60b43f3b6103bce59b6cc8c,3,1,TEST,0.00039436878,0.021739130434782608,9.72116831690073e-05,1,ANOMALY
7513b41495534c19be346bd17539719b,3,1,TEST,0.00016964658,0.021739130434782608,9.72116831690073e-05,1,ANOMALY
751e75b3dba545389afa1d23efe301b2,3,1,TEST,0.00032630717,0.021739130434782608,9.72116831690073e-05,1,ANOMALY
755f696bc45b4f4483a093b541d703d9,3,1,TEST,0.00026686068,0.021739130434782608,9.72116831690073e-05,1,ANOMALY
756a94bff33644e49f1bb1325d9ba8f7,3,1,TEST,0.0003496926,0.021739130434782608,9.72116831690073e-05,1,ANOMALY
757e9a0a2c2c473c982bf5e8ba4430c5,3,1,TEST,0.00027393556,0.021739130434782608,9.72116831690073e-05,1,ANOMALY
75b979d022c2455fa3126a968290c83e,3,1,TEST,0.00024064575,0.021739130434782608,9.72116831690073e-05,1,ANOMALY
75c32c017a09442da9a1621b461d9f14,3,1,TEST,0.00044046185,0.021739130434782608,9.72116831690073e-05,1,ANOMALY
75e64833559e418b8ee5a3760b0b6f21,5,1,TEST,0.00025582948,0.021739130434782608,9.72116831690073e-05,1,ANOMALY
76071c9010414f70aa1735479298e2de,3,1,TEST,0.00028567133,0.021739130434782608,9.72116831690073e-05,1,ANOMALY
761658a4a462474c813828660cde21d1,3,1,TEST,0.00029542667,0.021739130434782608,9.72116831690073e-05,1,ANOMALY
762f5eac3f504f8e972737503a811a0d,3,1,TEST,0.00061983813,0.021739130434782608,9.72116831690073e-05,1,ANOMALY
7657fcde99d244c9bcf0648061ec99ee,3,1,TEST,0.00031769922,0.021739130434782608,9.72116831690073e-05,1,ANOMALY
766b5067cfb948bd9aa44d935127174d,3,1,TEST,0.0006474261,0.021739130434782608,9.72116831690073e-05,1,ANOMALY
7693fe10b259466f8c71f8815887e903,3,1,TEST,0.00015659188,0.021739130434782608,9.72116831690073e-05,1,ANOMALY
769b58f9a17640d091ebb3e9519870b6,3,1,TEST,0.00019453073,0.021739130434782608,9.72116831690073e-05,1,ANOMALY
76a2352727da4b90904f348d2b815917,3,1,TEST,0.0003698478,0.021739130434782608,9.72116831690073e-05,1,ANOMALY
76bfe78f190b47a0a525789a5ba079dc,3,1,TEST,0.00033287646,0.021739130434782608,9.72116831690073e-05,1,ANOMALY
76d5fcf647da4fd8bfcb2e90e52f0680,3,1,TEST,0.0005086509,0.021739130434782608,9.72116831690073e-05,1,ANOMALY
76d88dd3de2d47a7bc69327919b45999,3,1,TEST,0.00021998574,0.021739130434782608,9.72116831690073e-05,1,ANOMALY
76e30622351845559ead12c422d53c76,3,1,TEST,0.0002813161,0.021739130434782608,9.72116831690073e-05,1,ANOMALY
76f4c0b402504241a94e6e9521fb182c,3,1,TEST,0.00019877264,0.021739130434782608,9.72116831690073e-05,1,ANOMALY
76f5d5d4591b4932bec83e38d7867327,3,1,TEST,0.00031690934,0.021739130434782608,9.72116831690073e-05,1,ANOMALY
7707ef40991d4437adf007154e1ba81a,3,1,TEST,0.00022256767,0.021739130434782608,9.72116831690073e-05,1,ANOMALY
770bedf0ad624572a39e8e999ed2f85b,3,1,TEST,0.00016773221,0.021739130434782608,9.72116831690073e-05,1,ANOMALY
770f7f662f394be7879cf3bfc0b695b7,3,1,TEST,0.00021803853,0.021739130434782608,9.72116831690073e-05,1,ANOMALY
771a470832664563b2a687a2af05cce2,3,1,TEST,0.00027548376,0.021739130434782608,9.72116831690073e-05,1,ANOMALY
77211c42892c4f019373f54fe3dc4b7e,3,1,TEST,0.000457517,0.021739130434782608,9.72116831690073e-05,1,ANOMALY
77291ba01ca04c67951813be9d2a0082,3,1,TEST,0.00026178517,0.021739130434782608,9.72116831690073e-05,1,ANOMALY
772e629cbb58452896b51478361683a9,3,1,TEST,0.0004595713,0.021739130434782608,9.72116831690073e-05,1,ANOMALY
7733fcf6a62d457da354658221589b7c,3,1,TEST,0.00020614441,0.021739130434782608,9.72116831690073e-05,1,ANOMALY
7734531546a745868229d5024fd58ab2,3,1,TEST,0.00043708406,0.021739130434782608,9.72116831690073e-05,1,ANOMALY
77369b72807047a5979359631cf63769,3,1,TEST,0.00037464086,0.021739130434782608,9.72116831690073e-05,1,ANOMALY
77605053a11946d196279c535abf81d4,3,1,TEST,0.00019552327,0.021739130434782608,9.72116831690073e-05,1,ANOMALY
777eaed1274c46e48e10212415164e95,3,1,TEST,0.00017272955,0.021739130434782608,9.72116831690073e-05,1,ANOMALY
777f4928190842778bed75299ed05e62,3,1,TEST,0.00030384294,0.021739130434782608,9.72116831690073e-05,1,ANOMALY
7781fa97467a4a1d8d5e28758dc3047d,3,1,TEST,0.00042460358,0.021739130434782608,9.72116831690073e-05,1,ANOMALY
7787cd8a9a0d4aeeb242234207b7ea3b,6,0,TEST,3.1885153e-05,0.5434782608695652,9.72116831690073e-05,0,REFERENCE
77a2fb22836a4ba0b32a545a094d3fc5,3,1,TEST,0.0002508672,0.021739130434782608,9.72116831690073e-05,1,ANOMALY
77a656f2c5b04616bf99100de5f3a795,3,1,TEST,0.0001488209,0.021739130434782608,9.72116831690073e-05,1,ANOMALY
77c03b6c5a3347329fc5d24bab3514ab,4,1,TEST,0.0028311932,0.021739130434782608,9.72116831690073e-05,1,ANOMALY
77cf1c7006fb42088e6e4deb0085ca67,3,1,TEST,0.00076173333,0.021739130434782608,9.72116831690073e-05,1,ANOMALY
77e4594dfc574b36a741eb6061feefab,3,1,TEST,0.00030607538,0.021739130434782608,9.72116831690073e-05,1,ANOMALY
77ea2348706b49e0b74920900a4c4e78,3,1,TEST,0.00018020743,0.021739130434782608,9.72116831690073e-05,1,ANOMALY
7826cbc9e134476f92e52cb0955a306e,3,1,TEST,0.00038324646,0.021739130434782608,9.72116831690073e-05,1,ANOMALY
78302e85928c46229ae617a4a9ec03f3,3,1,TEST,0.00027648755,0.021739130434782608,9.72116831690073e-05,1,ANOMALY
78525b38c9b84cc1a0ef5b889181de25,4,1,TEST,0.0013321426,0.021739130434782608,9.72116831690073e-05,1,ANOMALY
785456e5ca2d41069f45e18f9967960d,3,1,TEST,0.00037461237,0.021739130434782608,9.72116831690073e-05,1,ANOMALY
7871d6a12ef24866b5723e6cfb9c1d19,3,1,TEST,0.0003949973,0.021739130434782608,9.72116831690073e-05,1,ANOMALY
787910d045954ec3bc474173fd29ba7f,3,1,TEST,0.00018213216,0.021739130434782608,9.72116831690073e-05,1,ANOMALY
7883883c741746c9bcb4f72a97fa3d0f,3,1,TEST,0.00016876329,0.021739130434782608,9.72116831690073e-05,1,ANOMALY
78eb89f6d1a749f8b347eefec8f92a2f,3,1,TEST,0.00040412165,0.021739130434782608,9.72116831690073e-05,1,ANOMALY
78ec4b80dcb64473b16c30ec585a7994,3,1,TEST,0.00025769306,0.021739130434782608,9.72116831690073e-05,1,ANOMALY
78f66d7173c340d39479d5176864d360,3,1,TEST,0.0010492211,0.021739130434782608,9.72116831690073e-05,1,ANOMALY
79025f854b6a4954bc7692b08598c89f,4,1,TEST,0.0013111883,0.021739130434782608,9.72116831690073e-05,1,ANOMALY
794e2f8da8bc41bf92c8bdbf6e148f34,3,1,TEST,0.00030694512,0.021739130434782608,9.72116831690073e-05,1,ANOMALY
7962d5e7f3bd4b76a9f5527e75b8222b,3,1,TEST,0.000451405,0.021739130434782608,9.72116831690073e-05,1,ANOMALY
796fe07aba36440586ba9c28e6d1832d,3,1,TEST,0.00026957825,0.021739130434782608,9.72116831690073e-05,1,ANOMALY
7996e1c458aa42e187bcf7e46321e63a,3,1,TEST,0.0003671812,0.021739130434782608,9.72116831690073e-05,1,ANOMALY
799a313119a74a1ab1750374c8d9d309,3,1,TEST,0.00035134805,0.021739130434782608,9.72116831690073e-05,1,ANOMALY
79b58ad5f68f4f969d886f6a13b1e506,3,1,TEST,0.00030438456,0.021739130434782608,9.72116831690073e-05,1,ANOMALY
79c7271884fe4d7d911cbd1c52ed9da9,4,1,TEST,0.00067235105,0.021739130434782608,9.72116831690073e-05,1,ANOMALY
79cf5ae784554cab90f1a0d240d47fad,3,1,TEST,0.00032995272,0.021739130434782608,9.72116831690073e-05,1,ANOMALY
79f56519acd14e66a8a9a7ebdff3860c,1,1,TEST,0.00027732394,0.021739130434782608,9.72116831690073e-05,1,ANOMALY
7a026e4bb9414ab89a92dd58adb5a4af,3,1,TEST,0.00022825721,0.021739130434782608,9.72116831690073e-05,1,ANOMALY
7a082c5ddccf4a61a67510770e014033,3,1,TEST,0.00013563232,0.021739130434782608,9.72116831690073e-05,1,ANOMALY
7a15b8926b8e49e49925fca9a76ba87c,4,1,TEST,0.0006603828,0.021739130434782608,9.72116831690073e-05,1,ANOMALY
7a1badd7539042a093673d6b5a9146a7,4,1,TEST,0.0008395196,0.021739130434782608,9.72116831690073e-05,1,ANOMALY
7a2267e052304e81b29b49dae9aba1a1,3,1,TEST,0.0005415785,0.021739130434782608,9.72116831690073e-05,1,ANOMALY
7a2a4c6894bc48d9be64b069cfa0b509,3,1,TEST,0.0003764407,0.021739130434782608,9.72116831690073e-05,1,ANOMALY
7a335e7eb7074151947f477184ed3504,3,1,TEST,0.00059856876,0.021739130434782608,9.72116831690073e-05,1,ANOMALY
7a4b278225f84026acafa6f4ad0b5bfb,3,1,TEST,0.0004044366,0.021739130434782608,9.72116831690073e-05,1,ANOMALY
7a51340b02c343ab83416a15b05c4d9d,3,1,TEST,0.000299557,0.021739130434782608,9.72116831690073e-05,1,ANOMALY
7a920069e8bb4683adefdd044c54f562,3,1,TEST,0.0003228622,0.021739130434782608,9.72116831690073e-05,1,ANOMALY
7aa89dd1607b4a0091c686fb7912d0ba,4,1,TEST,0.00043121428,0.021739130434782608,9.72116831690073e-05,1,ANOMALY
7ade3cb522b9417eb8d26c755849f235,3,1,TEST,0.00015257968,0.021739130434782608,9.72116831690073e-05,1,ANOMALY
7adea6b8f81b4d619133195b2f6dc372,3,1,TEST,0.00013506146,0.021739130434782608,9.72116831690073e-05,1,ANOMALY
7ae1cc0130f64d41bb9c7ed0cabdefb8,3,1,TEST,0.00027157122,0.021739130434782608,9.72116831690073e-05,1,ANOMALY
7b0ded98339c49d084738ffb62502ba0,3,1,TEST,0.00016039363,0.021739130434782608,9.72116831690073e-05,1,ANOMALY
7b32aa04cebf4fec89aebc9c883da480,3,1,TEST,0.00033090048,0.021739130434782608,9.72116831690073e-05,1,ANOMALY
7b368f51b3ed41879023734cefeb8cf5,3,1,TEST,0.0002388757,0.021739130434782608,9.72116831690073e-05,1,ANOMALY
7b42e66769c242e38a709ec90dfa3dae,3,1,TEST,0.00031577807,0.021739130434782608,9.72116831690073e-05,1,ANOMALY
7b52f2b8317b4bd7bc24ab290ddb4941,3,1,TEST,0.0001631548,0.021739130434782608,9.72116831690073e-05,1,ANOMALY
7b63a0c0bd3241d597f26293c1e06832,3,1,TEST,0.00023988434,0.021739130434782608,9.72116831690073e-05,1,ANOMALY
7b80d5c882084cc3b74126a3f7771e4e,3,1,TEST,0.00028069186,0.021739130434782608,9.72116831690073e-05,1,ANOMALY
7ba561e521594b2698e2003d2026cd14,3,1,TEST,0.0001928873,0.021739130434782608,9.72116831690073e-05,1,ANOMALY
7bb1696114094086bfb3edd4120b5d1d,3,1,TEST,0.00039638113,0.021739130434782608,9.72116831690073e-05,1,ANOMALY
7bdb15e5943f42b1be9c9c49490b5735,3,1,TEST,0.00031759698,0.021739130434782608,9.72116831690073e-05,1,ANOMALY
7befd80c1db34e7999b641e31adfcdec,3,1,TEST,0.00038124825,0.021739130434782608,9.72116831690073e-05,1,ANOMALY
7c049f1afb8f4487afb67f6d460b9de1,3,1,TEST,0.0002301228,0.021739130434782608,9.72116831690073e-05,1,ANOMALY
7c2a91bac1a54ac494d63214bf294b0d,4,1,TEST,0.00030450823,0.021739130434782608,9.72116831690073e-05,1,ANOMALY
7c7701d4606743d79d36e58ab34fdd54,3,1,TEST,0.0003638932,0.021739130434782608,9.72116831690073e-05,1,ANOMALY
7c79794d24954a0fa27b53795553b477,3,1,TEST,0.00024489907,0.021739130434782608,9.72116831690073e-05,1,ANOMALY
7c89af44f33b4b2481fa13747616e611,3,1,TEST,0.00020609335,0.021739130434782608,9.72116831690073e-05,1,ANOMALY
7ca57e29fff7462e9af317d0ffbc7b8f,3,1,TEST,0.00023789892,0.021739130434782608,9.72116831690073e-05,1,ANOMALY
7ca754a3aed84c1282853aabb0d01502,3,1,TEST,0.00021797643,0.021739130434782608,9.72116831690073e-05,1,ANOMALY
7ca903c730ad474bb64ed35b6d24a5d4,3,1,TEST,0.00026737788,0.021739130434782608,9.72116831690073e-05,1,ANOMALY
7caca5f7fd33462d84fb4d52570b4700,3,1,TEST,0.00023463895,0.021739130434782608,9.72116831690073e-05,1,ANOMALY
7cb45cdbd6de4c52bf1a73114e6c865e,3,1,TEST,0.00033009177,0.021739130434782608,9.72116831690073e-05,1,ANOMALY
7cbf39ef6f9e440abaabf6a08d42ac57,3,1,TEST,0.00034807227,0.021739130434782608,9.72116831690073e-05,1,ANOMALY
7ccfa77e4cd94bfb91b7a9e87cdd09c7,3,1,TEST,0.0003508514,0.021739130434782608,9.72116831690073e-05,1,ANOMALY
7cd0ca30a2c842a5a01115de2de640d3,3,1,TEST,0.00026544216,0.021739130434782608,9.72116831690073e-05,1,ANOMALY
7cf5ab38dc6d4a23922db58f2305e974,3,1,TEST,0.00031506465,0.021739130434782608,9.72116831690073e-05,1,ANOMALY
7d023547875749278b50952c3f33a882,4,1,TEST,0.0005641028,0.021739130434782608,9.72116831690073e-05,1,ANOMALY
7d0d0e40b5754a7583eb1bb1e5b248bf,3,1,TEST,0.00024756516,0.021739130434782608,9.72116831690073e-05,1,ANOMALY
7d322eecb2754db2a36a0e6fae638e67,3,1,TEST,0.0003331806,0.021739130434782608,9.72116831690073e-05,1,ANOMALY
7d3f8a91f40c4f31b9b5fd86af9f6b41,3,1,TEST,0.00029506464,0.021739130434782608,9.72116831690073e-05,1,ANOMALY
7d5ced41df9845339123c71d43adb553,3,1,TEST,0.00032927823,0.021739130434782608,9.72116831690073e-05,1,ANOMALY
7d70aa42867b4386957c674292e88953,3,1,TEST,0.00019844538,0.021739130434782608,9.72116831690073e-05,1,ANOMALY
7d8bc57964b045e19158aea09b2a6b02,3,1,TEST,0.00019799967,0.021739130434782608,9.72116831690073e-05,1,ANOMALY
7d8c7c1bfd0e466ebeea12ada45bfe2b,3,1,TEST,0.00024544925,0.021739130434782608,9.72116831690073e-05,1,ANOMALY
7dbf6f3590754f6f86a19c9cfac26ea6,3,1,TEST,0.00035972413,0.021739130434782608,9.72116831690073e-05,1,ANOMALY
7ddb2784f1f24c038349e532de15844f,3,1,TEST,0.00031143802,0.021739130434782608,9.72116831690073e-05,1,ANOMALY
7e060c95714a46b08390bd7af1c32fc6,4,1,TEST,0.0012383144,0.021739130434782608,9.72116831690073e-05,1,ANOMALY
7e076e79dcc5478cb9b47d76d590dac7,4,1,TEST,0.0007578242,0.021739130434782608,9.72116831690073e-05,1,ANOMALY
7e20c06b24d1478bb30399bbdfdb5b68,3,1,TEST,0.00028143747,0.021739130434782608,9.72116831690073e-05,1,ANOMALY
7e44cb94966c49969afd786127f7aa73,3,1,TEST,0.00024414645,0.021739130434782608,9.72116831690073e-05,1,ANOMALY
7e585def288e4f79bb8c9b921eab90be,3,1,TEST,0.00029677822,0.021739130434782608,9.72116831690073e-05,1,ANOMALY
7e614e0dbd974077af170bde147de9e7,3,1,TEST,0.0002709893,0.021739130434782608,9.72116831690073e-05,1,ANOMALY
7e898c973d314884988ea29667256aa4,3,1,TEST,0.00021978148,0.021739130434782608,9.72116831690073e-05,1,ANOMALY
7e8d1934de974ca6af955a2d320f1360,3,1,TEST,0.00038037528,0.021739130434782608,9.72116831690073e-05,1,ANOMALY
7e92fbf871fb470fa4a957f9eefdcc68,3,1,TEST,0.00013967726,0.021739130434782608,9.72116831690073e-05,1,ANOMALY
7e9ce51b811d4398b991349ce7b2e90d,6,0,TEST,3.2050273e-05,0.4782608695652174,9.72116831690073e-05,0,REFERENCE
7eb7d31abaab44a083de8dcbb0f180e2,3,1,TEST,0.00019451551,0.021739130434782608,9.72116831690073e-05,1,ANOMALY
7ebb6d69768c484aa48a4d5e6a3f88af,6,0,TEST,3.211716e-05,0.41304347826086957,9.72116831690073e-05,0,REFERENCE
7ec3ff3744a54442ad92e5fc6dc27cd2,3,1,TEST,0.0002610428,0.021739130434782608,9.72116831690073e-05,1,ANOMALY
7ed86c617e034c14b8cb854d2d7485a4,3,1,TEST,0.00014875605,0.021739130434782608,9.72116831690073e-05,1,ANOMALY
7ede56340a694f3cab154a9cb9c99dde,3,1,TEST,0.00020302647,0.021739130434782608,9.72116831690073e-05,1,ANOMALY
7f1b1ffb009147eb9fe988d2cd5e5a67,3,1,TEST,0.00022616665,0.021739130434782608,9.72116831690073e-05,1,ANOMALY
7f28556dbdba4ebcbaed28fb7bdfadbb,3,1,TEST,0.00021916743,0.021739130434782608,9.72116831690073e-05,1,ANOMALY
7f37f4fd977343fba03ba15f2fd0a4e7,3,1,TEST,0.0002748523,0.021739130434782608,9.72116831690073e-05,1,ANOMALY
7f59d1c4a5cf4f48a423626f083d54cb,3,1,TEST,0.00024235979,0.021739130434782608,9.72116831690073e-05,1,ANOMALY
7f8d773a032f4539b886a9f5e5bd1a95,3,1,TEST,0.000273696,0.021739130434782608,9.72116831690073e-05,1,ANOMALY
7ff3e3c2393d4cbcbb7c6825ce1faddc,3,1,TEST,0.0003403813,0.021739130434782608,9.72116831690073e-05,1,ANOMALY
8033e55c8b504c4d88e3cc13bb2f2ba5,3,1,TEST,0.00044130423,0.021739130434782608,9.72116831690073e-05,1,ANOMALY
8037c8d1c4474c72afff8c6b4fc49fef,3,1,TEST,0.00022755968,0.021739130434782608,9.72116831690073e-05,1,ANOMALY
80499526446c4c50ac18b5c21947c4eb,3,1,TEST,0.00042339624,0.021739130434782608,9.72116831690073e-05,1,ANOMALY
805b39a557e747999f6bb30dbb7688e1,3,1,TEST,0.0002934408,0.021739130434782608,9.72116831690073e-05,1,ANOMALY
80846236dd244aad8df645030bb584c6,3,1,TEST,0.00036514484,0.021739130434782608,9.72116831690073e-05,1,ANOMALY
8092b7b5a5f748999eeb7b21ddef91d1,6,0,TEST,3.2203803e-05,0.34782608695652173,9.72116831690073e-05,0,REFERENCE
80ae5e7639c943e1b5c05d73d993ea9e,3,1,TEST,0.00022391413,0.021739130434782608,9.72116831690073e-05,1,ANOMALY
80ae7895168e4c8bb4539ebbfeb94b18,3,1,TEST,0.0003380269,0.021739130434782608,9.72116831690073e-05,1,ANOMALY
80af6810db5646dc93b3a3ca810e2bbe,3,1,TEST,0.00014486164,0.021739130434782608,9.72116831690073e-05,1,ANOMALY
80bcc7f12e56440ca75340890a192fae,3,1,TEST,0.00016506232,0.021739130434782608,9.72116831690073e-05,1,ANOMALY
80d42ccc99924175830bcba8b65a8388,3,1,TEST,0.0002496623,0.021739130434782608,9.72116831690073e-05,1,ANOMALY
80ef62225d0940038a35692bd94b0cee,3,1,TEST,0.00024568185,0.021739130434782608,9.72116831690073e-05,1,ANOMALY
811423b6e991404dbed43371b0d67163,3,1,TEST,0.00015467263,0.021739130434782608,9.72116831690073e-05,1,ANOMALY
8148c0626c474e62810bc6e6356b1d70,3,1,TEST,0.00046483622,0.021739130434782608,9.72116831690073e-05,1,ANOMALY
8157e9537a8740f489f8adc67b4d56d4,4,1,TEST,0.00072438235,0.021739130434782608,9.72116831690073e-05,1,ANOMALY
8170549a92234376aae632485cd7115d,3,1,TEST,0.00025514566,0.021739130434782608,9.72116831690073e-05,1,ANOMALY
81aff59fd031435eb6ac13f1e97465ba,3,1,TEST,0.00023404454,0.021739130434782608,9.72116831690073e-05,1,ANOMALY
81b2594aaeca4d6aa731471167fc2c1e,3,1,TEST,0.00023256862,0.021739130434782608,9.72116831690073e-05,1,ANOMALY
81c3fcb4751d44eca07ff2818607abea,3,1,TEST,0.00025892816,0.021739130434782608,9.72116831690073e-05,1,ANOMALY
81dc73469ee74f9e8b08137dc352e959,3,1,TEST,0.00025672198,0.021739130434782608,9.72116831690073e-05,1,ANOMALY
820554388cdb465f808d8f18aec7d67a,3,1,TEST,0.0002283683,0.021739130434782608,9.72116831690073e-05,1,ANOMALY
820f764455dd45cb8697cfa406a75699,3,1,TEST,0.00028537525,0.021739130434782608,9.72116831690073e-05,1,ANOMALY
8219e571eee143c38b1812a0d82e65be,3,1,TEST,0.0002674311,0.021739130434782608,9.72116831690073e-05,1,ANOMALY
822adb4260c04bffb618731e0c8e583b,3,1,TEST,0.000312421,0.021739130434782608,9.72116831690073e-05,1,ANOMALY
824e0ffb7d284471b842d528344ce438,3,1,TEST,0.0006447068,0.021739130434782608,9.72116831690073e-05,1,ANOMALY
826dda4b5f85472b95bc7fbed52723b3,3,1,TEST,0.0003392742,0.021739130434782608,9.72116831690073e-05,1,ANOMALY
82783226909943a3bbb9941bdcd79911,3,1,TEST,0.00031746685,0.021739130434782608,9.72116831690073e-05,1,ANOMALY
82901ed3ebe94b09ba42ca79865be61d,3,1,TEST,0.0003167768,0.021739130434782608,9.72116831690073e-05,1,ANOMALY
82955235a45b4bbdac494f2185e4c385,3,1,TEST,0.00013037879,0.021739130434782608,9.72116831690073e-05,1,ANOMALY
82aa80881bc647579a483e50c512f1c2,3,1,TEST,0.00013336152,0.021739130434782608,9.72116831690073e-05,1,ANOMALY
82ab695aa64b448c87cb75e77c4491e3,3,1,TEST,0.00019097517,0.021739130434782608,9.72116831690073e-05,1,ANOMALY
82ce30767deb454287c5ba198241cfc8,3,1,TEST,0.00019832821,0.021739130434782608,9.72116831690073e-05,1,ANOMALY
82d9cffb813542358178a47b1bcc87f6,3,1,TEST,0.0002890856,0.021739130434782608,9.72116831690073e-05,1,ANOMALY
82e3e79c8ec84390bde5ff7c237eca0e,3,1,TEST,0.00025009003,0.021739130434782608,9.72116831690073e-05,1,ANOMALY
82e7328e5e0049e6a297b5facecdbda6,3,1,TEST,0.00028520566,0.021739130434782608,9.72116831690073e-05,1,ANOMALY
82f51e9f49ba4840af72cfb284d15080,3,1,TEST,0.00021434501,0.021739130434782608,9.72116831690073e-05,1,ANOMALY
82fb32d389ce4b19b291fd78e138771a,3,1,TEST,0.00031445298,0.021739130434782608,9.72116831690073e-05,1,ANOMALY
8300850a79ba45ba91c7314d17564f9f,3,1,TEST,0.00026724327,0.021739130434782608,9.72116831690073e-05,1,ANOMALY
83067f277a904706845c51cacac0d5ee,3,1,TEST,0.00027359193,0.021739130434782608,9.72116831690073e-05,1,ANOMALY
8319924e9f604a7f88459ee3ca1a97c9,3,1,TEST,0.00024845303,0.021739130434782608,9.72116831690073e-05,1,ANOMALY
831d3d140fc64b068aa4f6ddfbaae6b1,3,1,TEST,0.00021907572,0.021739130434782608,9.72116831690073e-05,1,ANOMALY
831ed32b723a4e3b86f6614524b7db53,3,1,TEST,0.00018078565,0.021739130434782608,9.72116831690073e-05,1,ANOMALY
83225f8a095240509b11ca0d3e6ba323,3,1,TEST,0.00020210815,0.021739130434782608,9.72116831690073e-05,1,ANOMALY
83821e21140b4ead8d959eedf56f0c5c,3,1,TEST,0.00040617882,0.021739130434782608,9.72116831690073e-05,1,ANOMALY
83948c2d523c46af8a89acc203a7e386,3,1,TEST,0.00021946468,0.021739130434782608,9.72116831690073e-05,1,ANOMALY
839ad530f8f84542898a3303750c2bfa,3,1,TEST,0.000280622,0.021739130434782608,9.72116831690073e-05,1,ANOMALY
83addce6722d41e592e91b913089ad52,3,1,TEST,0.0002596778,0.021739130434782608,9.72116831690073e-05,1,ANOMALY
83bba27c2b0148248a4b6234549a66a4,3,1,TEST,0.00027874674,0.021739130434782608,9.72116831690073e-05,1,ANOMALY
83d7b56e6ea94ba6aaf87c7505f146c0,3,1,TEST,0.000247373,0.021739130434782608,9.72116831690073e-05,1,ANOMALY
83ea167e17514bd3b71c7e74be6d4d90,3,1,TEST,0.00021923753,0.021739130434782608,9.72116831690073e-05,1,ANOMALY
843b78f153114f14bc88161384a69704,3,1,TEST,0.00044114533,0.021739130434782608,9.72116831690073e-05,1,ANOMALY
843d2ee0aebe4fa9ad8fa6c9565a6408,3,1,TEST,0.00038776058,0.021739130434782608,9.72116831690073e-05,1,ANOMALY
843d74044ffe4aca890d3bf7edcf0b70,3,1,TEST,0.00035686302,0.021739130434782608,9.72116831690073e-05,1,ANOMALY
8466a360f56d40bfb99038f7cae9618d,3,1,TEST,0.0002466377,0.021739130434782608,9.72116831690073e-05,1,ANOMALY
848c57cf16934943bc35ff0c8c9b8e7a,3,1,TEST,0.0009240546,0.021739130434782608,9.72116831690073e-05,1,ANOMALY
849024d3f28b442c9f0d88520c34be72,3,1,TEST,0.00031382195,0.021739130434782608,9.72116831690073e-05,1,ANOMALY
84a4c5d228654f08ab0ac1d902970fb3,3,1,TEST,0.00021135065,0.021739130434782608,9.72116831690073e-05,1,ANOMALY
84b5a2ed3ef940b091676db19d9053ff,3,1,TEST,0.0001903666,0.021739130434782608,9.72116831690073e-05,1,ANOMALY
84b83904bd7e48c18c8c41682ac6ffc1,4,1,TEST,0.0005804396,0.021739130434782608,9.72116831690073e-05,1,ANOMALY
84c8553542204a07bd84efe53606d2b1,3,1,TEST,0.00015033764,0.021739130434782608,9.72116831690073e-05,1,ANOMALY
84e1a58a093b4b61b28452d17973be64,3,1,TEST,0.00051924505,0.021739130434782608,9.72116831690073e-05,1,ANOMALY
84e8de49346a45068d0b18dabaa3df97,4,1,TEST,0.0011105039,0.021739130434782608,9.72116831690073e-05,1,ANOMALY
84e8ea01daa34ef2963ec79655e55436,3,1,TEST,0.0004243117,0.021739130434782608,9.72116831690073e-05,1,ANOMALY
84eea851ed584a77b5429fd0c212b7fe,3,1,TEST,0.00043465185,0.021739130434782608,9.72116831690073e-05,1,ANOMALY
85182ff3bcac4ab7a4621364a294a25c,3,1,TEST,0.00027875445,0.021739130434782608,9.72116831690073e-05,1,ANOMALY
853207f2a0014a9fb274609e7b3176fd,3,1,TEST,0.0002605433,0.021739130434782608,9.72116831690073e-05,1,ANOMALY
85375f3183c74e028e7dcfe20e36efb2,3,1,TEST,0.00028304118,0.021739130434782608,9.72116831690073e-05,1,ANOMALY
854a191e1e474b0d9363ca595010a89c,3,1,TEST,0.0002777521,0.021739130434782608,9.72116831690073e-05,1,ANOMALY
856ec35c7772457c9da4c43fc3a303de,4,1,TEST,0.0014376191,0.021739130434782608,9.72116831690073e-05,1,ANOMALY
8586f79b6cc94c78a5ec9c8af6aee914,3,1,TEST,0.00044955994,0.021739130434782608,9.72116831690073e-05,1,ANOMALY
859b11de36dd4737ba18e69540d387ce,3,1,TEST,0.0003250459,0.021739130434782608,9.72116831690073e-05,1,ANOMALY
859ecaaa60df4a81b89487e569fe0140,3,1,TEST,0.00040694315,0.021739130434782608,9.72116831690073e-05,1,ANOMALY
85cbd89325dd44be822d59d546c24926,3,1,TEST,0.0003323187,0.021739130434782608,9.72116831690073e-05,1,ANOMALY
85cf0e67f21a4db9ae3985e7e6cc26ca,3,1,TEST,0.00023355195,0.021739130434782608,9.72116831690073e-05,1,ANOMALY
85cf6b2c9507485fbe0f59d6a3ac0b1a,3,1,TEST,0.0002491603,0.021739130434782608,9.72116831690073e-05,1,ANOMALY
85ec159d73454ba191b78c390ec23920,3,1,TEST,0.0003893493,0.021739130434782608,9.72116831690073e-05,1,ANOMALY
85ee98d4a397493788566dadf7ffc785,3,1,TEST,0.00024680898,0.021739130434782608,9.72116831690073e-05,1,ANOMALY
85fa42ccdfbb40b2b8093305ef249781,3,1,TEST,0.00042730398,0.021739130434782608,9.72116831690073e-05,1,ANOMALY
8620228ce4ba44028b3cac12ad40a3a5,1,1,TEST,0.0005091645,0.021739130434782608,9.72116831690073e-05,1,ANOMALY
863ec33a5a564b6f9c4b515075e6e55f,3,1,TEST,0.00028238824,0.021739130434782608,9.72116831690073e-05,1,ANOMALY
8647c700f301496ea2a14e07c0cf9160,3,1,TEST,0.00025126233,0.021739130434782608,9.72116831690073e-05,1,ANOMALY
8656dcf5b32544468f23b8fa42b2dc5d,3,1,TEST,0.00038260344,0.021739130434782608,9.72116831690073e-05,1,ANOMALY
86a6b575b89d417d8100e6e9b8aefb0a,3,1,TEST,0.00028048275,0.021739130434782608,9.72116831690073e-05,1,ANOMALY
86d482e97d5b44adbc3639ad34564c89,3,1,TEST,0.0001456726,0.021739130434782608,9.72116831690073e-05,1,ANOMALY
86ea32bb0f9242a6bc7e9db80d4495c3,3,1,TEST,0.00016539075,0.021739130434782608,9.72116831690073e-05,1,ANOMALY
8703c24d39f74517afa4859800bed2bc,3,1,TEST,0.0002521762,0.021739130434782608,9.72116831690073e-05,1,ANOMALY
870fafaed9cc4f558b96b3735e1062fb,3,1,TEST,0.00013087588,0.021739130434782608,9.72116831690073e-05,1,ANOMALY
8713f9f3568d44dd85cc9ed6eb51d114,3,1,TEST,0.0002547628,0.021739130434782608,9.72116831690073e-05,1,ANOMALY
872d9fd77f0041e1a5b9485efcbf66b6,3,1,TEST,0.0002183922,0.021739130434782608,9.72116831690073e-05,1,ANOMALY
87355a31111a4174a68cb9dd82d5591c,3,1,TEST,0.00084033364,0.021739130434782608,9.72116831690073e-05,1,ANOMALY
87814d1c2ffe434bab5de4273f37ab10,3,1,TEST,0.00018415492,0.021739130434782608,9.72116831690073e-05,1,ANOMALY
878950e28743403d837aa03849ab0707,3,1,TEST,0.0002445334,0.021739130434782608,9.72116831690073e-05,1,ANOMALY
879bb6e9d96741f985665c9b8519c2c8,4,1,TEST,0.0010526011,0.021739130434782608,9.72116831690073e-05,1,ANOMALY
87bd69c9f8a34eef948f8c6ba3496867,3,1,TEST,0.00037826324,0.021739130434782608,9.72116831690073e-05,1,ANOMALY
87d9f88f2eec4f55a77503194f41eaf6,3,1,TEST,0.00020657363,0.021739130434782608,9.72116831690073e-05,1,ANOMALY
87e78c298efa45d088f2362db0e26d4d,3,1,TEST,0.0006747149,0.021739130434782608,9.72116831690073e-05,1,ANOMALY
87fd611deb5a42b9a85187e9ce807706,3,1,TEST,0.0013293262,0.021739130434782608,9.72116831690073e-05,1,ANOMALY
8820e607cd34419798c27dd9b834b4ea,3,1,TEST,0.00025328333,0.021739130434782608,9.72116831690073e-05,1,ANOMALY
883faed2b4c84f9fa2fcdf6035f2ea88,4,1,TEST,0.00097306527,0.021739130434782608,9.72116831690073e-05,1,ANOMALY
884f6bf5c17a4ee79e5075718fd007df,3,1,TEST,0.00046068316,0.021739130434782608,9.72116831690073e-05,1,ANOMALY
886288f4c60c42ee850f67fd08eb43d3,3,1,TEST,0.00014922212,0.021739130434782608,9.72116831690073e-05,1,ANOMALY
886a76cdbbd54a49b34c0689aa4ade86,3,1,TEST,0.00023382096,0.021739130434782608,9.72116831690073e-05,1,ANOMALY
88acac5d00444981ab10ca19d4de73e0,3,1,TEST,0.00038841055,0.021739130434782608,9.72116831690073e-05,1,ANOMALY
89098b066926487ca57dfa895850389c,3,1,TEST,0.00019096016,0.021739130434782608,9.72116831690073e-05,1,ANOMALY
892f9b5fb6ed4dfcb7d07bbb1cf65341,3,1,TEST,0.00032372156,0.021739130434782608,9.72116831690073e-05,1,ANOMALY
89619789cd16430595527721b53870e8,3,1,TEST,0.00014976232,0.021739130434782608,9.72116831690073e-05,1,ANOMALY
896959dce31141289c23b6c6eba67354,3,1,TEST,0.0002805546,0.021739130434782608,9.72116831690073e-05,1,ANOMALY
896a9c06c6304c52a2a7318d341b58ce,3,1,TEST,0.00020587201,0.021739130434782608,9.72116831690073e-05,1,ANOMALY
897762a33d2f4727a2dc6d45cffc5276,3,1,TEST,0.0005244121,0.021739130434782608,9.72116831690073e-05,1,ANOMALY
8989841a9f114166a95d0ca48f30809a,3,1,TEST,0.0002771989,0.021739130434782608,9.72116831690073e-05,1,ANOMALY
89acedb06ac24320aea33cbe3797a0dd,3,1,TEST,0.00014722436,0.021739130434782608,9.72116831690073e-05,1,ANOMALY
89b45f9220914d889b4befeb9ab454c1,3,1,TEST,0.00025253842,0.021739130434782608,9.72116831690073e-05,1,ANOMALY
89cfa7ef9200444a8a5ff373ffa8267e,3,1,TEST,0.00024656433,0.021739130434782608,9.72116831690073e-05,1,ANOMALY
8a442a0c92df4fa9b4a86c9043140b74,3,1,TEST,0.00024166913,0.021739130434782608,9.72116831690073e-05,1,ANOMALY
8a49b400a689414db33b8926c60c1e84,3,1,TEST,0.0002128628,0.021739130434782608,9.72116831690073e-05,1,ANOMALY
8a5b97a262d64bcc8f0590985fd2ed20,3,1,TEST,0.000361201,0.021739130434782608,9.72116831690073e-05,1,ANOMALY
8a61a83b2387416a99518fd2c0b8e731,4,1,TEST,0.00063073577,0.021739130434782608,9.72116831690073e-05,1,ANOMALY
8a63f0f037d94bb299f39e247086ed1a,3,1,TEST,0.000469558,0.021739130434782608,9.72116831690073e-05,1,ANOMALY
8a8e970c51bf417480f08bf6eee12d3e,3,1,TEST,0.0002959337,0.021739130434782608,9.72116831690073e-05,1,ANOMALY
8ac7b2f8c85a4a74a7605992432fb2fe,3,1,TEST,0.00023084055,0.021739130434782608,9.72116831690073e-05,1,ANOMALY
8ada011ccf6e4f2383bb0cb76534af4d,3,1,TEST,0.0002750266,0.021739130434782608,9.72116831690073e-05,1,ANOMALY
8ae2f72c27fd419abc31571a171b5db1,3,1,TEST,0.000664771,0.021739130434782608,9.72116831690073e-05,1,ANOMALY
8ae37cfd88684435be434b9b1a83b63a,3,1,TEST,0.00027542104,0.021739130434782608,9.72116831690073e-05,1,ANOMALY
8aeb840a73cd45aa8cca69355ef08bb6,3,1,TEST,0.0002569392,0.021739130434782608,9.72116831690073e-05,1,ANOMALY
8b003529104f4c4cbb134e2cc1ecb9ac,3,1,TEST,0.00026496936,0.021739130434782608,9.72116831690073e-05,1,ANOMALY
8b06bf05447c4df4add3bd2587a8e112,3,1,TEST,0.0003096496,0.021739130434782608,9.72116831690073e-05,1,ANOMALY
8b10f705ff554d4e9b49e6c2557ffc76,3,1,TEST,0.0003539839,0.021739130434782608,9.72116831690073e-05,1,ANOMALY
8b19d8c38f964b2bac451163b82c3360,3,1,TEST,0.00021253347,0.021739130434782608,9.72116831690073e-05,1,ANOMALY
8b6dd6f08565409cb881092136a9fe11,3,1,TEST,0.00026123246,0.021739130434782608,9.72116831690073e-05,1,ANOMALY
8b73c6246ee3420385f05b201dce5d57,3,1,TEST,0.0002200478,0.021739130434782608,9.72116831690073e-05,1,ANOMALY
8b782473c99742e394df74b430412232,6,1,TEST,0.0001005448,0.021739130434782608,9.72116831690073e-05,1,ANOMALY
8b82db98bb30496e85cab709d07f7142,3,1,TEST,0.0003228012,0.021739130434782608,9.72116831690073e-05,1,ANOMALY
8b8d6cc22ced439dab163c6196ce661f,3,1,TEST,0.00026213855,0.021739130434782608,9.72116831690073e-05,1,ANOMALY
8bd1529b1e5f421e9b2a5cfa7f173109,4,1,TEST,0.00077641854,0.021739130434782608,9.72116831690073e-05,1,ANOMALY
8bd33e724fee41b091c3579c010cedcf,3,1,TEST,0.00022679419,0.021739130434782608,9.72116831690073e-05,1,ANOMALY
8be0c9124a744d21b44631d7bb17e944,3,1,TEST,0.00014902203,0.021739130434782608,9.72116831690073e-05,1,ANOMALY
8c065440ee8f4bd295b6ac4cd8cabd32,3,1,TEST,0.00017849807,0.021739130434782608,9.72116831690073e-05,1,ANOMALY
8c06c0721cff497aa355f140b6b74c7b,3,1,TEST,0.00073700305,0.021739130434782608,9.72116831690073e-05,1,ANOMALY
8c1063d344ef42988d97af9ab31d62d8,3,1,TEST,0.00033005993,0.021739130434782608,9.72116831690073e-05,1,ANOMALY
8c2a8d9ef9894039b66cfe1c4516e7ac,3,1,TEST,0.00019198468,0.021739130434782608,9.72116831690073e-05,1,ANOMALY
8c3023d769ae4c3f89554adfd784c23b,3,1,TEST,0.00025978562,0.021739130434782608,9.72116831690073e-05,1,ANOMALY
8c4f7c33238d42ea9388b399d690a537,3,1,TEST,0.00024030976,0.021739130434782608,9.72116831690073e-05,1,ANOMALY
8c7610f9d55b431aae103742355b8043,3,1,TEST,0.00025051174,0.021739130434782608,9.72116831690073e-05,1,ANOMALY
8cb247310cd74457a9eaffdb1c6e89c8,3,1,TEST,0.0002712545,0.021739130434782608,9.72116831690073e-05,1,ANOMALY
8cc3c2ad9ebc47ab86663e3b80bbac71,3,1,TEST,0.00031257482,0.021739130434782608,9.72116831690073e-05,1,ANOMALY
8ccf97d212c04805bf9b8ba07db87138,3,1,TEST,0.000179105,0.021739130434782608,9.72116831690073e-05,1,ANOMALY
8cd6cdd6d56b411eba8a66c37c659914,3,1,TEST,0.00025160334,0.021739130434782608,9.72116831690073e-05,1,ANOMALY
8cf5f72af79048fea8b63d510b663fc0,3,1,TEST,0.00017005295,0.021739130434782608,9.72116831690073e-05,1,ANOMALY
8d4c44edfb204cb3915672cce6c512c9,3,1,TEST,0.0004738876,0.021739130434782608,9.72116831690073e-05,1,ANOMALY
8d746ef9b9344cd3b0eb7a11267d79f9,3,1,TEST,0.00022472841,0.021739130434782608,9.72116831690073e-05,1,ANOMALY
8db7a4b6935c49598153aae43cdd1756,3,1,TEST,0.00025679282,0.021739130434782608,9.72116831690073e-05,1,ANOMALY
8e56f343cc0a4ecb9e5177d17a2f1eca,3,1,TEST,0.00016957946,0.021739130434782608,9.72116831690073e-05,1,ANOMALY
8e6ac5837e0c4719ad5e255b853cfca0,3,1,TEST,0.00023222915,0.021739130434782608,9.72116831690073e-05,1,ANOMALY
8e9359b5a3be44d8829ebec906a93956,3,1,TEST,0.00034421455,0.021739130434782608,9.72116831690073e-05,1,ANOMALY
8e9c68a750d743e784a06961986e6257,3,1,TEST,0.0004867763,0.021739130434782608,9.72116831690073e-05,1,ANOMALY
8eb92338980a439bb7eda838cec18654,3,1,TEST,0.00022710429,0.021739130434782608,9.72116831690073e-05,1,ANOMALY
8ec28f8dec32414b9a02af4499854fb9,1,1,TEST,0.00042905926,0.021739130434782608,9.72116831690073e-05,1,ANOMALY
8f04f1508883453889f75d25cdbce9ae,3,1,TEST,0.00017904646,0.021739130434782608,9.72116831690073e-05,1,ANOMALY
8f0c0f2f5ab14598a5ad8bd150517444,3,1,TEST,0.00030021023,0.021739130434782608,9.72116831690073e-05,1,ANOMALY
8f39a1d31f1d470e928a40de873d82ec,3,1,TEST,0.0004682892,0.021739130434782608,9.72116831690073e-05,1,ANOMALY
8f39a33528934d569c3f56080050e380,3,1,TEST,0.00028083153,0.021739130434782608,9.72116831690073e-05,1,ANOMALY
8f43ed3b1e874b03b7baebf6bf8d2ff8,3,1,TEST,0.00019786746,0.021739130434782608,9.72116831690073e-05,1,ANOMALY
8f5022513c9246b4af82b96dd0d017ce,3,1,TEST,0.00033775315,0.021739130434782608,9.72116831690073e-05,1,ANOMALY
8fabf4097a0a43adb8a66997b8e965a1,3,1,TEST,0.00021952545,0.021739130434782608,9.72116831690073e-05,1,ANOMALY
8fce8dfca0724cafb73ef8ce48ac8504,3,1,TEST,0.0001369918,0.021739130434782608,9.72116831690073e-05,1,ANOMALY
8fe0b15eb63447e59372d93b820fae4c,3,1,TEST,0.00019185037,0.021739130434782608,9.72116831690073e-05,1,ANOMALY
901ebe11b82b4c498028802d25d70848,3,1,TEST,0.00030399038,0.021739130434782608,9.72116831690073e-05,1,ANOMALY
904a17b67eef4c778972ca1a1a405e98,3,1,TEST,0.00024191645,0.021739130434782608,9.72116831690073e-05,1,ANOMALY
904b5567b8c34399915e5f84cbaa861d,3,1,TEST,0.00025298045,0.021739130434782608,9.72116831690073e-05,1,ANOMALY
904cc795834f40dca87c910af31e5668,3,1,TEST,0.00034459372,0.021739130434782608,9.72116831690073e-05,1,ANOMALY
905163c9b5ee4b9ba76f3b170bad194e,3,1,TEST,0.00035102922,0.021739130434782608,9.72116831690073e-05,1,ANOMALY
9052eccaa5cf461a9989ea62e297fb26,3,1,TEST,0.00015044432,0.021739130434782608,9.72116831690073e-05,1,ANOMALY
90535a1b6a4347298f080781ba0c90f3,3,1,TEST,0.00047798894,0.021739130434782608,9.72116831690073e-05,1,ANOMALY
907b249623d442b28f717f95555c0c8e,3,1,TEST,0.00028129722,0.021739130434782608,9.72116831690073e-05,1,ANOMALY
9081db8cbc9d4b26a0e5a8c14ad52806,3,1,TEST,0.00023816634,0.021739130434782608,9.72116831690073e-05,1,ANOMALY
909f5bdb94fa4768a26636d1f3d26766,3,1,TEST,0.0001920095,0.021739130434782608,9.72116831690073e-05,1,ANOMALY
90bfcea2fe01457d85f2b2eeef2d9fe4,3,1,TEST,0.00019938507,0.021739130434782608,9.72116831690073e-05,1,ANOMALY
90c0031f45fe4849ace5e622cd0028dc,3,1,TEST,0.00041455365,0.021739130434782608,9.72116831690073e-05,1,ANOMALY
90c6f13b7d224c579ac0de7dfb47b924,2,1,TEST,0.00026278629,0.021739130434782608,9.72116831690073e-05,1,ANOMALY
90cab65263d94736b06e178cd426a45b,3,1,TEST,0.00016226471,0.021739130434782608,9.72116831690073e-05,1,ANOMALY
90d82fa7c5764e31bfff242d17076e07,3,1,TEST,0.00013478249,0.021739130434782608,9.72116831690073e-05,1,ANOMALY
90e792453d9842f38bbf3810d1195eab,3,1,TEST,0.00021951532,0.021739130434782608,9.72116831690073e-05,1,ANOMALY
90e92bdb3c884e218e54e48cfbb0776c,3,1,TEST,0.00048074967,0.021739130434782608,9.72116831690073e-05,1,ANOMALY
90f7c92b15634fff81e037ff95abd8db,3,1,TEST,0.00015244707,0.021739130434782608,9.72116831690073e-05,1,ANOMALY
911d6a5321ff4769b6d572692b65fa37,3,1,TEST,0.0003147971,0.021739130434782608,9.72116831690073e-05,1,ANOMALY
912b280b58a04b0b851a96ad2a5f2e4d,3,1,TEST,0.00032378524,0.021739130434782608,9.72116831690073e-05,1,ANOMALY
914142872fdf41ee96082d707d98195c,3,1,TEST,0.00034446683,0.021739130434782608,9.72116831690073e-05,1,ANOMALY
915e32e7c98e49b6af2332f960056426,3,1,TEST,0.00013442212,0.021739130434782608,9.72116831690073e-05,1,ANOMALY
9169f76d8b1541a2863c73cc7368bcdc,3,1,TEST,0.0003206696,0.021739130434782608,9.72116831690073e-05,1,ANOMALY
917337cfafc64517b5427b0f6aa44781,3,1,TEST,0.00022127893,0.021739130434782608,9.72116831690073e-05,1,ANOMALY
9175ddd7cfe8496d901f2ccc9636eba5,3,1,TEST,0.00023477733,0.021739130434782608,9.72116831690073e-05,1,ANOMALY
9194eb929bbc4c9894774df7a82e6e71,3,1,TEST,0.0002458848,0.021739130434782608,9.72116831690073e-05,1,ANOMALY
919fe07befd4455fa39d481befc7191f,3,1,TEST,0.00025067828,0.021739130434782608,9.72116831690073e-05,1,ANOMALY
91b7512f900f453782b77669a90b6a5b,3,1,TEST,0.0001628053,0.021739130434782608,9.72116831690073e-05,1,ANOMALY
91c7f0f2fc9440f9aa3d219874714c53,3,1,TEST,0.00042043315,0.021739130434782608,9.72116831690073e-05,1,ANOMALY
91ee51a8bcd44d2fb2cd48b8de817a2a,4,1,TEST,0.0009592468,0.021739130434782608,9.72116831690073e-05,1,ANOMALY
91fae3082c954e7a9c7e29e5049b5b23,3,1,TEST,0.00017148744,0.021739130434782608,9.72116831690073e-05,1,ANOMALY
91fb3cbecfe34e06b672a0d3bde45ea1,3,1,TEST,0.00027254425,0.021739130434782608,9.72116831690073e-05,1,ANOMALY
920230ffae0b41248b1c21e7c36b9ebe,3,1,TEST,0.00020566292,0.021739130434782608,9.72116831690073e-05,1,ANOMALY
922b644059724f2ca32a5da56533c7cb,3,1,TEST,0.000446091,0.021739130434782608,9.72116831690073e-05,1,ANOMALY
926013151f4d492d8ee987d7060a02c4,3,1,TEST,0.00030528702,0.021739130434782608,9.72116831690073e-05,1,ANOMALY
92aa229d690045c4925c0e5d7bf1c794,3,1,TEST,0.00025319215,0.021739130434782608,9.72116831690073e-05,1,ANOMALY
92e5a070802440969ccae3d5a66d5098,3,1,TEST,0.00020256011,0.021739130434782608,9.72116831690073e-05,1,ANOMALY
92fa746feff244a781a435c478671247,3,1,TEST,0.00034718006,0.021739130434782608,9.72116831690073e-05,1,ANOMALY
93043ffa645d48f6ab7abde1d96c2992,3,1,TEST,0.00043652795,0.021739130434782608,9.72116831690073e-05,1,ANOMALY
93070540b6fe4aeca73f5a488eee64d3,3,1,TEST,0.00034195278,0.021739130434782608,9.72116831690073e-05,1,ANOMALY
93170e2c6efb4d169b2185b26c15e3cf,3,1,TEST,0.00040309358,0.021739130434782608,9.72116831690073e-05,1,ANOMALY
931a6b81395a40f2adf0290b31128b22,3,1,TEST,0.00013059496,0.021739130434782608,9.72116831690073e-05,1,ANOMALY
9331164c50394a0bafd56768b3f7047c,3,1,TEST,0.00020749515,0.021739130434782608,9.72116831690073e-05,1,ANOMALY
933a771b6eca4fb7a5c4ad059f2daea1,3,1,TEST,0.00020279872,0.021739130434782608,9.72116831690073e-05,1,ANOMALY
933dd58f431147479755ca1d7e86f5e9,4,1,TEST,0.00126149,0.021739130434782608,9.72116831690073e-05,1,ANOMALY
935e0ad54dc44738af5242c45e5c8f06,4,1,TEST,0.0008252489,0.021739130434782608,9.72116831690073e-05,1,ANOMALY
936d28390253410988ba67afdb41e5c2,3,1,TEST,0.00032533956,0.021739130434782608,9.72116831690073e-05,1,ANOMALY
93998affcdf64798ae947319c6b316c9,3,1,TEST,0.00071403873,0.021739130434782608,9.72116831690073e-05,1,ANOMALY
939f9f324b3f492083794d18a1b1032f,3,1,TEST,0.00021975148,0.021739130434782608,9.72116831690073e-05,1,ANOMALY
93a90a85f6c649fb87ecc260ba004920,3,1,TEST,0.00019960979,0.021739130434782608,9.72116831690073e-05,1,ANOMALY
93b23eb949cf47caa858fe3b13fd3868,3,1,TEST,0.00019793681,0.021739130434782608,9.72116831690073e-05,1,ANOMALY
93d667e7a542442d90b3be974aca3172,3,1,TEST,0.0002846439,0.021739130434782608,9.72116831690073e-05,1,ANOMALY
93ebca1e8aa749428ede7b7b2d5cb8b5,3,1,TEST,0.00036190104,0.021739130434782608,9.72116831690073e-05,1,ANOMALY
93f5cc460c3a4fd6b3245f923dc4b5ff,3,1,TEST,0.00016795857,0.021739130434782608,9.72116831690073e-05,1,ANOMALY
93f886e4dee4414382e96c1b8ab2b71b,3,1,TEST,0.00018696938,0.021739130434782608,9.72116831690073e-05,1,ANOMALY
9439a2bf3f9f4e9783b190a08a7aa1cd,3,1,TEST,0.0001447174,0.021739130434782608,9.72116831690073e-05,1,ANOMALY
944c0e36dc2d47dcbf8107c99a836228,3,1,TEST,0.00028218466,0.021739130434782608,9.72116831690073e-05,1,ANOMALY
945c286ef360483583cba711dc7fb967,3,1,TEST,0.00017390668,0.021739130434782608,9.72116831690073e-05,1,ANOMALY
945ee00058fa4ae4a1e5462f2863fce5,3,1,TEST,0.00037349033,0.021739130434782608,9.72116831690073e-05,1,ANOMALY
946b5bb81be5499ead37f324aa9c8127,3,1,TEST,0.0006537903,0.021739130434782608,9.72116831690073e-05,1,ANOMALY
947bcd4c7c7c4ee2929bf61d203c3ddc,3,1,TEST,0.00062246324,0.021739130434782608,9.72116831690073e-05,1,ANOMALY
9487ff2e307547d4bf6c0edea5600201,3,1,TEST,0.00041464818,0.021739130434782608,9.72116831690073e-05,1,ANOMALY
94bac8de53f14af9b528ebd4b1d296cb,3,1,TEST,0.00023331237,0.021739130434782608,9.72116831690073e-05,1,ANOMALY
94ca5a7c35c1431eaed30d44e7af2dfd,3,1,TEST,0.00019697807,0.021739130434782608,9.72116831690073e-05,1,ANOMALY
94d7b251d2314017bfe62e7dde353486,3,1,TEST,0.00027242582,0.021739130434782608,9.72116831690073e-05,1,ANOMALY
94e0b6c994ea4d57ac0a513fbe62e868,3,1,TEST,0.00035861603,0.021739130434782608,9.72116831690073e-05,1,ANOMALY
94e2bf1ba215430b80caadfad0e69207,4,1,TEST,0.0022079968,0.021739130434782608,9.72116831690073e-05,1,ANOMALY
94ff4618db6b4b6e96f54cf6de7d1538,3,1,TEST,0.00015348295,0.021739130434782608,9.72116831690073e-05,1,ANOMALY
955d0aadc1644265b38dfe58cc2afdd2,3,1,TEST,0.00024217389,0.021739130434782608,9.72116831690073e-05,1,ANOMALY
957a8c72740e4856b61d38a16114dcfb,3,1,TEST,0.00015026961,0.021739130434782608,9.72116831690073e-05,1,ANOMALY
959ff1bfe9374272ba3f0f1835cdc596,3,1,TEST,0.00022357088,0.021739130434782608,9.72116831690073e-05,1,ANOMALY
95a16940e2c94cc99c40eec7e3114863,3,1,TEST,0.00016621628,0.021739130434782608,9.72116831690073e-05,1,ANOMALY
95de45afdcc94e1ca28b87be5a4472e8,3,1,TEST,0.00023932454,0.021739130434782608,9.72116831690073e-05,1,ANOMALY
95deb1ede33f4c6ea9589fde800c0b94,3,1,TEST,0.00037035948,0.021739130434782608,9.72116831690073e-05,1,ANOMALY
95f4de5d39064ed0a0ae7ee8f2c79131,3,1,TEST,0.0001520207,0.021739130434782608,9.72116831690073e-05,1,ANOMALY
960fb30d125442dc93a168e4bce0763a,3,1,TEST,0.00022526972,0.021739130434782608,9.72116831690073e-05,1,ANOMALY
961f6b50d9c94627a2b56e091522f56e,3,1,TEST,0.00031381956,0.021739130434782608,9.72116831690073e-05,1,ANOMALY
96273e03f70b4466845e60b3a1b36a5d,3,1,TEST,0.00024432104,0.021739130434782608,9.72116831690073e-05,1,ANOMALY
9627afc29d3f43ac886d14dc50e4552f,3,1,TEST,0.00025089935,0.021739130434782608,9.72116831690073e-05,1,ANOMALY
962e5a80dece4b1090d25abc350558f8,3,1,TEST,0.0006065601,0.021739130434782608,9.72116831690073e-05,1,ANOMALY
96560c0140d64bbaa7c7f0c7018b5cbd,3,1,TEST,0.00023457,0.021739130434782608,9.72116831690073e-05,1,ANOMALY
9667c973cbda48d5b2090494a74c76d4,3,1,TEST,0.00023973054,0.021739130434782608,9.72116831690073e-05,1,ANOMALY
9697fb1812a0427b81e44ceced009774,3,1,TEST,0.00020916332,0.021739130434782608,9.72116831690073e-05,1,ANOMALY
96a11d97c7dd42f6ba453c54225a572a,3,1,TEST,0.00024436042,0.021739130434782608,9.72116831690073e-05,1,ANOMALY
96c89e24c1074d578d70b3eba6377a77,3,1,TEST,0.0004592361,0.021739130434782608,9.72116831690073e-05,1,ANOMALY
96caf7d27678496291ac9f6123161ca4,3,1,TEST,0.00029387735,0.021739130434782608,9.72116831690073e-05,1,ANOMALY
96e16114c7c74c748c7873d132aa8d7e,1,1,TEST,0.00019049596,0.021739130434782608,9.72116831690073e-05,1,ANOMALY
9704cb6a6a314b36871955fdb1b1d492,3,1,TEST,0.00041281906,0.021739130434782608,9.72116831690073e-05,1,ANOMALY
971b5e80a2fa4e27838dbd5115552524,3,1,TEST,0.0002382973,0.021739130434782608,9.72116831690073e-05,1,ANOMALY
972981e9e3e54af4a29566f11552b796,3,1,TEST,0.00028063456,0.021739130434782608,9.72116831690073e-05,1,ANOMALY
973c428ab67d49eca27e1520ab5777f0,3,1,TEST,0.0002205252,0.021739130434782608,9.72116831690073e-05,1,ANOMALY
9744080b7daa4f94baebcaed92fb1eec,4,1,TEST,0.0017511991,0.021739130434782608,9.72116831690073e-05,1,ANOMALY
97490f1be78c4d9697ef02e711f23829,3,1,TEST,0.00020558227,0.021739130434782608,9.72116831690073e-05,1,ANOMALY
9756f4cb10b14a3b942f7ab2ccf8f4d3,4,1,TEST,0.00086485245,0.021739130434782608,9.72116831690073e-05,1,ANOMALY
975c4405258347acbae98637fd5f7cec,3,1,TEST,0.00034680436,0.021739130434782608,9.72116831690073e-05,1,ANOMALY
9774d7f349264d3faf2596b922b80347,3,1,TEST,0.00022024472,0.021739130434782608,9.72116831690073e-05,1,ANOMALY
97ac8d05077847f0aad704eb25926a54,3,1,TEST,0.00025217942,0.021739130434782608,9.72116831690073e-05,1,ANOMALY
97b29c44bc6b44858057ebd282d26d98,3,1,TEST,0.0002514267,0.021739130434782608,9.72116831690073e-05,1,ANOMALY
97f0f675eb3946bfbeb2ea47288ea8c3,3,1,TEST,0.0003499248,0.021739130434782608,9.72116831690073e-05,1,ANOMALY
9813f4ab8c5b407fb35b46ec5d5ab3ab,3,1,TEST,0.0001907404,0.021739130434782608,9.72116831690073e-05,1,ANOMALY
98288f18d65240a7aae384ed1be4d1e8,3,1,TEST,0.00021999102,0.021739130434782608,9.72116831690073e-05,1,ANOMALY
986aa3a46e81474db5e1ca5291fc8fe6,3,1,TEST,0.0003965869,0.021739130434782608,9.72116831690073e-05,1,ANOMALY
9878925e816e45eabb5e6d34473c1dd9,4,1,TEST,0.0012162428,0.021739130434782608,9.72116831690073e-05,1,ANOMALY
98805a4b48654b4b89d1713aca3f5638,3,1,TEST,0.00026765506,0.021739130434782608,9.72116831690073e-05,1,ANOMALY
988082eeeb7d43b09125fb82c0988c74,3,1,TEST,0.00023954215,0.021739130434782608,9.72116831690073e-05,1,ANOMALY
98acb50236fc499eb39951f5bc0d0f8b,3,1,TEST,0.00040927317,0.021739130434782608,9.72116831690073e-05,1,ANOMALY
98c42e50ef364da2bb187436b5a3ae13,3,1,TEST,0.00025515867,0.021739130434782608,9.72116831690073e-05,1,ANOMALY
98e7c62ebb584e1199f9f8cff18b9690,3,1,TEST,0.0002408246,0.021739130434782608,9.72116831690073e-05,1,ANOMALY
98f85296fe1b4519b994326ec79312e6,3,1,TEST,0.00021918096,0.021739130434782608,9.72116831690073e-05,1,ANOMALY
990da1ff294943598b18fdadd6ee69bf,3,1,TEST,0.0002517379,0.021739130434782608,9.72116831690073e-05,1,ANOMALY
9935ef51f7aa41f3b6c8690e4fe3f02c,3,1,TEST,0.00021907125,0.021739130434782608,9.72116831690073e-05,1,ANOMALY
995aabbfb7374fddae5404c30d7870e4,3,1,TEST,0.00031553928,0.021739130434782608,9.72116831690073e-05,1,ANOMALY
99649bce22cc4d0ab996afa48298b74e,1,1,TEST,0.00021053739,0.021739130434782608,9.72116831690073e-05,1,ANOMALY
997f8dccb818436f8fca8edafbd05dff,3,1,TEST,0.00028716357,0.021739130434782608,9.72116831690073e-05,1,ANOMALY
99b12ac440874acda2bce1a06d1052ef,3,1,TEST,0.00022293514,0.021739130434782608,9.72116831690073e-05,1,ANOMALY
99b646dfd2be40a594f74b1f1e6bc92b,3,1,TEST,0.00020132057,0.021739130434782608,9.72116831690073e-05,1,ANOMALY
99db41149ae642c18e5ebdb303b9e808,3,1,TEST,0.00020339672,0.021739130434782608,9.72116831690073e-05,1,ANOMALY
99dd992424f64203af2ff8bc5d2943da,3,1,TEST,0.00030172057,0.021739130434782608,9.72116831690073e-05,1,ANOMALY
99ddedfd13814684aae85b9ed2d4c74b,3,1,TEST,0.00032298287,0.021739130434782608,9.72116831690073e-05,1,ANOMALY
99e0e15f84824e85abc608dbbdd7bed2,3,1,TEST,0.00036953864,0.021739130434782608,9.72116831690073e-05,1,ANOMALY
99e45668e870489a82e28c383298ddc1,3,1,TEST,0.00039760774,0.021739130434782608,9.72116831690073e-05,1,ANOMALY
99efa74da9cd4dd2b9694dfd459e9779,3,1,TEST,0.00015218486,0.021739130434782608,9.72116831690073e-05,1,ANOMALY
9a0402d870ee4850bb3188936d7f7747,3,1,TEST,0.00030087985,0.021739130434782608,9.72116831690073e-05,1,ANOMALY
9a05e447147c4f86bc40365902d252a3,3,1,TEST,0.00021745748,0.021739130434782608,9.72116831690073e-05,1,ANOMALY
9a140a13915647d9b6429c068f61394b,3,1,TEST,0.0004348706,0.021739130434782608,9.72116831690073e-05,1,ANOMALY
9a1ee5b57f524a919c6b053bb43ca8c8,3,1,TEST,0.00028267005,0.021739130434782608,9.72116831690073e-05,1,ANOMALY
9a47c15f247648d0a044d366174e68d7,3,1,TEST,0.00016874383,0.021739130434782608,9.72116831690073e-05,1,ANOMALY
9a64396347b34ef2aae7b9d6b418a1a9,4,1,TEST,0.0009052249,0.021739130434782608,9.72116831690073e-05,1,ANOMALY
9a9a6a3759064f639e3ad2ae4be3dce6,3,1,TEST,0.00026090298,0.021739130434782608,9.72116831690073e-05,1,ANOMALY
9aa28dc5f68e4cbc8066134b55e7ed2c,3,1,TEST,0.00014264756,0.021739130434782608,9.72116831690073e-05,1,ANOMALY
9aa56691ca1c4ad3a1b044e5dde8b037,3,1,TEST,0.00025069,0.021739130434782608,9.72116831690073e-05,1,ANOMALY
9aa73e4447814d8aad88edfb0f2d0d70,3,1,TEST,0.00033126248,0.021739130434782608,9.72116831690073e-05,1,ANOMALY
9aba60a49426484795246757702f41cf,3,1,TEST,0.00022267604,0.021739130434782608,9.72116831690073e-05,1,ANOMALY
9abb854df7784e5f9d897e2b1e5d9144,3,1,TEST,0.00041020935,0.021739130434782608,9.72116831690073e-05,1,ANOMALY
9ac4136cfe1449fa821fc804e57a68a3,3,1,TEST,0.00023112814,0.021739130434782608,9.72116831690073e-05,1,ANOMALY
9b0d3fffc8214c13abd8ac5e24e14c62,3,1,TEST,0.00026109465,0.021739130434782608,9.72116831690073e-05,1,ANOMALY
9b3e819e2486490abad880333581a9d6,3,1,TEST,0.00021661427,0.021739130434782608,9.72116831690073e-05,1,ANOMALY
9b555c51dba8411abc29192f989bab62,3,1,TEST,0.00020268201,0.021739130434782608,9.72116831690073e-05,1,ANOMALY
9b63b0d1a6f74ce8b7c9acaaebe18344,3,1,TEST,0.0007692826,0.021739130434782608,9.72116831690073e-05,1,ANOMALY
9b66555bda3e49f79f07250892563441,3,1,TEST,0.0002770299,0.021739130434782608,9.72116831690073e-05,1,ANOMALY
9b9c77fdce114149b60eee860950ca73,3,1,TEST,0.00020245225,0.021739130434782608,9.72116831690073e-05,1,ANOMALY
9b9f8787167c48bdb52aa825fea60256,3,1,TEST,0.0003996127,0.021739130434782608,9.72116831690073e-05,1,ANOMALY
9bb2ea2175e148e89097575c02456e61,3,1,TEST,0.0006679625,0.021739130434782608,9.72116831690073e-05,1,ANOMALY
9bb3e212a9f4495a952513b3cc5e4af4,3,1,TEST,0.00024210435,0.021739130434782608,9.72116831690073e-05,1,ANOMALY
9bc6dda417814dd694de76ba0896578e,3,1,TEST,0.000400841,0.021739130434782608,9.72116831690073e-05,1,ANOMALY
9bd2774e0d0d4c7286ec9ff2248c5e4c,3,1,TEST,0.00023652619,0.021739130434782608,9.72116831690073e-05,1,ANOMALY
9beccc7d137b436a9eddb4aec101ed55,6,0,TEST,3.1025036e-05,0.8478260869565217,9.72116831690073e-05,0,REFERENCE
9bece48a85fa4446a978e0b0b688bdc7,3,1,TEST,0.00014538254,0.021739130434782608,9.72116831690073e-05,1,ANOMALY
9bf7f70369e042eb9d836b76531e2efa,3,1,TEST,0.00028923675,0.021739130434782608,9.72116831690073e-05,1,ANOMALY
9c042435c13d4ad88aa0af965199a171,3,1,TEST,0.0002054089,0.021739130434782608,9.72116831690073e-05,1,ANOMALY
9c17b9baec3948f9a6aac6e0647813d3,3,1,TEST,0.00025729794,0.021739130434782608,9.72116831690073e-05,1,ANOMALY
9c18db809c61455a98cbb6aee7209a51,3,1,TEST,0.00033505607,0.021739130434782608,9.72116831690073e-05,1,ANOMALY
9c1d25d8bbd54dd199250b9ab420163c,3,1,TEST,0.0002819913,0.021739130434782608,9.72116831690073e-05,1,ANOMALY
9c4dd7fb2c4a46a585e6d05245e7c209,6,0,TEST,5.5344055e-05,0.10869565217391304,9.72116831690073e-05,0,REFERENCE
9c642e02ecd14342a5e2a09d3af1609c,4,1,TEST,0.0013465951,0.021739130434782608,9.72116831690073e-05,1,ANOMALY
9cc428725d7f4b2ca36458ac19292d70,3,1,TEST,0.00037951936,0.021739130434782608,9.72116831690073e-05,1,ANOMALY
9cc8fb229ed34c838613de63716ca6b0,3,1,TEST,0.00032882567,0.021739130434782608,9.72116831690073e-05,1,ANOMALY
9d0ad746e50e4b02811c40c883c4aab6,3,1,TEST,0.00017807727,0.021739130434782608,9.72116831690073e-05,1,ANOMALY
9d19153e3d034b55a9d58f3ee1559205,3,1,TEST,0.0004995819,0.021739130434782608,9.72116831690073e-05,1,ANOMALY
9d3dd92470294fc8882fa7085f70029f,3,1,TEST,0.000295258,0.021739130434782608,9.72116831690073e-05,1,ANOMALY
9d5a5a937dc840f1b425099d6baa4ae8,3,1,TEST,0.00027672952,0.021739130434782608,9.72116831690073e-05,1,ANOMALY
9d6b406cd7c4462a9c0c0aeb8510a652,3,1,TEST,0.0002764145,0.021739130434782608,9.72116831690073e-05,1,ANOMALY
9d83a997fa12406087e209ac7548626e,3,1,TEST,0.00016057813,0.021739130434782608,9.72116831690073e-05,1,ANOMALY
9d8760970da24292b321466645711166,3,1,TEST,0.00014835002,0.021739130434782608,9.72116831690073e-05,1,ANOMALY
9d9ac1e3f985480786f5e446b3c56a3f,3,1,TEST,0.00057215436,0.021739130434782608,9.72116831690073e-05,1,ANOMALY
9da8fa4203a94025b364100bea0ada2e,6,0,TEST,3.167567e-05,0.6521739130434783,9.72116831690073e-05,0,REFERENCE
9db46151f8214d009acb537c208eaae2,3,1,TEST,0.00015712771,0.021739130434782608,9.72116831690073e-05,1,ANOMALY
9dc0b98dc678481fa44dbee292f7e4e5,3,1,TEST,0.00015757684,0.021739130434782608,9.72116831690073e-05,1,ANOMALY
9dc17c9dab4e4836855db309f1747434,3,1,TEST,0.0002007988,0.021739130434782608,9.72116831690073e-05,1,ANOMALY
9dc99e22fa9143d08fa1d927e71e17fd,3,1,TEST,0.00057767064,0.021739130434782608,9.72116831690073e-05,1,ANOMALY
9dfcb2229aad4c6886b7a9b1b4b807cf,3,1,TEST,0.00014716823,0.021739130434782608,9.72116831690073e-05,1,ANOMALY
9e01e4ad99534ed9b781071c04511489,6,0,TEST,3.0926883e-05,0.8913043478260869,9.72116831690073e-05,0,REFERENCE
9e063d4817244a178271a0fbb00f709e,3,1,TEST,0.00024631806,0.021739130434782608,9.72116831690073e-05,1,ANOMALY
9e0abdafb9d1401bad08950531fcb830,3,1,TEST,0.0003449989,0.021739130434782608,9.72116831690073e-05,1,ANOMALY
9e0b20d337d448f98d59edc25e849d44,6,0,TEST,3.1413303e-05,0.7608695652173914,9.72116831690073e-05,0,REFERENCE
9e129b8f5db44318992bface9ac4e805,4,1,TEST,0.0017772885,0.021739130434782608,9.72116831690073e-05,1,ANOMALY
9e44637cb6c44cf9b3b64dac0a20cc73,3,1,TEST,0.00032071868,0.021739130434782608,9.72116831690073e-05,1,ANOMALY
9e6ef49679e648c9a62980344c8489ef,3,1,TEST,0.00023041981,0.021739130434782608,9.72116831690073e-05,1,ANOMALY
9e7c9cdd4d874c2e88b2f22142a99860,3,1,TEST,0.00046828555,0.021739130434782608,9.72116831690073e-05,1,ANOMALY
9e9c3a062c7c40deac9ec60ed49275a1,3,1,TEST,0.0006565478,0.021739130434782608,9.72116831690073e-05,1,ANOMALY
9ea1de8fe8f649de9253b50c2f7014f8,3,1,TEST,0.00029163476,0.021739130434782608,9.72116831690073e-05,1,ANOMALY
9ea695f25d5b448f872600b44cb9d945,3,1,TEST,0.00039484195,0.021739130434782608,9.72116831690073e-05,1,ANOMALY
9ea7c876e0e946999c786e3c4a5a49ff,3,1,TEST,0.00020714628,0.021739130434782608,9.72116831690073e-05,1,ANOMALY
9eab11e3ea3645a595e9f044a15b44ad,3,1,TEST,0.00019247859,0.021739130434782608,9.72116831690073e-05,1,ANOMALY
9ed3f02161a442b8ba63f7875edab373,3,1,TEST,0.0005008979,0.021739130434782608,9.72116831690073e-05,1,ANOMALY
9ed7d5ed87414c8eaea88d84b23f9122,3,1,TEST,0.00027951688,0.021739130434782608,9.72116831690073e-05,1,ANOMALY
9f291ec67f034139a00c644d651b91dd,3,1,TEST,0.00018477245,0.021739130434782608,9.72116831690073e-05,1,ANOMALY
9f29755b065b49e8a47c06da92fc2d0f,4,1,TEST,0.0018972714,0.021739130434782608,9.72116831690073e-05,1,ANOMALY
9f56457cacf5488ab20265458f33d818,3,1,TEST,0.00037285744,0.021739130434782608,9.72116831690073e-05,1,ANOMALY
9f5995441abd429c859d6655c5471bf6,3,1,TEST,0.000262302,0.021739130434782608,9.72116831690073e-05,1,ANOMALY
9f5de1c5f41d46a9bc94b0cc568000e0,3,1,TEST,0.00040580155,0.021739130434782608,9.72116831690073e-05,1,ANOMALY
9f6174d06d754f26a16f55a1fb1ac8ed,3,1,TEST,0.00019680413,0.021739130434782608,9.72116831690073e-05,1,ANOMALY
9f644743b2f84c39a86dacb494fff3d1,4,1,TEST,0.0009899578,0.021739130434782608,9.72116831690073e-05,1,ANOMALY
9f6b5ff3d2e049c8bd1647be683c1628,3,1,TEST,0.0002611812,0.021739130434782608,9.72116831690073e-05,1,ANOMALY
9f6c12f5ccd54873bf584f483f21b45d,3,1,TEST,0.0013951518,0.021739130434782608,9.72116831690073e-05,1,ANOMALY
9f792256dadc437cad0c97c912281337,3,1,TEST,0.00019993109,0.021739130434782608,9.72116831690073e-05,1,ANOMALY
9f8077acec2a470aa66279e9683066c3,3,1,TEST,0.00023835825,0.021739130434782608,9.72116831690073e-05,1,ANOMALY
9fa47868f4d04db48da246fb4780c450,3,1,TEST,0.00035376832,0.021739130434782608,9.72116831690073e-05,1,ANOMALY
9fae4f5232164537952d04064ce3341d,3,1,TEST,0.00013045289,0.021739130434782608,9.72116831690073e-05,1,ANOMALY
9fb1ebc58ed0496bb6eef846e74241f3,3,1,TEST,0.0003221063,0.021739130434782608,9.72116831690073e-05,1,ANOMALY
9fb4d5d50edd4f928c5e79336dae0a40,3,1,TEST,0.0008233171,0.021739130434782608,9.72116831690073e-05,1,ANOMALY
9fbbd16007d14eb8aad242338b653020,3,1,TEST,0.00020705961,0.021739130434782608,9.72116831690073e-05,1,ANOMALY
9fcc074db1334d89afe658e307a323b9,3,1,TEST,0.00040507436,0.021739130434782608,9.72116831690073e-05,1,ANOMALY
a02a98900e1f4f9290e2545bef367011,3,1,TEST,0.00025428075,0.021739130434782608,9.72116831690073e-05,1,ANOMALY
a02bfe2ca216497a8819cf8fd6e2188b,3,1,TEST,0.00030340807,0.021739130434782608,9.72116831690073e-05,1,ANOMALY
a0434351d17d42bab526fa4fcf32000c,3,1,TEST,0.00025722207,0.021739130434782608,9.72116831690073e-05,1,ANOMALY
a04fe063237543dd9e9e482fa427ee97,3,1,TEST,0.0003295752,0.021739130434782608,9.72116831690073e-05,1,ANOMALY
a05ef2b1f1034cb9964e01b5de2e2b19,3,1,TEST,0.00020309316,0.021739130434782608,9.72116831690073e-05,1,ANOMALY
a08e8191f0a44372b716e30b9f2a4890,3,1,TEST,0.0004496505,0.021739130434782608,9.72116831690073e-05,1,ANOMALY
a08e9614a5474b0f9b0a56152856a831,3,1,TEST,0.00013837164,0.021739130434782608,9.72116831690073e-05,1,ANOMALY
a0bdb80fc51d4287938d51914b7e3537,3,1,TEST,0.000274317,0.021739130434782608,9.72116831690073e-05,1,ANOMALY
a0c3113be9ef4e5eae1d2e7b33f2a91c,3,1,TEST,0.0005308703,0.021739130434782608,9.72116831690073e-05,1,ANOMALY
a0e7471697ba440ca1beaf7cf5bee01f,3,1,TEST,0.00022396905,0.021739130434782608,9.72116831690073e-05,1,ANOMALY
a105d462e1924dba82b4fb4d89f26067,3,1,TEST,0.00034602376,0.021739130434782608,9.72116831690073e-05,1,ANOMALY
a1105e529e814144948c3480942819bd,3,1,TEST,0.00042766376,0.021739130434782608,9.72116831690073e-05,1,ANOMALY
a11e39a076104dc2b5f99e23a691da82,3,1,TEST,0.000341698,0.021739130434782608,9.72116831690073e-05,1,ANOMALY
a130d2e02a7f4af1bdc7bb4d9dbe10fb,3,1,TEST,0.000227629,0.021739130434782608,9.72116831690073e-05,1,ANOMALY
a13d932eedfd4ce1876d2c24a7ab4b7a,3,1,TEST,0.00025479207,0.021739130434782608,9.72116831690073e-05,1,ANOMALY
a152693393b24c3595a0a0598dc66d89,3,1,TEST,0.00027124723,0.021739130434782608,9.72116831690073e-05,1,ANOMALY
a156d6fafcfa4c87a8e02b2e4fd255d0,3,1,TEST,0.00018051881,0.021739130434782608,9.72116831690073e-05,1,ANOMALY
a1725a8edb5446ec8f4abd8fe5e9f654,3,1,TEST,0.00024975775,0.021739130434782608,9.72116831690073e-05,1,ANOMALY
a1ccb73db43346e6ae708634608ede80,3,1,TEST,0.00023468967,0.021739130434782608,9.72116831690073e-05,1,ANOMALY
a1d378b14615446286df734ca9b5cd67,3,1,TEST,0.0002751315,0.021739130434782608,9.72116831690073e-05,1,ANOMALY
a213cc96a94b4faca61b15365144d737,3,1,TEST,0.00014809343,0.021739130434782608,9.72116831690073e-05,1,ANOMALY
a214337dedf84f0da8c157347a67c3af,3,1,TEST,0.000288663,0.021739130434782608,9.72116831690073e-05,1,ANOMALY
a21b4c6c481140f08563723c23124f80,3,1,TEST,0.00020985864,0.021739130434782608,9.72116831690073e-05,1,ANOMALY
a225de11c7b64aa1a7cabf7dbdcd0598,3,1,TEST,0.00029510006,0.021739130434782608,9.72116831690073e-05,1,ANOMALY
a226cb177673484081bf36c83275a1aa,3,1,TEST,0.0001810232,0.021739130434782608,9.72116831690073e-05,1,ANOMALY
a229f8a476124dc5ac9f610026b5a8ff,3,1,TEST,0.00033195392,0.021739130434782608,9.72116831690073e-05,1,ANOMALY
a234d3bdf6794cb1acc5a20be3e3acc4,3,1,TEST,0.00016023882,0.021739130434782608,9.72116831690073e-05,1,ANOMALY
a26f5226ed6a4952bebff1fbdfb9d139,3,1,TEST,0.00027049423,0.021739130434782608,9.72116831690073e-05,1,ANOMALY
a28a2112706a4c90a53cbd6b441a2ec3,3,1,TEST,0.0002459073,0.021739130434782608,9.72116831690073e-05,1,ANOMALY
a28b66d9c538461b87bfd00da02035f0,3,1,TEST,0.0002324506,0.021739130434782608,9.72116831690073e-05,1,ANOMALY
a2fb392e17a7446cb57bda012519b5d8,3,1,TEST,0.0002432958,0.021739130434782608,9.72116831690073e-05,1,ANOMALY
a305884054cd4971ac6fecec625e282e,3,1,TEST,0.0003475498,0.021739130434782608,9.72116831690073e-05,1,ANOMALY
a31513dad21b4f609a7118760ee49142,3,1,TEST,0.00042544235,0.021739130434782608,9.72116831690073e-05,1,ANOMALY
a335aff4a3b8426582e9160bccadf784,3,1,TEST,0.00023248814,0.021739130434782608,9.72116831690073e-05,1,ANOMALY
a33f59e23f1e4d5689fd8d7234fa68a2,3,1,TEST,0.0001872712,0.021739130434782608,9.72116831690073e-05,1,ANOMALY
a34d058bc47641a1ae9cb5f3b736d862,3,1,TEST,0.00038413476,0.021739130434782608,9.72116831690073e-05,1,ANOMALY
a3535145c80145fa9c871b27cefa2cec,3,1,TEST,0.00019683709,0.021739130434782608,9.72116831690073e-05,1,ANOMALY
a35cc56fb2314ab78618cee76ddd0cf0,3,1,TEST,0.00033601376,0.021739130434782608,9.72116831690073e-05,1,ANOMALY
a370facffeaf4276a7b1c34827ed5aef,3,1,TEST,0.00020831698,0.021739130434782608,9.72116831690073e-05,1,ANOMALY
a388040b307b4184a532d3e5dda02ffc,1,1,TEST,0.00018679509,0.021739130434782608,9.72116831690073e-05,1,ANOMALY
a3cd132837ad47fa877b22c541f2cf6c,3,1,TEST,0.00022458847,0.021739130434782608,9.72116831690073e-05,1,ANOMALY
a3d574b9c28d48c0aa60cb72428bd604,3,1,TEST,0.00029649492,0.021739130434782608,9.72116831690073e-05,1,ANOMALY
a40cedc8a5ab4132ad7183603eb34fda,3,1,TEST,0.00035916595,0.021739130434782608,9.72116831690073e-05,1,ANOMALY
a43b9a1db9d84e769444321b84445890,3,1,TEST,0.0006034341,0.021739130434782608,9.72116831690073e-05,1,ANOMALY
a4507c1404fb4c2e83415a930809f25d,3,1,TEST,0.0002260848,0.021739130434782608,9.72116831690073e-05,1,ANOMALY
a4955b671e1141b1a364e7a3811975bc,3,1,TEST,0.00022854109,0.021739130434782608,9.72116831690073e-05,1,ANOMALY
a49c03dae0c243f5a325fb3af2a0af8d,3,1,TEST,0.00034505318,0.021739130434782608,9.72116831690073e-05,1,ANOMALY
a4a80f07b3cd438089f64d15ad277e6a,3,1,TEST,0.00027190553,0.021739130434782608,9.72116831690073e-05,1,ANOMALY
a4a8a1d915cf44a39c2223ae901d01a3,3,1,TEST,0.00051862176,0.021739130434782608,9.72116831690073e-05,1,ANOMALY
a4dbab868817444fbb65509a37d70f06,3,1,TEST,0.00016137346,0.021739130434782608,9.72116831690073e-05,1,ANOMALY
a4dbe5cc3e3346a5a1d29d65042253c3,3,1,TEST,0.0002169107,0.021739130434782608,9.72116831690073e-05,1,ANOMALY
a525a78845d24cb9883a2f7862b2fd25,3,1,TEST,0.00032240627,0.021739130434782608,9.72116831690073e-05,1,ANOMALY
a52d49cc598b462eb381b68bb86c08ff,3,1,TEST,0.00029680668,0.021739130434782608,9.72116831690073e-05,1,ANOMALY
a52d97e5da4348bd8db527ee99c145ea,3,1,TEST,0.00031455077,0.021739130434782608,9.72116831690073e-05,1,ANOMALY
a541962dbb3848e5a744e7fc724cf5b9,3,1,TEST,0.00028688076,0.021739130434782608,9.72116831690073e-05,1,ANOMALY
a542c68344c3464db5f70007039da88d,3,1,TEST,0.00041325853,0.021739130434782608,9.72116831690073e-05,1,ANOMALY
a55aaf393e5a40349a6b4666871c588d,3,1,TEST,0.00039366493,0.021739130434782608,9.72116831690073e-05,1,ANOMALY
a56dae5070664ed9888299b443bf5682,3,1,TEST,0.0004443681,0.021739130434782608,9.72116831690073e-05,1,ANOMALY
a58fe37faef84398b614a1c55d0af7f0,3,1,TEST,0.00030457036,0.021739130434782608,9.72116831690073e-05,1,ANOMALY
a5919873a4164d3fadbbb34ef86a6510,3,1,TEST,0.00019243037,0.021739130434782608,9.72116831690073e-05,1,ANOMALY
a5a7738f8f9a44e498243dbc45dd22a0,3,1,TEST,0.00023827275,0.021739130434782608,9.72116831690073e-05,1,ANOMALY
a5ae0bc5d82f4575a84d6fccabfdf662,3,1,TEST,0.0003123767,0.021739130434782608,9.72116831690073e-05,1,ANOMALY
a5b57cadb7b14ad7b4274864b92f9153,3,1,TEST,0.00019726189,0.021739130434782608,9.72116831690073e-05,1,ANOMALY
a5b6242e4cd14f08a6dfc73f977aad2d,4,1,TEST,0.0007878917,0.021739130434782608,9.72116831690073e-05,1,ANOMALY
a5bab5b4a7944247b1ebc0c15f789a03,4,1,TEST,0.00038573187,0.021739130434782608,9.72116831690073e-05,1,ANOMALY
a5d3ba800e764397a81c4a4fbe796237,3,1,TEST,0.00039123316,0.021739130434782608,9.72116831690073e-05,1,ANOMALY
a5f4855f25d74ec0831971636c49374e,3,1,TEST,0.00025901548,0.021739130434782608,9.72116831690073e-05,1,ANOMALY
a5ff74223254457d95dea17db0b39d5a,3,1,TEST,0.0008477059,0.021739130434782608,9.72116831690073e-05,1,ANOMALY
a60885b100dd4f71a6d08375dd4069ca,4,1,TEST,0.004062201,0.021739130434782608,9.72116831690073e-05,1,ANOMALY
a64038cdabda4f38b1b134f791854650,3,1,TEST,0.00025538902,0.021739130434782608,9.72116831690073e-05,1,ANOMALY
a655983b5d04418f9188f4253833d687,3,1,TEST,0.00027173338,0.021739130434782608,9.72116831690073e-05,1,ANOMALY
a65920576bf34f24ac76b87c594e8511,3,1,TEST,0.00035827066,0.021739130434782608,9.72116831690073e-05,1,ANOMALY
a66f04c111a747f193b03a7c742562a2,3,1,TEST,0.0001981068,0.021739130434782608,9.72116831690073e-05,1,ANOMALY
a6db6d95a29641e888f9a18e01722ada,3,1,TEST,0.00040362898,0.021739130434782608,9.72116831690073e-05,1,ANOMALY
a6fd658eec774d679cee45e4680904aa,3,1,TEST,0.0005099063,0.021739130434782608,9.72116831690073e-05,1,ANOMALY
a71767d5d549456aab63c3ae692486f7,3,1,TEST,0.00022057362,0.021739130434782608,9.72116831690073e-05,1,ANOMALY
a7185495c9eb4e5a984740ea0fe5f6eb,3,1,TEST,0.0005942724,0.021739130434782608,9.72116831690073e-05,1,ANOMALY
a71e3d44958543eda9ef131e5e2a1992,3,1,TEST,0.00016456319,0.021739130434782608,9.72116831690073e-05,1,ANOMALY
a73627ed3e9442849c75b82e0a891b8f,3,1,TEST,0.00016853337,0.021739130434782608,9.72116831690073e-05,1,ANOMALY
a73f2908a128415ebc65fbc522a4404f,3,1,TEST,0.00022010841,0.021739130434782608,9.72116831690073e-05,1,ANOMALY
a75b789f719544508fbbf1b3db0aaeee,3,1,TEST,0.00037272484,0.021739130434782608,9.72116831690073e-05,1,ANOMALY
a7688a0f0bb14850833014b4886334fd,3,1,TEST,0.00026206643,0.021739130434782608,9.72116831690073e-05,1,ANOMALY
a7794a90a21f4e078dff9cd5e60e6a19,3,1,TEST,0.00026307418,0.021739130434782608,9.72116831690073e-05,1,ANOMALY
a78088a9d24f49908483a0cae8a2421a,3,1,TEST,0.0003475214,0.021739130434782608,9.72116831690073e-05,1,ANOMALY
a784319a9d7b4ed5b368b97e9680064c,3,1,TEST,0.00040523967,0.021739130434782608,9.72116831690073e-05,1,ANOMALY
a78ed86341e446cf91cb65201ecfea07,3,1,TEST,0.00025602977,0.021739130434782608,9.72116831690073e-05,1,ANOMALY
a7a95b1768d1409297c47dcb0fe90e24,3,1,TEST,0.00029616838,0.021739130434782608,9.72116831690073e-05,1,ANOMALY
a7cfb8ab93b149d5b43ae46b504d8711,3,1,TEST,0.00021552379,0.021739130434782608,9.72116831690073e-05,1,ANOMALY
a7f17c433ef1404d94305ea98bfcd944,3,1,TEST,0.0003087676,0.021739130434782608,9.72116831690073e-05,1,ANOMALY
a7f7e52a718948ed9e637ea71d78bf32,3,1,TEST,0.00029793743,0.021739130434782608,9.72116831690073e-05,1,ANOMALY
a803d02d086e489aa7d5560eae80ce67,3,1,TEST,0.0003727945,0.021739130434782608,9.72116831690073e-05,1,ANOMALY
a81e3d8eecf0438fb49e3dae42505934,3,1,TEST,0.0002990811,0.021739130434782608,9.72116831690073e-05,1,ANOMALY
a825d2b8f7ef43659c31f4565ddf05fb,3,1,TEST,0.00043609738,0.021739130434782608,9.72116831690073e-05,1,ANOMALY
a8463bbc039b4eb1a40286b6164e5eb9,3,1,TEST,0.00031692573,0.021739130434782608,9.72116831690073e-05,1,ANOMALY
a87a31c79df34ba7831b9f782f181cf1,3,1,TEST,0.00020498737,0.021739130434782608,9.72116831690073e-05,1,ANOMALY
a895a6bc8ace4e1db13a4bbaebe99397,3,1,TEST,0.00014762107,0.021739130434782608,9.72116831690073e-05,1,ANOMALY
a89781a84c4c4a2eb33107d108dea5d1,4,1,TEST,0.00055704324,0.021739130434782608,9.72116831690073e-05,1,ANOMALY
a8abb06521a642eeb5307b608513beaf,3,1,TEST,0.00027065226,0.021739130434782608,9.72116831690073e-05,1,ANOMALY
a8c6dacca5fd40bfa82e98f5f4a0767e,3,1,TEST,0.00018832117,0.021739130434782608,9.72116831690073e-05,1,ANOMALY
a8d110ac78bd4c19be60f5d07407afda,3,1,TEST,0.0003734486,0.021739130434782608,9.72116831690073e-05,1,ANOMALY
a8d1cffcc326404e8299598c9c208002,3,1,TEST,0.00016299587,0.021739130434782608,9.72116831690073e-05,1,ANOMALY
a8dc1e80390e40d780432d32af8071eb,3,1,TEST,0.00030603533,0.021739130434782608,9.72116831690073e-05,1,ANOMALY
a93dd95bb3c0454f8738fc574f9f4ba6,3,1,TEST,0.00039058988,0.021739130434782608,9.72116831690073e-05,1,ANOMALY
a9524cb29774446fb2fb9d2bb20ea0db,3,1,TEST,0.0007273924,0.021739130434782608,9.72116831690073e-05,1,ANOMALY
a957d7c6b94a4575af8120fb89572f7a,1,1,TEST,0.00017536755,0.021739130434782608,9.72116831690073e-05,1,ANOMALY
a95fba0bdfc94ac8a64435713a7f787c,3,1,TEST,0.00040168242,0.021739130434782608,9.72116831690073e-05,1,ANOMALY
a9731e1f8bad4908a640aebb0a44f281,3,1,TEST,0.00014949002,0.021739130434782608,9.72116831690073e-05,1,ANOMALY
a99956d3d2d142839f45b5c3057abddc,3,1,TEST,0.00020603671,0.021739130434782608,9.72116831690073e-05,1,ANOMALY
a9d5036a903546738ef98bc1b757954f,3,1,TEST,0.0002542728,0.021739130434782608,9.72116831690073e-05,1,ANOMALY
a9e7755683054152b73a21c37e2ba43d,3,1,TEST,0.0010959058,0.021739130434782608,9.72116831690073e-05,1,ANOMALY
a9f21455824d4ed6bc0a175fc7d1896a,3,1,TEST,0.000287783,0.021739130434782608,9.72116831690073e-05,1,ANOMALY
a9f39b55f60643969d0284b3dd2214db,3,1,TEST,0.00023407592,0.021739130434782608,9.72116831690073e-05,1,ANOMALY
aa0262ac9f444eb080d24bdc24c1663d,3,1,TEST,0.00027985108,0.021739130434782608,9.72116831690073e-05,1,ANOMALY
aa283ccd48324870b831146854db2760,3,1,TEST,0.00016540886,0.021739130434782608,9.72116831690073e-05,1,ANOMALY
aa295a759d4041909cdf0ce7bdf30c3d,3,1,TEST,0.00027690365,0.021739130434782608,9.72116831690073e-05,1,ANOMALY
aa2fabd6f6044444a762130b344a3554,3,1,TEST,0.00020068204,0.021739130434782608,9.72116831690073e-05,1,ANOMALY
aa47cf50bb1045348cba8f4facceef92,3,1,TEST,0.00041869038,0.021739130434782608,9.72116831690073e-05,1,ANOMALY
aa5384fc342a4ff2925e60a4e5b16f26,3,1,TEST,0.00035532107,0.021739130434782608,9.72116831690073e-05,1,ANOMALY
aa64f3de552e42e682bd7f904c42cbe8,3,1,TEST,0.0002010738,0.021739130434782608,9.72116831690073e-05,1,ANOMALY
aa6f5d4f221d49dc91f8900548b8fb4a,3,1,TEST,0.0001613339,0.021739130434782608,9.72116831690073e-05,1,ANOMALY
aa765dec12374d1197574027f352aeb2,3,1,TEST,0.00021785477,0.021739130434782608,9.72116831690073e-05,1,ANOMALY
aa8ec9b450a64751a5fed125a6562adc,3,1,TEST,0.00023398807,0.021739130434782608,9.72116831690073e-05,1,ANOMALY
aab1993c0a7e434182f5423965e7839b,1,1,TEST,0.00019866457,0.021739130434782608,9.72116831690073e-05,1,ANOMALY
aad93495ff974f4084b913c9575aa277,3,1,TEST,0.00014896534,0.021739130434782608,9.72116831690073e-05,1,ANOMALY
aae9a7e0bee6415186bbb04a3e2f13b1,3,1,TEST,0.00031365507,0.021739130434782608,9.72116831690073e-05,1,ANOMALY
aaedc2a0764d4bce9ce980d58f1eeeb2,3,1,TEST,0.00028252532,0.021739130434782608,9.72116831690073e-05,1,ANOMALY
ab296a78f9d64f189c061222dfd3b1e8,3,1,TEST,0.00034251838,0.021739130434782608,9.72116831690073e-05,1,ANOMALY
ab5f53c1f2b1474e9b6047c4247c660d,3,1,TEST,0.00051667925,0.021739130434782608,9.72116831690073e-05,1,ANOMALY
abaca5d9236541efbbaef0a95bc54880,3,1,TEST,0.00026043947,0.021739130434782608,9.72116831690073e-05,1,ANOMALY
abd21e94a4d44725867af02b7be4c90e,4,1,TEST,0.0007240082,0.021739130434782608,9.72116831690073e-05,1,ANOMALY
ac0fd7f62584462f95942647a0e25935,3,1,TEST,0.0001825001,0.021739130434782608,9.72116831690073e-05,1,ANOMALY
ac2b8b1530214c5bbee802f6d57b58c2,1,1,TEST,0.00027580973,0.021739130434782608,9.72116831690073e-05,1,ANOMALY
ac2de8a36a814d8d8c5b8f37aba8ae47,3,1,TEST,0.0002354051,0.021739130434782608,9.72116831690073e-05,1,ANOMALY
ac478cf2cbdc4c389ca97c4e682c076b,3,1,TEST,0.00019027741,0.021739130434782608,9.72116831690073e-05,1,ANOMALY
ac939e60107e485b979eaeb44b6d3520,3,1,TEST,0.00020843219,0.021739130434782608,9.72116831690073e-05,1,ANOMALY
ac96e59273a84900b4afdb61561a23c3,3,1,TEST,0.0002200363,0.021739130434782608,9.72116831690073e-05,1,ANOMALY
acd0ebd276244cd998551b22bfdcbb21,3,1,TEST,0.00015853404,0.021739130434782608,9.72116831690073e-05,1,ANOMALY
ad09fe3dfa9245dbb28599f1fc93f78a,3,1,TEST,0.00012560553,0.021739130434782608,9.72116831690073e-05,1,ANOMALY
ad1933a747404affb2aa3b4d705e5741,3,1,TEST,0.00017390541,0.021739130434782608,9.72116831690073e-05,1,ANOMALY
ad19b6fac62b48e5b5e43d11dca7025a,3,1,TEST,0.00015732899,0.021739130434782608,9.72116831690073e-05,1,ANOMALY
ad1fffc27dfb45bcb686686c8a0aac31,3,1,TEST,0.00015174216,0.021739130434782608,9.72116831690073e-05,1,ANOMALY
ad235cdcfe7c4c07a11a2e6fd08661a2,3,1,TEST,0.0002272249,0.021739130434782608,9.72116831690073e-05,1,ANOMALY
ad23da92e285491a90ae9bb147d6de80,3,1,TEST,0.0018227153,0.021739130434782608,9.72116831690073e-05,1,ANOMALY
ad28892a54124e1b88652ab2329a06a2,3,1,TEST,0.00025140826,0.021739130434782608,9.72116831690073e-05,1,ANOMALY
ad49b4ae19e04a19a2b3bc9ec5cd0ade,3,1,TEST,0.00029677327,0.021739130434782608,9.72116831690073e-05,1,ANOMALY
ad703c32f78c4ecbaf5e1c827fd910b9,3,1,TEST,0.00020272325,0.021739130434782608,9.72116831690073e-05,1,ANOMALY
ad810d76fe9a4856ad3e8063b8c099b5,4,1,TEST,0.001185149,0.021739130434782608,9.72116831690073e-05,1,ANOMALY
ad8bff4611dc4c12acc4bbea466881cb,3,1,TEST,0.00026970284,0.021739130434782608,9.72116831690073e-05,1,ANOMALY
adc641ae9f6246a5aa3aea284c5698f7,3,1,TEST,0.00028814646,0.021739130434782608,9.72116831690073e-05,1,ANOMALY
add1a910f3834bc6a2f6de54cb047c08,3,1,TEST,0.00020939865,0.021739130434782608,9.72116831690073e-05,1,ANOMALY
adde90fe1007401b90e23e9468bac888,3,1,TEST,0.00034656381,0.021739130434782608,9.72116831690073e-05,1,ANOMALY
adeb415189334b9c98f39fcbb9f45eb5,3,1,TEST,0.00019868312,0.021739130434782608,9.72116831690073e-05,1,ANOMALY
adf80c12113542bcaa3bd5811969ea61,3,1,TEST,0.0002540963,0.021739130434782608,9.72116831690073e-05,1,ANOMALY
ae0b4f5d3d4044c08088c483b2555eb6,3,1,TEST,0.0004271943,0.021739130434782608,9.72116831690073e-05,1,ANOMALY
ae43659ccb7b48bb9c469cbbd62cad89,4,1,TEST,0.001040913,0.021739130434782608,9.72116831690073e-05,1,ANOMALY
ae67822008bb4a2492e6263d27647224,3,1,TEST,0.00020726619,0.021739130434782608,9.72116831690073e-05,1,ANOMALY
ae74b3c77da24ee69106ff10791cd661,3,1,TEST,0.00028116006,0.021739130434782608,9.72116831690073e-05,1,ANOMALY
ae8c1dffdbac4b1d9e775447d9c6b5e9,3,1,TEST,0.0001986662,0.021739130434782608,9.72116831690073e-05,1,ANOMALY
ae9d4a1415de4e2389c3c97ff0384766,3,1,TEST,0.00037731114,0.021739130434782608,9.72116831690073e-05,1,ANOMALY
ae9da07272a14ef0a4b84d8561aacc1c,3,1,TEST,0.00025036416,0.021739130434782608,9.72116831690073e-05,1,ANOMALY
aeb50a85251f4302a6581f7ab8cab9b5,3,1,TEST,0.00023190993,0.021739130434782608,9.72116831690073e-05,1,ANOMALY
aecb30ce6e414e4491a1ad976255c228,3,1,TEST,0.00040637315,0.021739130434782608,9.72116831690073e-05,1,ANOMALY
aed78d110e3b4ff4949f380fd67acd92,3,1,TEST,0.00020345404,0.021739130434782608,9.72116831690073e-05,1,ANOMALY
aede9379255648119297a0934c97b42d,3,1,TEST,0.00019858674,0.021739130434782608,9.72116831690073e-05,1,ANOMALY
aee42f2ff45f4f4c9d03294ff7a499de,3,1,TEST,0.00015664095,0.021739130434782608,9.72116831690073e-05,1,ANOMALY
aef69e4736aa494c89c4d18c356aff72,3,1,TEST,0.00015219231,0.021739130434782608,9.72116831690073e-05,1,ANOMALY
af049cf17cb94befa18cae3e842f010a,3,1,TEST,0.00030516056,0.021739130434782608,9.72116831690073e-05,1,ANOMALY
af0bce91862d4e938e81775e10a80d85,3,1,TEST,0.00066775363,0.021739130434782608,9.72116831690073e-05,1,ANOMALY
af3a1446b13c4e108d142d4638c0797a,3,1,TEST,0.00036522106,0.021739130434782608,9.72116831690073e-05,1,ANOMALY
af503e3c8b844c5382de9a9679474d47,3,1,TEST,0.0002689556,0.021739130434782608,9.72116831690073e-05,1,ANOMALY
af8982ff7dff4ba185131423764e9cd2,3,1,TEST,0.00026457495,0.021739130434782608,9.72116831690073e-05,1,ANOMALY
afb1d897afa146b8b1720ca054aa5679,3,1,TEST,0.00026288515,0.021739130434782608,9.72116831690073e-05,1,ANOMALY
afc798ff74814c529c9e43a7ed264675,3,1,TEST,0.00027821359,0.021739130434782608,9.72116831690073e-05,1,ANOMALY
afcf3eb097c94b8bb8693299d8f78290,3,1,TEST,0.00023569152,0.021739130434782608,9.72116831690073e-05,1,ANOMALY
afdd3e56b48b426faba82cb2a24c121e,3,1,TEST,0.0002158958,0.021739130434782608,9.72116831690073e-05,1,ANOMALY
b002441df5d14883b5b407eaab85f0b5,3,1,TEST,0.00022617701,0.021739130434782608,9.72116831690073e-05,1,ANOMALY
b00b37ec7c49411c99a1000ecfef14ae,3,1,TEST,0.00021391912,0.021739130434782608,9.72116831690073e-05,1,ANOMALY
b031d791c97546aab0cdeab38bfb10b9,3,1,TEST,0.0005236606,0.021739130434782608,9.72116831690073e-05,1,ANOMALY
b03b14acd170431289c35b176664f128,3,1,TEST,0.00020653843,0.021739130434782608,9.72116831690073e-05,1,ANOMALY
b05dd43b6e564d65ba3fc99570494955,3,1,TEST,0.00025351899,0.021739130434782608,9.72116831690073e-05,1,ANOMALY
b06ece9663d44889bbc4e42a787e2b63,3,1,TEST,0.00020951513,0.021739130434782608,9.72116831690073e-05,1,ANOMALY
b0865a37a6244b28ae36e8f2570f2b28,3,1,TEST,0.0002527841,0.021739130434782608,9.72116831690073e-05,1,ANOMALY
b08fa303eee340fda2af6441845fcf8b,3,1,TEST,0.0003881143,0.021739130434782608,9.72116831690073e-05,1,ANOMALY
b091b497541641eca78ef5d8378c158a,3,1,TEST,0.00036590867,0.021739130434782608,9.72116831690073e-05,1,ANOMALY
b0992820e9cc4ae4bc6adb8f5476eb7b,3,1,TEST,0.0002697405,0.021739130434782608,9.72116831690073e-05,1,ANOMALY
b0b09907f49d4545a73c09af194a3c07,3,1,TEST,0.00019693741,0.021739130434782608,9.72116831690073e-05,1,ANOMALY
b0bcd805ef644b3295836dece8310469,4,1,TEST,0.0010161013,0.021739130434782608,9.72116831690073e-05,1,ANOMALY
b0e8af3b10fb4ed2bb912ac47cc8375f,3,1,TEST,0.00035014623,0.021739130434782608,9.72116831690073e-05,1,ANOMALY
b0f3f7403ebc43bfb194a8f1eb387512,3,1,TEST,0.00034019345,0.021739130434782608,9.72116831690073e-05,1,ANOMALY
b105777ed6b84c13a125ad13b320f5f3,3,1,TEST,0.0001676329,0.021739130434782608,9.72116831690073e-05,1,ANOMALY
b12e27b6081c412d9dc86730d50c87a3,3,1,TEST,0.00033941565,0.021739130434782608,9.72116831690073e-05,1,ANOMALY
b14340b04d754586901a19f1471c5f01,3,1,TEST,0.00033262128,0.021739130434782608,9.72116831690073e-05,1,ANOMALY
b189ed0941394a139ad9a14a292b4fa4,3,1,TEST,0.0002785967,0.021739130434782608,9.72116831690073e-05,1,ANOMALY
b18e600c9ba84378851dd053f47dffae,3,1,TEST,0.00023522123,0.021739130434782608,9.72116831690073e-05,1,ANOMALY
b19d40a2c60742de96cb90ea30376886,3,1,TEST,0.00033393048,0.021739130434782608,9.72116831690073e-05,1,ANOMALY
b19f19dbe0dd4491bfe4c56f1db578d3,3,1,TEST,0.00023468958,0.021739130434782608,9.72116831690073e-05,1,ANOMALY
b1b3c9ea15704187b3780cd290fd5f06,3,1,TEST,0.00020607024,0.021739130434782608,9.72116831690073e-05,1,ANOMALY
b1d394453ac84923bbe0be891eae051c,3,1,TEST,0.00031932842,0.021739130434782608,9.72116831690073e-05,1,ANOMALY
b21738bd4cce4896985891a4a5048ac6,3,1,TEST,0.00025985404,0.021739130434782608,9.72116831690073e-05,1,ANOMALY
b226eeaf18294f8e889bd9b74f7970be,4,1,TEST,0.0009255986,0.021739130434782608,9.72116831690073e-05,1,ANOMALY
b2351deb2b1f4105985ee6c8d8653dd0,3,1,TEST,0.00022684842,0.021739130434782608,9.72116831690073e-05,1,ANOMALY
b248146aab084aaa9d8de20b489e805b,3,1,TEST,0.00030206595,0.021739130434782608,9.72116831690073e-05,1,ANOMALY
b24f316addee41f89fca51ad466ed5b1,3,1,TEST,0.00047363038,0.021739130434782608,9.72116831690073e-05,1,ANOMALY
b25bfa043d96440ca5087ec59aabd042,3,1,TEST,0.0003898686,0.021739130434782608,9.72116831690073e-05,1,ANOMALY
b26704f378dd4229be1d8c642c508f72,3,1,TEST,0.00025474653,0.021739130434782608,9.72116831690073e-05,1,ANOMALY
b2a2e9a3b8fd4ff18da29fba2f0d68b3,3,1,TEST,0.0001429151,0.021739130434782608,9.72116831690073e-05,1,ANOMALY
b2a3b40727b844e99ff47a728ecc2f23,3,1,TEST,0.00028687099,0.021739130434782608,9.72116831690073e-05,1,ANOMALY
b2a8351d18264113b84d7ec1b92188ed,3,1,TEST,0.0003738993,0.021739130434782608,9.72116831690073e-05,1,ANOMALY
b2ce8592e034402c9cacd8f1513afd48,3,1,TEST,0.00020812085,0.021739130434782608,9.72116831690073e-05,1,ANOMALY
b2e512cda495480c8a1466266160a99f,4,1,TEST,0.0032804357,0.021739130434782608,9.72116831690073e-05,1,ANOMALY
b2e672c1746f48ee96598687e9099d9f,3,1,TEST,0.0002678524,0.021739130434782608,9.72116831690073e-05,1,ANOMALY
b30734d3fc5d493ca6ed43f16059536a,3,1,TEST,0.0003020877,0.021739130434782608,9.72116831690073e-05,1,ANOMALY
b30dcdf71cc94220a9486528a311d6a4,3,1,TEST,0.00015377704,0.021739130434782608,9.72116831690073e-05,1,ANOMALY
b33d6c00177340c4bb27c1046c07c961,3,1,TEST,0.00014907235,0.021739130434782608,9.72116831690073e-05,1,ANOMALY
b3535eda4f8f46989d3da3d3b63e9607,3,1,TEST,0.00033089786,0.021739130434782608,9.72116831690073e-05,1,ANOMALY
b3aafc12a55e4addac3a43c3cb071f64,3,1,TEST,0.0003284465,0.021739130434782608,9.72116831690073e-05,1,ANOMALY
b3e3b2860f4e4f75984c6e3f7afdd29a,3,1,TEST,0.00041842886,0.021739130434782608,9.72116831690073e-05,1,ANOMALY
b3f1986a7d6547d9bd886268c39187d5,3,1,TEST,0.00026166713,0.021739130434782608,9.72116831690073e-05,1,ANOMALY
b3f8d816850544e0842fc58c06ff5b58,3,1,TEST,0.00014409744,0.021739130434782608,9.72116831690073e-05,1,ANOMALY
b40cb4c962d44215b05a159dbbac2774,4,1,TEST,0.0014913161,0.021739130434782608,9.72116831690073e-05,1,ANOMALY
b4224d1ea6e64b7ead3dda7e6dceb4b8,4,1,TEST,0.00081960537,0.021739130434782608,9.72116831690073e-05,1,ANOMALY
b42cc6d83ece483987410c717df583b1,3,1,TEST,0.00022796838,0.021739130434782608,9.72116831690073e-05,1,ANOMALY
b44233f254ba4cf195a62c21ed2ffc94,3,1,TEST,0.00026299694,0.021739130434782608,9.72116831690073e-05,1,ANOMALY
b442ce1d948b4fd7a2f3686307668871,3,1,TEST,0.00043189127,0.021739130434782608,9.72116831690073e-05,1,ANOMALY
b45bb3ed71844dae95449c76576aca32,3,1,TEST,0.00040375046,0.021739130434782608,9.72116831690073e-05,1,ANOMALY
b49a3751b9424128b26fa0607c1c7195,3,1,TEST,0.00042260275,0.021739130434782608,9.72116831690073e-05,1,ANOMALY
b4b4046231364790902d32ef1f1c27bd,3,1,TEST,0.00028158393,0.021739130434782608,9.72116831690073e-05,1,ANOMALY
b4bc873f96634adb96a08e27ccb59163,3,1,TEST,0.0004953492,0.021739130434782608,9.72116831690073e-05,1,ANOMALY
b4d9761fb96c4cb2b2ecf79d01220e36,3,1,TEST,0.00020388211,0.021739130434782608,9.72116831690073e-05,1,ANOMALY
b4ddb4b037114878ba7b224263202fc6,3,1,TEST,0.00016676057,0.021739130434782608,9.72116831690073e-05,1,ANOMALY
b5065d8a724043a5bb07d9502feab098,4,1,TEST,0.0010536263,0.021739130434782608,9.72116831690073e-05,1,ANOMALY
b5070d8719e34ea8b2cef80585bdb1c6,3,1,TEST,0.00038909187,0.021739130434782608,9.72116831690073e-05,1,ANOMALY
b52ee13fd3c2483a84ca07b5a7608d86,3,1,TEST,0.00014814347,0.021739130434782608,9.72116831690073e-05,1,ANOMALY
b54a39a17e3745d7be9f064ee3973fb3,3,1,TEST,0.00067123136,0.021739130434782608,9.72116831690073e-05,1,ANOMALY
b55ecb1f9a334b6087412285936ca5de,3,1,TEST,0.00015159354,0.021739130434782608,9.72116831690073e-05,1,ANOMALY
b5725afd75e340ffa8142798d3fb0514,4,1,TEST,0.00090354454,0.021739130434782608,9.72116831690073e-05,1,ANOMALY
b587a311dc10430f9356fbd2fcd72986,3,1,TEST,0.00015994313,0.021739130434782608,9.72116831690073e-05,1,ANOMALY
b58c3db804984f0d9d7aa386ba9e890d,3,1,TEST,0.00029954006,0.021739130434782608,9.72116831690073e-05,1,ANOMALY
b592290617f04f2e8acedb8d21ce1616,3,1,TEST,0.0003133149,0.021739130434782608,9.72116831690073e-05,1,ANOMALY
b59fecef4c114c6a9d91812f72ee8a10,3,1,TEST,0.00030036605,0.021739130434782608,9.72116831690073e-05,1,ANOMALY
b5e532968f7e4c9abd839aaf6197608c,3,1,TEST,0.00022570412,0.021739130434782608,9.72116831690073e-05,1,ANOMALY
b5ff09356d124dd5836ea93ba2fe86cf,3,1,TEST,0.00038039385,0.021739130434782608,9.72116831690073e-05,1,ANOMALY
b606a82d201945e399c6c806b2c0f880,3,1,TEST,0.00025070162,0.021739130434782608,9.72116831690073e-05,1,ANOMALY
b60dc1a0a27f47bcaea727e7f586cbd8,3,1,TEST,0.0001665519,0.021739130434782608,9.72116831690073e-05,1,ANOMALY
b620c1a1a6894ad183d6ed62c18c9a56,3,1,TEST,0.00023087765,0.021739130434782608,9.72116831690073e-05,1,ANOMALY
b6212a318a014717bb93409685ee3660,3,1,TEST,0.00035255062,0.021739130434782608,9.72116831690073e-05,1,ANOMALY
b621e09e12144c31a2846515ef43b91a,4,1,TEST,0.00060214556,0.021739130434782608,9.72116831690073e-05,1,ANOMALY
b62530427a9c4b3ba2f5bd22f607d125,3,1,TEST,0.00013355551,0.021739130434782608,9.72116831690073e-05,1,ANOMALY
b650ffe1a562409eb7f955973f261316,3,1,TEST,0.00027414347,0.021739130434782608,9.72116831690073e-05,1,ANOMALY
b678e1800ecf4cda9382cb97377ee61b,3,1,TEST,0.00023557074,0.021739130434782608,9.72116831690073e-05,1,ANOMALY
b6a3c4d9de7a430c8c9a60787a143c2b,3,1,TEST,0.0003081471,0.021739130434782608,9.72116831690073e-05,1,ANOMALY
b6c4a6f842654eb3ba1ed03e1d81b67a,3,1,TEST,0.0001546358,0.021739130434782608,9.72116831690073e-05,1,ANOMALY
b6dacdd492c4474c82cd09e15b797dae,3,1,TEST,0.00027841344,0.021739130434782608,9.72116831690073e-05,1,ANOMALY
b6e359f580084d5ba285fd29d8ac3acf,3,1,TEST,0.0002973833,0.021739130434782608,9.72116831690073e-05,1,ANOMALY
b6e679fcb0d44504b6fe6c4143bb424d,3,1,TEST,0.00021461546,0.021739130434782608,9.72116831690073e-05,1,ANOMALY
b6e6ef8a2fcf46c5bf41c8a538123e55,3,1,TEST,0.00022390395,0.021739130434782608,9.72116831690073e-05,1,ANOMALY
b6f28fda75054974b47509512c882a1b,3,1,TEST,0.0003008456,0.021739130434782608,9.72116831690073e-05,1,ANOMALY
b6f963a304034f7aabfdfaffcae0ff87,3,1,TEST,0.00025844877,0.021739130434782608,9.72116831690073e-05,1,ANOMALY
b70120b2d9bc4e779cfd941bfe1dc173,3,1,TEST,0.00020566283,0.021739130434782608,9.72116831690073e-05,1,ANOMALY
b7228fa635c5400bb201e35de3e2ca2c,3,1,TEST,0.00038016326,0.021739130434782608,9.72116831690073e-05,1,ANOMALY
b72a2ef931a342109e81ba959114bef9,3,1,TEST,0.00025048014,0.021739130434782608,9.72116831690073e-05,1,ANOMALY
b7654ae02535447293558e5792bd92d1,3,1,TEST,0.00028741098,0.021739130434782608,9.72116831690073e-05,1,ANOMALY
b76d4358973643b383a9ed741dc75eef,4,1,TEST,0.00090429775,0.021739130434782608,9.72116831690073e-05,1,ANOMALY
b786f1815daf438cb481c3e80c899a26,3,1,TEST,0.00049153424,0.021739130434782608,9.72116831690073e-05,1,ANOMALY
b79bac7aab2844659f74bed0f24012d2,3,1,TEST,0.00057813595,0.021739130434782608,9.72116831690073e-05,1,ANOMALY
b79ca27c1db0437da4537e9f3552abbb,3,1,TEST,0.00028964464,0.021739130434782608,9.72116831690073e-05,1,ANOMALY
b79f1c09464c4685ba85140c12146318,3,1,TEST,0.0002704808,0.021739130434782608,9.72116831690073e-05,1,ANOMALY
b7b1225ac32148a7893865fd61981abd,3,1,TEST,0.00031363714,0.021739130434782608,9.72116831690073e-05,1,ANOMALY
b7c2dcdc8f2642ed8c97a71e9185caa6,3,1,TEST,0.00030314352,0.021739130434782608,9.72116831690073e-05,1,ANOMALY
b7ca229dd089430f9f1110cb25ce704b,3,1,TEST,0.00028003694,0.021739130434782608,9.72116831690073e-05,1,ANOMALY
b7cb30ce31f34ac586d682469756c1f4,4,1,TEST,0.00031706857,0.021739130434782608,9.72116831690073e-05,1,ANOMALY
b7d019b0db9142b5a063edefd84be5dd,3,1,TEST,0.00021980426,0.021739130434782608,9.72116831690073e-05,1,ANOMALY
b7dfa7cf9b3841bfbbc5263a4f5a2ea0,3,1,TEST,0.0002796966,0.021739130434782608,9.72116831690073e-05,1,ANOMALY
b8268267869d496596f8ab7771ebba3a,3,1,TEST,0.0012846459,0.021739130434782608,9.72116831690073e-05,1,ANOMALY
b8393a5563094d3188d63ab975ee656a,3,1,TEST,0.00021586186,0.021739130434782608,9.72116831690073e-05,1,ANOMALY
b8481fb088ab4ae5aae6a322cd1939d8,3,1,TEST,0.0002727061,0.021739130434782608,9.72116831690073e-05,1,ANOMALY
b84920c0acb540988b2be284cee5522d,3,1,TEST,0.00031335783,0.021739130434782608,9.72116831690073e-05,1,ANOMALY
b853201a88b04bbf855360ee3ff4f1be,3,1,TEST,0.00035489793,0.021739130434782608,9.72116831690073e-05,1,ANOMALY
b86d13359da64280b2ad5a39fd13bb19,3,1,TEST,0.00025562238,0.021739130434782608,9.72116831690073e-05,1,ANOMALY
b8921d68796740eea6dcd1dfd8220c67,3,1,TEST,0.0002357499,0.021739130434782608,9.72116831690073e-05,1,ANOMALY
b8a796c5ec08441c8348cedd9b5cd06b,3,1,TEST,0.00052880455,0.021739130434782608,9.72116831690073e-05,1,ANOMALY
b8ae6e74568045989b5bc98dd23e873d,3,1,TEST,0.00034133397,0.021739130434782608,9.72116831690073e-05,1,ANOMALY
b8b60d5685e8439eaf96648b38263210,3,1,TEST,0.00035933004,0.021739130434782608,9.72116831690073e-05,1,ANOMALY
b8c10ce9679f460f84b1547bd0210329,4,1,TEST,0.0008901189,0.021739130434782608,9.72116831690073e-05,1,ANOMALY
b8d8b5fd38f2436dbce33e9dfc2a10cc,3,1,TEST,0.00032712374,0.021739130434782608,9.72116831690073e-05,1,ANOMALY
b8e1ae6030c844cda769f28f770856f3,3,1,TEST,0.0001953833,0.021739130434782608,9.72116831690073e-05,1,ANOMALY
b8f0f33c3b834e45b19fc6ea07497388,3,1,TEST,0.00023149796,0.021739130434782608,9.72116831690073e-05,1,ANOMALY
b94237cb79cb4ecdbe5430e882b226aa,3,1,TEST,0.0006403844,0.021739130434782608,9.72116831690073e-05,1,ANOMALY
b97539e64d7f4206969705224ff7750e,3,1,TEST,0.00027784158,0.021739130434782608,9.72116831690073e-05,1,ANOMALY
b9a963c72444462687111092837f8844,4,1,TEST,0.0014249436,0.021739130434782608,9.72116831690073e-05,1,ANOMALY
b9adf8ddfdc9467194af13fea9352444,3,1,TEST,0.0003668727,0.021739130434782608,9.72116831690073e-05,1,ANOMALY
b9aeb7c3c7af4c1198d9bbc8b2580137,3,1,TEST,0.0001441471,0.021739130434782608,9.72116831690073e-05,1,ANOMALY
b9af1dc66f1242e59aac685436078def,1,1,TEST,0.00016778042,0.021739130434782608,9.72116831690073e-05,1,ANOMALY
b9b3eca25f54404caf55c1181555628d,3,1,TEST,0.0003893957,0.021739130434782608,9.72116831690073e-05,1,ANOMALY
b9b4251132af476789e7f4cbe326a623,3,1,TEST,0.00027887258,0.021739130434782608,9.72116831690073e-05,1,ANOMALY
ba0e374b9ed64a2195cc8ca55ca15efa,3,1,TEST,0.00040636823,0.021739130434782608,9.72116831690073e-05,1,ANOMALY
ba2e0dca7e034d1a8d7b8ac24a5d35ef,3,1,TEST,0.00044456727,0.021739130434782608,9.72116831690073e-05,1,ANOMALY
ba36edbd7f994bd3b67c2c0a94672d42,3,1,TEST,0.00033927732,0.021739130434782608,9.72116831690073e-05,1,ANOMALY
ba475139cf6c4b2d810de7d2483ed656,3,1,TEST,0.0004444676,0.021739130434782608,9.72116831690073e-05,1,ANOMALY
ba637ad3998243d8ae1c511e83255085,3,1,TEST,0.0004290003,0.021739130434782608,9.72116831690073e-05,1,ANOMALY
ba832bdbf8d74436a0f34a4cc3e40ceb,3,1,TEST,0.00025858826,0.021739130434782608,9.72116831690073e-05,1,ANOMALY
ba86adbfc5874d08af6c1e997f8d0426,3,1,TEST,0.00016505268,0.021739130434782608,9.72116831690073e-05,1,ANOMALY
ba9299474940400491fb03af7afdb268,3,1,TEST,0.00027282268,0.021739130434782608,9.72116831690073e-05,1,ANOMALY
bab0703dbd2c4997bd0e8b69a1450d3b,3,1,TEST,0.0002722054,0.021739130434782608,9.72116831690073e-05,1,ANOMALY
bad08411ca4f4c4498544e7c061b2719,3,1,TEST,0.00021710261,0.021739130434782608,9.72116831690073e-05,1,ANOMALY
bad31951dc394d02b8a1b830d3dcf3ab,3,1,TEST,0.00050388067,0.021739130434782608,9.72116831690073e-05,1,ANOMALY
bae66e3fa15440b4a589f895c46e6e2a,3,1,TEST,0.00018655788,0.021739130434782608,9.72116831690073e-05,1,ANOMALY
bae89a7543b14dcc97ff1f860893a6fa,6,0,TEST,3.1534786e-05,0.717391304347826,9.72116831690073e-05,0,REFERENCE
baf661a519b94e3b8adcd0f7df56f4a8,3,1,TEST,0.00024280092,0.021739130434782608,9.72116831690073e-05,1,ANOMALY
bb0b5a77d49c4f51b7a4a62e6e84b305,3,1,TEST,0.00027008317,0.021739130434782608,9.72116831690073e-05,1,ANOMALY
bb32e0ee3d7045049bb1f72abc0b2324,3,1,TEST,0.00019100249,0.021739130434782608,9.72116831690073e-05,1,ANOMALY
bb377fb5166447f59ebc50ef98a746ba,3,1,TEST,0.00023257989,0.021739130434782608,9.72116831690073e-05,1,ANOMALY
bb49a6ba763344c0849c6effc331f79a,3,1,TEST,0.00022631648,0.021739130434782608,9.72116831690073e-05,1,ANOMALY
bba156eaa3704c5587d29a548f7ff572,4,1,TEST,0.00042745925,0.021739130434782608,9.72116831690073e-05,1,ANOMALY
bbb73fdf59924077afdea1d07f40839c,3,1,TEST,0.00021743588,0.021739130434782608,9.72116831690073e-05,1,ANOMALY
bbdf959dfc7a4c46baa68d73d2a27b6e,3,1,TEST,0.00058070966,0.021739130434782608,9.72116831690073e-05,1,ANOMALY
bbe5bb20090f4805b436b8b3736b1d1c,3,1,TEST,0.00021335013,0.021739130434782608,9.72116831690073e-05,1,ANOMALY
bc141506ff52424ab7735cb063f7d5e2,3,1,TEST,0.00027066405,0.021739130434782608,9.72116831690073e-05,1,ANOMALY
bc1dc8bbaf30474d92864269d239ac10,6,0,TEST,3.2234213e-05,0.32608695652173914,9.72116831690073e-05,0,REFERENCE
bc29fd59d9264d1290b0c955b13ae26e,3,1,TEST,0.00040214922,0.021739130434782608,9.72116831690073e-05,1,ANOMALY
bc6baa85018f479eac50d5965f11f6ab,3,1,TEST,0.00032912806,0.021739130434782608,9.72116831690073e-05,1,ANOMALY
bc72715751f841e6bc50fc494e3b34b4,3,1,TEST,0.00029469968,0.021739130434782608,9.72116831690073e-05,1,ANOMALY
bc7ab98da3f34e889185810acb71d104,3,1,TEST,0.00022597983,0.021739130434782608,9.72116831690073e-05,1,ANOMALY
bc836bea9dbb487e930cf4783c51f4d4,3,1,TEST,0.00028747,0.021739130434782608,9.72116831690073e-05,1,ANOMALY
bc84a63317f842ed86d55c50ef7d80f3,3,1,TEST,0.00026611984,0.021739130434782608,9.72116831690073e-05,1,ANOMALY
bca2b57510c9462988c85157675b216e,3,1,TEST,0.00028463092,0.021739130434782608,9.72116831690073e-05,1,ANOMALY
bcccf538660541adb7fa109d925d5375,3,1,TEST,0.000306457,0.021739130434782608,9.72116831690073e-05,1,ANOMALY
bcfa0bbef3944d819aae4b09c1c6cc14,3,1,TEST,0.00032111275,0.021739130434782608,9.72116831690073e-05,1,ANOMALY
bcfd6522f4e04ac2aca5da2ca504ea6b,3,1,TEST,0.0002460555,0.021739130434782608,9.72116831690073e-05,1,ANOMALY
bd1f0275489049579d108271fd944156,3,1,TEST,0.0003664709,0.021739130434782608,9.72116831690073e-05,1,ANOMALY
bd2556d20865454e91498f566362a1dd,3,1,TEST,0.00019332823,0.021739130434782608,9.72116831690073e-05,1,ANOMALY
bd34e23cf8c84afca41f5f711cbff8e6,3,1,TEST,0.00024638601,0.021739130434782608,9.72116831690073e-05,1,ANOMALY
bd66ec7a72b74d499726d947c33ddd5d,3,1,TEST,0.00027401725,0.021739130434782608,9.72116831690073e-05,1,ANOMALY
bd69bf86cde640cb9f65e8bcb9508394,3,1,TEST,0.00021808453,0.021739130434782608,9.72116831690073e-05,1,ANOMALY
bd7a375a223949a2a42fb746c3c372be,3,1,TEST,0.00045649777,0.021739130434782608,9.72116831690073e-05,1,ANOMALY
bd9a239fc6694c8cb2d8a24238039541,3,1,TEST,0.00025390438,0.021739130434782608,9.72116831690073e-05,1,ANOMALY
bdc04b42c49c4ceab2543b56b2a441af,4,1,TEST,0.00078300864,0.021739130434782608,9.72116831690073e-05,1,ANOMALY
bde13559631e4f1598b6ccad3fbd4fea,3,1,TEST,0.00015149912,0.021739130434782608,9.72116831690073e-05,1,ANOMALY
bde1befdf85b40da9dd8dc7bd0c3fe86,3,1,TEST,0.00020146489,0.021739130434782608,9.72116831690073e-05,1,ANOMALY
be5d438f2ff142b8b57260ca41dd32b6,3,1,TEST,0.00027585804,0.021739130434782608,9.72116831690073e-05,1,ANOMALY
be8280edd91a4509b089504c0ed2b595,3,1,TEST,0.00022794458,0.021739130434782608,9.72116831690073e-05,1,ANOMALY
be90206d54144087a0472127117b094a,3,1,TEST,0.00015483933,0.021739130434782608,9.72116831690073e-05,1,ANOMALY
be99264d269341bcad942a656a0e77d5,3,1,TEST,0.00035790922,0.021739130434782608,9.72116831690073e-05,1,ANOMALY
bebb8b1879e74768b88574977b2a44db,3,1,TEST,0.0002241758,0.021739130434782608,9.72116831690073e-05,1,ANOMALY
beda528c07d44c98be1ab356501a9e11,3,1,TEST,0.00014648814,0.021739130434782608,9.72116831690073e-05,1,ANOMALY
beeb8714a2894daba826921961a6dcd8,3,1,TEST,0.00017941406,0.021739130434782608,9.72116831690073e-05,1,ANOMALY
bf05e18b66914680a1add0318c5e5f71,3,1,TEST,0.0003400104,0.021739130434782608,9.72116831690073e-05,1,ANOMALY
bf0b91e6565142c28fbe4190762775f6,3,1,TEST,0.00026636806,0.021739130434782608,9.72116831690073e-05,1,ANOMALY
bf0bc25f70c54312acf44153a0990ad2,3,1,TEST,0.00045542943,0.021739130434782608,9.72116831690073e-05,1,ANOMALY
bf0dc897340f4d34839ba9fa99d74a99,3,1,TEST,0.00023476928,0.021739130434782608,9.72116831690073e-05,1,ANOMALY
bf2443e6599a4943bf87132fcd364c71,3,1,TEST,0.00014714285,0.021739130434782608,9.72116831690073e-05,1,ANOMALY
bf47a80717634110a618ab3a05021f76,3,1,TEST,0.0014546986,0.021739130434782608,9.72116831690073e-05,1,ANOMALY
bf6577253b11410ca71d0363cb6e4078,3,1,TEST,0.00020178287,0.021739130434782608,9.72116831690073e-05,1,ANOMALY
bf698c8f371245489c9c8626b16433eb,3,1,TEST,0.00041291834,0.021739130434782608,9.72116831690073e-05,1,ANOMALY
bf7445c92d134288b0593088c4ecc7dc,3,1,TEST,0.00023463223,0.021739130434782608,9.72116831690073e-05,1,ANOMALY
bf94b288172d48b0aa84bcc085bcc136,3,1,TEST,0.00032753905,0.021739130434782608,9.72116831690073e-05,1,ANOMALY
bfa21d97e31647d799c081d4ff18eea0,3,1,TEST,0.00033103826,0.021739130434782608,9.72116831690073e-05,1,ANOMALY
bfa6f421653f4ee19a89d6c2acf0d0fb,3,1,TEST,0.00030597794,0.021739130434782608,9.72116831690073e-05,1,ANOMALY
bfb04eab848844ceb0a115a4468d30a1,3,1,TEST,0.000339598,0.021739130434782608,9.72116831690073e-05,1,ANOMALY
bfe42a82beb946ed8462b2b28b81957b,4,1,TEST,0.0015088513,0.021739130434782608,9.72116831690073e-05,1,ANOMALY
bfe6e4dfead84d4e9762d6b89c603b56,3,1,TEST,0.0002960162,0.021739130434782608,9.72116831690073e-05,1,ANOMALY
bfeef301ae69499f84ecf6971fb455b3,3,1,TEST,0.0003184981,0.021739130434782608,9.72116831690073e-05,1,ANOMALY
c00b6885271049f2916abd43df5593f1,3,1,TEST,0.00014899918,0.021739130434782608,9.72116831690073e-05,1,ANOMALY
c037f87ad3f9458b839891f5a411d419,3,1,TEST,0.00030872063,0.021739130434782608,9.72116831690073e-05,1,ANOMALY
c03c4ab0dfbe4e85aadd565496d7b887,3,1,TEST,0.00024748145,0.021739130434782608,9.72116831690073e-05,1,ANOMALY
c054c5335db54209a2a53ae003eb27ec,3,1,TEST,0.0003430104,0.021739130434782608,9.72116831690073e-05,1,ANOMALY
c070b68865bc42279703ca13858eb1f4,4,1,TEST,0.0012019714,0.021739130434782608,9.72116831690073e-05,1,ANOMALY
c0a9bb91b8fb4d55aae7877c775f8b95,3,1,TEST,0.00024297269,0.021739130434782608,9.72116831690073e-05,1,ANOMALY
c0c5a7e68b0146c4a90c096e6a96f3b0,3,1,TEST,0.0002408017,0.021739130434782608,9.72116831690073e-05,1,ANOMALY
c0da3bdb2eb04abb934d194af465a436,4,1,TEST,0.00113242,0.021739130434782608,9.72116831690073e-05,1,ANOMALY
c0dcba6237e442c0b0ae593b7c0373de,3,1,TEST,0.00022683438,0.021739130434782608,9.72116831690073e-05,1,ANOMALY
c0ea5016aa594527b1ead5d018639c19,3,1,TEST,0.0002477853,0.021739130434782608,9.72116831690073e-05,1,ANOMALY
c0f80243b76048a3b2ff8018f3832acc,3,1,TEST,0.0003401757,0.021739130434782608,9.72116831690073e-05,1,ANOMALY
c11da582f5cd4dd081fe6a6fe3a3c6fb,3,1,TEST,0.00025813826,0.021739130434782608,9.72116831690073e-05,1,ANOMALY
c146b95741084671b4168d0a924fdea4,3,1,TEST,0.00014759248,0.021739130434782608,9.72116831690073e-05,1,ANOMALY
c198a58f77bc48a597132dc772c9d371,3,1,TEST,0.00028136134,0.021739130434782608,9.72116831690073e-05,1,ANOMALY
c1b506776a5d4b7ea866b747b4e14a91,3,1,TEST,0.0002609872,0.021739130434782608,9.72116831690073e-05,1,ANOMALY
c1b984795bef45f8a3619e68a338fec1,3,1,TEST,0.00021237595,0.021739130434782608,9.72116831690073e-05,1,ANOMALY
c1ba22f628eb42df99aac57b50c9a29f,3,1,TEST,0.00031791156,0.021739130434782608,9.72116831690073e-05,1,ANOMALY
c1bb2a6bfc6f48ea80756c5567ff8440,3,1,TEST,0.00026822087,0.021739130434782608,9.72116831690073e-05,1,ANOMALY
c1bcbc0a35fc411b8de645d74a32d9fd,3,1,TEST,0.00021789326,0.021739130434782608,9.72116831690073e-05,1,ANOMALY
c1c82129dfbf4699b73386fe1b8ccd7a,4,1,TEST,0.0008073635,0.021739130434782608,9.72116831690073e-05,1,ANOMALY
c1dbdd2a0f82480fb4cba2346c39d0d0,3,1,TEST,0.00024477742,0.021739130434782608,9.72116831690073e-05,1,ANOMALY
c1e238eab09449ed9fb5f4f83c8895ab,3,1,TEST,0.00022933942,0.021739130434782608,9.72116831690073e-05,1,ANOMALY
c21171f44380403e966b4bb44df3b097,3,1,TEST,0.0003456453,0.021739130434782608,9.72116831690073e-05,1,ANOMALY
c21182aa46b04b5cb88f3bdea5cb247a,3,1,TEST,0.00040262673,0.021739130434782608,9.72116831690073e-05,1,ANOMALY
c239ccce6029427e9be7effba2b6f602,3,1,TEST,0.00036558794,0.021739130434782608,9.72116831690073e-05,1,ANOMALY
c267962e7f874fbb8bbabe03153b711c,3,1,TEST,0.0004445533,0.021739130434782608,9.72116831690073e-05,1,ANOMALY
c26ec3c1f115444f9485bd13865f3c88,3,1,TEST,0.00033807568,0.021739130434782608,9.72116831690073e-05,1,ANOMALY
c27b6c1e6c9c4a5b8954010accd6e62a,3,1,TEST,0.00032471668,0.021739130434782608,9.72116831690073e-05,1,ANOMALY
c28c1ca865584ec0ad96b05a3e7336d0,3,1,TEST,0.00023431281,0.021739130434782608,9.72116831690073e-05,1,ANOMALY
c298966a88024867964d6df232f3aeea,4,1,TEST,0.0012104043,0.021739130434782608,9.72116831690073e-05,1,ANOMALY
c2adb4e5d3274768884feb352b9399e5,3,1,TEST,0.00020722896,0.021739130434782608,9.72116831690073e-05,1,ANOMALY
c2bcca4e0916407c83d1ce0ee091c9ce,3,1,TEST,0.0001833075,0.021739130434782608,9.72116831690073e-05,1,ANOMALY
c2dd5893d6fd425ca64c3da92f20453d,3,1,TEST,0.00024665694,0.021739130434782608,9.72116831690073e-05,1,ANOMALY
c30135b402a84b6ea450678fd8d6059c,4,1,TEST,0.001805529,0.021739130434782608,9.72116831690073e-05,1,ANOMALY
c33864c5b39e48ebbc9d961685e5b58d,3,1,TEST,0.00014343092,0.021739130434782608,9.72116831690073e-05,1,ANOMALY
c3556e78d38b472a96293e40fe82e457,3,1,TEST,0.0003732045,0.021739130434782608,9.72116831690073e-05,1,ANOMALY
c399508a7c8746799cc420f91cdf7e7b,3,1,TEST,0.0010329515,0.021739130434782608,9.72116831690073e-05,1,ANOMALY
c3ad636657c341e0bf1dc79329a2f37f,6,0,TEST,3.167597e-05,0.6521739130434783,9.72116831690073e-05,0,REFERENCE
c3c3280055d247029d8338100c629602,1,1,TEST,0.00013709444,0.021739130434782608,9.72116831690073e-05,1,ANOMALY
c3d7e9fca8674b58b3b213d3d1dd5840,3,1,TEST,0.00092419947,0.021739130434782608,9.72116831690073e-05,1,ANOMALY
c3dc3c4fcc984c1cbccfe34b562a28b8,3,1,TEST,0.00018638314,0.021739130434782608,9.72116831690073e-05,1,ANOMALY
c3e76bd3c56347c7a9123e506fffc2d5,6,0,TEST,3.3613003e-05,0.2391304347826087,9.72116831690073e-05,0,REFERENCE
c3f895c9e9094cf7bf4a8f828609e562,3,1,TEST,0.00013704313,0.021739130434782608,9.72116831690073e-05,1,ANOMALY
c4010dd8b279468eaf5c057a295d39d4,3,1,TEST,0.0001840872,0.021739130434782608,9.72116831690073e-05,1,ANOMALY
c4082af0a9e444c482115202e496cc9e,3,1,TEST,0.00018602461,0.021739130434782608,9.72116831690073e-05,1,ANOMALY
c418924732d34329a1e60d674a920ece,4,1,TEST,0.00058599835,0.021739130434782608,9.72116831690073e-05,1,ANOMALY
c4202789515c4ecd8e38edab6e476204,3,1,TEST,0.00023314702,0.021739130434782608,9.72116831690073e-05,1,ANOMALY
c44609cea7974ed3ad39a72b1eaeca9c,3,1,TEST,0.00037722898,0.021739130434782608,9.72116831690073e-05,1,ANOMALY
c44e78abef654480beddbb64beb2b684,3,1,TEST,0.00015308846,0.021739130434782608,9.72116831690073e-05,1,ANOMALY
c4642b2ef7a44ff3b21ba6f9a95102d0,3,1,TEST,0.00052081543,0.021739130434782608,9.72116831690073e-05,1,ANOMALY
c469ac47e2a0475c98f31306a45b5846,3,1,TEST,0.00037746713,0.021739130434782608,9.72116831690073e-05,1,ANOMALY
c47a226eaa844535b0fefcc53f8b8f9c,3,1,TEST,0.00025038797,0.021739130434782608,9.72116831690073e-05,1,ANOMALY
c4a35e327a1e46ce898f0754c5adf2ec,3,1,TEST,0.00020730658,0.021739130434782608,9.72116831690073e-05,1,ANOMALY
c4b7213510734b7e9fb51c5eb4a58e61,3,1,TEST,0.00022103215,0.021739130434782608,9.72116831690073e-05,1,ANOMALY
c4d3868a9b784cf7acc4407e3ec652c4,1,1,TEST,0.0002677879,0.021739130434782608,9.72116831690073e-05,1,ANOMALY
c4d6a751ea7b4800854aaf531be02613,3,1,TEST,0.00032016545,0.021739130434782608,9.72116831690073e-05,1,ANOMALY
c4d6e503ca024f739c5265341fd232d7,3,1,TEST,0.0002434244,0.021739130434782608,9.72116831690073e-05,1,ANOMALY
c4d76ca3b8a54da482122c0046348687,3,1,TEST,0.0005225513,0.021739130434782608,9.72116831690073e-05,1,ANOMALY
c4e3cebe29054c09a8029d01f85ff512,3,1,TEST,0.0002020252,0.021739130434782608,9.72116831690073e-05,1,ANOMALY
c4ebe6c8ada241259d576908810cbaea,3,1,TEST,0.00016212223,0.021739130434782608,9.72116831690073e-05,1,ANOMALY
c50604d3e62d4838872b8227838f3ade,3,1,TEST,0.00027678374,0.021739130434782608,9.72116831690073e-05,1,ANOMALY
c515886597d24af3a95eec9d51e0a59e,3,1,TEST,0.00028120627,0.021739130434782608,9.72116831690073e-05,1,ANOMALY
c5346fef3c134c18a9cda1647c5f30b9,3,1,TEST,0.00026127085,0.021739130434782608,9.72116831690073e-05,1,ANOMALY
c56323c7e6d6468fbc567e09250c0d33,3,1,TEST,0.00016273228,0.021739130434782608,9.72116831690073e-05,1,ANOMALY
c568c5f41eb8425bb0dbc9f5069801d7,3,1,TEST,0.00045038736,0.021739130434782608,9.72116831690073e-05,1,ANOMALY
c5741138d7cf47bbbdd300c1655dd3dc,3,1,TEST,0.0002757911,0.021739130434782608,9.72116831690073e-05,1,ANOMALY
c57855a87e2247598a122313df6780e4,3,1,TEST,0.00026195508,0.021739130434782608,9.72116831690073e-05,1,ANOMALY
c5977ba2aa8746eda9e9cbcb4a943143,3,1,TEST,0.00014459889,0.021739130434782608,9.72116831690073e-05,1,ANOMALY
c5d5ea8a289048acaf57fb79cf10b0b4,3,1,TEST,0.00027637536,0.021739130434782608,9.72116831690073e-05,1,ANOMALY
c5ef7d4b33564426a88f4f7c56c39d50,3,1,TEST,0.0005761203,0.021739130434782608,9.72116831690073e-05,1,ANOMALY
c5f37a9ccd2d4427bb85042a55cf7306,4,1,TEST,0.0012745932,0.021739130434782608,9.72116831690073e-05,1,ANOMALY
c600aafddb034512bb63dccc288896a6,3,1,TEST,0.00019298765,0.021739130434782608,9.72116831690073e-05,1,ANOMALY
c60a21dfe4354d3f8fd195cb24e09e2c,3,1,TEST,0.00031539894,0.021739130434782608,9.72116831690073e-05,1,ANOMALY
c617e59392a74fb78b8ec5bb0b550565,3,1,TEST,0.0002622874,0.021739130434782608,9.72116831690073e-05,1,ANOMALY
c61903bfad0848e399f5435637b3e991,3,1,TEST,0.00021829802,0.021739130434782608,9.72116831690073e-05,1,ANOMALY
c61efd2129c14095b3cf2470f51112d3,3,1,TEST,0.00027303596,0.021739130434782608,9.72116831690073e-05,1,ANOMALY
c653eb446de44abebf5e4b78d17cd715,3,1,TEST,0.00035393378,0.021739130434782608,9.72116831690073e-05,1,ANOMALY
c6562d5bd676496293aef7a0ded4400b,3,1,TEST,0.00045981642,0.021739130434782608,9.72116831690073e-05,1,ANOMALY
c65efcf1a92041b7a56bdd95d9a1e01e,3,1,TEST,0.00020692538,0.021739130434782608,9.72116831690073e-05,1,ANOMALY
c661471708374c749e739cf4b90afd1b,3,1,TEST,0.00019085406,0.021739130434782608,9.72116831690073e-05,1,ANOMALY
c66f372bb14d4755a2c0476f00c1f153,3,1,TEST,0.0003514636,0.021739130434782608,9.72116831690073e-05,1,ANOMALY
c6a10d1999754f8fa60bf96cef29a419,3,1,TEST,0.00036349043,0.021739130434782608,9.72116831690073e-05,1,ANOMALY
c6ed5d1b5bfa4c4a97138c39eccc5b21,3,1,TEST,0.0003368748,0.021739130434782608,9.72116831690073e-05,1,ANOMALY
c6ee67aecc7c45bd91b6b7752b6f3f6c,3,1,TEST,0.00036791872,0.021739130434782608,9.72116831690073e-05,1,ANOMALY
c71ca0c0361b4b67b22ca934507deab0,3,1,TEST,0.00024359852,0.021739130434782608,9.72116831690073e-05,1,ANOMALY
c71df4699ec44e83bb9c0f1024b66ac5,3,1,TEST,0.00020333158,0.021739130434782608,9.72116831690073e-05,1,ANOMALY
c71eca9eaf204545a7f57d17e5009e9d,3,1,TEST,0.00025605832,0.021739130434782608,9.72116831690073e-05,1,ANOMALY
c73b81d53fe64b41925404f32b128a38,3,1,TEST,0.00019548708,0.021739130434782608,9.72116831690073e-05,1,ANOMALY
c7703581a3634beb996236ce5e8f95a5,3,1,TEST,0.00024963668,0.021739130434782608,9.72116831690073e-05,1,ANOMALY
c771edf8e7444f00b002dc96a13a3e28,3,1,TEST,0.00020597878,0.021739130434782608,9.72116831690073e-05,1,ANOMALY
c785cfd6cace47a4a13f122602d2bd92,3,1,TEST,0.00027510335,0.021739130434782608,9.72116831690073e-05,1,ANOMALY
c78ef974818140eebe1287c4e8cb9149,3,1,TEST,0.00028955264,0.021739130434782608,9.72116831690073e-05,1,ANOMALY
c791643fb53d4c3c9d87d088a7db7fbc,3,1,TEST,0.0002016124,0.021739130434782608,9.72116831690073e-05,1,ANOMALY
c7b2b98270cb4173b4e1950cb408338e,3,1,TEST,0.00038948742,0.021739130434782608,9.72116831690073e-05,1,ANOMALY
c7c53b63c2944825bd06027ed0fb3a5a,4,1,TEST,0.00028589484,0.021739130434782608,9.72116831690073e-05,1,ANOMALY
c7dca8eda6a24bcb8e58d2acaae49e66,4,1,TEST,0.00045134823,0.021739130434782608,9.72116831690073e-05,1,ANOMALY
c7e5739dba7147349fa926a9101a3545,3,1,TEST,0.00022872319,0.021739130434782608,9.72116831690073e-05,1,ANOMALY
c7e7feca1f4948a486930459ecd99155,3,1,TEST,0.00020023534,0.021739130434782608,9.72116831690073e-05,1,ANOMALY
c7f1ba547fa04fb4abadfea5414909f6,3,1,TEST,0.00025340743,0.021739130434782608,9.72116831690073e-05,1,ANOMALY
c82108cb510f4ba594dbcfd299913ec0,3,1,TEST,0.00022034977,0.021739130434782608,9.72116831690073e-05,1,ANOMALY
c83876cfb294452eaeacbd124f7483b4,3,1,TEST,0.0002132024,0.021739130434782608,9.72116831690073e-05,1,ANOMALY
c852745fb58548c58f8d4535ca3891ac,3,1,TEST,0.00020486189,0.021739130434782608,9.72116831690073e-05,1,ANOMALY
c85898e1e67e4c439879f7e1b446dd6b,3,1,TEST,0.0007795482,0.021739130434782608,9.72116831690073e-05,1,ANOMALY
c869a7c10298481baf412b4aad4a11f1,3,1,TEST,0.0007034102,0.021739130434782608,9.72116831690073e-05,1,ANOMALY
c872b0d0955544c8b1e928fbc1a66434,6,0,TEST,3.2465614e-05,0.30434782608695654,9.72116831690073e-05,0,REFERENCE
c8885933264542d0a5bed972c1576a0b,3,1,TEST,0.0002585192,0.021739130434782608,9.72116831690073e-05,1,ANOMALY
c88fe700da9b401a9b8aa58c73884a0e,3,1,TEST,0.0002855705,0.021739130434782608,9.72116831690073e-05,1,ANOMALY
c89c00f5ce3d40748f084eab843239c0,3,1,TEST,0.00032263226,0.021739130434782608,9.72116831690073e-05,1,ANOMALY
c8a5bb2ace7b45f89dd6a44d95e693dd,3,1,TEST,0.0002575785,0.021739130434782608,9.72116831690073e-05,1,ANOMALY
c8adf260c1264da09fc3c6fb85a43800,3,1,TEST,0.00016015503,0.021739130434782608,9.72116831690073e-05,1,ANOMALY
c8b405b8b87347d68f60fd37ac6a09c7,6,0,TEST,3.1420022e-05,0.7608695652173914,9.72116831690073e-05,0,REFERENCE
c8d89d9303dc4c8593bd8743023b065e,4,1,TEST,0.0006305631,0.021739130434782608,9.72116831690073e-05,1,ANOMALY
c8e86ed1dba1485b8381306dcb2e71a7,3,1,TEST,0.00024258962,0.021739130434782608,9.72116831690073e-05,1,ANOMALY
c901eb0d115e4ee6bd11fc5cfc75e88b,3,1,TEST,0.00025346113,0.021739130434782608,9.72116831690073e-05,1,ANOMALY
c90fff4c98a04963b2c77b64fb4cc9b9,3,1,TEST,0.0002471886,0.021739130434782608,9.72116831690073e-05,1,ANOMALY
c920f4450d29449ea35f01d2709711c7,3,1,TEST,0.00014478157,0.021739130434782608,9.72116831690073e-05,1,ANOMALY
c93865c332ca48f7b4ecfc3a905f1cdd,3,1,TEST,0.00030308653,0.021739130434782608,9.72116831690073e-05,1,ANOMALY
c93e7b7841bd4acdbe7b488e99a2f299,3,1,TEST,0.0005019703,0.021739130434782608,9.72116831690073e-05,1,ANOMALY
c94147c1bcaf41e088e943b4edac2ed1,3,1,TEST,0.00022531376,0.021739130434782608,9.72116831690073e-05,1,ANOMALY
c949656a4d3f4d5cb342f48dbc21970d,3,1,TEST,0.0009345552,0.021739130434782608,9.72116831690073e-05,1,ANOMALY
c96b4933f8f34577b41477f335cee57f,3,1,TEST,0.00023900064,0.021739130434782608,9.72116831690073e-05,1,ANOMALY
c9936c5b75174fb58fa3323f7d09532b,3,1,TEST,0.000269287,0.021739130434782608,9.72116831690073e-05,1,ANOMALY
c9994d2819f247bdab3b304828539f8c,3,1,TEST,0.00015448307,0.021739130434782608,9.72116831690073e-05,1,ANOMALY
c99caa1d838b4ad5b47347253aa85be3,3,1,TEST,0.00026219405,0.021739130434782608,9.72116831690073e-05,1,ANOMALY
c9c2afe234a84f419808c2faf7a9c250,3,1,TEST,0.0021130333,0.021739130434782608,9.72116831690073e-05,1,ANOMALY
c9c4b29badcb42869c5896ea96871e4c,3,1,TEST,0.00028310937,0.021739130434782608,9.72116831690073e-05,1,ANOMALY
ca0c3f80e5e1480c9865aab8cb7916be,3,1,TEST,0.00026424692,0.021739130434782608,9.72116831690073e-05,1,ANOMALY
ca22251479174f4f8908246392c8b712,3,1,TEST,0.00016489121,0.021739130434782608,9.72116831690073e-05,1,ANOMALY
ca4dfbc65eff4912a98bcc754c6523cc,1,1,TEST,0.0001466441,0.021739130434782608,9.72116831690073e-05,1,ANOMALY
ca4e196af5f3466baaeda899608a202f,3,1,TEST,0.00019464588,0.021739130434782608,9.72116831690073e-05,1,ANOMALY
ca6e711e227a4613b00aaf88609288a4,3,1,TEST,0.00028544854,0.021739130434782608,9.72116831690073e-05,1,ANOMALY
ca7267f5f3c64991bb0f929bcc35ef7c,3,1,TEST,0.000148148,0.021739130434782608,9.72116831690073e-05,1,ANOMALY
ca7350cb13fe45cf93f273d606789f4a,3,1,TEST,0.0001985488,0.021739130434782608,9.72116831690073e-05,1,ANOMALY
ca822af0946c4badae3669d05b242e01,3,1,TEST,0.0002295273,0.021739130434782608,9.72116831690073e-05,1,ANOMALY
cab6998b601c43e0868c2f448731b3ca,3,1,TEST,0.0003505507,0.021739130434782608,9.72116831690073e-05,1,ANOMALY
cac5ec15a5f14580928f7ef01e0b6fb3,3,1,TEST,0.00025261758,0.021739130434782608,9.72116831690073e-05,1,ANOMALY
cae16813dbc54725a9ac14dfb7c8bde8,3,1,TEST,0.0009151222,0.021739130434782608,9.72116831690073e-05,1,ANOMALY
cb0f956d238f486a8891a3c7cab2c108,4,1,TEST,0.0013088601,0.021739130434782608,9.72116831690073e-05,1,ANOMALY
cb1c5cb6b017496cb81c3a379d8c07f7,3,1,TEST,0.00022802746,0.021739130434782608,9.72116831690073e-05,1,ANOMALY
cb1e3f83ae814d7d8242fef6a29e941a,3,1,TEST,0.000146442,0.021739130434782608,9.72116831690073e-05,1,ANOMALY
cb216e6be83a43e99f7eef3f9eb0e469,3,1,TEST,0.00018502728,0.021739130434782608,9.72116831690073e-05,1,ANOMALY
cb2456f7cc044d238f723fa1a1c67e0c,4,1,TEST,0.0006979919,0.021739130434782608,9.72116831690073e-05,1,ANOMALY
cb245b80a7034c9a9c877fe3ff5a2349,3,1,TEST,0.00025506338,0.021739130434782608,9.72116831690073e-05,1,ANOMALY
cb38d0cbcfb34ef58372769821806196,3,1,TEST,0.00023075644,0.021739130434782608,9.72116831690073e-05,1,ANOMALY
cb6f8d5b02b44bd1b6617a6303ce938e,3,1,TEST,0.0002560635,0.021739130434782608,9.72116831690073e-05,1,ANOMALY
cb78792551b74cb08694f3a6d87d7c05,3,1,TEST,0.0001469822,0.021739130434782608,9.72116831690073e-05,1,ANOMALY
cb9c2369a1714461bfddbbe02351141d,3,1,TEST,0.00037180487,0.021739130434782608,9.72116831690073e-05,1,ANOMALY
cb9cbfc9ef86467bbe4bb4509cb434b0,3,1,TEST,0.00019646912,0.021739130434782608,9.72116831690073e-05,1,ANOMALY
cba708e6b201403a9f4c16460282d9f7,3,1,TEST,0.00028290186,0.021739130434782608,9.72116831690073e-05,1,ANOMALY
cbb165fee7d84246a9d303e2f87cfe93,3,1,TEST,0.00025869042,0.021739130434782608,9.72116831690073e-05,1,ANOMALY
cbb1b840f0614249b15f9e48a6a88477,3,1,TEST,0.0002571216,0.021739130434782608,9.72116831690073e-05,1,ANOMALY
cbb659f8a325465e9ffa447ff0292eca,3,1,TEST,0.0002458836,0.021739130434782608,9.72116831690073e-05,1,ANOMALY
cbb69528033d4db5adca081014b8bc1b,3,1,TEST,0.0002620141,0.021739130434782608,9.72116831690073e-05,1,ANOMALY
cbc76406937b465c863ed0c86988a7e7,3,1,TEST,0.0003105774,0.021739130434782608,9.72116831690073e-05,1,ANOMALY
cbde5edb78fe4d7b91aa89301f79b5e7,3,1,TEST,0.0013026225,0.021739130434782608,9.72116831690073e-05,1,ANOMALY
cbe3cc14298d40e58a66987e9c277a7e,3,1,TEST,0.00029543712,0.021739130434782608,9.72116831690073e-05,1,ANOMALY
cbfd789e23254be4af3ed34171b831cb,3,1,TEST,0.0005974992,0.021739130434782608,9.72116831690073e-05,1,ANOMALY
cc043a46d59e4fd1ac11e351eaf02812,3,1,TEST,0.00027791667,0.021739130434782608,9.72116831690073e-05,1,ANOMALY
cc1a92892c364794bd8abaad61dedb69,3,1,TEST,0.00015880993,0.021739130434782608,9.72116831690073e-05,1,ANOMALY
cc2b4813dfab44d8865bd016cd15f354,3,1,TEST,0.00022359623,0.021739130434782608,9.72116831690073e-05,1,ANOMALY
cc3b38cd63814b8f8f99061af6c0a210,3,1,TEST,0.000527923,0.021739130434782608,9.72116831690073e-05,1,ANOMALY
cc5e1fa2341547d1ac146614a358af03,3,1,TEST,0.0003111251,0.021739130434782608,9.72116831690073e-05,1,ANOMALY
cc6bee8c235c40d7ad7028759d913bef,3,1,TEST,0.00029727162,0.021739130434782608,9.72116831690073e-05,1,ANOMALY
cc6d6f6bb7274eb68b8ac938e41cdfd0,3,1,TEST,0.0004276123,0.021739130434782608,9.72116831690073e-05,1,ANOMALY
cc819366743a4f23a1b87c3af2267168,3,1,TEST,0.00025597578,0.021739130434782608,9.72116831690073e-05,1,ANOMALY
cca61c6206ca4166be9b5092b6846c4e,3,1,TEST,0.0001675182,0.021739130434782608,9.72116831690073e-05,1,ANOMALY
cca9fdae990543e1a78ad19194b98558,3,1,TEST,0.00030484295,0.021739130434782608,9.72116831690073e-05,1,ANOMALY
ccaffaf3e6ce40db8cb8c0f18dbbe7a6,3,1,TEST,0.00029093213,0.021739130434782608,9.72116831690073e-05,1,ANOMALY
ccb4e178aed641628058ade7dc036b7a,3,1,TEST,0.00030788287,0.021739130434782608,9.72116831690073e-05,1,ANOMALY
ccc016ac9a7f4be8a67f1154947769ab,3,1,TEST,0.00031099166,0.021739130434782608,9.72116831690073e-05,1,ANOMALY
ccd84859fb7940458bb70f45331cf2ee,3,1,TEST,0.00030146586,0.021739130434782608,9.72116831690073e-05,1,ANOMALY
cd030e62dafa43b5b184685aa3cbe750,4,1,TEST,0.00065400545,0.021739130434782608,9.72116831690073e-05,1,ANOMALY
cd0cc599c8d1427c916dca5f3b41ade1,3,1,TEST,0.00018475737,0.021739130434782608,9.72116831690073e-05,1,ANOMALY
cd2d8f85f4f34437a86270b7ad554a9d,3,1,TEST,0.000382517,0.021739130434782608,9.72116831690073e-05,1,ANOMALY
cd3981aace0942048e1470eedc335fe0,3,1,TEST,0.00019607355,0.021739130434782608,9.72116831690073e-05,1,ANOMALY
cd4aac50a3a44a3bb34f2dd4311774c0,3,1,TEST,0.00027794382,0.021739130434782608,9.72116831690073e-05,1,ANOMALY
cd4e341115424752ba7db91a60809092,3,1,TEST,0.00024235969,0.021739130434782608,9.72116831690073e-05,1,ANOMALY
cd509bf5dd444f7eb585040b04dae007,3,1,TEST,0.00028679956,0.021739130434782608,9.72116831690073e-05,1,ANOMALY
cd63951c700745fa834e3337b41bdf61,3,1,TEST,0.0002374026,0.021739130434782608,9.72116831690073e-05,1,ANOMALY
cd6ee03a8744496e8f31e12b7ec99ce6,3,1,TEST,0.00023541058,0.021739130434782608,9.72116831690073e-05,1,ANOMALY
cd8ad31f2fa44fb29bbc6375afb16601,3,1,TEST,0.00014736407,0.021739130434782608,9.72116831690073e-05,1,ANOMALY
cda79f4ba1304bc4aec293fad0937233,3,1,TEST,0.0005359866,0.021739130434782608,9.72116831690073e-05,1,ANOMALY
cdae785aec484a25a06a98f42a1e1941,3,1,TEST,0.00018090426,0.021739130434782608,9.72116831690073e-05,1,ANOMALY
cdfd0fb2f8af4cfc8f6a4f91f957ec25,3,1,TEST,0.0002617461,0.021739130434782608,9.72116831690073e-05,1,ANOMALY
ce0bac045e194379a1847228592ebb39,3,1,TEST,0.00031204295,0.021739130434782608,9.72116831690073e-05,1,ANOMALY
ce21652cb8c74bcda0cdf56b2647314d,3,1,TEST,0.0002380867,0.021739130434782608,9.72116831690073e-05,1,ANOMALY
ce2a565a85d94b6b9adfc0fcbebddb5c,3,1,TEST,0.00018101587,0.021739130434782608,9.72116831690073e-05,1,ANOMALY
ce33517b451341178a36a88f3b34da0d,3,1,TEST,0.0001387414,0.021739130434782608,9.72116831690073e-05,1,ANOMALY
ce34beab59114b87b6b490cf661a1713,3,1,TEST,0.00023839,0.021739130434782608,9.72116831690073e-05,1,ANOMALY
ce466fdc2081464998f6e8e8c60cdbef,3,1,TEST,0.0002444791,0.021739130434782608,9.72116831690073e-05,1,ANOMALY
ce981191a4c24efdb0560c01b6d488cb,4,1,TEST,0.0072784065,0.021739130434782608,9.72116831690073e-05,1,ANOMALY
cea671f436bc4de6815dcaca539c28cf,3,1,TEST,0.0002676153,0.021739130434782608,9.72116831690073e-05,1,ANOMALY
ced6491927764089ace50e323a930ee2,3,1,TEST,0.00012564621,0.021739130434782608,9.72116831690073e-05,1,ANOMALY
ced6d15f71d9479d8a0bc7a55058c67a,3,1,TEST,0.00020080476,0.021739130434782608,9.72116831690073e-05,1,ANOMALY
cef9abb585754b4d8e4113970079243f,3,1,TEST,0.00019191933,0.021739130434782608,9.72116831690073e-05,1,ANOMALY
cef9efe4b1bd4fba91038ad769c70171,3,1,TEST,0.00025362402,0.021739130434782608,9.72116831690073e-05,1,ANOMALY
cefe2317bdf940e3b15b715d913dd684,3,1,TEST,0.00017917086,0.021739130434782608,9.72116831690073e-05,1,ANOMALY
cf1d46eb6c2c4728be21068ce8d5e9ef,3,1,TEST,0.00015994016,0.021739130434782608,9.72116831690073e-05,1,ANOMALY
cf38663fc36545c5809669b9f8d68855,3,1,TEST,0.00086052343,0.021739130434782608,9.72116831690073e-05,1,ANOMALY
cf70f6854d364e10ba9dfd9d8e326c33,3,1,TEST,0.00026611314,0.021739130434782608,9.72116831690073e-05,1,ANOMALY
cf75b2be75394568bb67cec0118fc04a,3,1,TEST,0.00015012297,0.021739130434782608,9.72116831690073e-05,1,ANOMALY
cf8aac618f35417f9bb19bf1eeb30fb4,3,1,TEST,0.00016000398,0.021739130434782608,9.72116831690073e-05,1,ANOMALY
cf9570387b3541759ab539e66108c37c,3,1,TEST,0.00042851525,0.021739130434782608,9.72116831690073e-05,1,ANOMALY
cfa02e5e854c4994bf47e797c9b5c0b7,3,1,TEST,0.0002812639,0.021739130434782608,9.72116831690073e-05,1,ANOMALY
cfb053f9fb5f4e29a0510041417a219c,4,1,TEST,0.004264109,0.021739130434782608,9.72116831690073e-05,1,ANOMALY
cfb6c99ef6554d7bbbc1d43cdb4002b5,3,1,TEST,0.00022602145,0.021739130434782608,9.72116831690073e-05,1,ANOMALY
cfc878e0d81c4f3c8a84b0ea03b12ec0,3,1,TEST,0.00021844776,0.021739130434782608,9.72116831690073e-05,1,ANOMALY
cfcafdd8b15149cd9befea414b9f709f,3,1,TEST,0.00025979636,0.021739130434782608,9.72116831690073e-05,1,ANOMALY
cfff5a05a772459c879a5b2465dd4d4e,3,1,TEST,0.00015363157,0.021739130434782608,9.72116831690073e-05,1,ANOMALY
d03ddec1d0da41d9bd66993d00125811,3,1,TEST,0.0005373873,0.021739130434782608,9.72116831690073e-05,1,ANOMALY
d043de8528f247ca836771fe08f503c8,4,1,TEST,0.00093130645,0.021739130434782608,9.72116831690073e-05,1,ANOMALY
d04ae81629644ed4b4ff95923113e19e,3,1,TEST,0.0002695216,0.021739130434782608,9.72116831690073e-05,1,ANOMALY
d063ecdd4bd34a80a309a62b48a23cd1,3,1,TEST,0.00044563512,0.021739130434782608,9.72116831690073e-05,1,ANOMALY
d0875de30b2c4acbbb7551d22158b192,3,1,TEST,0.00032436097,0.021739130434782608,9.72116831690073e-05,1,ANOMALY
d0a7c080e46443fa8acc242c0e613d4c,3,1,TEST,0.0003241337,0.021739130434782608,9.72116831690073e-05,1,ANOMALY
d0e0ce59c77a45c58ed337ca8a98ef71,3,1,TEST,0.00025957345,0.021739130434782608,9.72116831690073e-05,1,ANOMALY
d0e329aec082449aacd3aa0e3433bd62,3,1,TEST,0.00026900973,0.021739130434782608,9.72116831690073e-05,1,ANOMALY
d0e3bed18b55406e8925b5451d5eb764,3,1,TEST,0.00029617184,0.021739130434782608,9.72116831690073e-05,1,ANOMALY
d0ff490d75d8442bbbe90854c6a35ed3,3,1,TEST,0.00045066228,0.021739130434782608,9.72116831690073e-05,1,ANOMALY
d1147ea97bb0410487f432a49def8265,1,1,TEST,0.0003077732,0.021739130434782608,9.72116831690073e-05,1,ANOMALY
d114ebff28064b549c23b592646aa9f2,3,1,TEST,0.0002806966,0.021739130434782608,9.72116831690073e-05,1,ANOMALY
d139d35fc24e4a47a37df14203daf357,3,1,TEST,0.00046198288,0.021739130434782608,9.72116831690073e-05,1,ANOMALY
d14b91e1bca94551941d61beca2515d4,3,1,TEST,0.0002515724,0.021739130434782608,9.72116831690073e-05,1,ANOMALY
d14f616ae84f4cf99766018ccd959d85,3,1,TEST,0.00022736384,0.021739130434782608,9.72116831690073e-05,1,ANOMALY
d1721c95aacd42d28f71b4864707635a,3,1,TEST,0.00018520492,0.021739130434782608,9.72116831690073e-05,1,ANOMALY
d17e1805d5fc4c08948f7f94a1c9cfbb,3,1,TEST,0.00022321459,0.021739130434782608,9.72116831690073e-05,1,ANOMALY
d186176a979445e18dfb80c762e903ae,3,1,TEST,0.0002031973,0.021739130434782608,9.72116831690073e-05,1,ANOMALY
d18e1ec2441545a18d1ceaed4e21daec,3,1,TEST,0.00036765443,0.021739130434782608,9.72116831690073e-05,1,ANOMALY
d1af9a70fd37452bb465d21d34cef401,3,1,TEST,0.000312744,0.021739130434782608,9.72116831690073e-05,1,ANOMALY
d1b90134022f452cb3138aea440fb20f,3,1,TEST,0.00045447846,0.021739130434782608,9.72116831690073e-05,1,ANOMALY
d1c1f45a40da4ad29a92d0ae8888333a,3,1,TEST,0.00015688922,0.021739130434782608,9.72116831690073e-05,1,ANOMALY
d1ee580705824a9d9f6c966108e62fda,3,1,TEST,0.0003473375,0.021739130434782608,9.72116831690073e-05,1,ANOMALY
d225f60ebf90499d8437756eabe4b2bf,3,1,TEST,0.00030329323,0.021739130434782608,9.72116831690073e-05,1,ANOMALY
d24d3b6337eb41309b1850f1cd5d95f0,3,1,TEST,0.00031874888,0.021739130434782608,9.72116831690073e-05,1,ANOMALY
d25cb1129ac9452fa3d1908f912f496d,3,1,TEST,0.0003013485,0.021739130434782608,9.72116831690073e-05,1,ANOMALY
d2634e09a16b4d768b662607a69ca627,3,1,TEST,0.00018079483,0.021739130434782608,9.72116831690073e-05,1,ANOMALY
d287a488e64f45e095e6d3f2a1a39463,3,1,TEST,0.00045831536,0.021739130434782608,9.72116831690073e-05,1,ANOMALY
d28e95d21b4e4a499dde0cb0fbb9167c,3,1,TEST,0.00024649448,0.021739130434782608,9.72116831690073e-05,1,ANOMALY
d2a74c4450254971ba960ecee27f2fec,3,1,TEST,0.00029781595,0.021739130434782608,9.72116831690073e-05,1,ANOMALY
d2a99ff017fc40ffad3bbb26f6df7b78,3,1,TEST,0.0002363698,0.021739130434782608,9.72116831690073e-05,1,ANOMALY
d2af6618a1764e2791b1f27ee3d53a7c,3,1,TEST,0.00021127268,0.021739130434782608,9.72116831690073e-05,1,ANOMALY
d2bb798e5f99481f8fd4741b529b10d5,3,1,TEST,0.00016258907,0.021739130434782608,9.72116831690073e-05,1,ANOMALY
d2c6e0aae9c24020bf66fdca5600c3bd,3,1,TEST,0.00021614265,0.021739130434782608,9.72116831690073e-05,1,ANOMALY
d2de07f50cf8475d8f4e7553eae1d402,3,1,TEST,0.00018695419,0.021739130434782608,9.72116831690073e-05,1,ANOMALY
d2e24654d72d4660a385bed623aa96c8,3,1,TEST,0.000998602,0.021739130434782608,9.72116831690073e-05,1,ANOMALY
d2fab8e63bef4752a664b7c1570dc651,3,1,TEST,0.0003343139,0.021739130434782608,9.72116831690073e-05,1,ANOMALY
d301c74b596c43ca8a01f5147d8bb643,3,1,TEST,0.00025466474,0.021739130434782608,9.72116831690073e-05,1,ANOMALY
d339323f764f4da99e8209cef2a85f4b,3,1,TEST,0.00027541525,0.021739130434782608,9.72116831690073e-05,1,ANOMALY
d3418035f3da4ae2be271ee38e8a7592,3,1,TEST,0.00034616038,0.021739130434782608,9.72116831690073e-05,1,ANOMALY
d3544e4e23034fa5be4f3c1521c19132,3,1,TEST,0.00040374434,0.021739130434782608,9.72116831690073e-05,1,ANOMALY
d3d7c468ae684a268bae434fd2e5b3fc,3,1,TEST,0.00027294728,0.021739130434782608,9.72116831690073e-05,1,ANOMALY
d3d9c425c80d4b5f9f642d72f8e9cda4,3,1,TEST,0.00029803405,0.021739130434782608,9.72116831690073e-05,1,ANOMALY
d3f963b1ddd742fdb638de4d53db3e9a,3,1,TEST,0.00025530267,0.021739130434782608,9.72116831690073e-05,1,ANOMALY
d431bd279f7c4e10b205e2cc8ce8f117,3,1,TEST,0.00022897955,0.021739130434782608,9.72116831690073e-05,1,ANOMALY
d459a7f1ef30407f86ec64fa96e34ac2,3,1,TEST,0.00027077453,0.021739130434782608,9.72116831690073e-05,1,ANOMALY
d4654b75da454e018320835834684cf6,3,1,TEST,0.0002664707,0.021739130434782608,9.72116831690073e-05,1,ANOMALY
d475f12cc4644ed48ff7fce2cd90f539,3,1,TEST,0.0002785187,0.021739130434782608,9.72116831690073e-05,1,ANOMALY
d485205c7b3d4b6988872c598c0ed361,3,1,TEST,0.00015573646,0.021739130434782608,9.72116831690073e-05,1,ANOMALY
d486804badf74150b420e582d7a866f2,3,1,TEST,0.00027734856,0.021739130434782608,9.72116831690073e-05,1,ANOMALY
d48a3ad15edd4ba6bc3c3d81c2e9568e,3,1,TEST,0.0007808595,0.021739130434782608,9.72116831690073e-05,1,ANOMALY
d4a401e3ac8d420ea4fbb3263a6e7293,3,1,TEST,0.00018024463,0.021739130434782608,9.72116831690073e-05,1,ANOMALY
d4d3013ce7ad47a98b8d4e328b128958,3,1,TEST,0.00042463565,0.021739130434782608,9.72116831690073e-05,1,ANOMALY
d4df8cb89a974e628c7d94cfcadb72b5,3,1,TEST,0.00023681458,0.021739130434782608,9.72116831690073e-05,1,ANOMALY
d4e6bebc8dc54eb8bebbd0b43afb611d,3,1,TEST,0.00035169043,0.021739130434782608,9.72116831690073e-05,1,ANOMALY
d50be3a1c05d45ae96b8316057d22360,3,1,TEST,0.0001615909,0.021739130434782608,9.72116831690073e-05,1,ANOMALY
d510881b8e1345fba58f9809bd25a007,3,1,TEST,0.00029252813,0.021739130434782608,9.72116831690073e-05,1,ANOMALY
d53ff9f71a5048f5ad8f82425ddc80f1,3,1,TEST,0.00023784043,0.021739130434782608,9.72116831690073e-05,1,ANOMALY
d558aa664ff3410db9dcaf2b0d98d129,3,1,TEST,0.00023236354,0.021739130434782608,9.72116831690073e-05,1,ANOMALY
d587fad7734a41e28fb20f2158b9bb19,3,1,TEST,0.0002396071,0.021739130434782608,9.72116831690073e-05,1,ANOMALY
d59f2a3ab90e4b429ae4a94b295662fd,6,0,TEST,3.1585107e-05,0.6956521739130435,9.72116831690073e-05,0,REFERENCE
d5ac728058754ab6a33d0eb1da287e16,3,1,TEST,0.00022445795,0.021739130434782608,9.72116831690073e-05,1,ANOMALY
d5c74238a2284c0782d445b6a52ba762,3,1,TEST,0.00027973286,0.021739130434782608,9.72116831690073e-05,1,ANOMALY
d5cd2a606f444d7c9454a36e04bdc370,3,1,TEST,0.00026225837,0.021739130434782608,9.72116831690073e-05,1,ANOMALY
d648531b26b14b698f981eba434e2275,3,1,TEST,0.000426885,0.021739130434782608,9.72116831690073e-05,1,ANOMALY
d6485d4357264e40826870f751a3bc18,3,1,TEST,0.0001583275,0.021739130434782608,9.72116831690073e-05,1,ANOMALY
d6553fcaca0e4ddfb55d41dd688f4f49,3,1,TEST,0.00019155201,0.021739130434782608,9.72116831690073e-05,1,ANOMALY
d656df4a5840468ba3715ef988e7acb2,3,1,TEST,0.00022105542,0.021739130434782608,9.72116831690073e-05,1,ANOMALY
d680c9b1c22e44e5a6f528d0dd77d5af,3,1,TEST,0.00013157044,0.021739130434782608,9.72116831690073e-05,1,ANOMALY
d6906020b449456eb7e5c07b2866c4c8,3,1,TEST,0.0008396157,0.021739130434782608,9.72116831690073e-05,1,ANOMALY
d6921a4533bb4bd382d6b89ba7946f37,3,1,TEST,0.00023126445,0.021739130434782608,9.72116831690073e-05,1,ANOMALY
d6cc019c6acd46fb8c99da29eee10c81,3,1,TEST,0.00030171673,0.021739130434782608,9.72116831690073e-05,1,ANOMALY
d6d99e9f30ac4c20bf76c8e45ff04dbd,4,1,TEST,0.0005682665,0.021739130434782608,9.72116831690073e-05,1,ANOMALY
d6e6631fc998444fa2e9129c91d3978e,3,1,TEST,0.00030955035,0.021739130434782608,9.72116831690073e-05,1,ANOMALY
d6f4c1504990485899362160c85f5ef1,3,1,TEST,0.00032642437,0.021739130434782608,9.72116831690073e-05,1,ANOMALY
d72e9ce8f05a40b894ea89f693df9d9c,3,1,TEST,0.00023911997,0.021739130434782608,9.72116831690073e-05,1,ANOMALY
d7648d41475e46768dd5174e3f7d0d67,3,1,TEST,0.000691838,0.021739130434782608,9.72116831690073e-05,1,ANOMALY
d77f8476a3a5494bbfbb499c565e59df,3,1,TEST,0.00032091164,0.021739130434782608,9.72116831690073e-05,1,ANOMALY
d7873478ed584082897a3a7b351bf730,3,1,TEST,0.00026788376,0.021739130434782608,9.72116831690073e-05,1,ANOMALY
d79f606e9a4f4d5bb18360b9077ee8ee,3,1,TEST,0.00025494187,0.021739130434782608,9.72116831690073e-05,1,ANOMALY
d7aa2837d3064a75b9e18b34c9034e46,3,1,TEST,0.00031316892,0.021739130434782608,9.72116831690073e-05,1,ANOMALY
d7b2afec60c34956a862828057322a3c,3,1,TEST,0.00017964409,0.021739130434782608,9.72116831690073e-05,1,ANOMALY
d7b3ce37868a48e3ac80f793e69f66e0,3,1,TEST,0.00018517951,0.021739130434782608,9.72116831690073e-05,1,ANOMALY
d7c34007dc7848ceb649ca94bf3f7669,3,1,TEST,0.00025998137,0.021739130434782608,9.72116831690073e-05,1,ANOMALY
d7d6b397c6384c71b66bd82f9f10d271,3,1,TEST,0.0002744888,0.021739130434782608,9.72116831690073e-05,1,ANOMALY
d7f0ba2cd8684ac4b9da122657d7beef,3,1,TEST,0.00022233783,0.021739130434782608,9.72116831690073e-05,1,ANOMALY
d82096130cb54c598d15ba1c368755cf,3,1,TEST,0.0003086378,0.021739130434782608,9.72116831690073e-05,1,ANOMALY
d82b982e41884e4a83e4c9bf57c54310,3,1,TEST,0.00025837254,0.021739130434782608,9.72116831690073e-05,1,ANOMALY
d84a495ce10d40e8aa600b1cc3920bbe,3,1,TEST,0.00046830927,0.021739130434782608,9.72116831690073e-05,1,ANOMALY
d8511f8a2fe64842bb7408e29ef9504f,3,1,TEST,0.00019574369,0.021739130434782608,9.72116831690073e-05,1,ANOMALY
d8572657c12f4e5198b670a1a5ccb1fe,3,1,TEST,0.00033081413,0.021739130434782608,9.72116831690073e-05,1,ANOMALY
d864237c904c406f9f7cc9b66b5fd7f7,3,1,TEST,0.00050561863,0.021739130434782608,9.72116831690073e-05,1,ANOMALY
d867654af06f468581246c07861ec0b1,3,1,TEST,0.00026508095,0.021739130434782608,9.72116831690073e-05,1,ANOMALY
d87e66362c8a4483be6a506745bcd8e4,3,1,TEST,0.00023887056,0.021739130434782608,9.72116831690073e-05,1,ANOMALY
d89f603440304f93b5676fa472594be5,3,1,TEST,0.00019285595,0.021739130434782608,9.72116831690073e-05,1,ANOMALY
d8ae450800b44a1a9f0036b52db058e2,3,1,TEST,0.00038117505,0.021739130434782608,9.72116831690073e-05,1,ANOMALY
d8bbf1f870e84759a6449f7ad45de321,3,1,TEST,0.00062528567,0.021739130434782608,9.72116831690073e-05,1,ANOMALY
d8be88566f154a17a3d23901f53705cb,3,1,TEST,0.0004203011,0.021739130434782608,9.72116831690073e-05,1,ANOMALY
d8bf554db9b14430a56f19667fa76e32,3,1,TEST,0.00041097842,0.021739130434782608,9.72116831690073e-05,1,ANOMALY
d8cb4232dca0449ea27700da369f0944,3,1,TEST,0.00032390328,0.021739130434782608,9.72116831690073e-05,1,ANOMALY
d8dcb76a641646688058df334560ace6,3,1,TEST,0.00028958422,0.021739130434782608,9.72116831690073e-05,1,ANOMALY
d8e4c59e56e44ed68b786fcc016049c7,3,1,TEST,0.0002731915,0.021739130434782608,9.72116831690073e-05,1,ANOMALY
d8e79bce1e594027872140ef94ca1e1e,3,1,TEST,0.0001603632,0.021739130434782608,9.72116831690073e-05,1,ANOMALY
d8e8a57d81234a6cb1e65f1153c3cea3,3,1,TEST,0.00019316483,0.021739130434782608,9.72116831690073e-05,1,ANOMALY
d8f62b95003846608527b8132ae468dc,3,1,TEST,0.00035115943,0.021739130434782608,9.72116831690073e-05,1,ANOMALY
d9242a0f39204522b2d082532b335ce0,3,1,TEST,0.0002578408,0.021739130434782608,9.72116831690073e-05,1,ANOMALY
d929f5ed0f1b4016bec6d0de232615d1,6,0,TEST,3.243088e-05,0.32608695652173914,9.72116831690073e-05,0,REFERENCE
d94b08d328c14d4c91dea134d8523d41,3,1,TEST,0.00067300705,0.021739130434782608,9.72116831690073e-05,1,ANOMALY
d9524ee341c6439991922b497984b9f7,3,1,TEST,0.00033052667,0.021739130434782608,9.72116831690073e-05,1,ANOMALY
d97a05b523324268a0af4a5fee80c59a,3,1,TEST,0.00027028366,0.021739130434782608,9.72116831690073e-05,1,ANOMALY
d9a4c554076241188301b66c399f7481,3,1,TEST,0.00018937758,0.021739130434782608,9.72116831690073e-05,1,ANOMALY
d9d272a339ff40c7a7b71bae1e95307d,3,1,TEST,0.0002714457,0.021739130434782608,9.72116831690073e-05,1,ANOMALY
d9dfd9ba1c074eed81b24e9c3719a07a,3,1,TEST,0.00032574573,0.021739130434782608,9.72116831690073e-05,1,ANOMALY
d9e1027df53d47d3a9cb2e44ad7453a8,3,1,TEST,0.00026805678,0.021739130434782608,9.72116831690073e-05,1,ANOMALY
d9f087eef509470bb966a83938ab9300,3,1,TEST,0.00027332103,0.021739130434782608,9.72116831690073e-05,1,ANOMALY
d9f4b209997244b3aa9695c197ed0dd8,3,1,TEST,0.0002217622,0.021739130434782608,9.72116831690073e-05,1,ANOMALY
d9f518b1c8c74aaa99968d5067a365ac,3,1,TEST,0.00015613547,0.021739130434782608,9.72116831690073e-05,1,ANOMALY
da0c55e7e7cf4cb68125e6ec839fe995,3,1,TEST,0.00037675767,0.021739130434782608,9.72116831690073e-05,1,ANOMALY
da1361ca577749529e55d3d0244e0f1b,3,1,TEST,0.0003391534,0.021739130434782608,9.72116831690073e-05,1,ANOMALY
da2ae0aa90d848219c48de346f9af25a,3,1,TEST,0.0025170082,0.021739130434782608,9.72116831690073e-05,1,ANOMALY
da3e29bb2f394ebd9705c11bdae456c6,3,1,TEST,0.00023205894,0.021739130434782608,9.72116831690073e-05,1,ANOMALY
da4b12cd68a04f359df02af4647b80f8,3,1,TEST,0.00026304976,0.021739130434782608,9.72116831690073e-05,1,ANOMALY
da4bd7f6e0704459886a64117d92bd05,3,1,TEST,0.00050340896,0.021739130434782608,9.72116831690073e-05,1,ANOMALY
da56d2b1122d4150ba0545f29ed422d5,3,1,TEST,0.00032603362,0.021739130434782608,9.72116831690073e-05,1,ANOMALY
da77f45e161d42ff9ff4c262b1b791b4,3,1,TEST,0.00045532675,0.021739130434782608,9.72116831690073e-05,1,ANOMALY
da81abedcddf4640bb31ed2a8097e51f,3,1,TEST,0.0003169083,0.021739130434782608,9.72116831690073e-05,1,ANOMALY
da8fe9529cb347ba88ff782bbdfe6d2a,3,1,TEST,0.00056473527,0.021739130434782608,9.72116831690073e-05,1,ANOMALY
da93bc5d02c74819bae0a4bb3f2a9c0f,3,1,TEST,0.00020660562,0.021739130434782608,9.72116831690073e-05,1,ANOMALY
da993a7b974c45cdb5cd64c640987e10,3,1,TEST,0.00024080368,0.021739130434782608,9.72116831690073e-05,1,ANOMALY
da9e0fcdb8664837979cacfd411414a7,3,1,TEST,0.00029328195,0.021739130434782608,9.72116831690073e-05,1,ANOMALY
da9ed71711094053b3d4e06c0c4dd4bf,3,1,TEST,0.00031313743,0.021739130434782608,9.72116831690073e-05,1,ANOMALY
daab9d51befc4885ad18790b64fb8575,3,1,TEST,0.0003124007,0.021739130434782608,9.72116831690073e-05,1,ANOMALY
dab1ca291746445084b63ea98ff70b35,3,1,TEST,0.0002572595,0.021739130434782608,9.72116831690073e-05,1,ANOMALY
dab1fa48321c4b26b3448d4bdaabd879,3,1,TEST,0.00018316193,0.021739130434782608,9.72116831690073e-05,1,ANOMALY
dab79a5484ea4444a2e1d8580f8b9546,3,1,TEST,0.00030171176,0.021739130434782608,9.72116831690073e-05,1,ANOMALY
dab9e6b7143b4c64858e17a480d499e2,3,1,TEST,0.00025700213,0.021739130434782608,9.72116831690073e-05,1,ANOMALY
dad2e8a2168948d8acf2eccda24bd892,3,1,TEST,0.00022527385,0.021739130434782608,9.72116831690073e-05,1,ANOMALY
dad671e9f15d410c8068e5d841ae3941,3,1,TEST,0.00021335408,0.021739130434782608,9.72116831690073e-05,1,ANOMALY
db074cb030704b709fd9dbb1e2c3e373,3,1,TEST,0.0002665045,0.021739130434782608,9.72116831690073e-05,1,ANOMALY
db0b243be80c4b5289806191ae45955b,3,1,TEST,0.00026096107,0.021739130434782608,9.72116831690073e-05,1,ANOMALY
db185fcee35847ea95c8403ca20589d9,3,1,TEST,0.00018132286,0.021739130434782608,9.72116831690073e-05,1,ANOMALY
db409e4f4da745d7b7d59f78b26fe208,3,1,TEST,0.00019997932,0.021739130434782608,9.72116831690073e-05,1,ANOMALY
db4888e692154b6589a67b4f7c9ac75d,3,1,TEST,0.00016942111,0.021739130434782608,9.72116831690073e-05,1,ANOMALY
db65252fc4d3458faedb157e9f9ec09c,3,1,TEST,0.00033892132,0.021739130434782608,9.72116831690073e-05,1,ANOMALY
db7a97edaeb1480f922e96a6d7aa233d,3,1,TEST,0.00023416436,0.021739130434782608,9.72116831690073e-05,1,ANOMALY
db9050a0981046d0a07f6724f0cf7f6d,3,1,TEST,0.00038299986,0.021739130434782608,9.72116831690073e-05,1,ANOMALY
db952a0b8fb349bba04573f32e743fac,3,1,TEST,0.00027137587,0.021739130434782608,9.72116831690073e-05,1,ANOMALY
dbd4d5db28f2450bbb319b0e7f48854a,3,1,TEST,0.00026177836,0.021739130434782608,9.72116831690073e-05,1,ANOMALY
dbd57803221a483f99833b15e5ffcd1e,3,1,TEST,0.00013773443,0.021739130434782608,9.72116831690073e-05,1,ANOMALY
dbf0de7a50cb4d2daf9de3b0dfe53690,3,1,TEST,0.0002795108,0.021739130434782608,9.72116831690073e-05,1,ANOMALY
dc0229919aaa4d3fb871283e23b1b568,3,1,TEST,0.00017661545,0.021739130434782608,9.72116831690073e-05,1,ANOMALY
dc04647adcb64f359e13c8edcdaec113,3,1,TEST,0.00045974902,0.021739130434782608,9.72116831690073e-05,1,ANOMALY
dc05052524e24a8ba5a6d656c0eb92ad,4,1,TEST,0.0006376817,0.021739130434782608,9.72116831690073e-05,1,ANOMALY
dc13990695cc4ba983927ae576246bef,3,1,TEST,0.00022715275,0.021739130434782608,9.72116831690073e-05,1,ANOMALY
dc3d961932e44b25a16a59496c7c9e30,3,1,TEST,0.00015030333,0.021739130434782608,9.72116831690073e-05,1,ANOMALY
dc428a053a1c4c75ba0cc9c7494c8264,3,1,TEST,0.0002685299,0.021739130434782608,9.72116831690073e-05,1,ANOMALY
dc4d60a7da8c42e2a43936bb2fc1d90b,3,1,TEST,0.00030742591,0.021739130434782608,9.72116831690073e-05,1,ANOMALY
dc4dc5e2c83348729545ace533316a57,3,1,TEST,0.00027379795,0.021739130434782608,9.72116831690073e-05,1,ANOMALY
dc5d5fd1b3d44f6ea5566f85c115d5d2,6,0,TEST,3.191091e-05,0.5434782608695652,9.72116831690073e-05,0,REFERENCE
dc7244bab2f94af9a53c0edcc5ae7be2,3,1,TEST,0.00024196575,0.021739130434782608,9.72116831690073e-05,1,ANOMALY
dc778b378cc94f329287804ecb19476b,1,1,TEST,0.0002631478,0.021739130434782608,9.72116831690073e-05,1,ANOMALY
dc8eb75a200543d298f3b4413db357a6,3,1,TEST,0.00020269566,0.021739130434782608,9.72116831690073e-05,1,ANOMALY
dc912352f15f4fc5a2d19b1275eda76a,3,1,TEST,0.00035511254,0.021739130434782608,9.72116831690073e-05,1,ANOMALY
dc99446ee70a497a85a290ade8fca734,3,1,TEST,0.00021687479,0.021739130434782608,9.72116831690073e-05,1,ANOMALY
dca5f4bba5214708af19e339083f13b0,3,1,TEST,0.00032956147,0.021739130434782608,9.72116831690073e-05,1,ANOMALY
dce4f0e6a03e452fb5c295460ef30bba,3,1,TEST,0.00034220208,0.021739130434782608,9.72116831690073e-05,1,ANOMALY
dce9e0917d054a2d8c1125e130283469,3,1,TEST,0.0002026862,0.021739130434782608,9.72116831690073e-05,1,ANOMALY
dcf6af4fa5c0498d91b95b64947f3dea,3,1,TEST,0.0002445479,0.021739130434782608,9.72116831690073e-05,1,ANOMALY
dcfd2abedf3a4ec993715b371a7aec04,3,1,TEST,0.0002677925,0.021739130434782608,9.72116831690073e-05,1,ANOMALY
dd0aeec4af724a4ea3724ec6c250ad7e,3,1,TEST,0.00027299623,0.021739130434782608,9.72116831690073e-05,1,ANOMALY
dd0e380cd59e420a955f8163da3bb22e,3,1,TEST,0.00026118523,0.021739130434782608,9.72116831690073e-05,1,ANOMALY
dd0ee108612e40aea6d30ff2de89f9d2,3,1,TEST,0.000224479,0.021739130434782608,9.72116831690073e-05,1,ANOMALY
dd245569a8674922946e94fd6cff8f00,3,1,TEST,0.0003124829,0.021739130434782608,9.72116831690073e-05,1,ANOMALY
dd6a26d5fa144dbf977b790fff6a0faf,6,0,TEST,3.3851247e-05,0.2391304347826087,9.72116831690073e-05,0,REFERENCE
dd8d6ee0a1e740ea9bf341a65861d09b,3,1,TEST,0.00025758002,0.021739130434782608,9.72116831690073e-05,1,ANOMALY
dd8f6622c59543bd8902036690bd1811,3,1,TEST,0.00031522388,0.021739130434782608,9.72116831690073e-05,1,ANOMALY
ddc92f4716994d06a2a5fe1f6f2da525,3,1,TEST,0.00033429818,0.021739130434782608,9.72116831690073e-05,1,ANOMALY
ddd15b6f7c4f492e8afa356adb45b2e6,3,1,TEST,0.00040103437,0.021739130434782608,9.72116831690073e-05,1,ANOMALY
ddd80f80c8e34336bef614cb5a620402,3,1,TEST,0.0002825592,0.021739130434782608,9.72116831690073e-05,1,ANOMALY
dde3dc7a582f4ed1b5b5fad10d0ab191,3,1,TEST,0.00033510235,0.021739130434782608,9.72116831690073e-05,1,ANOMALY
dde6928a71b4429d8dda8a5629326b75,3,1,TEST,0.0001496201,0.021739130434782608,9.72116831690073e-05,1,ANOMALY
ddf18e59aae346cc8f8eb60a88a79c4f,3,1,TEST,0.00023715143,0.021739130434782608,9.72116831690073e-05,1,ANOMALY
ddf1bf5a8cb44a429499318b946346da,3,1,TEST,0.00019993502,0.021739130434782608,9.72116831690073e-05,1,ANOMALY
de2140e46e0b472faa08db84b03c0835,3,1,TEST,0.00033841137,0.021739130434782608,9.72116831690073e-05,1,ANOMALY
de398ccf5de340a5a1aef6da70f88819,3,1,TEST,0.00055749883,0.021739130434782608,9.72116831690073e-05,1,ANOMALY
de4d62af2e204a82991d09b4d85de0ec,3,1,TEST,0.00025424856,0.021739130434782608,9.72116831690073e-05,1,ANOMALY
de4f1c8e8a7e4cadb07ac64a9f94027d,3,1,TEST,0.00013365943,0.021739130434782608,9.72116831690073e-05,1,ANOMALY
de5729d1d71749c4bac182930c659acf,3,1,TEST,0.00015849822,0.021739130434782608,9.72116831690073e-05,1,ANOMALY
de69795148e24a2c820a47e10e771860,3,1,TEST,0.00013617934,0.021739130434782608,9.72116831690073e-05,1,ANOMALY
de7961b2e42245008e73505bb1205acc,3,1,TEST,0.00044417847,0.021739130434782608,9.72116831690073e-05,1,ANOMALY
de86898eaf0847bb81435b1590ab1af2,3,1,TEST,0.0002216956,0.021739130434782608,9.72116831690073e-05,1,ANOMALY
de9b9aa86f4f4893ab41aa66862535f0,3,1,TEST,0.00036145392,0.021739130434782608,9.72116831690073e-05,1,ANOMALY
de9cfd8e288e4f999e31ab49bdc11ddf,3,1,TEST,0.00033802757,0.021739130434782608,9.72116831690073e-05,1,ANOMALY
de9eef32b0fa4105a5d667717c444d9b,3,1,TEST,0.0004368591,0.021739130434782608,9.72116831690073e-05,1,ANOMALY
dec81d01c23144f7a3a885e77be7bc57,4,1,TEST,0.0024921678,0.021739130434782608,9.72116831690073e-05,1,ANOMALY
dee770f8be4f4c96bf7d8a11c7cc9784,4,1,TEST,0.00036050985,0.021739130434782608,9.72116831690073e-05,1,ANOMALY
def3b33127e44753b0dd5d55e2e5a7a4,3,1,TEST,0.00068711815,0.021739130434782608,9.72116831690073e-05,1,ANOMALY
df0aaf59702e489e96bcc768ef94d3af,4,1,TEST,0.0024226047,0.021739130434782608,9.72116831690073e-05,1,ANOMALY
df1bcd136b2d41da925b666187615c82,3,1,TEST,0.00015207342,0.021739130434782608,9.72116831690073e-05,1,ANOMALY
df356a2814d240d8836e83d971612e64,3,1,TEST,0.000267739,0.021739130434782608,9.72116831690073e-05,1,ANOMALY
df3685cb551d4e7d9aa058e835292a9b,3,1,TEST,0.00026030888,0.021739130434782608,9.72116831690073e-05,1,ANOMALY
df57b4ff3359416ca6987332ae24d0fd,3,1,TEST,0.00035416053,0.021739130434782608,9.72116831690073e-05,1,ANOMALY
df57d7b9131241b287ed76bdbb49b161,3,1,TEST,0.0011863878,0.021739130434782608,9.72116831690073e-05,1,ANOMALY
df623ba07820407bbfe91afb0c24661a,3,1,TEST,0.0002269914,0.021739130434782608,9.72116831690073e-05,1,ANOMALY
df664b38539e46c8bb5b6c21de9a4782,3,1,TEST,0.0002528308,0.021739130434782608,9.72116831690073e-05,1,ANOMALY
df75520e84d94060a08981800d318f73,3,1,TEST,0.00042171415,0.021739130434782608,9.72116831690073e-05,1,ANOMALY
df85d527b2df46deb74c8f433ae3efc7,3,1,TEST,0.00033832953,0.021739130434782608,9.72116831690073e-05,1,ANOMALY
df934255d1c84c319f0f3d77d6cb5fa6,3,1,TEST,0.00026312927,0.021739130434782608,9.72116831690073e-05,1,ANOMALY
df946057eceb4b4fb920cf728fb06f97,3,1,TEST,0.00035759492,0.021739130434782608,9.72116831690073e-05,1,ANOMALY
dfb2ec667c0c443d8df581b336ad7639,3,1,TEST,0.00022168024,0.021739130434782608,9.72116831690073e-05,1,ANOMALY
dfb5444cdd7344ceb47b4cd644f712ed,3,1,TEST,0.00046859024,0.021739130434782608,9.72116831690073e-05,1,ANOMALY
dfbc2e5b87584113b379bfb013068404,3,1,TEST,0.00034536046,0.021739130434782608,9.72116831690073e-05,1,ANOMALY
dfbf3d0a394e49f688d44369247a5e30,4,1,TEST,0.00069364195,0.021739130434782608,9.72116831690073e-05,1,ANOMALY
dfcbebe2c8824e0a8cbae185ab4aa98f,3,1,TEST,0.00032945804,0.021739130434782608,9.72116831690073e-05,1,ANOMALY
dfe775d1ed244e5fac5371f2e919e5de,3,1,TEST,0.00035008727,0.021739130434782608,9.72116831690073e-05,1,ANOMALY
dfe7d08011b0451ea5fb9b0d57cf7353,3,1,TEST,0.0004217553,0.021739130434782608,9.72116831690073e-05,1,ANOMALY
dfeb17e5e6be45feac1572748e430ac9,3,1,TEST,0.0004153463,0.021739130434782608,9.72116831690073e-05,1,ANOMALY
dfebe19f6602402996dce8de6fb516f8,3,1,TEST,0.0005813447,0.021739130434782608,9.72116831690073e-05,1,ANOMALY
dff0ad01034f41b492249f6ae9756265,3,1,TEST,0.0009567466,0.021739130434782608,9.72116831690073e-05,1,ANOMALY
dfffdaeb4f3e4862ab7824ea177b6e8c,3,1,TEST,0.00027757772,0.021739130434782608,9.72116831690073e-05,1,ANOMALY
e000c039c9df419c9d8fa26a3ff7c520,3,1,TEST,0.000348155,0.021739130434782608,9.72116831690073e-05,1,ANOMALY
e01e978d0a6a4498be51f1e890a7d124,4,1,TEST,0.0016247104,0.021739130434782608,9.72116831690073e-05,1,ANOMALY
e0353c3f8896464f8076390aaf647002,3,1,TEST,0.00034483479,0.021739130434782608,9.72116831690073e-05,1,ANOMALY
e0409f9f29bd4023998e8c77b15b0bae,3,1,TEST,0.00030577602,0.021739130434782608,9.72116831690073e-05,1,ANOMALY
e084eed64edc4571836a1d0f98e532db,3,1,TEST,0.0002570385,0.021739130434782608,9.72116831690073e-05,1,ANOMALY
e08b5ac0424a48e88a29c04ac0230d18,3,1,TEST,0.00032872078,0.021739130434782608,9.72116831690073e-05,1,ANOMALY
e09969d0829546c7876ef3b1a60e1b24,3,1,TEST,0.00018813231,0.021739130434782608,9.72116831690073e-05,1,ANOMALY
e0b23f0e54ba42e3a613750d7a6e2597,3,1,TEST,0.00035366535,0.021739130434782608,9.72116831690073e-05,1,ANOMALY
e0b7529d273a4fbaa4afc46624616115,3,1,TEST,0.0004039288,0.021739130434782608,9.72116831690073e-05,1,ANOMALY
e0e8c22c7b87466b8f0b20d8b112a75b,3,1,TEST,0.00034820806,0.021739130434782608,9.72116831690073e-05,1,ANOMALY
e0efd249f90343ae8053645d36a8e00b,3,1,TEST,0.00023422175,0.021739130434782608,9.72116831690073e-05,1,ANOMALY
e0f1765685bc4bbeb9fbddedba34cdad,3,1,TEST,0.00026420917,0.021739130434782608,9.72116831690073e-05,1,ANOMALY
e10ff1135b4d4ff385bae66932ec2e69,3,1,TEST,0.00036818208,0.021739130434782608,9.72116831690073e-05,1,ANOMALY
e11858967e35496e92d60a77f9b04fe2,3,1,TEST,0.00026169384,0.021739130434782608,9.72116831690073e-05,1,ANOMALY
e118742e3db34c2bb30a9e78e4021329,4,1,TEST,0.0003855402,0.021739130434782608,9.72116831690073e-05,1,ANOMALY
e11b7463f8c84e758f79fd64d56c3bc7,3,1,TEST,0.00023019107,0.021739130434782608,9.72116831690073e-05,1,ANOMALY
e14b43cb9d114ac2b6daccf3da366e5e,3,1,TEST,0.00032723014,0.021739130434782608,9.72116831690073e-05,1,ANOMALY
e15a7d85191342c590d3d04a320f6c51,3,1,TEST,0.00024526898,0.021739130434782608,9.72116831690073e-05,1,ANOMALY
e15ddc091b1d44d09187be67578b27a6,3,1,TEST,0.0001901722,0.021739130434782608,9.72116831690073e-05,1,ANOMALY
e15eea0769644571bb66a4a011bb7c61,3,1,TEST,0.00043038948,0.021739130434782608,9.72116831690073e-05,1,ANOMALY
e165bcded1b64857aec146b3701da9fd,3,1,TEST,0.0002713453,0.021739130434782608,9.72116831690073e-05,1,ANOMALY
e1bdfbb430dd41d296c3b06df0cf6a0e,3,1,TEST,0.00029686902,0.021739130434782608,9.72116831690073e-05,1,ANOMALY
e1d2b721284e4787a2665c49379b9e7c,3,1,TEST,0.00022954983,0.021739130434782608,9.72116831690073e-05,1,ANOMALY
e1de4ea9f9f7442191505ae65de80f14,4,1,TEST,0.0003736045,0.021739130434782608,9.72116831690073e-05,1,ANOMALY
e1e58beedf6d4ae29a071b9304199b0d,3,1,TEST,0.00046585736,0.021739130434782608,9.72116831690073e-05,1,ANOMALY
e1ecf670707f4ef68fd5ffb42ee8e242,3,1,TEST,0.00022911016,0.021739130434782608,9.72116831690073e-05,1,ANOMALY
e24a28809a6d4855b0baccfe15f3ee0b,3,1,TEST,0.00029045335,0.021739130434782608,9.72116831690073e-05,1,ANOMALY
e24d0c030e334b7193274c6868b9a593,3,1,TEST,0.0002208046,0.021739130434782608,9.72116831690073e-05,1,ANOMALY
e252ceec9ba14c27894bcf6b042e7306,3,1,TEST,0.0001913771,0.021739130434782608,9.72116831690073e-05,1,ANOMALY
e2595734a5074b5481784508966fcbad,3,1,TEST,0.00046697987,0.021739130434782608,9.72116831690073e-05,1,ANOMALY
e25da8b4b4e4471099915092ff8f3a01,4,1,TEST,0.0007953606,0.021739130434782608,9.72116831690073e-05,1,ANOMALY
e272332d1326457280a6773bfe48cbb2,1,1,TEST,0.00021962984,0.021739130434782608,9.72116831690073e-05,1,ANOMALY
e285d8ca09ab4b8fa052a9db36e791e6,3,1,TEST,0.0002923992,0.021739130434782608,9.72116831690073e-05,1,ANOMALY
e2876cc94bbd49298c7dc591203787bc,3,1,TEST,0.00027561653,0.021739130434782608,9.72116831690073e-05,1,ANOMALY
e2890ee6d80d48868c3122e098852a69,3,1,TEST,0.00024821193,0.021739130434782608,9.72116831690073e-05,1,ANOMALY
e2a5a9f7c3264092ad27dbe758cd88d3,3,1,TEST,0.00026215462,0.021739130434782608,9.72116831690073e-05,1,ANOMALY
e2aa96e8766642b19ea346713c1b3e71,3,1,TEST,0.00016842574,0.021739130434782608,9.72116831690073e-05,1,ANOMALY
e2b4328bffc64acebc6a4cc4e49f9b22,3,1,TEST,0.00062187004,0.021739130434782608,9.72116831690073e-05,1,ANOMALY
e2cc351cbea84ecbb6d3a4845e9fbd3d,3,1,TEST,0.00045679725,0.021739130434782608,9.72116831690073e-05,1,ANOMALY
e31d8d758acd4ec691a6074dcb107ece,3,1,TEST,0.00016289653,0.021739130434782608,9.72116831690073e-05,1,ANOMALY
e32eb7804e5a4ac9b6d0f52d0971208b,3,1,TEST,0.00029295744,0.021739130434782608,9.72116831690073e-05,1,ANOMALY
e3314dd24d274c9a90895b513815ff1a,4,1,TEST,0.0012489896,0.021739130434782608,9.72116831690073e-05,1,ANOMALY
e3527e628d4b4829ac0036f8e84c62c9,3,1,TEST,0.00019063332,0.021739130434782608,9.72116831690073e-05,1,ANOMALY
e356eb020a34464ead84685292add4eb,3,1,TEST,0.00024790954,0.021739130434782608,9.72116831690073e-05,1,ANOMALY
e35ff66f14104b178779006c11ce2083,3,1,TEST,0.00014305688,0.021739130434782608,9.72116831690073e-05,1,ANOMALY
e390fddc3f03444eacbb6ab7add79250,3,1,TEST,0.00025847525,0.021739130434782608,9.72116831690073e-05,1,ANOMALY
e392d329a0584f5dba3d93a47328b2c2,3,1,TEST,0.00035714702,0.021739130434782608,9.72116831690073e-05,1,ANOMALY
e3947852abf144b9b97f006e8c473bda,3,1,TEST,0.0005023086,0.021739130434782608,9.72116831690073e-05,1,ANOMALY
e3952c590d654a08acba6ccad4982895,3,1,TEST,0.00023818637,0.021739130434782608,9.72116831690073e-05,1,ANOMALY
e39bb5a902484bde88318d86ee7ddef9,3,1,TEST,0.000320601,0.021739130434782608,9.72116831690073e-05,1,ANOMALY
e3b7e8af02924cc9949e0b066b708263,3,1,TEST,0.000237504,0.021739130434782608,9.72116831690073e-05,1,ANOMALY
e3ba74ac5cdc44469a7355c2ad9013ae,3,1,TEST,0.00027939858,0.021739130434782608,9.72116831690073e-05,1,ANOMALY
e3c8abd941744841aa95cf63b41bc25e,3,1,TEST,0.00019730606,0.021739130434782608,9.72116831690073e-05,1,ANOMALY
e3cbdc00afc544058c3ff04dc04aca43,1,1,TEST,0.0007849132,0.021739130434782608,9.72116831690073e-05,1,ANOMALY
e3d00816a3e84d42b856960191747347,6,0,TEST,3.7952523e-05,0.13043478260869565,9.72116831690073e-05,0,REFERENCE
e3da0fdb02f8460a9e8b3889d7a742a7,3,1,TEST,0.00025247104,0.021739130434782608,9.72116831690073e-05,1,ANOMALY
e40071c34c424bddb41652fd98472562,3,1,TEST,0.00024656203,0.021739130434782608,9.72116831690073e-05,1,ANOMALY
e406461b78994e3883ab5776b0123112,3,1,TEST,0.00021108301,0.021739130434782608,9.72116831690073e-05,1,ANOMALY
e41692eb1a6542a7b97efde21e8b9dff,3,1,TEST,0.00021105008,0.021739130434782608,9.72116831690073e-05,1,ANOMALY
e43985ffcbba4ae98f91d4c6b1d9c167,3,1,TEST,0.000261863,0.021739130434782608,9.72116831690073e-05,1,ANOMALY
e44d4a660db843fdbafcd54618db9a59,3,1,TEST,0.00025772734,0.021739130434782608,9.72116831690073e-05,1,ANOMALY
e45b736fa795471b94454a39639a03a2,1,1,TEST,0.000487259,0.021739130434782608,9.72116831690073e-05,1,ANOMALY
e45e25b6b95945cd9655ab469b4d9a61,3,1,TEST,0.00031879736,0.021739130434782608,9.72116831690073e-05,1,ANOMALY
e45ebe6a1c9444768a83fa81ef17a217,3,1,TEST,0.00024820093,0.021739130434782608,9.72116831690073e-05,1,ANOMALY
e45ff2f197d8489899689de2685e1637,3,1,TEST,0.00019246768,0.021739130434782608,9.72116831690073e-05,1,ANOMALY
e48d8b48c2ae4e13bbb54f4c02ca5453,3,1,TEST,0.00028451666,0.021739130434782608,9.72116831690073e-05,1,ANOMALY
e49432f3f56a4326bf48f3ff1b863ef2,3,1,TEST,0.00018782068,0.021739130434782608,9.72116831690073e-05,1,ANOMALY
e4972d26b6af4c5b94b3c3ff15be8a28,3,1,TEST,0.0003167805,0.021739130434782608,9.72116831690073e-05,1,ANOMALY
e4bb13d89cdc46a5b92a1cd8caf3398e,3,1,TEST,0.0003323084,0.021739130434782608,9.72116831690073e-05,1,ANOMALY
e4ee05e67e65460b831e6ae5df5076d4,4,1,TEST,0.0014628633,0.021739130434782608,9.72116831690073e-05,1,ANOMALY
e4f6fd4f2dd34c1792a23371021e2ab4,3,1,TEST,0.00024327725,0.021739130434782608,9.72116831690073e-05,1,ANOMALY
e500dcd49ad44bb48bdc57bb0b31333f,3,1,TEST,0.00017042333,0.021739130434782608,9.72116831690073e-05,1,ANOMALY
e5207ad51cc34deab16e9f76cb33e7ae,3,1,TEST,0.00032397703,0.021739130434782608,9.72116831690073e-05,1,ANOMALY
e538d757b22342ee8521e42a9902b1ef,3,1,TEST,0.00031469585,0.021739130434782608,9.72116831690073e-05,1,ANOMALY
e54670b5563e411d9456859e583dbab0,4,1,TEST,0.0009349605,0.021739130434782608,9.72116831690073e-05,1,ANOMALY
e54d1d1576d24f56ba56d88034ff86a9,3,1,TEST,0.00032725628,0.021739130434782608,9.72116831690073e-05,1,ANOMALY
e54e54ee9cac4c209cde6a72ceae9f96,3,1,TEST,0.00019125243,0.021739130434782608,9.72116831690073e-05,1,ANOMALY
e55b32a4850a4b608e939bf4ba02bd3d,3,1,TEST,0.00027458993,0.021739130434782608,9.72116831690073e-05,1,ANOMALY
e580e90ba2ff4d0e89d36c40f32d2372,3,1,TEST,0.0012481939,0.021739130434782608,9.72116831690073e-05,1,ANOMALY
e5b635d0e22444e8940051c2212f1a09,3,1,TEST,0.0002445032,0.021739130434782608,9.72116831690073e-05,1,ANOMALY
e5b76411bad44dccb1c4528b3beb8af2,3,1,TEST,0.00022236918,0.021739130434782608,9.72116831690073e-05,1,ANOMALY
e5bc681d14b54e94a8e16a1f13c0b200,3,1,TEST,0.00038603647,0.021739130434782608,9.72116831690073e-05,1,ANOMALY
e5c9e764a02344a7aadc34fac61d0f3a,1,1,TEST,0.0001790681,0.021739130434782608,9.72116831690073e-05,1,ANOMALY
e5e0a1acc49a46af9fccc25e8580088d,3,1,TEST,0.00021285727,0.021739130434782608,9.72116831690073e-05,1,ANOMALY
e5e1e05097cc47c6a631f640365134d3,1,1,TEST,0.00019130585,0.021739130434782608,9.72116831690073e-05,1,ANOMALY
e5ed637d76ae4e1abc163df32e467e37,3,1,TEST,0.00074153463,0.021739130434782608,9.72116831690073e-05,1,ANOMALY
e5f7d79314db4b6681e0763a616d7c3d,3,1,TEST,0.00028904394,0.021739130434782608,9.72116831690073e-05,1,ANOMALY
e5f8c9ac3ac14b428055f5d7f9d4ca7c,3,1,TEST,0.00025544286,0.021739130434782608,9.72116831690073e-05,1,ANOMALY
e6286e6e331b41a5b4d2c2d470195a6a,3,1,TEST,0.00036890066,0.021739130434782608,9.72116831690073e-05,1,ANOMALY
e629317eb9434e1d8de5883c36aa2686,3,1,TEST,0.00021181797,0.021739130434782608,9.72116831690073e-05,1,ANOMALY
e63944ab996444bcad7280ddb4bc1dca,3,1,TEST,0.00027001245,0.021739130434782608,9.72116831690073e-05,1,ANOMALY
e64018a4a9b74582a4f86862d7a10670,3,1,TEST,0.0002733867,0.021739130434782608,9.72116831690073e-05,1,ANOMALY
e648516d92b442888c0414b03af11626,3,1,TEST,0.00021925697,0.021739130434782608,9.72116831690073e-05,1,ANOMALY
e6751a6decc04c45b38dc35ca40d4935,6,0,TEST,3.5129022e-05,0.21739130434782608,9.72116831690073e-05,0,REFERENCE
e675cdb06a9b4dc2a7f8fe1a1cb98928,3,1,TEST,0.00029606614,0.021739130434782608,9.72116831690073e-05,1,ANOMALY
e67ceed1c569463e90a2de6144bf8945,3,1,TEST,0.00020486166,0.021739130434782608,9.72116831690073e-05,1,ANOMALY
e68101f3a81e4b08b3cace324003b033,3,1,TEST,0.00024553816,0.021739130434782608,9.72116831690073e-05,1,ANOMALY
e686105491cd4d11b0b9773f942b3047,3,1,TEST,0.00054457854,0.021739130434782608,9.72116831690073e-05,1,ANOMALY
e69b67ead23b49958bf6ed286a9914af,3,1,TEST,0.00022291855,0.021739130434782608,9.72116831690073e-05,1,ANOMALY
e6b52545fbb141ae984be041eb863688,3,1,TEST,0.00022461488,0.021739130434782608,9.72116831690073e-05,1,ANOMALY
e7304ba3aee848d9aab11d71565b86fa,3,1,TEST,0.00031303623,0.021739130434782608,9.72116831690073e-05,1,ANOMALY
e7310af02e974a03b5c207a3301f085a,3,1,TEST,0.00030087476,0.021739130434782608,9.72116831690073e-05,1,ANOMALY
e74040120d7f443bb2b5812c9e3c36b7,3,1,TEST,0.0002887438,0.021739130434782608,9.72116831690073e-05,1,ANOMALY
e74f7b1bc0954bdab11eab869e6bee05,3,1,TEST,0.0002384393,0.021739130434782608,9.72116831690073e-05,1,ANOMALY
e78abca290d64fbb9fb44c8508871eed,3,1,TEST,0.00032729603,0.021739130434782608,9.72116831690073e-05,1,ANOMALY
e78debacab844601a7b39fb3e7f6d9e8,3,1,TEST,0.0005768549,0.021739130434782608,9.72116831690073e-05,1,ANOMALY
e7bcab92dee547f588d4bf449a4fee30,3,1,TEST,0.0005633176,0.021739130434782608,9.72116831690073e-05,1,ANOMALY
e7c8805ef870486091056988a7e16f5b,3,1,TEST,0.00033134877,0.021739130434782608,9.72116831690073e-05,1,ANOMALY
e7dab22e175b41d39c05efe1ba2197e0,3,1,TEST,0.00027446053,0.021739130434782608,9.72116831690073e-05,1,ANOMALY
e7e17f1104f64ef7ae64aa609eebc3d6,4,1,TEST,0.0016188796,0.021739130434782608,9.72116831690073e-05,1,ANOMALY
e7feaa19b9f244a99d0156798fe66c36,3,1,TEST,0.00027511106,0.021739130434782608,9.72116831690073e-05,1,ANOMALY
e809c313eb1f43919c173ec52ebf8c65,3,1,TEST,0.00038831332,0.021739130434782608,9.72116831690073e-05,1,ANOMALY
e81c33c2dd3247a4bb31c5d825ebf2a8,3,1,TEST,0.00033176132,0.021739130434782608,9.72116831690073e-05,1,ANOMALY
e828872099014b7caa880e3a998b6548,3,1,TEST,0.00031625835,0.021739130434782608,9.72116831690073e-05,1,ANOMALY
e8493b5904db41d6aae6777cda94fe54,3,1,TEST,0.00020005828,0.021739130434782608,9.72116831690073e-05,1,ANOMALY
e858a036248047a9b822085cf27cd2e5,3,1,TEST,0.00018828297,0.021739130434782608,9.72116831690073e-05,1,ANOMALY
e881ef84b5f8405b99c1ee78a987369c,3,1,TEST,0.00042448431,0.021739130434782608,9.72116831690073e-05,1,ANOMALY
e8d8a0d9b6c047d1a032d88b5636a1ad,3,1,TEST,0.00017218932,0.021739130434782608,9.72116831690073e-05,1,ANOMALY
e8e16612085849e9a7dbd6906534039e,3,1,TEST,0.00041131396,0.021739130434782608,9.72116831690073e-05,1,ANOMALY
e8fcd404923b4bfab850c3f4d4dbfdfa,6,0,TEST,9.7701835e-05,0.021739130434782608,9.72116831690073e-05,1,ANOMALY
e92300e24cbb4a9399d41bf93db93938,3,1,TEST,0.00026845786,0.021739130434782608,9.72116831690073e-05,1,ANOMALY
e92606eaffe34240b122cf0dd5ff88e6,3,1,TEST,0.0003915454,0.021739130434782608,9.72116831690073e-05,1,ANOMALY
e956c6853e844c42a535415d9c1ca59b,3,1,TEST,0.00024518964,0.021739130434782608,9.72116831690073e-05,1,ANOMALY
e97d6d98c9fb4efcbab7731b5adf010d,6,0,TEST,3.1226566e-05,0.8260869565217391,9.72116831690073e-05,0,REFERENCE
e9bc9b59969a48418a3523bac64f1350,3,1,TEST,0.00023799264,0.021739130434782608,9.72116831690073e-05,1,ANOMALY
e9c71a9844be472ab8d28bbf7a820d9f,3,1,TEST,0.00025909618,0.021739130434782608,9.72116831690073e-05,1,ANOMALY
e9cca73be4e742c4848e54622a87907a,5,1,TEST,0.00025068573,0.021739130434782608,9.72116831690073e-05,1,ANOMALY
e9d7890da7fb4ead953aaa01be988793,3,1,TEST,0.00020839671,0.021739130434782608,9.72116831690073e-05,1,ANOMALY
e9dd3f6a915c4330a53494e78a9a62ed,3,1,TEST,0.00036370358,0.021739130434782608,9.72116831690073e-05,1,ANOMALY
e9fd44d4504e44c48fffea743fb14960,3,1,TEST,0.0004590074,0.021739130434782608,9.72116831690073e-05,1,ANOMALY
ea17d422815942a1b77dc2f7eb93c52b,3,1,TEST,0.00019786932,0.021739130434782608,9.72116831690073e-05,1,ANOMALY
ea248040df1840a595eac9089264c901,3,1,TEST,0.00030231552,0.021739130434782608,9.72116831690073e-05,1,ANOMALY
ea388bebcabc406b868f99057988f4a0,4,1,TEST,0.0014177577,0.021739130434782608,9.72116831690073e-05,1,ANOMALY
ea3a8e72a3a24fbc9e0ccf3d66eede2a,3,1,TEST,0.00024104655,0.021739130434782608,9.72116831690073e-05,1,ANOMALY
ea482bd6c5c84ec49692d011874f052a,4,1,TEST,0.0005642815,0.021739130434782608,9.72116831690073e-05,1,ANOMALY
ea6e6b76123b4ca9a9ef3a8bc47289f5,3,1,TEST,0.00048437584,0.021739130434782608,9.72116831690073e-05,1,ANOMALY
ea89502eddaa4e95ad34867fc870392e,3,1,TEST,0.00027864907,0.021739130434782608,9.72116831690073e-05,1,ANOMALY
eab83ea215084af69d33ecb1da2cfa69,3,1,TEST,0.00023928384,0.021739130434782608,9.72116831690073e-05,1,ANOMALY
eab89eacef324c859fe721386cf12a0a,3,1,TEST,0.00024708928,0.021739130434782608,9.72116831690073e-05,1,ANOMALY
eac80f93ed8b4900a31b149636e2d25d,3,1,TEST,0.00020535744,0.021739130434782608,9.72116831690073e-05,1,ANOMALY
eacd4b554e66444fb12f579662424570,3,1,TEST,0.00023149897,0.021739130434782608,9.72116831690073e-05,1,ANOMALY
eadbf118bc284bdcaf562b9ec3ff80e3,3,1,TEST,0.00019982483,0.021739130434782608,9.72116831690073e-05,1,ANOMALY
eae0c5f9d941436db1d399e3a9a4dced,3,1,TEST,0.00031923776,0.021739130434782608,9.72116831690073e-05,1,ANOMALY
eb0be55a15434a39a8e7f66039266447,3,1,TEST,0.0002391645,0.021739130434782608,9.72116831690073e-05,1,ANOMALY
eb1dbf6beebe497db2f713be42fde4f7,3,1,TEST,0.0002158455,0.021739130434782608,9.72116831690073e-05,1,ANOMALY
eb240b48430046399f98bba8ad1f4d8c,3,1,TEST,0.00033130485,0.021739130434782608,9.72116831690073e-05,1,ANOMALY
eb49551a34074c37931f2949c881e3de,3,1,TEST,0.00045959622,0.021739130434782608,9.72116831690073e-05,1,ANOMALY
eb5f0c24a019478fa5979f7039342fbd,3,1,TEST,0.0002467254,0.021739130434782608,9.72116831690073e-05,1,ANOMALY
eb6af3ae5cf64d719f443171d82c5491,3,1,TEST,0.00015799984,0.021739130434782608,9.72116831690073e-05,1,ANOMALY
eb8170310b2b4dffbc1f2a4e2e356ca1,3,1,TEST,0.0001398249,0.021739130434782608,9.72116831690073e-05,1,ANOMALY
eb91a97191304c6a9636f8374d55664c,4,1,TEST,0.0018705416,0.021739130434782608,9.72116831690073e-05,1,ANOMALY
eba660a94d2f468b9d8edc8cfab9f5bd,3,1,TEST,0.0002699493,0.021739130434782608,9.72116831690073e-05,1,ANOMALY
ebac43d8b3b746c4ade19d2aaf50a1b9,3,1,TEST,0.00025635512,0.021739130434782608,9.72116831690073e-05,1,ANOMALY
ebd0a940cf92452ba584faff836a11be,3,1,TEST,0.0004296333,0.021739130434782608,9.72116831690073e-05,1,ANOMALY
ebd862e405a44c4da38f2e7a54d99f4e,3,1,TEST,0.00021386018,0.021739130434782608,9.72116831690073e-05,1,ANOMALY
ebe4602597134368815053ddd61eabc7,3,1,TEST,0.00022089612,0.021739130434782608,9.72116831690073e-05,1,ANOMALY
ebeab2dd2c05493d8781c1d81af8d529,3,1,TEST,0.00015642337,0.021739130434782608,9.72116831690073e-05,1,ANOMALY
ebf8689ee31748599e9f8070b2558a73,3,1,TEST,0.00038299858,0.021739130434782608,9.72116831690073e-05,1,ANOMALY
ec02b94a3a7e45398cbdfe2972456ffe,3,1,TEST,0.00030639046,0.021739130434782608,9.72116831690073e-05,1,ANOMALY
ec11cf4353f1413c8d358915fda99501,3,1,TEST,0.00029005285,0.021739130434782608,9.72116831690073e-05,1,ANOMALY
ec2e8c0580a24e7a9162df477576e494,3,1,TEST,0.0008758425,0.021739130434782608,9.72116831690073e-05,1,ANOMALY
ec85e842dba043c7bac46fd017de0b74,3,1,TEST,0.0002470707,0.021739130434782608,9.72116831690073e-05,1,ANOMALY
ec8cfd045f284786af7274ae171bfabd,3,1,TEST,0.00022057838,0.021739130434782608,9.72116831690073e-05,1,ANOMALY
ec8f9ada29604970955c09573f48df1a,3,1,TEST,0.00026648125,0.021739130434782608,9.72116831690073e-05,1,ANOMALY
ec96dde237b64acdaca69b90ef4c6753,3,1,TEST,0.00019396277,0.021739130434782608,9.72116831690073e-05,1,ANOMALY
ec9db265d9b8410e8ac766724cef0478,3,1,TEST,0.00023838753,0.021739130434782608,9.72116831690073e-05,1,ANOMALY
ecaef297d1ba4d838f9bac8aaa8bcbc1,3,1,TEST,0.00033491984,0.021739130434782608,9.72116831690073e-05,1,ANOMALY
ecb7036347f74911bfb58d8b674e6de4,3,1,TEST,0.00023601032,0.021739130434782608,9.72116831690073e-05,1,ANOMALY
ecb9b243a4444993b01a27b0a83d1154,3,1,TEST,0.00018460944,0.021739130434782608,9.72116831690073e-05,1,ANOMALY
ecc48e2e1dd84b299916bd9f4db26dae,3,1,TEST,0.00032556342,0.021739130434782608,9.72116831690073e-05,1,ANOMALY
ecc6ebc6e9b54ba6802647282503f0b1,3,1,TEST,0.0004244302,0.021739130434782608,9.72116831690073e-05,1,ANOMALY
ecd01fe521324fe094b28d39eecff086,3,1,TEST,0.00037650787,0.021739130434782608,9.72116831690073e-05,1,ANOMALY
ecdfaca162ef4ef9ac064322a0575586,3,1,TEST,0.00047887102,0.021739130434782608,9.72116831690073e-05,1,ANOMALY
ecf4ec3ac8f34f0ea0f2ea94069a4978,3,1,TEST,0.00030196688,0.021739130434782608,9.72116831690073e-05,1,ANOMALY
ed06cd938fca46d58ea64bbce8ffdd8a,3,1,TEST,0.0002937268,0.021739130434782608,9.72116831690073e-05,1,ANOMALY
ed11de8d30a443328f589c582a43d972,3,1,TEST,0.0005726423,0.021739130434782608,9.72116831690073e-05,1,ANOMALY
ed40307511424b4e968e72ab7a4cad38,3,1,TEST,0.00015888872,0.021739130434782608,9.72116831690073e-05,1,ANOMALY
ed7eefef090f4cbfbc2ff92c6e17f51e,4,1,TEST,0.00060080487,0.021739130434782608,9.72116831690073e-05,1,ANOMALY
ed8e683ec32a4ff1b721bfef5f1d4910,3,1,TEST,0.00020535682,0.021739130434782608,9.72116831690073e-05,1,ANOMALY
edbb23275c6941b691857d5e4e96a48c,3,1,TEST,0.00024850824,0.021739130434782608,9.72116831690073e-05,1,ANOMALY
edbf806816184442b44d2f65f67426c2,3,1,TEST,0.00022360987,0.021739130434782608,9.72116831690073e-05,1,ANOMALY
eded453ce59f4fc5b6cb86ba59a6e7ef,3,1,TEST,0.000772593,0.021739130434782608,9.72116831690073e-05,1,ANOMALY
ee03cc8998b84c9e95d811a3268010a2,3,1,TEST,0.0002769099,0.021739130434782608,9.72116831690073e-05,1,ANOMALY
ee1ab3bed90f4abbb8cdd55bd9cf4669,3,1,TEST,0.0003810405,0.021739130434782608,9.72116831690073e-05,1,ANOMALY
ee3e691683f24fbea6685026ccb7c33c,3,1,TEST,0.0002921436,0.021739130434782608,9.72116831690073e-05,1,ANOMALY
ee5c134577d54c739a9e12bb4bc83032,3,1,TEST,0.00027200935,0.021739130434782608,9.72116831690073e-05,1,ANOMALY
ee7da9b646be41a8a9861aac3d3d331e,4,1,TEST,0.0024274443,0.021739130434782608,9.72116831690073e-05,1,ANOMALY
ee8335d83cf74381867101c6762a66a0,3,1,TEST,0.00038137974,0.021739130434782608,9.72116831690073e-05,1,ANOMALY
ee8866d456c94376a046376c21ff549c,3,1,TEST,0.00023631276,0.021739130434782608,9.72116831690073e-05,1,ANOMALY
eebdbb4ec35e4f13910e76568088698a,3,1,TEST,0.00023628038,0.021739130434782608,9.72116831690073e-05,1,ANOMALY
ef1c198aa32f4935b1cb0e439d929dbc,3,1,TEST,0.00018137458,0.021739130434782608,9.72116831690073e-05,1,ANOMALY
ef1ddc79b1ca4a48b3ad9194dd653499,3,1,TEST,0.00024265968,0.021739130434782608,9.72116831690073e-05,1,ANOMALY
ef3722583c7043f984dad85b92d4db89,3,1,TEST,0.0004860789,0.021739130434782608,9.72116831690073e-05,1,ANOMALY
ef3a94a2231d410aa67eeb24f7765f19,3,1,TEST,0.00022369146,0.021739130434782608,9.72116831690073e-05,1,ANOMALY
ef585238883c495fac57f2e24cfacc0a,3,1,TEST,0.00016448498,0.021739130434782608,9.72116831690073e-05,1,ANOMALY
ef64df8774524a88adcdf0337979045a,3,1,TEST,0.00014058387,0.021739130434782608,9.72116831690073e-05,1,ANOMALY
ef8830af84e3404fa4aeb36315be0927,3,1,TEST,0.0002901659,0.021739130434782608,9.72116831690073e-05,1,ANOMALY
ef8e4faf45a54fcbb88e16be4569c680,3,1,TEST,0.00046592782,0.021739130434782608,9.72116831690073e-05,1,ANOMALY
efa11374ffd847e0b66f1d1926a0f26a,3,1,TEST,0.00027260874,0.021739130434782608,9.72116831690073e-05,1,ANOMALY
efba5df59bf644f18a8c3190f7434c7f,3,1,TEST,0.00017998069,0.021739130434782608,9.72116831690073e-05,1,ANOMALY
efd48f285bc941bdaede8bea6652c556,3,1,TEST,0.0004253514,0.021739130434782608,9.72116831690073e-05,1,ANOMALY
efec83f6402e4a4cbbae0e595c86b33b,3,1,TEST,0.0008250241,0.021739130434782608,9.72116831690073e-05,1,ANOMALY
eff3a0a5f4764992bb2f7483925d06c3,3,1,TEST,0.0002562709,0.021739130434782608,9.72116831690073e-05,1,ANOMALY
effe0da1bc094e949e699e69139b63a0,3,1,TEST,0.00030262006,0.021739130434782608,9.72116831690073e-05,1,ANOMALY
f000c11e3b284f829d8466e9377084f2,3,1,TEST,0.00016341002,0.021739130434782608,9.72116831690073e-05,1,ANOMALY
f0050615359d469ba903bf7ef7c55715,3,1,TEST,0.00025346637,0.021739130434782608,9.72116831690073e-05,1,ANOMALY
f044f55e6a95498fb7024af0fda35ee8,3,1,TEST,0.00024021394,0.021739130434782608,9.72116831690073e-05,1,ANOMALY
f0836bfd9bde4f888fa2cc049509c8e4,3,1,TEST,0.00019940174,0.021739130434782608,9.72116831690073e-05,1,ANOMALY
f097bb42a2d6485ca68e815ecf2b420b,3,1,TEST,0.00024501188,0.021739130434782608,9.72116831690073e-05,1,ANOMALY
f09c9662e21845abb526f925ababf282,3,1,TEST,0.00029334417,0.021739130434782608,9.72116831690073e-05,1,ANOMALY
f0aa8c53b98d42619b5c96957d197d46,3,1,TEST,0.00022681609,0.021739130434782608,9.72116831690073e-05,1,ANOMALY
f0cba88c23c941ecac6d39897b835df7,3,1,TEST,0.00015796044,0.021739130434782608,9.72116831690073e-05,1,ANOMALY
f0e8ae1f20cd4c8fb0eb5953c2893eae,3,1,TEST,0.00032319088,0.021739130434782608,9.72116831690073e-05,1,ANOMALY
f10dd7e1923e4d8f902520d98d9acfec,3,1,TEST,0.00027241546,0.021739130434782608,9.72116831690073e-05,1,ANOMALY
f1123c42655e41e4bd059c63a5dfb643,3,1,TEST,0.00027461894,0.021739130434782608,9.72116831690073e-05,1,ANOMALY
f147cc8282c048249a10b695a85e33e8,3,1,TEST,0.0002272643,0.021739130434782608,9.72116831690073e-05,1,ANOMALY
f1497b2e6e744a6eb2347a3bfedbb7d6,3,1,TEST,0.00026935712,0.021739130434782608,9.72116831690073e-05,1,ANOMALY
f16b3772bdba4c6d91e6f822b283528d,3,1,TEST,0.0002633917,0.021739130434782608,9.72116831690073e-05,1,ANOMALY
f170322daf57474785de9234d3ae4ca8,3,1,TEST,0.00028932083,0.021739130434782608,9.72116831690073e-05,1,ANOMALY
f1bda9214cd048288058022a833c5850,4,1,TEST,0.00048408052,0.021739130434782608,9.72116831690073e-05,1,ANOMALY
f1cd367817734b29a804d5578d166740,4,1,TEST,0.0028358116,0.021739130434782608,9.72116831690073e-05,1,ANOMALY
f1f2b9a237294f40b194e29b5800722c,3,1,TEST,0.00017809623,0.021739130434782608,9.72116831690073e-05,1,ANOMALY
f1f9032e2e804b4da1b93d8a4e8cea99,3,1,TEST,0.00022219622,0.021739130434782608,9.72116831690073e-05,1,ANOMALY
f232379f09fa4383a1f268c00be02bf7,3,1,TEST,0.00022298844,0.021739130434782608,9.72116831690073e-05,1,ANOMALY
f232fea13cef4a32843eec28647dff2f,3,1,TEST,0.00023753494,0.021739130434782608,9.72116831690073e-05,1,ANOMALY
f2357956eb044dfba70031ac3af2ee80,3,1,TEST,0.00024145617,0.021739130434782608,9.72116831690073e-05,1,ANOMALY
f2360dc4f5524e818d74725be6306d35,4,1,TEST,0.00089041836,0.021739130434782608,9.72116831690073e-05,1,ANOMALY
f238d1336c0d4a3992f704bc8b82645f,3,1,TEST,0.00014909264,0.021739130434782608,9.72116831690073e-05,1,ANOMALY
f24c43df9e9c415b9c167ff3fff63e75,3,1,TEST,0.00028161687,0.021739130434782608,9.72116831690073e-05,1,ANOMALY
f25c7ffa9f654a3b9fa0664108c8938a,3,1,TEST,0.0004010039,0.021739130434782608,9.72116831690073e-05,1,ANOMALY
f26dd596fe3c41acaa858ad8fc341240,3,1,TEST,0.00022173571,0.021739130434782608,9.72116831690073e-05,1,ANOMALY
f283f67dc1184bb382b65f6a966617d1,3,1,TEST,0.0002556907,0.021739130434782608,9.72116831690073e-05,1,ANOMALY
f2a12c851a9641e2b1f392cfb12acc8a,3,1,TEST,0.00014750028,0.021739130434782608,9.72116831690073e-05,1,ANOMALY
f2a802b200cc48e29169ff963cab3781,3,1,TEST,0.00017725825,0.021739130434782608,9.72116831690073e-05,1,ANOMALY
f2c8b45d57c54cceaef3a63f7543ba72,3,1,TEST,0.0002905344,0.021739130434782608,9.72116831690073e-05,1,ANOMALY
f2ceb8f9823a458991cfee9d43ab6985,3,1,TEST,0.00022322299,0.021739130434782608,9.72116831690073e-05,1,ANOMALY
f2d0e909f8a34a29b6d5ba8632d14118,3,1,TEST,0.00021304261,0.021739130434782608,9.72116831690073e-05,1,ANOMALY
f3317c0669d34f488307acb087c81f2f,3,1,TEST,0.00023101128,0.021739130434782608,9.72116831690073e-05,1,ANOMALY
f35e6f9e423c4bb8a94b030dee2753d3,4,1,TEST,0.00045757034,0.021739130434782608,9.72116831690073e-05,1,ANOMALY
f3754125bcc54ee38d5333ef7ace758a,3,1,TEST,0.00027251698,0.021739130434782608,9.72116831690073e-05,1,ANOMALY
f3c3c24ad7df4ea29b91fc49b5b2544f,3,1,TEST,0.00016807887,0.021739130434782608,9.72116831690073e-05,1,ANOMALY
f3d60d9e668e4c0fb4b7caa26d925e3c,3,1,TEST,0.00035097916,0.021739130434782608,9.72116831690073e-05,1,ANOMALY
f3d9e9f9968c4c2681265a0a6663e0a2,3,1,TEST,0.0002216794,0.021739130434782608,9.72116831690073e-05,1,ANOMALY
f3f81fac97e24a848ac48001c41abbd4,3,1,TEST,0.00024786073,0.021739130434782608,9.72116831690073e-05,1,ANOMALY
f3fe8dfde5024f9293b105649f2a8bb6,3,1,TEST,0.00023274639,0.021739130434782608,9.72116831690073e-05,1,ANOMALY
f40ab4e5696c4813b600a28b8278ed06,3,1,TEST,0.00022553743,0.021739130434782608,9.72116831690073e-05,1,ANOMALY
f41690547bc9431882eda6dff1eee133,3,1,TEST,0.0002719286,0.021739130434782608,9.72116831690073e-05,1,ANOMALY
f41c24b89d7d4060a5640869939e0009,3,1,TEST,0.0002809701,0.021739130434782608,9.72116831690073e-05,1,ANOMALY
f41c83ac6c8841b59e086387a0489036,3,1,TEST,0.0002184948,0.021739130434782608,9.72116831690073e-05,1,ANOMALY
f4228b928ebe4887aa13256a5d0d248e,3,1,TEST,0.00017720672,0.021739130434782608,9.72116831690073e-05,1,ANOMALY
f42c3d4127cd4fa192f625f89b49165e,2,1,TEST,0.00016122214,0.021739130434782608,9.72116831690073e-05,1,ANOMALY
f43d7d22dfdd424a82d3feb0202a537d,3,1,TEST,0.0002146574,0.021739130434782608,9.72116831690073e-05,1,ANOMALY
f457008add6541c195348cb1c3155595,4,1,TEST,0.00084882556,0.021739130434782608,9.72116831690073e-05,1,ANOMALY
f460f359fa00452a8e7ce6e471128ef3,3,1,TEST,0.00048462182,0.021739130434782608,9.72116831690073e-05,1,ANOMALY
f484cb5ad1dc487586d79aa9f8acc81e,3,1,TEST,0.0002690464,0.021739130434782608,9.72116831690073e-05,1,ANOMALY
f484e6b3b6d54c83b9a9cc8f99c7ed21,4,1,TEST,0.0010383318,0.021739130434782608,9.72116831690073e-05,1,ANOMALY
f496b431cc2e4e28b5b556ee581036aa,3,1,TEST,0.00038315362,0.021739130434782608,9.72116831690073e-05,1,ANOMALY
f4b1143960794846a276057065dbfaf2,1,1,TEST,0.00016953322,0.021739130434782608,9.72116831690073e-05,1,ANOMALY
f4c4b726bce6487c9c826bcd2363a702,3,1,TEST,0.00022104703,0.021739130434782608,9.72116831690073e-05,1,ANOMALY
f510471132224860af599e249e6d4f2c,3,1,TEST,0.0002338438,0.021739130434782608,9.72116831690073e-05,1,ANOMALY
f517936cf0924d3691e1351e5d51db18,3,1,TEST,0.00019424266,0.021739130434782608,9.72116831690073e-05,1,ANOMALY
f5495de2765440c5b976c074ba4b59aa,3,1,TEST,0.00015432239,0.021739130434782608,9.72116831690073e-05,1,ANOMALY
f552d28035cf47b59feadf2a8ddb4ec5,3,1,TEST,0.00020555555,0.021739130434782608,9.72116831690073e-05,1,ANOMALY
f562420f14114e2f89d4b5c9b1a5b997,3,1,TEST,0.0002764621,0.021739130434782608,9.72116831690073e-05,1,ANOMALY
f5680a882dd8430a8452e6b9f3e5acfc,3,1,TEST,0.00042780826,0.021739130434782608,9.72116831690073e-05,1,ANOMALY
f5771566302448cc9727220971e65bc4,3,1,TEST,0.00032260944,0.021739130434782608,9.72116831690073e-05,1,ANOMALY
f5885b62a38245d2b7f5edf4f0071f2d,3,1,TEST,0.0001379576,0.021739130434782608,9.72116831690073e-05,1,ANOMALY
f596af0c62b7453ba7fb38dd7c700b33,3,1,TEST,0.0003061281,0.021739130434782608,9.72116831690073e-05,1,ANOMALY
f59764aea32449c79db6b4c182f8289a,3,1,TEST,0.0002526035,0.021739130434782608,9.72116831690073e-05,1,ANOMALY
f5bd2bd338b74ec58530c48baae582a0,3,1,TEST,0.00032175542,0.021739130434782608,9.72116831690073e-05,1,ANOMALY
f5c09852b28c4361b4c188008a9303fc,3,1,TEST,0.00030455447,0.021739130434782608,9.72116831690073e-05,1,ANOMALY
f60965b4f2194390a23a6b9dd03e08b4,3,1,TEST,0.00023045678,0.021739130434782608,9.72116831690073e-05,1,ANOMALY
f62dfa03d2a54d7f91ee831229978fe7,3,1,TEST,0.0002614088,0.021739130434782608,9.72116831690073e-05,1,ANOMALY
f63a7df2e95548f09c452a81e87dc3db,3,1,TEST,0.00015649154,0.021739130434782608,9.72116831690073e-05,1,ANOMALY
f63f69f30b6943d2bc66cb486e82c55a,3,1,TEST,0.00020534846,0.021739130434782608,9.72116831690073e-05,1,ANOMALY
f63ffe75c5e649daa5abceb26c3b80af,1,1,TEST,0.00051679485,0.021739130434782608,9.72116831690073e-05,1,ANOMALY
f656cb485c3646278729b92754b5af5c,3,1,TEST,0.00039777643,0.021739130434782608,9.72116831690073e-05,1,ANOMALY
f669cd131753406e939dd92bed43ba67,3,1,TEST,0.00026757343,0.021739130434782608,9.72116831690073e-05,1,ANOMALY
f66a3c503dee484787eacb2ac99dcec3,3,1,TEST,0.0002922595,0.021739130434782608,9.72116831690073e-05,1,ANOMALY
f66b352bf7b64075865e19f5b6a3b7dc,3,1,TEST,0.00038948073,0.021739130434782608,9.72116831690073e-05,1,ANOMALY
f67fcd74886949d49b9ee7592237a9ea,3,1,TEST,0.00022241047,0.021739130434782608,9.72116831690073e-05,1,ANOMALY
f6ab020602014d81a1c4345a921c25cd,3,1,TEST,0.00016445295,0.021739130434782608,9.72116831690073e-05,1,ANOMALY
f6aec95bcb6d41b1b6ba5f7dad031ceb,3,1,TEST,0.0004024456,0.021739130434782608,9.72116831690073e-05,1,ANOMALY
f6c82427085f4c3d822e2170fd43d409,3,1,TEST,0.00017336632,0.021739130434782608,9.72116831690073e-05,1,ANOMALY
f70155c9f04f427d9aca3916e4d70f87,3,1,TEST,0.00022772892,0.021739130434782608,9.72116831690073e-05,1,ANOMALY
f705c696e1cd447d825edb43a6627c6d,4,1,TEST,0.0004552085,0.021739130434782608,9.72116831690073e-05,1,ANOMALY
f71f836780e54f48914115a281c742a8,3,1,TEST,0.00024414313,0.021739130434782608,9.72116831690073e-05,1,ANOMALY
f7266108a843440083088c4d47022ab6,3,1,TEST,0.0003275282,0.021739130434782608,9.72116831690073e-05,1,ANOMALY
f72dec3bf7474c4b8d02c415a7a2517b,3,1,TEST,0.0002754218,0.021739130434782608,9.72116831690073e-05,1,ANOMALY
f742f77edff94ff9a0383e04ac53594c,3,1,TEST,0.00030293496,0.021739130434782608,9.72116831690073e-05,1,ANOMALY
f74e449141a9416dadd6b0ce4b604985,3,1,TEST,0.00026421403,0.021739130434782608,9.72116831690073e-05,1,ANOMALY
f75eaf1714534404a8f930431f64d867,3,1,TEST,0.00015942525,0.021739130434782608,9.72116831690073e-05,1,ANOMALY
f770368ecdf44223a54e3a9e63563e1e,4,1,TEST,0.0016040571,0.021739130434782608,9.72116831690073e-05,1,ANOMALY
f79fb66de5bf400f81ae8f25bccdc8b8,3,1,TEST,0.00026747532,0.021739130434782608,9.72116831690073e-05,1,ANOMALY
f7a8a8fe31dc45838ff6a379b600f37f,4,1,TEST,0.00041070988,0.021739130434782608,9.72116831690073e-05,1,ANOMALY
f7b2f4c336cc41ddaeb284c4fc9e8780,4,1,TEST,0.00039505045,0.021739130434782608,9.72116831690073e-05,1,ANOMALY
f7c86c5c773044b99e5b0f6cd21a2e80,3,1,TEST,0.00031778112,0.021739130434782608,9.72116831690073e-05,1,ANOMALY
f7f707fdb38b4810a550d3b05801574f,3,1,TEST,0.00022867274,0.021739130434782608,9.72116831690073e-05,1,ANOMALY
f7f8cf5c3a814c43814062b92698f029,3,1,TEST,0.00021365884,0.021739130434782608,9.72116831690073e-05,1,ANOMALY
f813ce367cd04d4a821089f72d8e346b,3,1,TEST,0.00036619225,0.021739130434782608,9.72116831690073e-05,1,ANOMALY
f8568d75b63142de99dc58827606bf4d,3,1,TEST,0.00054163835,0.021739130434782608,9.72116831690073e-05,1,ANOMALY
f860acfd1abb410e9d6d29d6a5881b3c,3,1,TEST,0.00037467538,0.021739130434782608,9.72116831690073e-05,1,ANOMALY
f8693b9e8fcd461f89cd8919f111b18d,4,1,TEST,0.001058699,0.021739130434782608,9.72116831690073e-05,1,ANOMALY
f87b5f7528594ac88ac2474f07417fb2,3,1,TEST,0.00019382164,0.021739130434782608,9.72116831690073e-05,1,ANOMALY
f8b23ed9b1814787b8d56bd4c8c7b99f,4,1,TEST,0.0006971761,0.021739130434782608,9.72116831690073e-05,1,ANOMALY
f8b5ef8f9b0c44c1a4196cf07c789383,3,1,TEST,0.00022797694,0.021739130434782608,9.72116831690073e-05,1,ANOMALY
f8c79cebebe04ba68ec22affe2ef57f8,3,1,TEST,0.00045433204,0.021739130434782608,9.72116831690073e-05,1,ANOMALY
f8cad4d7ecf743f9b1ad9d0d1de3db6d,4,1,TEST,0.0007455671,0.021739130434782608,9.72116831690073e-05,1,ANOMALY
f8d02ee84ab74f7995bccfabad3b79fa,3,1,TEST,0.00029775,0.021739130434782608,9.72116831690073e-05,1,ANOMALY
f8d6c8cd1bab4da5881a880ead12b0c7,1,1,TEST,0.00021549128,0.021739130434782608,9.72116831690073e-05,1,ANOMALY
f8e96d0d096549408338dfc71a8be89f,3,1,TEST,0.00021517937,0.021739130434782608,9.72116831690073e-05,1,ANOMALY
f919a0abcb0a487783b313063eb6597a,3,1,TEST,0.00036644086,0.021739130434782608,9.72116831690073e-05,1,ANOMALY
f92b4b95129c4750b6620ac0647158b7,3,1,TEST,0.00028568186,0.021739130434782608,9.72116831690073e-05,1,ANOMALY
f92b53bea5554e87aef6ca9701776d48,3,1,TEST,0.0003610558,0.021739130434782608,9.72116831690073e-05,1,ANOMALY
f93a268d03d34f67befab0061ea0007d,3,1,TEST,0.00025806215,0.021739130434782608,9.72116831690073e-05,1,ANOMALY
f94cf65e94a6440bae2521c931581d94,3,1,TEST,0.00023824579,0.021739130434782608,9.72116831690073e-05,1,ANOMALY
f9505a433d864c419c1c931ba72ccf9e,3,1,TEST,0.0006173124,0.021739130434782608,9.72116831690073e-05,1,ANOMALY
f967c9ce2d6f4b509596a7d626b0d6ab,3,1,TEST,0.0003567411,0.021739130434782608,9.72116831690073e-05,1,ANOMALY
f98467602d1e4d87960ff470ccb50394,3,1,TEST,0.00039332366,0.021739130434782608,9.72116831690073e-05,1,ANOMALY
f99d4777bd5f4f84bdb40d2bd720f7e4,4,1,TEST,0.0014358901,0.021739130434782608,9.72116831690073e-05,1,ANOMALY
f9a5bf8e41d24db4907581ff1948b4db,3,1,TEST,0.00029797814,0.021739130434782608,9.72116831690073e-05,1,ANOMALY
f9d266c9944d40f0b5938be59abdfee1,4,1,TEST,0.000828869,0.021739130434782608,9.72116831690073e-05,1,ANOMALY
fa257318f80e4f088cb57a8f00124fda,3,1,TEST,0.00048317856,0.021739130434782608,9.72116831690073e-05,1,ANOMALY
fa47647d70414bedbf5ba3cfba39f8db,3,1,TEST,0.00014208822,0.021739130434782608,9.72116831690073e-05,1,ANOMALY
fa47a733f7e24c6796eea9fef6463c23,3,1,TEST,0.00022205865,0.021739130434782608,9.72116831690073e-05,1,ANOMALY
fa54c966248541e180755322cf54a228,3,1,TEST,0.00025880666,0.021739130434782608,9.72116831690073e-05,1,ANOMALY
fa5e916128c944f980cc596cf37657fa,3,1,TEST,0.0002525737,0.021739130434782608,9.72116831690073e-05,1,ANOMALY
fa8664e4474c424f9418c2ff898dfb3b,3,1,TEST,0.00058117276,0.021739130434782608,9.72116831690073e-05,1,ANOMALY
fad8e639e85d4f78bf4e38b5b9d4fd22,3,1,TEST,0.0001959666,0.021739130434782608,9.72116831690073e-05,1,ANOMALY
fad93bd857f345e2a9e7696ecba03199,3,1,TEST,0.00022835014,0.021739130434782608,9.72116831690073e-05,1,ANOMALY
faf0f5b0d35d4a0ba4a9c8033b0777f6,3,1,TEST,0.0002702852,0.021739130434782608,9.72116831690073e-05,1,ANOMALY
fb0c12ea27e544398583f9016be02015,3,1,TEST,0.00024692217,0.021739130434782608,9.72116831690073e-05,1,ANOMALY
fb1e5af13ee94c2eb69fd64f12e10e82,3,1,TEST,0.00030189625,0.021739130434782608,9.72116831690073e-05,1,ANOMALY
fb23e633d0f340f68de8fe7fcede76bd,3,1,TEST,0.0001571555,0.021739130434782608,9.72116831690073e-05,1,ANOMALY
fb3b6073e5964836b2125c04c49739a4,3,1,TEST,0.0006054879,0.021739130434782608,9.72116831690073e-05,1,ANOMALY
fb3c14e32622405a9b35e0542cf65cdd,3,1,TEST,0.00019274249,0.021739130434782608,9.72116831690073e-05,1,ANOMALY
fb431b68a5d54b2fb4703ac8ab57838f,3,1,TEST,0.00033087618,0.021739130434782608,9.72116831690073e-05,1,ANOMALY
fb4ec86c4dab4d7aa082ea387a907e93,3,1,TEST,0.00018968471,0.021739130434782608,9.72116831690073e-05,1,ANOMALY
fb601ff54c834fddaf3b14c44709c836,3,1,TEST,0.00021031521,0.021739130434782608,9.72116831690073e-05,1,ANOMALY
fb62484cb9794a87817b24a972063568,3,1,TEST,0.00020678912,0.021739130434782608,9.72116831690073e-05,1,ANOMALY
fb6a4f0480b442a0a8522706250c7c7f,1,1,TEST,0.00017336587,0.021739130434782608,9.72116831690073e-05,1,ANOMALY
fb7549d237fe49b393d69116c9f88f6f,3,1,TEST,0.0006783164,0.021739130434782608,9.72116831690073e-05,1,ANOMALY
fbab4356c4b14614956f71ac187ed36a,3,1,TEST,0.0003176566,0.021739130434782608,9.72116831690073e-05,1,ANOMALY
fbae032d67fd470d86dc61485d2351fe,3,1,TEST,0.0002792331,0.021739130434782608,9.72116831690073e-05,1,ANOMALY
fbaf54ada59e4ae0a43d942742285e99,3,1,TEST,0.00020394585,0.021739130434782608,9.72116831690073e-05,1,ANOMALY
fbc71576c9c849b68a194c3a27da375f,3,1,TEST,0.00022900775,0.021739130434782608,9.72116831690073e-05,1,ANOMALY
fc17e792ddc948768fb1bc323350b793,3,1,TEST,0.0004848836,0.021739130434782608,9.72116831690073e-05,1,ANOMALY
fc25436d0fa64af996c2af743247ab69,4,1,TEST,0.0008739497,0.021739130434782608,9.72116831690073e-05,1,ANOMALY
fc34ee060ec0430f83c5e8f7e19183d1,3,1,TEST,0.0002558567,0.021739130434782608,9.72116831690073e-05,1,ANOMALY
fc38763ec64141e79dc4c034ea15ba28,3,1,TEST,0.00020484842,0.021739130434782608,9.72116831690073e-05,1,ANOMALY
fc51ad730570433c86e65de1745e16e9,3,1,TEST,0.0004391449,0.021739130434782608,9.72116831690073e-05,1,ANOMALY
fc6aaa9a869a410db44e93f2c53b53de,3,1,TEST,0.00030170858,0.021739130434782608,9.72116831690073e-05,1,ANOMALY
fc718cf942854cd8a9610e53db675162,3,1,TEST,0.00019527297,0.021739130434782608,9.72116831690073e-05,1,ANOMALY
fc7ebdee91024e6bb798ee930e3e8867,3,1,TEST,0.00035279858,0.021739130434782608,9.72116831690073e-05,1,ANOMALY
fc81143e92ce46aaab8663ae72896f0d,3,1,TEST,0.0002745877,0.021739130434782608,9.72116831690073e-05,1,ANOMALY
fcb90e2c4b2c43f5a2ef453df5e31490,3,1,TEST,0.00015901893,0.021739130434782608,9.72116831690073e-05,1,ANOMALY
fcd6adf4637d41b584a1ffa00fee9f6a,3,1,TEST,0.00040659317,0.021739130434782608,9.72116831690073e-05,1,ANOMALY
fceef2d1a79e43efa7796438cc82993c,3,1,TEST,0.0002328481,0.021739130434782608,9.72116831690073e-05,1,ANOMALY
fd320e746e2743fc9cf032eca49d59b3,3,1,TEST,0.0003710559,0.021739130434782608,9.72116831690073e-05,1,ANOMALY
fd4e99edaf9442468ac58e8752322462,3,1,TEST,0.0004176107,0.021739130434782608,9.72116831690073e-05,1,ANOMALY
fd58c1a62a3844deb2bee8622a4b8a95,3,1,TEST,0.00033273763,0.021739130434782608,9.72116831690073e-05,1,ANOMALY
fd5b0e3e19d146a1bc9c7cb770972123,3,1,TEST,0.00022535436,0.021739130434782608,9.72116831690073e-05,1,ANOMALY
fd5ccdecce1f4630888e6186c8d37186,3,1,TEST,0.0001460324,0.021739130434782608,9.72116831690073e-05,1,ANOMALY
fd68c06480c8439083905562353b6456,3,1,TEST,0.0002477626,0.021739130434782608,9.72116831690073e-05,1,ANOMALY
fd752c6883944f3e895b2ed9cc4cc60b,3,1,TEST,0.00021244865,0.021739130434782608,9.72116831690073e-05,1,ANOMALY
fd884b2e467b459eb9a56ab83fe5eb12,3,1,TEST,0.00040022744,0.021739130434782608,9.72116831690073e-05,1,ANOMALY
fd93c29ef8e14f44a85bddbb7d52a386,3,1,TEST,0.0002786855,0.021739130434782608,9.72116831690073e-05,1,ANOMALY
fdb4fa23d40a4c31bca5a5de33899547,3,1,TEST,0.00031195354,0.021739130434782608,9.72116831690073e-05,1,ANOMALY
fdb82a69f3a540e2a5ff4931061339fd,3,1,TEST,0.00033048287,0.021739130434782608,9.72116831690073e-05,1,ANOMALY
fdc25c25f46d47e8b55d2c119bebc479,3,1,TEST,0.0005005819,0.021739130434782608,9.72116831690073e-05,1,ANOMALY
fdc611c3cb98407190ce20856a66df97,3,1,TEST,0.0004496308,0.021739130434782608,9.72116831690073e-05,1,ANOMALY
fdf640ef10f24896bdb342f759456ee5,3,1,TEST,0.00031584338,0.021739130434782608,9.72116831690073e-05,1,ANOMALY
fe10e9547d6d45da904ef1a0f63e612f,4,1,TEST,0.00077447656,0.021739130434782608,9.72116831690073e-05,1,ANOMALY
fe19919a42504b40ae96ccadc103687a,3,1,TEST,0.00028513797,0.021739130434782608,9.72116831690073e-05,1,ANOMALY
fe1c37a0ee374eb1a0653680eae87cf3,3,1,TEST,0.00021434898,0.021739130434782608,9.72116831690073e-05,1,ANOMALY
fe24e08a751644f9bbdf58621b11e634,3,1,TEST,0.00036124606,0.021739130434782608,9.72116831690073e-05,1,ANOMALY
fe2ce51319004e83be5745d3b17657ef,3,1,TEST,0.00043995603,0.021739130434782608,9.72116831690073e-05,1,ANOMALY
fe48f88585e441d090a87a86a9799259,3,1,TEST,0.00012989095,0.021739130434782608,9.72116831690073e-05,1,ANOMALY
fe49bf686adf409b85fc16a83893dde0,3,1,TEST,0.00027274335,0.021739130434782608,9.72116831690073e-05,1,ANOMALY
fe5676e2b834428f904021d1a8391d50,3,1,TEST,0.00017219121,0.021739130434782608,9.72116831690073e-05,1,ANOMALY
fe99c8d9d856433aab6171c1cd0bf418,3,1,TEST,0.00031267706,0.021739130434782608,9.72116831690073e-05,1,ANOMALY
feb00cbdf48042be8f7831566f963df8,1,1,TEST,0.00020152802,0.021739130434782608,9.72116831690073e-05,1,ANOMALY
feba1b0bf403490ba43d3e00e8f22eca,3,1,TEST,0.0004885608,0.021739130434782608,9.72116831690073e-05,1,ANOMALY
fee0403aa43d42eda00b7dd127f06369,3,1,TEST,0.000332052,0.021739130434782608,9.72116831690073e-05,1,ANOMALY
fefce71a42e44b8d9a1c6ecc1df9199e,3,1,TEST,0.00024988316,0.021739130434782608,9.72116831690073e-05,1,ANOMALY
ff0a4bc786734c419e75350ddde023ae,6,0,TEST,9.82841e-05,0.021739130434782608,9.72116831690073e-05,1,ANOMALY
ff247724d52c4c719fa1d09550f7c4e7,3,1,TEST,0.0002465584,0.021739130434782608,9.72116831690073e-05,1,ANOMALY
ff278b646dc9409c9b00f77e24dc2c96,3,1,TEST,0.0005699262,0.021739130434782608,9.72116831690073e-05,1,ANOMALY
ff2a08094da0441d894adcf6298aa7b5,3,1,TEST,0.00015151902,0.021739130434782608,9.72116831690073e-05,1,ANOMALY
ff2faf8abd084710a697b1a96a85b68a,3,1,TEST,0.00038119368,0.021739130434782608,9.72116831690073e-05,1,ANOMALY
ff3858bf4410435997c3d43edb36b3d7,3,1,TEST,0.00026892248,0.021739130434782608,9.72116831690073e-05,1,ANOMALY
ff387c726cc74d3faef6fce1874b1e7a,3,1,TEST,0.00015769227,0.021739130434782608,9.72116831690073e-05,1,ANOMALY
ffc314df4cd84106a8e072608d4ad79d,3,1,TEST,0.00026491826,0.021739130434782608,9.72116831690073e-05,1,ANOMALY
ffe2d02e63964af0b82827b58248a4f7,3,1,TEST,0.00041424847,0.021739130434782608,9.72116831690073e-05,1,ANOMALY
ffe80ac0346244b1a6eb9f19be289e5c,3,1,TEST,0.00025767044,0.021739130434782608,9.72116831690073e-05,1,ANOMALY
fff6bf9142994e9fb224b373829b021e,3,1,TEST,0.00024810428,0.021739130434782608,9.72116831690073e-05,1,ANOMALY
fffb18909bc54ae690acd92a67043067,3,1,TEST,0.00020994275,0.021739130434782608,9.72116831690073e-05,1,ANOMALY
